{
  "version": "5.9.1",
  "flags": {},
  "shapes": [
    {
      "label": "nose",
      "points": [
        [
          977.1739130434783,
          236.95652173913044
        ]
      ],
      "group_id": 1,
      "description": "2",
      "shape_type": "point",
      "flags": {},
      "mask": null
    },
    {
      "label": "left_eye",
      "points": [
        [
          994.6902654867256,
          227.43362831858406
        ]
      ],
      "group_id": 1,
      "description": "2",
      "shape_type": "point",
      "flags": {},
      "mask": null
    },
    {
      "label": "right_eye",
      "points": [
        [
          968.1415929203539,
          228.31858407079645
        ]
      ],
      "group_id": 1,
      "description": "2",
      "shape_type": "point",
      "flags": {},
      "mask": null
    },
    {
      "label": "left_ear",
      "points": [
        [
          1025.6637168141592,
          232.74336283185838
        ]
      ],
      "group_id": 1,
      "description": "2",
      "shape_type": "point",
      "flags": {},
      "mask": null
    },
    {
      "label": "right_ear",
      "points": [
        [
          964.0,
          242.4
        ]
      ],
      "group_id": 1,
      "description": "1",
      "shape_type": "point",
      "flags": {},
      "mask": null
    },
    {
      "label": "left_shoulder",
      "points": [
        [
          1060.8,
          298.4
        ]
      ],
      "group_id": 1,
      "description": "2",
      "shape_type": "point",
      "flags": {},
      "mask": null
    },
    {
      "label": "right_shoulder",
      "points": [
        [
          926.4,
          304.0
        ]
      ],
      "group_id": 1,
      "description": "2",
      "shape_type": "point",
      "flags": {},
      "mask": null
    },
    {
      "label": "left_elbow",
      "points": [
        [
          1063.2,
          419.2
        ]
      ],
      "group_id": 1,
      "description": "2",
      "shape_type": "point",
      "flags": {},
      "mask": null
    },
    {
      "label": "right_elbow",
      "points": [
        [
          920.0,
          412.8
        ]
      ],
      "group_id": 1,
      "description": "2",
      "shape_type": "point",
      "flags": {},
      "mask": null
    },
    {
      "label": "left_wrist",
      "points": [
        [
          1056.0,
          516.0
        ]
      ],
      "group_id": 1,
      "description": "2",
      "shape_type": "point",
      "flags": {},
      "mask": null
    },
    {
      "label": "right_wrist",
      "points": [
        [
          902.4,
          495.2
        ]
      ],
      "group_id": 1,
      "description": "2",
      "shape_type": "point",
      "flags": {},
      "mask": null
    },
    {
      "label": "left_hip",
      "points": [
        [
          1023.7704918032787,
          504.91803278688525
        ]
      ],
      "group_id": 1,
      "description": "2",
      "shape_type": "point",
      "flags": {},
      "mask": null
    },
    {
      "label": "right_hip",
      "points": [
        [
          959.29203539823,
          493.80530973451323
        ]
      ],
      "group_id": 1,
      "description": "2",
      "shape_type": "point",
      "flags": {},
      "mask": null
    },
    {
      "label": "left_knee",
      "points": [
        [
          998.2300884955752,
          644.2477876106194
        ]
      ],
      "group_id": 1,
      "description": "2",
      "shape_type": "point",
      "flags": {},
      "mask": null
    },
    {
      "label": "right_knee",
      "points": [
        [
          946.9026548672565,
          635.3982300884956
        ]
      ],
      "group_id": 1,
      "description": "2",
      "shape_type": "point",
      "flags": {},
      "mask": null
    },
    {
      "label": "left_ankle",
      "points": [
        [
          982.3008849557522,
          746.0176991150441
        ]
      ],
      "group_id": 1,
      "description": "2",
      "shape_type": "point",
      "flags": {},
      "mask": null
    },
    {
      "label": "right_ankle",
      "points": [
        [
          929.2035398230088,
          735.3982300884956
        ]
      ],
      "group_id": 1,
      "description": "2",
      "shape_type": "point",
      "flags": {},
      "mask": null
    },
    {
      "label": "left_heel",
      "points": [
        [
          990.4,
          792.8
        ]
      ],
      "group_id": 1,
      "description": "2",
      "shape_type": "point",
      "flags": {},
      "mask": null
    },
    {
      "label": "right_heel",
      "points": [
        [
          944.8,
          784.0
        ]
      ],
      "group_id": 1,
      "description": "1",
      "shape_type": "point",
      "flags": {},
      "mask": null
    },
    {
      "label": "left_foot",
      "points": [
        [
          954.4,
          813.6
        ]
      ],
      "group_id": 1,
      "description": "2",
      "shape_type": "point",
      "flags": {},
      "mask": null
    },
    {
      "label": "right_foot",
      "points": [
        [
          910.8695652173913,
          810.1449275362318
        ]
      ],
      "group_id": 1,
      "description": "2",
      "shape_type": "point",
      "flags": {},
      "mask": null
    },
    {
      "label": "nose",
      "points": [
        [
          801.7699115044247,
          380.5309734513274
        ]
      ],
      "group_id": 2,
      "description": "2",
      "shape_type": "point",
      "flags": {},
      "mask": null
    },
    {
      "label": "left_eye",
      "points": [
        [
          804.9180327868852,
          370.21857923497265
        ]
      ],
      "group_id": 2,
      "description": "0",
      "shape_type": "point",
      "flags": {},
      "mask": null
    },
    {
      "label": "right_eye",
      "points": [
        [
          793.7158469945355,
          371.5846994535519
        ]
      ],
      "group_id": 2,
      "description": "2",
      "shape_type": "point",
      "flags": {},
      "mask": null
    },
    {
      "label": "left_ear",
      "points": [
        [
          784.9726775956284,
          366.9398907103825
        ]
      ],
      "group_id": 2,
      "description": "0",
      "shape_type": "point",
      "flags": {},
      "mask": null
    },
    {
      "label": "right_ear",
      "points": [
        [
          756.8306010928961,
          373.4972677595628
        ]
      ],
      "group_id": 2,
      "description": "2",
      "shape_type": "point",
      "flags": {},
      "mask": null
    },
    {
      "label": "left_shoulder",
      "points": [
        [
          807.079646017699,
          426.54867256637164
        ]
      ],
      "group_id": 2,
      "description": "1",
      "shape_type": "point",
      "flags": {},
      "mask": null
    },
    {
      "label": "right_shoulder",
      "points": [
        [
          747.787610619469,
          441.59292035398227
        ]
      ],
      "group_id": 2,
      "description": "2",
      "shape_type": "point",
      "flags": {},
      "mask": null
    },
    {
      "label": "left_elbow",
      "points": [
        [
          860.8,
          476.0
        ]
      ],
      "group_id": 2,
      "description": "1",
      "shape_type": "point",
      "flags": {},
      "mask": null
    },
    {
      "label": "right_elbow",
      "points": [
        [
          796.0,
          512.8
        ]
      ],
      "group_id": 2,
      "description": "2",
      "shape_type": "point",
      "flags": {},
      "mask": null
    },
    {
      "label": "left_wrist",
      "points": [
        [
          907.2,
          449.6
        ]
      ],
      "group_id": 2,
      "description": "0",
      "shape_type": "point",
      "flags": {},
      "mask": null
    },
    {
      "label": "right_wrist",
      "points": [
        [
          845.6,
          447.2
        ]
      ],
      "group_id": 2,
      "description": "2",
      "shape_type": "point",
      "flags": {},
      "mask": null
    },
    {
      "label": "left_hip",
      "points": [
        [
          819.6078431372549,
          619.6078431372549
        ]
      ],
      "group_id": 2,
      "description": "1",
      "shape_type": "point",
      "flags": {},
      "mask": null
    },
    {
      "label": "right_hip",
      "points": [
        [
          789.2156862745098,
          626.4705882352941
        ]
      ],
      "group_id": 2,
      "description": "2",
      "shape_type": "point",
      "flags": {},
      "mask": null
    },
    {
      "label": "left_knee",
      "points": [
        [
          813.2530120481927,
          746.9879518072288
        ]
      ],
      "group_id": 2,
      "description": "1",
      "shape_type": "point",
      "flags": {},
      "mask": null
    },
    {
      "label": "right_knee",
      "points": [
        [
          780.722891566265,
          753.012048192771
        ]
      ],
      "group_id": 2,
      "description": "2",
      "shape_type": "point",
      "flags": {},
      "mask": null
    },
    {
      "label": "left_ankle",
      "points": [
        [
          774.5098039215686,
          832.3529411764706
        ]
      ],
      "group_id": 2,
      "description": "2",
      "shape_type": "point",
      "flags": {},
      "mask": null
    },
    {
      "label": "right_ankle",
      "points": [
        [
          738.0434782608695,
          841.3043478260869
        ]
      ],
      "group_id": 2,
      "description": "2",
      "shape_type": "point",
      "flags": {},
      "mask": null
    },
    {
      "label": "left_heel",
      "points": [
        [
          756.8,
          848.8
        ]
      ],
      "group_id": 2,
      "description": "0",
      "shape_type": "point",
      "flags": {},
      "mask": null
    },
    {
      "label": "right_heel",
      "points": [
        [
          721.4285714285714,
          852.9761904761905
        ]
      ],
      "group_id": 2,
      "description": "2",
      "shape_type": "point",
      "flags": {},
      "mask": null
    },
    {
      "label": "left_foot",
      "points": [
        [
          805.952380952381,
          855.952380952381
        ]
      ],
      "group_id": 2,
      "description": "2",
      "shape_type": "point",
      "flags": {},
      "mask": null
    },
    {
      "label": "right_foot",
      "points": [
        [
          758.3333333333334,
          875.0
        ]
      ],
      "group_id": 2,
      "description": "2",
      "shape_type": "point",
      "flags": {},
      "mask": null
    }
  ],
  "imagePath": "000000000015.jpg",
  "imageData": null,
  "imageHeight": 1200,
  "imageWidth": 1600
}