{
  "version": "5.2.1",
  "flags": {},
  "shapes": [
    {
      "mask": null,
      "label": "nose",
      "points": [
        [
          1010.7843137254902,
          306.8627450980392
        ]
      ],
      "group_id": 1,
      "description": "2",
      "shape_type": "point",
      "flags": {}
    },
    {
      "label": "left_eye",
      "points": [
        [
          1019.53125,
          291.015625
        ]
      ],
      "group_id": 1,
      "description": "2",
      "shape_type": "point",
      "flags": {}
    },
    {
      "label": "right_eye",
      "points": [
        [
          995.3125,
          297.65625
        ]
      ],
      "group_id": 1,
      "description": "2",
      "shape_type": "point",
      "flags": {}
    },
    {
      "label": "left_ear",
      "points": [
        [
          1011.71875,
          256.25
        ]
      ],
      "group_id": 1,
      "description": "1",
      "shape_type": "point",
      "flags": {}
    },
    {
      "label": "right_ear",
      "points": [
        [
          957.3275862068965,
          290.51724137931035
        ]
      ],
      "group_id": 1,
      "description": "2",
      "shape_type": "point",
      "flags": {}
    },
    {
      "label": "left_shoulder",
      "points": [
        [
          1058.189655172414,
          318.96551724137936
        ]
      ],
      "group_id": 1,
      "description": "2",
      "shape_type": "point",
      "flags": {}
    },
    {
      "label": "right_shoulder",
      "points": [
        [
          934.9137931034483,
          309.05172413793105
        ]
      ],
      "group_id": 1,
      "description": "2",
      "shape_type": "point",
      "flags": {}
    },
    {
      "label": "left_elbow",
      "points": [
        [
          1083.6206896551726,
          423.7068965517242
        ]
      ],
      "group_id": 1,
      "description": "2",
      "shape_type": "point",
      "flags": {}
    },
    {
      "label": "right_elbow",
      "points": [
        [
          939.2241379310344,
          400.0
        ]
      ],
      "group_id": 1,
      "description": "2",
      "shape_type": "point",
      "flags": {}
    },
    {
      "label": "left_wrist",
      "points": [
        [
          1087.5,
          507.75862068965523
        ]
      ],
      "group_id": 1,
      "description": "2",
      "shape_type": "point",
      "flags": {}
    },
    {
      "label": "right_wrist",
      "points": [
        [
          935.3448275862069,
          486.6379310344828
        ]
      ],
      "group_id": 1,
      "description": "2",
      "shape_type": "point",
      "flags": {}
    },
    {
      "label": "left_hip",
      "points": [
        [
          1099.1379310344828,
          408.62068965517244
        ]
      ],
      "group_id": 1,
      "description": "2",
      "shape_type": "point",
      "flags": {}
    },
    {
      "label": "right_hip",
      "points": [
        [
          1020.5128205128203,
          432.05128205128204
        ]
      ],
      "group_id": 1,
      "description": "2",
      "shape_type": "point",
      "flags": {}
    },
    {
      "label": "left_knee",
      "points": [
        [
          1112.8205128205127,
          446.15384615384613
        ]
      ],
      "group_id": 1,
      "description": "2",
      "shape_type": "point",
      "flags": {}
    },
    {
      "label": "right_knee",
      "points": [
        [
          1071.7948717948718,
          455.12820512820514
        ]
      ],
      "group_id": 1,
      "description": "1",
      "shape_type": "point",
      "flags": {}
    },
    {
      "label": "left_ankle",
      "points": [
        [
          1138.4615384615383,
          433.3333333333333
        ]
      ],
      "group_id": 1,
      "description": "2",
      "shape_type": "point",
      "flags": {}
    },
    {
      "label": "right_ankle",
      "points": [
        [
          1111.5384615384614,
          437.1794871794872
        ]
      ],
      "group_id": 1,
      "description": "1",
      "shape_type": "point",
      "flags": {}
    },
    {
      "label": "left_heel",
      "points": [
        [
          1140.5263157894735,
          417.89473684210526
        ]
      ],
      "group_id": 1,
      "description": "2",
      "shape_type": "point",
      "flags": {}
    },
    {
      "label": "right_heel",
      "points": [
        [
          1115.7894736842104,
          418.9473684210526
        ]
      ],
      "group_id": 1,
      "description": "1",
      "shape_type": "point",
      "flags": {}
    },
    {
      "label": "left_foot",
      "points": [
        [
          1148.421052631579,
          467.36842105263156
        ]
      ],
      "group_id": 1,
      "description": "2",
      "shape_type": "point",
      "flags": {}
    },
    {
      "label": "right_foot",
      "points": [
        [
          1115.2631578947367,
          471.57894736842104
        ]
      ],
      "group_id": 1,
      "description": "2",
      "shape_type": "point",
      "flags": {}
    },
    {
      "label": "nose",
      "points": [
        [
          789.7163120567376,
          385.4609929078014
        ]
      ],
      "group_id": 2,
      "description": "2",
      "shape_type": "point",
      "flags": {}
    },
    {
      "label": "left_eye",
      "points": [
        [
          791.1347517730497,
          372.6950354609929
        ]
      ],
      "group_id": 2,
      "description": "2",
      "shape_type": "point",
      "flags": {}
    },
    {
      "label": "right_eye",
      "points": [
        [
          778.3687943262412,
          374.468085106383
        ]
      ],
      "group_id": 2,
      "description": "2",
      "shape_type": "point",
      "flags": {}
    },
    {
      "label": "left_ear",
      "points": [
        [
          769.5035460992908,
          367.0212765957447
        ]
      ],
      "group_id": 2,
      "description": "0",
      "shape_type": "point",
      "flags": {}
    },
    {
      "label": "right_ear",
      "points": [
        [
          741.8439716312057,
          373.04964539007096
        ]
      ],
      "group_id": 2,
      "description": "2",
      "shape_type": "point",
      "flags": {}
    },
    {
      "label": "left_shoulder",
      "points": [
        [
          801.0526315789473,
          416.31578947368416
        ]
      ],
      "group_id": 2,
      "description": "2",
      "shape_type": "point",
      "flags": {}
    },
    {
      "label": "right_shoulder",
      "points": [
        [
          733.1578947368421,
          426.84210526315786
        ]
      ],
      "group_id": 2,
      "description": "2",
      "shape_type": "point",
      "flags": {}
    },
    {
      "label": "left_elbow",
      "points": [
        [
          863.1578947368421,
          432.6315789473684
        ]
      ],
      "group_id": 2,
      "description": "2",
      "shape_type": "point",
      "flags": {}
    },
    {
      "label": "right_elbow",
      "points": [
        [
          791.578947368421,
          448.4210526315789
        ]
      ],
      "group_id": 2,
      "description": "2",
      "shape_type": "point",
      "flags": {}
    },
    {
      "label": "left_wrist",
      "points": [
        [
          910.5263157894736,
          403.1578947368421
        ]
      ],
      "group_id": 2,
      "description": "1",
      "shape_type": "point",
      "flags": {}
    },
    {
      "label": "right_wrist",
      "points": [
        [
          879.9999999999999,
          399.4736842105263
        ]
      ],
      "group_id": 2,
      "description": "2",
      "shape_type": "point",
      "flags": {}
    },
    {
      "label": "left_hip",
      "points": [
        [
          816.6666666666666,
          579.4871794871794
        ]
      ],
      "group_id": 2,
      "description": "2",
      "shape_type": "point",
      "flags": {}
    },
    {
      "label": "right_hip",
      "points": [
        [
          766.6666666666666,
          589.7435897435897
        ]
      ],
      "group_id": 2,
      "description": "2",
      "shape_type": "point",
      "flags": {}
    },
    {
      "label": "left_knee",
      "points": [
        [
          797.4358974358973,
          723.0769230769231
        ]
      ],
      "group_id": 2,
      "description": "2",
      "shape_type": "point",
      "flags": {}
    },
    {
      "label": "right_knee",
      "points": [
        [
          776.9230769230769,
          724.3589743589744
        ]
      ],
      "group_id": 2,
      "description": "2",
      "shape_type": "point",
      "flags": {}
    },
    {
      "label": "left_ankle",
      "points": [
        [
          782.7586206896551,
          818.9655172413794
        ]
      ],
      "group_id": 2,
      "description": "2",
      "shape_type": "point",
      "flags": {}
    },
    {
      "label": "right_ankle",
      "points": [
        [
          744.8275862068965,
          837.9310344827587
        ]
      ],
      "group_id": 2,
      "description": "2",
      "shape_type": "point",
      "flags": {}
    },
    {
      "label": "left_heel",
      "points": [
        [
          774.1379310344827,
          831.896551724138
        ]
      ],
      "group_id": 2,
      "description": "2",
      "shape_type": "point",
      "flags": {}
    },
    {
      "label": "right_heel",
      "points": [
        [
          730.1724137931034,
          852.5862068965517
        ]
      ],
      "group_id": 2,
      "description": "2",
      "shape_type": "point",
      "flags": {}
    },
    {
      "label": "left_foot",
      "points": [
        [
          795.6896551724137,
          831.0344827586207
        ]
      ],
      "group_id": 2,
      "description": "2",
      "shape_type": "point",
      "flags": {}
    },
    {
      "label": "right_foot",
      "points": [
        [
          756.8965517241379,
          858.6206896551724
        ]
      ],
      "group_id": 2,
      "description": "2",
      "shape_type": "point",
      "flags": {}
    }
  ],
  "imagePath": "000000000893.jpg",
  "imageData": null,
  "imageHeight": 1200,
  "imageWidth": 1600
}