{
  "version": "5.2.1",
  "flags": {},
  "shapes": [
    {
      "mask": null,
      "label": "nose",
      "points": [
        [
          1000.0,
          259.80392156862746
        ]
      ],
      "group_id": 1,
      "description": "2",
      "shape_type": "point",
      "flags": {}
    },
    {
      "label": "left_eye",
      "points": [
        [
          1016.6666666666667,
          246.45390070921988
        ]
      ],
      "group_id": 1,
      "description": "2",
      "shape_type": "point",
      "flags": {}
    },
    {
      "label": "right_eye",
      "points": [
        [
          991.8439716312057,
          248.22695035460995
        ]
      ],
      "group_id": 1,
      "description": "2",
      "shape_type": "point",
      "flags": {}
    },
    {
      "label": "left_ear",
      "points": [
        [
          1036.8794326241136,
          235.46099290780143
        ]
      ],
      "group_id": 1,
      "description": "2",
      "shape_type": "point",
      "flags": {}
    },
    {
      "label": "right_ear",
      "points": [
        [
          976.171875,
          239.0625
        ]
      ],
      "group_id": 1,
      "description": "2",
      "shape_type": "point",
      "flags": {}
    },
    {
      "label": "left_shoulder",
      "points": [
        [
          1081.640625,
          294.921875
        ]
      ],
      "group_id": 1,
      "description": "2",
      "shape_type": "point",
      "flags": {}
    },
    {
      "label": "right_shoulder",
      "points": [
        [
          962.890625,
          281.640625
        ]
      ],
      "group_id": 1,
      "description": "2",
      "shape_type": "point",
      "flags": {}
    },
    {
      "label": "left_elbow",
      "points": [
        [
          1100.78125,
          419.140625
        ]
      ],
      "group_id": 1,
      "description": "2",
      "shape_type": "point",
      "flags": {}
    },
    {
      "label": "right_elbow",
      "points": [
        [
          942.1875,
          397.265625
        ]
      ],
      "group_id": 1,
      "description": "2",
      "shape_type": "point",
      "flags": {}
    },
    {
      "label": "left_wrist",
      "points": [
        [
          1088.28125,
          510.9375
        ]
      ],
      "group_id": 1,
      "description": "2",
      "shape_type": "point",
      "flags": {}
    },
    {
      "label": "right_wrist",
      "points": [
        [
          932.421875,
          492.578125
        ]
      ],
      "group_id": 1,
      "description": "2",
      "shape_type": "point",
      "flags": {}
    },
    {
      "label": "left_hip",
      "points": [
        [
          1051.171875,
          457.03125
        ]
      ],
      "group_id": 1,
      "description": "2",
      "shape_type": "point",
      "flags": {}
    },
    {
      "label": "right_hip",
      "points": [
        [
          970.5128205128203,
          447.43589743589746
        ]
      ],
      "group_id": 1,
      "description": "2",
      "shape_type": "point",
      "flags": {}
    },
    {
      "label": "left_knee",
      "points": [
        [
          989.7435897435896,
          602.5641025641025
        ]
      ],
      "group_id": 1,
      "description": "2",
      "shape_type": "point",
      "flags": {}
    },
    {
      "label": "right_knee",
      "points": [
        [
          934.6153846153845,
          611.5384615384615
        ]
      ],
      "group_id": 1,
      "description": "1",
      "shape_type": "point",
      "flags": {}
    },
    {
      "label": "left_ankle",
      "points": [
        [
          939.7435897435896,
          762.8205128205128
        ]
      ],
      "group_id": 1,
      "description": "2",
      "shape_type": "point",
      "flags": {}
    },
    {
      "label": "right_ankle",
      "points": [
        [
          905.1282051282051,
          750.0
        ]
      ],
      "group_id": 1,
      "description": "2",
      "shape_type": "point",
      "flags": {}
    },
    {
      "label": "left_heel",
      "points": [
        [
          948.936170212766,
          790.0709219858156
        ]
      ],
      "group_id": 1,
      "description": "2",
      "shape_type": "point",
      "flags": {}
    },
    {
      "label": "right_heel",
      "points": [
        [
          915.6028368794326,
          786.5248226950355
        ]
      ],
      "group_id": 1,
      "description": "1",
      "shape_type": "point",
      "flags": {}
    },
    {
      "label": "left_foot",
      "points": [
        [
          921.2765957446809,
          804.2553191489362
        ]
      ],
      "group_id": 1,
      "description": "2",
      "shape_type": "point",
      "flags": {}
    },
    {
      "label": "right_foot",
      "points": [
        [
          887.9432624113475,
          790.7801418439717
        ]
      ],
      "group_id": 1,
      "description": "2",
      "shape_type": "point",
      "flags": {}
    },
    {
      "label": "nose",
      "points": [
        [
          787.9310344827586,
          384.9137931034483
        ]
      ],
      "group_id": 2,
      "description": "2",
      "shape_type": "point",
      "flags": {}
    },
    {
      "label": "left_eye",
      "points": [
        [
          791.3793103448276,
          373.2758620689655
        ]
      ],
      "group_id": 2,
      "description": "2",
      "shape_type": "point",
      "flags": {}
    },
    {
      "label": "right_eye",
      "points": [
        [
          778.8793103448276,
          375.0
        ]
      ],
      "group_id": 2,
      "description": "2",
      "shape_type": "point",
      "flags": {}
    },
    {
      "label": "left_ear",
      "points": [
        [
          782.3275862068965,
          368.1034482758621
        ]
      ],
      "group_id": 2,
      "description": "0",
      "shape_type": "point",
      "flags": {}
    },
    {
      "label": "right_ear",
      "points": [
        [
          745.2586206896551,
          370.68965517241384
        ]
      ],
      "group_id": 2,
      "description": "2",
      "shape_type": "point",
      "flags": {}
    },
    {
      "label": "left_shoulder",
      "points": [
        [
          797.1428571428571,
          415.7142857142857
        ]
      ],
      "group_id": 2,
      "description": "2",
      "shape_type": "point",
      "flags": {}
    },
    {
      "label": "right_shoulder",
      "points": [
        [
          728.5714285714286,
          425.7142857142857
        ]
      ],
      "group_id": 2,
      "description": "2",
      "shape_type": "point",
      "flags": {}
    },
    {
      "label": "left_elbow",
      "points": [
        [
          870.952380952381,
          432.85714285714283
        ]
      ],
      "group_id": 2,
      "description": "2",
      "shape_type": "point",
      "flags": {}
    },
    {
      "label": "right_elbow",
      "points": [
        [
          792.8571428571428,
          451.90476190476187
        ]
      ],
      "group_id": 2,
      "description": "2",
      "shape_type": "point",
      "flags": {}
    },
    {
      "label": "left_wrist",
      "points": [
        [
          918.0952380952381,
          387.6190476190476
        ]
      ],
      "group_id": 2,
      "description": "0",
      "shape_type": "point",
      "flags": {}
    },
    {
      "label": "right_wrist",
      "points": [
        [
          895.7142857142857,
          394.76190476190476
        ]
      ],
      "group_id": 2,
      "description": "2",
      "shape_type": "point",
      "flags": {}
    },
    {
      "label": "left_hip",
      "points": [
        [
          817.9487179487179,
          582.051282051282
        ]
      ],
      "group_id": 2,
      "description": "2",
      "shape_type": "point",
      "flags": {}
    },
    {
      "label": "right_hip",
      "points": [
        [
          770.5128205128204,
          597.4358974358975
        ]
      ],
      "group_id": 2,
      "description": "2",
      "shape_type": "point",
      "flags": {}
    },
    {
      "label": "left_knee",
      "points": [
        [
          796.1538461538461,
          728.2051282051282
        ]
      ],
      "group_id": 2,
      "description": "2",
      "shape_type": "point",
      "flags": {}
    },
    {
      "label": "right_knee",
      "points": [
        [
          767.9487179487179,
          730.7692307692307
        ]
      ],
      "group_id": 2,
      "description": "2",
      "shape_type": "point",
      "flags": {}
    },
    {
      "label": "left_ankle",
      "points": [
        [
          777.5862068965516,
          818.1034482758621
        ]
      ],
      "group_id": 2,
      "description": "2",
      "shape_type": "point",
      "flags": {}
    },
    {
      "label": "right_ankle",
      "points": [
        [
          743.103448275862,
          838.7931034482759
        ]
      ],
      "group_id": 2,
      "description": "2",
      "shape_type": "point",
      "flags": {}
    },
    {
      "label": "left_heel",
      "points": [
        [
          771.5517241379309,
          828.4482758620691
        ]
      ],
      "group_id": 2,
      "description": "2",
      "shape_type": "point",
      "flags": {}
    },
    {
      "label": "right_heel",
      "points": [
        [
          729.3103448275862,
          850.8620689655173
        ]
      ],
      "group_id": 2,
      "description": "2",
      "shape_type": "point",
      "flags": {}
    },
    {
      "label": "left_foot",
      "points": [
        [
          799.1379310344827,
          831.896551724138
        ]
      ],
      "group_id": 2,
      "description": "2",
      "shape_type": "point",
      "flags": {}
    },
    {
      "label": "right_foot",
      "points": [
        [
          754.3103448275862,
          860.344827586207
        ]
      ],
      "group_id": 2,
      "description": "2",
      "shape_type": "point",
      "flags": {}
    }
  ],
  "imagePath": "000000000895.jpg",
  "imageData": null,
  "imageHeight": 1200,
  "imageWidth": 1600
}