{
  "version": "5.9.1",
  "flags": {},
  "shapes": [
    {
      "label": "nose",
      "points": [
        [
          877.8688524590164,
          281.9672131147541
        ]
      ],
      "group_id": 1,
      "description": "2",
      "shape_type": "point",
      "flags": {},
      "mask": null
    },
    {
      "label": "left_eye",
      "points": [
        [
          890.2654867256637,
          266.3716814159292
        ]
      ],
      "group_id": 1,
      "description": "2",
      "shape_type": "point",
      "flags": {},
      "mask": null
    },
    {
      "label": "right_eye",
      "points": [
        [
          869.0265486725663,
          269.91150442477874
        ]
      ],
      "group_id": 1,
      "description": "2",
      "shape_type": "point",
      "flags": {},
      "mask": null
    },
    {
      "label": "left_ear",
      "points": [
        [
          935.2941176470588,
          263.72549019607845
        ]
      ],
      "group_id": 1,
      "description": "2",
      "shape_type": "point",
      "flags": {},
      "mask": null
    },
    {
      "label": "right_ear",
      "points": [
        [
          867.8571428571429,
          254.76190476190476
        ]
      ],
      "group_id": 1,
      "description": "0",
      "shape_type": "point",
      "flags": {},
      "mask": null
    },
    {
      "label": "left_shoulder",
      "points": [
        [
          1011.3095238095239,
          332.14285714285717
        ]
      ],
      "group_id": 1,
      "description": "2",
      "shape_type": "point",
      "flags": {},
      "mask": null
    },
    {
      "label": "right_shoulder",
      "points": [
        [
          870.2380952380953,
          330.3571428571429
        ]
      ],
      "group_id": 1,
      "description": "2",
      "shape_type": "point",
      "flags": {},
      "mask": null
    },
    {
      "label": "left_elbow",
      "points": [
        [
          1031.5217391304348,
          433.695652173913
        ]
      ],
      "group_id": 1,
      "description": "2",
      "shape_type": "point",
      "flags": {},
      "mask": null
    },
    {
      "label": "right_elbow",
      "points": [
        [
          895.6521739130434,
          425.0
        ]
      ],
      "group_id": 1,
      "description": "0",
      "shape_type": "point",
      "flags": {},
      "mask": null
    },
    {
      "label": "left_wrist",
      "points": [
        [
          1051.086956521739,
          520.6521739130435
        ]
      ],
      "group_id": 1,
      "description": "2",
      "shape_type": "point",
      "flags": {},
      "mask": null
    },
    {
      "label": "right_wrist",
      "points": [
        [
          895.6521739130434,
          497.8260869565217
        ]
      ],
      "group_id": 1,
      "description": "2",
      "shape_type": "point",
      "flags": {},
      "mask": null
    },
    {
      "label": "left_hip",
      "points": [
        [
          1059.8360655737704,
          393.44262295081967
        ]
      ],
      "group_id": 1,
      "description": "1",
      "shape_type": "point",
      "flags": {},
      "mask": null
    },
    {
      "label": "right_hip",
      "points": [
        [
          1033.606557377049,
          368.8524590163934
        ]
      ],
      "group_id": 1,
      "description": "0",
      "shape_type": "point",
      "flags": {},
      "mask": null
    },
    {
      "label": "left_knee",
      "points": [
        [
          1101.7699115044247,
          392.03539823008845
        ]
      ],
      "group_id": 1,
      "description": "1",
      "shape_type": "point",
      "flags": {},
      "mask": null
    },
    {
      "label": "right_knee",
      "points": [
        [
          1054.054054054054,
          366.48648648648646
        ]
      ],
      "group_id": 1,
      "description": "2",
      "shape_type": "point",
      "flags": {},
      "mask": null
    },
    {
      "label": "left_ankle",
      "points": [
        [
          1141.1764705882354,
          351.96078431372547
        ]
      ],
      "group_id": 1,
      "description": "2",
      "shape_type": "point",
      "flags": {},
      "mask": null
    },
    {
      "label": "right_ankle",
      "points": [
        [
          1079.4117647058824,
          342.156862745098
        ]
      ],
      "group_id": 1,
      "description": "2",
      "shape_type": "point",
      "flags": {},
      "mask": null
    },
    {
      "label": "left_heel",
      "points": [
        [
          1140.7079646017698,
          326.54867256637164
        ]
      ],
      "group_id": 1,
      "description": "2",
      "shape_type": "point",
      "flags": {},
      "mask": null
    },
    {
      "label": "right_heel",
      "points": [
        [
          1105.3097345132742,
          318.58407079646014
        ]
      ],
      "group_id": 1,
      "description": "2",
      "shape_type": "point",
      "flags": {},
      "mask": null
    },
    {
      "label": "left_foot",
      "points": [
        [
          1166.371681415929,
          368.14159292035396
        ]
      ],
      "group_id": 1,
      "description": "2",
      "shape_type": "point",
      "flags": {},
      "mask": null
    },
    {
      "label": "right_foot",
      "points": [
        [
          1117.6991150442477,
          347.787610619469
        ]
      ],
      "group_id": 1,
      "description": "1",
      "shape_type": "point",
      "flags": {},
      "mask": null
    },
    {
      "label": "nose",
      "points": [
        [
          785.8407079646017,
          388.4955752212389
        ]
      ],
      "group_id": 2,
      "description": "1",
      "shape_type": "point",
      "flags": {},
      "mask": null
    },
    {
      "label": "left_eye",
      "points": [
        [
          785.7777777777778,
          377.3333333333333
        ]
      ],
      "group_id": 2,
      "description": "0",
      "shape_type": "point",
      "flags": {},
      "mask": null
    },
    {
      "label": "right_eye",
      "points": [
        [
          776.4444444444445,
          376.44444444444446
        ]
      ],
      "group_id": 2,
      "description": "2",
      "shape_type": "point",
      "flags": {},
      "mask": null
    },
    {
      "label": "left_ear",
      "points": [
        [
          775.1111111111111,
          368.8888888888889
        ]
      ],
      "group_id": 2,
      "description": "0",
      "shape_type": "point",
      "flags": {},
      "mask": null
    },
    {
      "label": "right_ear",
      "points": [
        [
          743.5555555555555,
          373.77777777777777
        ]
      ],
      "group_id": 2,
      "description": "2",
      "shape_type": "point",
      "flags": {},
      "mask": null
    },
    {
      "label": "left_shoulder",
      "points": [
        [
          797.3451327433628,
          423.8938053097345
        ]
      ],
      "group_id": 2,
      "description": "1",
      "shape_type": "point",
      "flags": {},
      "mask": null
    },
    {
      "label": "right_shoulder",
      "points": [
        [
          712.4324324324324,
          436.7567567567567
        ]
      ],
      "group_id": 2,
      "description": "2",
      "shape_type": "point",
      "flags": {},
      "mask": null
    },
    {
      "label": "left_elbow",
      "points": [
        [
          851.9607843137255,
          452.94117647058823
        ]
      ],
      "group_id": 2,
      "description": "1",
      "shape_type": "point",
      "flags": {},
      "mask": null
    },
    {
      "label": "right_elbow",
      "points": [
        [
          757.843137254902,
          478.4313725490196
        ]
      ],
      "group_id": 2,
      "description": "2",
      "shape_type": "point",
      "flags": {},
      "mask": null
    },
    {
      "label": "left_wrist",
      "points": [
        [
          876.4705882352941,
          409.80392156862746
        ]
      ],
      "group_id": 2,
      "description": "0",
      "shape_type": "point",
      "flags": {},
      "mask": null
    },
    {
      "label": "right_wrist",
      "points": [
        [
          836.2745098039215,
          425.4901960784314
        ]
      ],
      "group_id": 2,
      "description": "2",
      "shape_type": "point",
      "flags": {},
      "mask": null
    },
    {
      "label": "left_hip",
      "points": [
        [
          799.1150442477875,
          613.2743362831858
        ]
      ],
      "group_id": 2,
      "description": "2",
      "shape_type": "point",
      "flags": {},
      "mask": null
    },
    {
      "label": "right_hip",
      "points": [
        [
          760.1769911504424,
          610.6194690265486
        ]
      ],
      "group_id": 2,
      "description": "2",
      "shape_type": "point",
      "flags": {},
      "mask": null
    },
    {
      "label": "left_knee",
      "points": [
        [
          796.4601769911503,
          734.5132743362831
        ]
      ],
      "group_id": 2,
      "description": "2",
      "shape_type": "point",
      "flags": {},
      "mask": null
    },
    {
      "label": "right_knee",
      "points": [
        [
          752.2123893805309,
          746.0176991150441
        ]
      ],
      "group_id": 2,
      "description": "2",
      "shape_type": "point",
      "flags": {},
      "mask": null
    },
    {
      "label": "left_ankle",
      "points": [
        [
          773.9130434782608,
          822.463768115942
        ]
      ],
      "group_id": 2,
      "description": "2",
      "shape_type": "point",
      "flags": {},
      "mask": null
    },
    {
      "label": "right_ankle",
      "points": [
        [
          737.3493975903614,
          836.144578313253
        ]
      ],
      "group_id": 2,
      "description": "2",
      "shape_type": "point",
      "flags": {},
      "mask": null
    },
    {
      "label": "left_heel",
      "points": [
        [
          761.4457831325301,
          846.9879518072288
        ]
      ],
      "group_id": 2,
      "description": "1",
      "shape_type": "point",
      "flags": {},
      "mask": null
    },
    {
      "label": "right_heel",
      "points": [
        [
          724.3243243243243,
          861.081081081081
        ]
      ],
      "group_id": 2,
      "description": "2",
      "shape_type": "point",
      "flags": {},
      "mask": null
    },
    {
      "label": "left_foot",
      "points": [
        [
          800.0,
          850.2702702702702
        ]
      ],
      "group_id": 2,
      "description": "2",
      "shape_type": "point",
      "flags": {},
      "mask": null
    },
    {
      "label": "right_foot",
      "points": [
        [
          756.7567567567568,
          871.3513513513514
        ]
      ],
      "group_id": 2,
      "description": "2",
      "shape_type": "point",
      "flags": {},
      "mask": null
    }
  ],
  "imagePath": "000000000045.jpg",
  "imageData": null,
  "imageHeight": 1200,
  "imageWidth": 1600
}