{
  "version": "5.2.1",
  "flags": {},
  "shapes": [
    {
      "mask": null,
      "label": "nose",
      "points": [
        [
          721.7391304347826,
          483.695652173913
        ]
      ],
      "group_id": 1,
      "description": "2",
      "shape_type": "point",
      "flags": {}
    },
    {
      "label": "left_eye",
      "points": [
        [
          731.4285714285714,
          471.90476190476187
        ]
      ],
      "group_id": 1,
      "description": "2",
      "shape_type": "point",
      "flags": {}
    },
    {
      "label": "right_eye",
      "points": [
        [
          714.2857142857142,
          470.9523809523809
        ]
      ],
      "group_id": 1,
      "description": "2",
      "shape_type": "point",
      "flags": {}
    },
    {
      "label": "left_ear",
      "points": [
        [
          771.4285714285714,
          456.66666666666663
        ]
      ],
      "group_id": 1,
      "description": "2",
      "shape_type": "point",
      "flags": {}
    },
    {
      "label": "right_ear",
      "points": [
        [
          735.7894736842105,
          456.84210526315786
        ]
      ],
      "group_id": 1,
      "description": "0",
      "shape_type": "point",
      "flags": {}
    },
    {
      "label": "left_shoulder",
      "points": [
        [
          830.5263157894736,
          467.8947368421052
        ]
      ],
      "group_id": 1,
      "description": "2",
      "shape_type": "point",
      "flags": {}
    },
    {
      "label": "right_shoulder",
      "points": [
        [
          748.9473684210526,
          475.2631578947368
        ]
      ],
      "group_id": 1,
      "description": "0",
      "shape_type": "point",
      "flags": {}
    },
    {
      "label": "left_elbow",
      "points": [
        [
          927.8947368421052,
          492.1052631578947
        ]
      ],
      "group_id": 1,
      "description": "2",
      "shape_type": "point",
      "flags": {}
    },
    {
      "label": "right_elbow",
      "points": [
        [
          786.8421052631578,
          532.1052631578947
        ]
      ],
      "group_id": 1,
      "description": "0",
      "shape_type": "point",
      "flags": {}
    },
    {
      "label": "left_wrist",
      "points": [
        [
          1013.6842105263157,
          536.3157894736842
        ]
      ],
      "group_id": 1,
      "description": "2",
      "shape_type": "point",
      "flags": {}
    },
    {
      "label": "right_wrist",
      "points": [
        [
          811.0526315789473,
          554.7368421052631
        ]
      ],
      "group_id": 1,
      "description": "0",
      "shape_type": "point",
      "flags": {}
    },
    {
      "label": "left_hip",
      "points": [
        [
          776.8421052631578,
          618.9473684210526
        ]
      ],
      "group_id": 1,
      "description": "2",
      "shape_type": "point",
      "flags": {}
    },
    {
      "label": "right_hip",
      "points": [
        [
          720.5128205128204,
          602.5641025641025
        ]
      ],
      "group_id": 1,
      "description": "1",
      "shape_type": "point",
      "flags": {}
    },
    {
      "label": "left_knee",
      "points": [
        [
          675.6410256410255,
          803.8461538461538
        ]
      ],
      "group_id": 1,
      "description": "2",
      "shape_type": "point",
      "flags": {}
    },
    {
      "label": "right_knee",
      "points": [
        [
          647.4358974358973,
          778.2051282051282
        ]
      ],
      "group_id": 1,
      "description": "2",
      "shape_type": "point",
      "flags": {}
    },
    {
      "label": "left_ankle",
      "points": [
        [
          699.9999999999999,
          915.3846153846154
        ]
      ],
      "group_id": 1,
      "description": "2",
      "shape_type": "point",
      "flags": {}
    },
    {
      "label": "right_ankle",
      "points": [
        [
          671.7948717948717,
          894.8717948717948
        ]
      ],
      "group_id": 1,
      "description": "1",
      "shape_type": "point",
      "flags": {}
    },
    {
      "label": "left_heel",
      "points": [
        [
          713.4751773049646,
          926.2411347517731
        ]
      ],
      "group_id": 1,
      "description": "2",
      "shape_type": "point",
      "flags": {}
    },
    {
      "label": "right_heel",
      "points": [
        [
          678.0141843971631,
          913.4751773049646
        ]
      ],
      "group_id": 1,
      "description": "1",
      "shape_type": "point",
      "flags": {}
    },
    {
      "label": "left_foot",
      "points": [
        [
          677.3049645390072,
          934.7517730496454
        ]
      ],
      "group_id": 1,
      "description": "2",
      "shape_type": "point",
      "flags": {}
    },
    {
      "label": "right_foot",
      "points": [
        [
          642.5531914893618,
          914.8936170212767
        ]
      ],
      "group_id": 1,
      "description": "2",
      "shape_type": "point",
      "flags": {}
    },
    {
      "label": "nose",
      "points": [
        [
          821.578947368421,
          407.89473684210526
        ]
      ],
      "group_id": 2,
      "description": "1",
      "shape_type": "point",
      "flags": {}
    },
    {
      "label": "left_eye",
      "points": [
        [
          831.0526315789473,
          394.2105263157894
        ]
      ],
      "group_id": 2,
      "description": "1",
      "shape_type": "point",
      "flags": {}
    },
    {
      "label": "right_eye",
      "points": [
        [
          811.578947368421,
          395.7894736842105
        ]
      ],
      "group_id": 2,
      "description": "1",
      "shape_type": "point",
      "flags": {}
    },
    {
      "label": "left_ear",
      "points": [
        [
          855.7894736842105,
          391.05263157894734
        ]
      ],
      "group_id": 2,
      "description": "1",
      "shape_type": "point",
      "flags": {}
    },
    {
      "label": "right_ear",
      "points": [
        [
          801.0526315789473,
          390.52631578947364
        ]
      ],
      "group_id": 2,
      "description": "1",
      "shape_type": "point",
      "flags": {}
    },
    {
      "label": "left_shoulder",
      "points": [
        [
          883.3333333333333,
          433.3333333333333
        ]
      ],
      "group_id": 2,
      "description": "2",
      "shape_type": "point",
      "flags": {}
    },
    {
      "label": "right_shoulder",
      "points": [
        [
          795.5128205128204,
          433.97435897435895
        ]
      ],
      "group_id": 2,
      "description": "1",
      "shape_type": "point",
      "flags": {}
    },
    {
      "label": "left_elbow",
      "points": [
        [
          915.3846153846154,
          513.4615384615385
        ]
      ],
      "group_id": 2,
      "description": "1",
      "shape_type": "point",
      "flags": {}
    },
    {
      "label": "right_elbow",
      "points": [
        [
          798.0769230769231,
          503.8461538461538
        ]
      ],
      "group_id": 2,
      "description": "0",
      "shape_type": "point",
      "flags": {}
    },
    {
      "label": "left_wrist",
      "points": [
        [
          932.6923076923076,
          501.28205128205127
        ]
      ],
      "group_id": 2,
      "description": "0",
      "shape_type": "point",
      "flags": {}
    },
    {
      "label": "right_wrist",
      "points": [
        [
          810.8974358974359,
          528.2051282051282
        ]
      ],
      "group_id": 2,
      "description": "0",
      "shape_type": "point",
      "flags": {}
    },
    {
      "label": "left_hip",
      "points": [
        [
          869.230769230769,
          587.1794871794872
        ]
      ],
      "group_id": 2,
      "description": "2",
      "shape_type": "point",
      "flags": {}
    },
    {
      "label": "right_hip",
      "points": [
        [
          814.1025641025641,
          588.4615384615385
        ]
      ],
      "group_id": 2,
      "description": "1",
      "shape_type": "point",
      "flags": {}
    },
    {
      "label": "left_knee",
      "points": [
        [
          866.6666666666665,
          694.8717948717948
        ]
      ],
      "group_id": 2,
      "description": "2",
      "shape_type": "point",
      "flags": {}
    },
    {
      "label": "right_knee",
      "points": [
        [
          816.6666666666666,
          710.2564102564103
        ]
      ],
      "group_id": 2,
      "description": "2",
      "shape_type": "point",
      "flags": {}
    },
    {
      "label": "left_ankle",
      "points": [
        [
          871.5517241379309,
          794.8275862068966
        ]
      ],
      "group_id": 2,
      "description": "2",
      "shape_type": "point",
      "flags": {}
    },
    {
      "label": "right_ankle",
      "points": [
        [
          820.6896551724137,
          775.8620689655173
        ]
      ],
      "group_id": 2,
      "description": "2",
      "shape_type": "point",
      "flags": {}
    },
    {
      "label": "left_heel",
      "points": [
        [
          886.2068965517241,
          789.6551724137931
        ]
      ],
      "group_id": 2,
      "description": "1",
      "shape_type": "point",
      "flags": {}
    },
    {
      "label": "right_heel",
      "points": [
        [
          819.8275862068965,
          793.1034482758621
        ]
      ],
      "group_id": 2,
      "description": "1",
      "shape_type": "point",
      "flags": {}
    },
    {
      "label": "left_foot",
      "points": [
        [
          865.5172413793102,
          814.6551724137931
        ]
      ],
      "group_id": 2,
      "description": "2",
      "shape_type": "point",
      "flags": {}
    },
    {
      "label": "right_foot",
      "points": [
        [
          814.655172413793,
          804.3103448275863
        ]
      ],
      "group_id": 2,
      "description": "2",
      "shape_type": "point",
      "flags": {}
    }
  ],
  "imagePath": "000000000951.jpg",
  "imageData": null,
  "imageHeight": 1200,
  "imageWidth": 1600
}