{
  "version": "5.2.1",
  "flags": {},
  "shapes": [
    {
      "mask": null,
      "label": "nose",
      "points": [
        [
          1027.0491803278687,
          365.57377049180326
        ]
      ],
      "group_id": 1,
      "description": "1",
      "shape_type": "point",
      "flags": {}
    },
    {
      "label": "left_eye",
      "points": [
        [
          1044.53125,
          357.03125
        ]
      ],
      "group_id": 1,
      "description": "2",
      "shape_type": "point",
      "flags": {}
    },
    {
      "label": "right_eye",
      "points": [
        [
          1014.0625,
          353.90625
        ]
      ],
      "group_id": 1,
      "description": "2",
      "shape_type": "point",
      "flags": {}
    },
    {
      "label": "left_ear",
      "points": [
        [
          1062.5,
          364.453125
        ]
      ],
      "group_id": 1,
      "description": "2",
      "shape_type": "point",
      "flags": {}
    },
    {
      "label": "right_ear",
      "points": [
        [
          1004.6875,
          359.765625
        ]
      ],
      "group_id": 1,
      "description": "2",
      "shape_type": "point",
      "flags": {}
    },
    {
      "label": "left_shoulder",
      "points": [
        [
          1100.0,
          423.046875
        ]
      ],
      "group_id": 1,
      "description": "2",
      "shape_type": "point",
      "flags": {}
    },
    {
      "label": "right_shoulder",
      "points": [
        [
          991.40625,
          416.796875
        ]
      ],
      "group_id": 1,
      "description": "2",
      "shape_type": "point",
      "flags": {}
    },
    {
      "label": "left_elbow",
      "points": [
        [
          1144.53125,
          510.9375
        ]
      ],
      "group_id": 1,
      "description": "2",
      "shape_type": "point",
      "flags": {}
    },
    {
      "label": "right_elbow",
      "points": [
        [
          964.453125,
          492.578125
        ]
      ],
      "group_id": 1,
      "description": "2",
      "shape_type": "point",
      "flags": {}
    },
    {
      "label": "left_wrist",
      "points": [
        [
          1105.859375,
          526.953125
        ]
      ],
      "group_id": 1,
      "description": "2",
      "shape_type": "point",
      "flags": {}
    },
    {
      "label": "right_wrist",
      "points": [
        [
          934.765625,
          512.5
        ]
      ],
      "group_id": 1,
      "description": "2",
      "shape_type": "point",
      "flags": {}
    },
    {
      "label": "left_hip",
      "points": [
        [
          1067.96875,
          589.0625
        ]
      ],
      "group_id": 1,
      "description": "2",
      "shape_type": "point",
      "flags": {}
    },
    {
      "label": "right_hip",
      "points": [
        [
          992.3076923076922,
          578.2051282051282
        ]
      ],
      "group_id": 1,
      "description": "1",
      "shape_type": "point",
      "flags": {}
    },
    {
      "label": "left_knee",
      "points": [
        [
          1046.1538461538462,
          738.4615384615385
        ]
      ],
      "group_id": 1,
      "description": "2",
      "shape_type": "point",
      "flags": {}
    },
    {
      "label": "right_knee",
      "points": [
        [
          1001.2820512820513,
          730.7692307692307
        ]
      ],
      "group_id": 1,
      "description": "2",
      "shape_type": "point",
      "flags": {}
    },
    {
      "label": "left_ankle",
      "points": [
        [
          1057.6923076923076,
          834.6153846153846
        ]
      ],
      "group_id": 1,
      "description": "2",
      "shape_type": "point",
      "flags": {}
    },
    {
      "label": "right_ankle",
      "points": [
        [
          1008.9743589743589,
          824.3589743589744
        ]
      ],
      "group_id": 1,
      "description": "2",
      "shape_type": "point",
      "flags": {}
    },
    {
      "label": "left_heel",
      "points": [
        [
          1072.4358974358975,
          849.3589743589744
        ]
      ],
      "group_id": 1,
      "description": "2",
      "shape_type": "point",
      "flags": {}
    },
    {
      "label": "right_heel",
      "points": [
        [
          1025.0,
          840.3846153846154
        ]
      ],
      "group_id": 1,
      "description": "1",
      "shape_type": "point",
      "flags": {}
    },
    {
      "label": "left_foot",
      "points": [
        [
          1042.948717948718,
          866.025641025641
        ]
      ],
      "group_id": 1,
      "description": "2",
      "shape_type": "point",
      "flags": {}
    },
    {
      "label": "right_foot",
      "points": [
        [
          998.7179487179487,
          857.051282051282
        ]
      ],
      "group_id": 1,
      "description": "2",
      "shape_type": "point",
      "flags": {}
    },
    {
      "label": "nose",
      "points": [
        [
          678.4565916398714,
          401.2861736334405
        ]
      ],
      "group_id": 2,
      "description": "2",
      "shape_type": "point",
      "flags": {}
    },
    {
      "label": "left_eye",
      "points": [
        [
          687.4598070739551,
          388.4244372990354
        ]
      ],
      "group_id": 2,
      "description": "2",
      "shape_type": "point",
      "flags": {}
    },
    {
      "label": "right_eye",
      "points": [
        [
          666.8810289389068,
          390.03215434083603
        ]
      ],
      "group_id": 2,
      "description": "2",
      "shape_type": "point",
      "flags": {}
    },
    {
      "label": "left_ear",
      "points": [
        [
          695.4983922829582,
          390.9967845659164
        ]
      ],
      "group_id": 2,
      "description": "1",
      "shape_type": "point",
      "flags": {}
    },
    {
      "label": "right_ear",
      "points": [
        [
          646.6237942122186,
          388.7459807073955
        ]
      ],
      "group_id": 2,
      "description": "2",
      "shape_type": "point",
      "flags": {}
    },
    {
      "label": "left_shoulder",
      "points": [
        [
          712.1794871794872,
          439.7435897435897
        ]
      ],
      "group_id": 2,
      "description": "2",
      "shape_type": "point",
      "flags": {}
    },
    {
      "label": "right_shoulder",
      "points": [
        [
          633.3333333333333,
          452.56410256410254
        ]
      ],
      "group_id": 2,
      "description": "2",
      "shape_type": "point",
      "flags": {}
    },
    {
      "label": "left_elbow",
      "points": [
        [
          726.2820512820513,
          532.051282051282
        ]
      ],
      "group_id": 2,
      "description": "2",
      "shape_type": "point",
      "flags": {}
    },
    {
      "label": "right_elbow",
      "points": [
        [
          622.4358974358975,
          551.9230769230769
        ]
      ],
      "group_id": 2,
      "description": "2",
      "shape_type": "point",
      "flags": {}
    },
    {
      "label": "left_wrist",
      "points": [
        [
          740.3846153846154,
          591.6666666666666
        ]
      ],
      "group_id": 2,
      "description": "1",
      "shape_type": "point",
      "flags": {}
    },
    {
      "label": "right_wrist",
      "points": [
        [
          629.4871794871794,
          623.7179487179487
        ]
      ],
      "group_id": 2,
      "description": "1",
      "shape_type": "point",
      "flags": {}
    },
    {
      "label": "left_hip",
      "points": [
        [
          707.6923076923076,
          598.7179487179487
        ]
      ],
      "group_id": 2,
      "description": "1",
      "shape_type": "point",
      "flags": {}
    },
    {
      "label": "right_hip",
      "points": [
        [
          651.2820512820513,
          605.1282051282051
        ]
      ],
      "group_id": 2,
      "description": "2",
      "shape_type": "point",
      "flags": {}
    },
    {
      "label": "left_knee",
      "points": [
        [
          707.6923076923076,
          701.2820512820513
        ]
      ],
      "group_id": 2,
      "description": "1",
      "shape_type": "point",
      "flags": {}
    },
    {
      "label": "right_knee",
      "points": [
        [
          658.9743589743589,
          710.2564102564103
        ]
      ],
      "group_id": 2,
      "description": "2",
      "shape_type": "point",
      "flags": {}
    },
    {
      "label": "left_ankle",
      "points": [
        [
          716.40625,
          808.59375
        ]
      ],
      "group_id": 2,
      "description": "2",
      "shape_type": "point",
      "flags": {}
    },
    {
      "label": "right_ankle",
      "points": [
        [
          653.90625,
          810.15625
        ]
      ],
      "group_id": 2,
      "description": "2",
      "shape_type": "point",
      "flags": {}
    },
    {
      "label": "left_heel",
      "points": [
        [
          696.875,
          819.53125
        ]
      ],
      "group_id": 2,
      "description": "2",
      "shape_type": "point",
      "flags": {}
    },
    {
      "label": "right_heel",
      "points": [
        [
          636.71875,
          821.09375
        ]
      ],
      "group_id": 2,
      "description": "2",
      "shape_type": "point",
      "flags": {}
    },
    {
      "label": "left_foot",
      "points": [
        [
          727.34375,
          826.5625
        ]
      ],
      "group_id": 2,
      "description": "2",
      "shape_type": "point",
      "flags": {}
    },
    {
      "label": "right_foot",
      "points": [
        [
          657.8125,
          829.6875
        ]
      ],
      "group_id": 2,
      "description": "2",
      "shape_type": "point",
      "flags": {}
    }
  ],
  "imagePath": "000000000926.jpg",
  "imageData": null,
  "imageHeight": 1200,
  "imageWidth": 1600
}