{
  "version": "5.9.1",
  "flags": {},
  "shapes": [
    {
      "label": "nose",
      "points": [
        [
          954.8611111111112,
          454.1666666666667
        ]
      ],
      "group_id": 1,
      "description": "2",
      "shape_type": "point",
      "flags": {},
      "mask": null
    },
    {
      "label": "left_eye",
      "points": [
        [
          971.5277777777779,
          441.6666666666667
        ]
      ],
      "group_id": 1,
      "description": "2",
      "shape_type": "point",
      "flags": {},
      "mask": null
    },
    {
      "label": "right_eye",
      "points": [
        [
          945.138888888889,
          441.6666666666667
        ]
      ],
      "group_id": 1,
      "description": "2",
      "shape_type": "point",
      "flags": {},
      "mask": null
    },
    {
      "label": "left_ear",
      "points": [
        [
          1002.0833333333334,
          440.27777777777777
        ]
      ],
      "group_id": 1,
      "description": "2",
      "shape_type": "point",
      "flags": {},
      "mask": null
    },
    {
      "label": "right_ear",
      "points": [
        [
          931.2500000000001,
          444.44444444444446
        ]
      ],
      "group_id": 1,
      "description": "0",
      "shape_type": "point",
      "flags": {},
      "mask": null
    },
    {
      "label": "left_shoulder",
      "points": [
        [
          1038.1944444444443,
          486.11111111111114
        ]
      ],
      "group_id": 1,
      "description": "2",
      "shape_type": "point",
      "flags": {},
      "mask": null
    },
    {
      "label": "right_shoulder",
      "points": [
        [
          924.3055555555555,
          479.1666666666667
        ]
      ],
      "group_id": 1,
      "description": "2",
      "shape_type": "point",
      "flags": {},
      "mask": null
    },
    {
      "label": "left_elbow",
      "points": [
        [
          1111.8055555555554,
          483.33333333333337
        ]
      ],
      "group_id": 1,
      "description": "2",
      "shape_type": "point",
      "flags": {},
      "mask": null
    },
    {
      "label": "right_elbow",
      "points": [
        [
          956.2500000000001,
          483.33333333333337
        ]
      ],
      "group_id": 1,
      "description": "0",
      "shape_type": "point",
      "flags": {},
      "mask": null
    },
    {
      "label": "left_wrist",
      "points": [
        [
          1070.138888888889,
          538.8888888888889
        ]
      ],
      "group_id": 1,
      "description": "2",
      "shape_type": "point",
      "flags": {},
      "mask": null
    },
    {
      "label": "right_wrist",
      "points": [
        [
          922.9166666666669,
          513.8888888888889
        ]
      ],
      "group_id": 1,
      "description": "1",
      "shape_type": "point",
      "flags": {},
      "mask": null
    },
    {
      "label": "left_hip",
      "points": [
        [
          1013.1944444444445,
          656.9444444444445
        ]
      ],
      "group_id": 1,
      "description": "2",
      "shape_type": "point",
      "flags": {},
      "mask": null
    },
    {
      "label": "right_hip",
      "points": [
        [
          952.0833333333334,
          650.0
        ]
      ],
      "group_id": 1,
      "description": "2",
      "shape_type": "point",
      "flags": {},
      "mask": null
    },
    {
      "label": "left_knee",
      "points": [
        [
          999.3055555555555,
          776.3888888888889
        ]
      ],
      "group_id": 1,
      "description": "2",
      "shape_type": "point",
      "flags": {},
      "mask": null
    },
    {
      "label": "right_knee",
      "points": [
        [
          956.2500000000001,
          775.0
        ]
      ],
      "group_id": 1,
      "description": "2",
      "shape_type": "point",
      "flags": {},
      "mask": null
    },
    {
      "label": "left_ankle",
      "points": [
        [
          1015.9722222222223,
          854.1666666666667
        ]
      ],
      "group_id": 1,
      "description": "2",
      "shape_type": "point",
      "flags": {},
      "mask": null
    },
    {
      "label": "right_ankle",
      "points": [
        [
          979.8611111111112,
          852.7777777777778
        ]
      ],
      "group_id": 1,
      "description": "2",
      "shape_type": "point",
      "flags": {},
      "mask": null
    },
    {
      "label": "left_heel",
      "points": [
        [
          1035.7142857142858,
          872.7272727272727
        ]
      ],
      "group_id": 1,
      "description": "2",
      "shape_type": "point",
      "flags": {},
      "mask": null
    },
    {
      "label": "right_heel",
      "points": [
        [
          1000.6493506493506,
          871.4285714285714
        ]
      ],
      "group_id": 1,
      "description": "1",
      "shape_type": "point",
      "flags": {},
      "mask": null
    },
    {
      "label": "left_foot",
      "points": [
        [
          1012.3376623376622,
          885.7142857142857
        ]
      ],
      "group_id": 1,
      "description": "2",
      "shape_type": "point",
      "flags": {},
      "mask": null
    },
    {
      "label": "right_foot",
      "points": [
        [
          975.974025974026,
          876.6233766233767
        ]
      ],
      "group_id": 1,
      "description": "2",
      "shape_type": "point",
      "flags": {},
      "mask": null
    },
    {
      "label": "nose",
      "points": [
        [
          844.8051948051948,
          429.87012987012986
        ]
      ],
      "group_id": 2,
      "description": "1",
      "shape_type": "point",
      "flags": {},
      "mask": null
    },
    {
      "label": "left_eye",
      "points": [
        [
          834.4155844155844,
          405.1948051948052
        ]
      ],
      "group_id": 2,
      "description": "0",
      "shape_type": "point",
      "flags": {},
      "mask": null
    },
    {
      "label": "right_eye",
      "points": [
        [
          846.1038961038961,
          407.79220779220776
        ]
      ],
      "group_id": 2,
      "description": "0",
      "shape_type": "point",
      "flags": {},
      "mask": null
    },
    {
      "label": "left_ear",
      "points": [
        [
          807.1428571428571,
          400.0
        ]
      ],
      "group_id": 2,
      "description": "0",
      "shape_type": "point",
      "flags": {},
      "mask": null
    },
    {
      "label": "right_ear",
      "points": [
        [
          821.4285714285714,
          400.0
        ]
      ],
      "group_id": 2,
      "description": "2",
      "shape_type": "point",
      "flags": {},
      "mask": null
    },
    {
      "label": "left_shoulder",
      "points": [
        [
          795.4545454545454,
          474.025974025974
        ]
      ],
      "group_id": 2,
      "description": "0",
      "shape_type": "point",
      "flags": {},
      "mask": null
    },
    {
      "label": "right_shoulder",
      "points": [
        [
          807.1428571428571,
          474.025974025974
        ]
      ],
      "group_id": 2,
      "description": "2",
      "shape_type": "point",
      "flags": {},
      "mask": null
    },
    {
      "label": "left_elbow",
      "points": [
        [
          850.0,
          498.7012987012987
        ]
      ],
      "group_id": 2,
      "description": "1",
      "shape_type": "point",
      "flags": {},
      "mask": null
    },
    {
      "label": "right_elbow",
      "points": [
        [
          839.6103896103896,
          555.8441558441558
        ]
      ],
      "group_id": 2,
      "description": "1",
      "shape_type": "point",
      "flags": {},
      "mask": null
    },
    {
      "label": "left_wrist",
      "points": [
        [
          905.8441558441558,
          466.23376623376623
        ]
      ],
      "group_id": 2,
      "description": "2",
      "shape_type": "point",
      "flags": {},
      "mask": null
    },
    {
      "label": "right_wrist",
      "points": [
        [
          899.3506493506493,
          515.5844155844155
        ]
      ],
      "group_id": 2,
      "description": "2",
      "shape_type": "point",
      "flags": {},
      "mask": null
    },
    {
      "label": "left_hip",
      "points": [
        [
          772.077922077922,
          649.3506493506493
        ]
      ],
      "group_id": 2,
      "description": "0",
      "shape_type": "point",
      "flags": {},
      "mask": null
    },
    {
      "label": "right_hip",
      "points": [
        [
          816.2337662337662,
          661.038961038961
        ]
      ],
      "group_id": 2,
      "description": "1",
      "shape_type": "point",
      "flags": {},
      "mask": null
    },
    {
      "label": "left_knee",
      "points": [
        [
          789.6103896103896,
          741.5584415584416
        ]
      ],
      "group_id": 2,
      "description": "2",
      "shape_type": "point",
      "flags": {},
      "mask": null
    },
    {
      "label": "right_knee",
      "points": [
        [
          829.8701298701299,
          749.3506493506493
        ]
      ],
      "group_id": 2,
      "description": "2",
      "shape_type": "point",
      "flags": {},
      "mask": null
    },
    {
      "label": "left_ankle",
      "points": [
        [
          804.1666666666667,
          853.3333333333334
        ]
      ],
      "group_id": 2,
      "description": "1",
      "shape_type": "point",
      "flags": {},
      "mask": null
    },
    {
      "label": "right_ankle",
      "points": [
        [
          787.5,
          860.0000000000001
        ]
      ],
      "group_id": 2,
      "description": "2",
      "shape_type": "point",
      "flags": {},
      "mask": null
    },
    {
      "label": "left_heel",
      "points": [
        [
          792.5,
          880.0000000000001
        ]
      ],
      "group_id": 2,
      "description": "1",
      "shape_type": "point",
      "flags": {},
      "mask": null
    },
    {
      "label": "right_heel",
      "points": [
        [
          760.8333333333334,
          881.6666666666667
        ]
      ],
      "group_id": 2,
      "description": "2",
      "shape_type": "point",
      "flags": {},
      "mask": null
    },
    {
      "label": "left_foot",
      "points": [
        [
          830.8333333333335,
          855.0000000000001
        ]
      ],
      "group_id": 2,
      "description": "2",
      "shape_type": "point",
      "flags": {},
      "mask": null
    },
    {
      "label": "right_foot",
      "points": [
        [
          814.1666666666667,
          888.3333333333334
        ]
      ],
      "group_id": 2,
      "description": "2",
      "shape_type": "point",
      "flags": {},
      "mask": null
    }
  ],
  "imagePath": "000000001783.jpg",
  "imageData": null,
  "imageHeight": 1200,
  "imageWidth": 1600
}