{
  "version": "5.2.1",
  "flags": {},
  "shapes": [
    {
      "label": "nose",
      "points": [
        [
          914.3149284253578,
          299.3865030674847
        ]
      ],
      "group_id": 1,
      "description": "2",
      "shape_type": "point",
      "flags": {}
    },
    {
      "label": "left_eye",
      "points": [
        [
          928.2208588957054,
          281.799591002045
        ]
      ],
      "group_id": 1,
      "description": "2",
      "shape_type": "point",
      "flags": {}
    },
    {
      "label": "right_eye",
      "points": [
        [
          902.044989775051,
          282.2085889570552
        ]
      ],
      "group_id": 1,
      "description": "2",
      "shape_type": "point",
      "flags": {}
    },
    {
      "label": "left_ear",
      "points": [
        [
          967.484662576687,
          257.8732106339468
        ]
      ],
      "group_id": 1,
      "description": "2",
      "shape_type": "point",
      "flags": {}
    },
    {
      "label": "right_ear",
      "points": [
        [
          893.0470347648261,
          263.1901840490798
        ]
      ],
      "group_id": 1,
      "description": "0",
      "shape_type": "point",
      "flags": {}
    },
    {
      "label": "left_shoulder",
      "points": [
        [
          997.3415132924334,
          293.86503067484665
        ]
      ],
      "group_id": 1,
      "description": "2",
      "shape_type": "point",
      "flags": {}
    },
    {
      "label": "right_shoulder",
      "points": [
        [
          888.3435582822085,
          293.0470347648262
        ]
      ],
      "group_id": 1,
      "description": "2",
      "shape_type": "point",
      "flags": {}
    },
    {
      "label": "left_elbow",
      "points": [
        [
          1018.8139059304704,
          447.0347648261759
        ]
      ],
      "group_id": 1,
      "description": "2",
      "shape_type": "point",
      "flags": {}
    },
    {
      "label": "right_elbow",
      "points": [
        [
          863.3946830265849,
          444.37627811860943
        ]
      ],
      "group_id": 1,
      "description": "2",
      "shape_type": "point",
      "flags": {}
    },
    {
      "label": "left_wrist",
      "points": [
        [
          1028.0163599182006,
          550.7157464212679
        ]
      ],
      "group_id": 1,
      "description": "2",
      "shape_type": "point",
      "flags": {}
    },
    {
      "label": "right_wrist",
      "points": [
        [
          847.239263803681,
          525.7668711656443
        ]
      ],
      "group_id": 1,
      "description": "1",
      "shape_type": "point",
      "flags": {}
    },
    {
      "label": "left_hip",
      "points": [
        [
          955.4192229038854,
          570.9611451942741
        ]
      ],
      "group_id": 1,
      "description": "2",
      "shape_type": "point",
      "flags": {}
    },
    {
      "label": "right_hip",
      "points": [
        [
          872.3926380368098,
          561.3496932515338
        ]
      ],
      "group_id": 1,
      "description": "2",
      "shape_type": "point",
      "flags": {}
    },
    {
      "label": "left_knee",
      "points": [
        [
          912.4260355029586,
          722.4852071005918
        ]
      ],
      "group_id": 1,
      "description": "2",
      "shape_type": "point",
      "flags": {}
    },
    {
      "label": "right_knee",
      "points": [
        [
          830.7692307692308,
          691.7159763313609
        ]
      ],
      "group_id": 1,
      "description": "2",
      "shape_type": "point",
      "flags": {}
    },
    {
      "label": "left_ankle",
      "points": [
        [
          885.207100591716,
          885.207100591716
        ]
      ],
      "group_id": 1,
      "description": "2",
      "shape_type": "point",
      "flags": {}
    },
    {
      "label": "right_ankle",
      "points": [
        [
          800.0,
          862.7218934911243
        ]
      ],
      "group_id": 1,
      "description": "2",
      "shape_type": "point",
      "flags": {}
    },
    {
      "label": "left_heel",
      "points": [
        [
          903.5502958579882,
          915.3846153846154
        ]
      ],
      "group_id": 1,
      "description": "2",
      "shape_type": "point",
      "flags": {}
    },
    {
      "label": "right_heel",
      "points": [
        [
          818.3431952662722,
          881.0650887573964
        ]
      ],
      "group_id": 1,
      "description": "2",
      "shape_type": "point",
      "flags": {}
    },
    {
      "label": "left_foot",
      "points": [
        [
          852.0710059171598,
          942.603550295858
        ]
      ],
      "group_id": 1,
      "description": "2",
      "shape_type": "point",
      "flags": {}
    },
    {
      "label": "right_foot",
      "points": [
        [
          753.9215686274509,
          903.4313725490197
        ]
      ],
      "group_id": 1,
      "description": "2",
      "shape_type": "point",
      "flags": {}
    },
    {
      "label": "nose",
      "points": [
        [
          778.7321063394683,
          380.77709611451945
        ]
      ],
      "group_id": 2,
      "description": "2",
      "shape_type": "point",
      "flags": {}
    },
    {
      "label": "left_eye",
      "points": [
        [
          780.7770961145194,
          370.55214723926383
        ]
      ],
      "group_id": 2,
      "description": "1",
      "shape_type": "point",
      "flags": {}
    },
    {
      "label": "right_eye",
      "points": [
        [
          770.5521472392637,
          368.91615541922295
        ]
      ],
      "group_id": 2,
      "description": "2",
      "shape_type": "point",
      "flags": {}
    },
    {
      "label": "left_ear",
      "points": [
        [
          749.4887525562372,
          369.120654396728
        ]
      ],
      "group_id": 2,
      "description": "0",
      "shape_type": "point",
      "flags": {}
    },
    {
      "label": "right_ear",
      "points": [
        [
          727.6073619631901,
          364.4171779141104
        ]
      ],
      "group_id": 2,
      "description": "2",
      "shape_type": "point",
      "flags": {}
    },
    {
      "label": "left_shoulder",
      "points": [
        [
          758.8957055214723,
          426.9938650306749
        ]
      ],
      "group_id": 2,
      "description": "1",
      "shape_type": "point",
      "flags": {}
    },
    {
      "label": "right_shoulder",
      "points": [
        [
          713.2924335378323,
          440.6952965235174
        ]
      ],
      "group_id": 2,
      "description": "2",
      "shape_type": "point",
      "flags": {}
    },
    {
      "label": "left_elbow",
      "points": [
        [
          830.8793456032719,
          496.72801635991823
        ]
      ],
      "group_id": 2,
      "description": "2",
      "shape_type": "point",
      "flags": {}
    },
    {
      "label": "right_elbow",
      "points": [
        [
          809.6114519427402,
          473.61963190184053
        ]
      ],
      "group_id": 2,
      "description": "2",
      "shape_type": "point",
      "flags": {}
    },
    {
      "label": "left_wrist",
      "points": [
        [
          854.8057259713701,
          468.91615541922295
        ]
      ],
      "group_id": 2,
      "description": "0",
      "shape_type": "point",
      "flags": {}
    },
    {
      "label": "right_wrist",
      "points": [
        [
          858.0777096114518,
          400.0
        ]
      ],
      "group_id": 2,
      "description": "2",
      "shape_type": "point",
      "flags": {}
    },
    {
      "label": "left_hip",
      "points": [
        [
          784.8670756646217,
          659.1002044989775
        ]
      ],
      "group_id": 2,
      "description": "2",
      "shape_type": "point",
      "flags": {}
    },
    {
      "label": "right_hip",
      "points": [
        [
          734.3558282208588,
          663.1901840490798
        ]
      ],
      "group_id": 2,
      "description": "2",
      "shape_type": "point",
      "flags": {}
    },
    {
      "label": "left_knee",
      "points": [
        [
          768.6390532544378,
          748.5207100591716
        ]
      ],
      "group_id": 2,
      "description": "2",
      "shape_type": "point",
      "flags": {}
    },
    {
      "label": "right_knee",
      "points": [
        [
          717.1597633136095,
          751.4792899408284
        ]
      ],
      "group_id": 2,
      "description": "2",
      "shape_type": "point",
      "flags": {}
    },
    {
      "label": "left_ankle",
      "points": [
        [
          771.5976331360947,
          842.0118343195267
        ]
      ],
      "group_id": 2,
      "description": "2",
      "shape_type": "point",
      "flags": {}
    },
    {
      "label": "right_ankle",
      "points": [
        [
          708.8757396449704,
          886.9822485207101
        ]
      ],
      "group_id": 2,
      "description": "2",
      "shape_type": "point",
      "flags": {}
    },
    {
      "label": "left_heel",
      "points": [
        [
          752.6627218934912,
          855.0295857988166
        ]
      ],
      "group_id": 2,
      "description": "2",
      "shape_type": "point",
      "flags": {}
    },
    {
      "label": "right_heel",
      "points": [
        [
          691.1242603550296,
          900.0
        ]
      ],
      "group_id": 2,
      "description": "2",
      "shape_type": "point",
      "flags": {}
    },
    {
      "label": "left_foot",
      "points": [
        [
          826.6272189349113,
          862.1301775147929
        ]
      ],
      "group_id": 2,
      "description": "1",
      "shape_type": "point",
      "flags": {}
    },
    {
      "label": "right_foot",
      "points": [
        [
          731.547619047619,
          925.5952380952381
        ]
      ],
      "group_id": 2,
      "description": "2",
      "shape_type": "point",
      "flags": {}
    }
  ],
  "imagePath": "000000002032.jpg",
  "imageData": null,
  "imageHeight": 1200,
  "imageWidth": 1600
}