{
  "version": "5.9.1",
  "flags": {},
  "shapes": [
    {
      "label": "nose",
      "points": [
        [
          612.295081967213,
          378.6885245901639
        ]
      ],
      "group_id": 1,
      "description": "2",
      "shape_type": "point",
      "flags": {},
      "mask": null
    },
    {
      "label": "left_eye",
      "points": [
        [
          630.8108108108108,
          369.18918918918916
        ]
      ],
      "group_id": 1,
      "description": "2",
      "shape_type": "point",
      "flags": {},
      "mask": null
    },
    {
      "label": "right_eye",
      "points": [
        [
          607.5675675675675,
          367.02702702702703
        ]
      ],
      "group_id": 1,
      "description": "2",
      "shape_type": "point",
      "flags": {},
      "mask": null
    },
    {
      "label": "left_ear",
      "points": [
        [
          659.29203539823,
          378.7610619469026
        ]
      ],
      "group_id": 1,
      "description": "2",
      "shape_type": "point",
      "flags": {},
      "mask": null
    },
    {
      "label": "right_ear",
      "points": [
        [
          600.7246376811594,
          376.8115942028985
        ]
      ],
      "group_id": 1,
      "description": "0",
      "shape_type": "point",
      "flags": {},
      "mask": null
    },
    {
      "label": "left_shoulder",
      "points": [
        [
          678.9855072463768,
          411.5942028985507
        ]
      ],
      "group_id": 1,
      "description": "2",
      "shape_type": "point",
      "flags": {},
      "mask": null
    },
    {
      "label": "right_shoulder",
      "points": [
        [
          590.5797101449275,
          412.3188405797101
        ]
      ],
      "group_id": 1,
      "description": "1",
      "shape_type": "point",
      "flags": {},
      "mask": null
    },
    {
      "label": "left_elbow",
      "points": [
        [
          728.2608695652174,
          357.6086956521739
        ]
      ],
      "group_id": 1,
      "description": "0",
      "shape_type": "point",
      "flags": {},
      "mask": null
    },
    {
      "label": "right_elbow",
      "points": [
        [
          561.9565217391304,
          326.0869565217391
        ]
      ],
      "group_id": 1,
      "description": "1",
      "shape_type": "point",
      "flags": {},
      "mask": null
    },
    {
      "label": "left_wrist",
      "points": [
        [
          750.0,
          267.39130434782606
        ]
      ],
      "group_id": 1,
      "description": "2",
      "shape_type": "point",
      "flags": {},
      "mask": null
    },
    {
      "label": "right_wrist",
      "points": [
        [
          560.8695652173913,
          216.30434782608694
        ]
      ],
      "group_id": 1,
      "description": "2",
      "shape_type": "point",
      "flags": {},
      "mask": null
    },
    {
      "label": "left_hip",
      "points": [
        [
          686.0655737704918,
          637.7049180327868
        ]
      ],
      "group_id": 1,
      "description": "2",
      "shape_type": "point",
      "flags": {},
      "mask": null
    },
    {
      "label": "right_hip",
      "points": [
        [
          595.9016393442623,
          637.7049180327868
        ]
      ],
      "group_id": 1,
      "description": "2",
      "shape_type": "point",
      "flags": {},
      "mask": null
    },
    {
      "label": "left_knee",
      "points": [
        [
          689.344262295082,
          798.360655737705
        ]
      ],
      "group_id": 1,
      "description": "0",
      "shape_type": "point",
      "flags": {},
      "mask": null
    },
    {
      "label": "right_knee",
      "points": [
        [
          645.0980392156863,
          794.1176470588235
        ]
      ],
      "group_id": 1,
      "description": "2",
      "shape_type": "point",
      "flags": {},
      "mask": null
    },
    {
      "label": "left_ankle",
      "points": [
        [
          707.3770491803278,
          891.8032786885246
        ]
      ],
      "group_id": 1,
      "description": "1",
      "shape_type": "point",
      "flags": {},
      "mask": null
    },
    {
      "label": "right_ankle",
      "points": [
        [
          668.0327868852459,
          886.8852459016393
        ]
      ],
      "group_id": 1,
      "description": "0",
      "shape_type": "point",
      "flags": {},
      "mask": null
    },
    {
      "label": "left_heel",
      "points": [
        [
          727.5362318840579,
          931.8840579710144
        ]
      ],
      "group_id": 1,
      "description": "2",
      "shape_type": "point",
      "flags": {},
      "mask": null
    },
    {
      "label": "right_heel",
      "points": [
        [
          689.855072463768,
          915.2173913043478
        ]
      ],
      "group_id": 1,
      "description": "0",
      "shape_type": "point",
      "flags": {},
      "mask": null
    },
    {
      "label": "left_foot",
      "points": [
        [
          681.8840579710144,
          963.0434782608695
        ]
      ],
      "group_id": 1,
      "description": "1",
      "shape_type": "point",
      "flags": {},
      "mask": null
    },
    {
      "label": "right_foot",
      "points": [
        [
          650.0,
          939.8809523809524
        ]
      ],
      "group_id": 1,
      "description": "2",
      "shape_type": "point",
      "flags": {},
      "mask": null
    },
    {
      "label": "nose",
      "points": [
        [
          771.5686274509803,
          386.27450980392155
        ]
      ],
      "group_id": 2,
      "description": "2",
      "shape_type": "point",
      "flags": {},
      "mask": null
    },
    {
      "label": "left_eye",
      "points": [
        [
          785.7142857142858,
          375.59523809523813
        ]
      ],
      "group_id": 2,
      "description": "2",
      "shape_type": "point",
      "flags": {},
      "mask": null
    },
    {
      "label": "right_eye",
      "points": [
        [
          761.9047619047619,
          375.0
        ]
      ],
      "group_id": 2,
      "description": "2",
      "shape_type": "point",
      "flags": {},
      "mask": null
    },
    {
      "label": "left_ear",
      "points": [
        [
          794.047619047619,
          378.5714285714286
        ]
      ],
      "group_id": 2,
      "description": "1",
      "shape_type": "point",
      "flags": {},
      "mask": null
    },
    {
      "label": "right_ear",
      "points": [
        [
          741.0714285714286,
          379.1666666666667
        ]
      ],
      "group_id": 2,
      "description": "1",
      "shape_type": "point",
      "flags": {},
      "mask": null
    },
    {
      "label": "left_shoulder",
      "points": [
        [
          792.0,
          429.6
        ]
      ],
      "group_id": 2,
      "description": "2",
      "shape_type": "point",
      "flags": {},
      "mask": null
    },
    {
      "label": "right_shoulder",
      "points": [
        [
          724.8,
          437.6
        ]
      ],
      "group_id": 2,
      "description": "2",
      "shape_type": "point",
      "flags": {},
      "mask": null
    },
    {
      "label": "left_elbow",
      "points": [
        [
          816.6666666666666,
          535.2941176470588
        ]
      ],
      "group_id": 2,
      "description": "1",
      "shape_type": "point",
      "flags": {},
      "mask": null
    },
    {
      "label": "right_elbow",
      "points": [
        [
          699.0196078431372,
          536.2745098039215
        ]
      ],
      "group_id": 2,
      "description": "0",
      "shape_type": "point",
      "flags": {},
      "mask": null
    },
    {
      "label": "left_wrist",
      "points": [
        [
          817.6470588235294,
          618.6274509803922
        ]
      ],
      "group_id": 2,
      "description": "0",
      "shape_type": "point",
      "flags": {},
      "mask": null
    },
    {
      "label": "right_wrist",
      "points": [
        [
          688.2352941176471,
          620.5882352941177
        ]
      ],
      "group_id": 2,
      "description": "0",
      "shape_type": "point",
      "flags": {},
      "mask": null
    },
    {
      "label": "left_hip",
      "points": [
        [
          789.2156862745098,
          627.4509803921569
        ]
      ],
      "group_id": 2,
      "description": "2",
      "shape_type": "point",
      "flags": {},
      "mask": null
    },
    {
      "label": "right_hip",
      "points": [
        [
          740.1960784313725,
          626.4705882352941
        ]
      ],
      "group_id": 2,
      "description": "1",
      "shape_type": "point",
      "flags": {},
      "mask": null
    },
    {
      "label": "left_knee",
      "points": [
        [
          793.1372549019608,
          731.3725490196078
        ]
      ],
      "group_id": 2,
      "description": "2",
      "shape_type": "point",
      "flags": {},
      "mask": null
    },
    {
      "label": "right_knee",
      "points": [
        [
          742.156862745098,
          739.2156862745098
        ]
      ],
      "group_id": 2,
      "description": "2",
      "shape_type": "point",
      "flags": {},
      "mask": null
    },
    {
      "label": "left_ankle",
      "points": [
        [
          773.1884057971014,
          818.8405797101449
        ]
      ],
      "group_id": 2,
      "description": "2",
      "shape_type": "point",
      "flags": {},
      "mask": null
    },
    {
      "label": "right_ankle",
      "points": [
        [
          743.1372549019608,
          813.7254901960785
        ]
      ],
      "group_id": 2,
      "description": "0",
      "shape_type": "point",
      "flags": {},
      "mask": null
    },
    {
      "label": "left_heel",
      "points": [
        [
          763.7254901960785,
          842.156862745098
        ]
      ],
      "group_id": 2,
      "description": "1",
      "shape_type": "point",
      "flags": {},
      "mask": null
    },
    {
      "label": "right_heel",
      "points": [
        [
          722.1238938053096,
          841.5929203539822
        ]
      ],
      "group_id": 2,
      "description": "0",
      "shape_type": "point",
      "flags": {},
      "mask": null
    },
    {
      "label": "left_foot",
      "points": [
        [
          795.2380952380953,
          845.8333333333334
        ]
      ],
      "group_id": 2,
      "description": "2",
      "shape_type": "point",
      "flags": {},
      "mask": null
    },
    {
      "label": "right_foot",
      "points": [
        [
          745.8333333333334,
          857.7380952380953
        ]
      ],
      "group_id": 2,
      "description": "2",
      "shape_type": "point",
      "flags": {},
      "mask": null
    }
  ],
  "imagePath": "000000000060.jpg",
  "imageData": null,
  "imageHeight": 1200,
  "imageWidth": 1600
}