{
  "version": "5.9.1",
  "flags": {},
  "shapes": [
    {
      "label": "nose",
      "points": [
        [
          796.0,
          332.0
        ]
      ],
      "group_id": 1,
      "description": "2",
      "shape_type": "point",
      "flags": {},
      "mask": null
    },
    {
      "label": "left_eye",
      "points": [
        [
          807.6388888888889,
          318.05555555555554
        ]
      ],
      "group_id": 1,
      "description": "2",
      "shape_type": "point",
      "flags": {},
      "mask": null
    },
    {
      "label": "right_eye",
      "points": [
        [
          789.5833333333334,
          319.44444444444446
        ]
      ],
      "group_id": 1,
      "description": "1",
      "shape_type": "point",
      "flags": {},
      "mask": null
    },
    {
      "label": "left_ear",
      "points": [
        [
          845.1388888888889,
          322.22222222222223
        ]
      ],
      "group_id": 1,
      "description": "2",
      "shape_type": "point",
      "flags": {},
      "mask": null
    },
    {
      "label": "right_ear",
      "points": [
        [
          796.5277777777778,
          327.77777777777777
        ]
      ],
      "group_id": 1,
      "description": "0",
      "shape_type": "point",
      "flags": {},
      "mask": null
    },
    {
      "label": "left_shoulder",
      "points": [
        [
          860.4166666666667,
          368.05555555555554
        ]
      ],
      "group_id": 1,
      "description": "2",
      "shape_type": "point",
      "flags": {},
      "mask": null
    },
    {
      "label": "right_shoulder",
      "points": [
        [
          778.4722222222223,
          355.55555555555554
        ]
      ],
      "group_id": 1,
      "description": "2",
      "shape_type": "point",
      "flags": {},
      "mask": null
    },
    {
      "label": "left_elbow",
      "points": [
        [
          893.7500000000001,
          333.33333333333337
        ]
      ],
      "group_id": 1,
      "description": "2",
      "shape_type": "point",
      "flags": {},
      "mask": null
    },
    {
      "label": "right_elbow",
      "points": [
        [
          729.8611111111112,
          304.1666666666667
        ]
      ],
      "group_id": 1,
      "description": "2",
      "shape_type": "point",
      "flags": {},
      "mask": null
    },
    {
      "label": "left_wrist",
      "points": [
        [
          917.3611111111112,
          268.05555555555554
        ]
      ],
      "group_id": 1,
      "description": "2",
      "shape_type": "point",
      "flags": {},
      "mask": null
    },
    {
      "label": "right_wrist",
      "points": [
        [
          686.8055555555557,
          248.61111111111111
        ]
      ],
      "group_id": 1,
      "description": "2",
      "shape_type": "point",
      "flags": {},
      "mask": null
    },
    {
      "label": "left_hip",
      "points": [
        [
          842.3611111111112,
          556.9444444444445
        ]
      ],
      "group_id": 1,
      "description": "2",
      "shape_type": "point",
      "flags": {},
      "mask": null
    },
    {
      "label": "right_hip",
      "points": [
        [
          795.1388888888889,
          569.4444444444445
        ]
      ],
      "group_id": 1,
      "description": "1",
      "shape_type": "point",
      "flags": {},
      "mask": null
    },
    {
      "label": "left_knee",
      "points": [
        [
          861.8055555555557,
          658.3333333333334
        ]
      ],
      "group_id": 1,
      "description": "2",
      "shape_type": "point",
      "flags": {},
      "mask": null
    },
    {
      "label": "right_knee",
      "points": [
        [
          790.9722222222223,
          665.2777777777778
        ]
      ],
      "group_id": 1,
      "description": "1",
      "shape_type": "point",
      "flags": {},
      "mask": null
    },
    {
      "label": "left_ankle",
      "points": [
        [
          877.0833333333334,
          730.5555555555555
        ]
      ],
      "group_id": 1,
      "description": "2",
      "shape_type": "point",
      "flags": {},
      "mask": null
    },
    {
      "label": "right_ankle",
      "points": [
        [
          829.8611111111112,
          731.9444444444445
        ]
      ],
      "group_id": 1,
      "description": "2",
      "shape_type": "point",
      "flags": {},
      "mask": null
    },
    {
      "label": "left_heel",
      "points": [
        [
          888.1944444444446,
          736.1111111111111
        ]
      ],
      "group_id": 1,
      "description": "1",
      "shape_type": "point",
      "flags": {},
      "mask": null
    },
    {
      "label": "right_heel",
      "points": [
        [
          853.4722222222223,
          741.6666666666667
        ]
      ],
      "group_id": 1,
      "description": "2",
      "shape_type": "point",
      "flags": {},
      "mask": null
    },
    {
      "label": "left_foot",
      "points": [
        [
          871.5277777777778,
          761.1111111111112
        ]
      ],
      "group_id": 1,
      "description": "2",
      "shape_type": "point",
      "flags": {},
      "mask": null
    },
    {
      "label": "right_foot",
      "points": [
        [
          809.0277777777778,
          756.9444444444445
        ]
      ],
      "group_id": 1,
      "description": "2",
      "shape_type": "point",
      "flags": {},
      "mask": null
    },
    {
      "label": "nose",
      "points": [
        [
          673.3766233766233,
          400.0
        ]
      ],
      "group_id": 2,
      "description": "0",
      "shape_type": "point",
      "flags": {},
      "mask": null
    },
    {
      "label": "left_eye",
      "points": [
        [
          652.5974025974026,
          389.6103896103896
        ]
      ],
      "group_id": 2,
      "description": "0",
      "shape_type": "point",
      "flags": {},
      "mask": null
    },
    {
      "label": "right_eye",
      "points": [
        [
          690.2597402597403,
          381.8181818181818
        ]
      ],
      "group_id": 2,
      "description": "0",
      "shape_type": "point",
      "flags": {},
      "mask": null
    },
    {
      "label": "left_ear",
      "points": [
        [
          643.5064935064935,
          383.1168831168831
        ]
      ],
      "group_id": 2,
      "description": "0",
      "shape_type": "point",
      "flags": {},
      "mask": null
    },
    {
      "label": "right_ear",
      "points": [
        [
          678.5714285714286,
          385.7142857142857
        ]
      ],
      "group_id": 2,
      "description": "2",
      "shape_type": "point",
      "flags": {},
      "mask": null
    },
    {
      "label": "left_shoulder",
      "points": [
        [
          586.3636363636364,
          457.1428571428571
        ]
      ],
      "group_id": 2,
      "description": "2",
      "shape_type": "point",
      "flags": {},
      "mask": null
    },
    {
      "label": "right_shoulder",
      "points": [
        [
          685.0649350649351,
          475.3246753246753
        ]
      ],
      "group_id": 2,
      "description": "2",
      "shape_type": "point",
      "flags": {},
      "mask": null
    },
    {
      "label": "left_elbow",
      "points": [
        [
          564.2857142857142,
          558.4415584415584
        ]
      ],
      "group_id": 2,
      "description": "2",
      "shape_type": "point",
      "flags": {},
      "mask": null
    },
    {
      "label": "right_elbow",
      "points": [
        [
          751.2987012987013,
          546.7532467532467
        ]
      ],
      "group_id": 2,
      "description": "2",
      "shape_type": "point",
      "flags": {},
      "mask": null
    },
    {
      "label": "left_wrist",
      "points": [
        [
          542.2077922077922,
          644.1558441558442
        ]
      ],
      "group_id": 2,
      "description": "1",
      "shape_type": "point",
      "flags": {},
      "mask": null
    },
    {
      "label": "right_wrist",
      "points": [
        [
          826.6233766233765,
          525.974025974026
        ]
      ],
      "group_id": 2,
      "description": "2",
      "shape_type": "point",
      "flags": {},
      "mask": null
    },
    {
      "label": "left_hip",
      "points": [
        [
          560.3896103896104,
          642.8571428571429
        ]
      ],
      "group_id": 2,
      "description": "2",
      "shape_type": "point",
      "flags": {},
      "mask": null
    },
    {
      "label": "right_hip",
      "points": [
        [
          626.6233766233767,
          654.5454545454545
        ]
      ],
      "group_id": 2,
      "description": "2",
      "shape_type": "point",
      "flags": {},
      "mask": null
    },
    {
      "label": "left_knee",
      "points": [
        [
          559.7402597402597,
          735.0649350649351
        ]
      ],
      "group_id": 2,
      "description": "2",
      "shape_type": "point",
      "flags": {},
      "mask": null
    },
    {
      "label": "right_knee",
      "points": [
        [
          624.6753246753246,
          767.5324675324675
        ]
      ],
      "group_id": 2,
      "description": "1",
      "shape_type": "point",
      "flags": {},
      "mask": null
    },
    {
      "label": "left_ankle",
      "points": [
        [
          549.1666666666667,
          806.6666666666667
        ]
      ],
      "group_id": 2,
      "description": "1",
      "shape_type": "point",
      "flags": {},
      "mask": null
    },
    {
      "label": "right_ankle",
      "points": [
        [
          629.1666666666667,
          868.3333333333334
        ]
      ],
      "group_id": 2,
      "description": "1",
      "shape_type": "point",
      "flags": {},
      "mask": null
    },
    {
      "label": "left_heel",
      "points": [
        [
          529.1666666666667,
          838.3333333333334
        ]
      ],
      "group_id": 2,
      "description": "1",
      "shape_type": "point",
      "flags": {},
      "mask": null
    },
    {
      "label": "right_heel",
      "points": [
        [
          617.5,
          903.3333333333334
        ]
      ],
      "group_id": 2,
      "description": "1",
      "shape_type": "point",
      "flags": {},
      "mask": null
    },
    {
      "label": "left_foot",
      "points": [
        [
          580.8333333333334,
          845.0000000000001
        ]
      ],
      "group_id": 2,
      "description": "2",
      "shape_type": "point",
      "flags": {},
      "mask": null
    },
    {
      "label": "right_foot",
      "points": [
        [
          669.1666666666667,
          890.0000000000001
        ]
      ],
      "group_id": 2,
      "description": "2",
      "shape_type": "point",
      "flags": {},
      "mask": null
    }
  ],
  "imagePath": "000000001692.jpg",
  "imageData": null,
  "imageHeight": 1200,
  "imageWidth": 1600
}