{
  "version": "5.2.1",
  "flags": {},
  "shapes": [
    {
      "mask": null,
      "label": "nose",
      "points": [
        [
          917.6470588235294,
          318.62745098039215
        ]
      ],
      "group_id": 1,
      "description": "2",
      "shape_type": "point",
      "flags": {}
    },
    {
      "label": "left_eye",
      "points": [
        [
          930.4964539007093,
          306.02836879432624
        ]
      ],
      "group_id": 1,
      "description": "2",
      "shape_type": "point",
      "flags": {}
    },
    {
      "label": "right_eye",
      "points": [
        [
          906.7375886524824,
          303.19148936170217
        ]
      ],
      "group_id": 1,
      "description": "2",
      "shape_type": "point",
      "flags": {}
    },
    {
      "label": "left_ear",
      "points": [
        [
          966.6666666666667,
          293.97163120567376
        ]
      ],
      "group_id": 1,
      "description": "2",
      "shape_type": "point",
      "flags": {}
    },
    {
      "label": "right_ear",
      "points": [
        [
          916.8421052631578,
          293.6842105263158
        ]
      ],
      "group_id": 1,
      "description": "0",
      "shape_type": "point",
      "flags": {}
    },
    {
      "label": "left_shoulder",
      "points": [
        [
          1017.8947368421052,
          366.84210526315786
        ]
      ],
      "group_id": 1,
      "description": "2",
      "shape_type": "point",
      "flags": {}
    },
    {
      "label": "right_shoulder",
      "points": [
        [
          894.7368421052631,
          347.36842105263156
        ]
      ],
      "group_id": 1,
      "description": "2",
      "shape_type": "point",
      "flags": {}
    },
    {
      "label": "left_elbow",
      "points": [
        [
          1032.6315789473683,
          466.31578947368416
        ]
      ],
      "group_id": 1,
      "description": "2",
      "shape_type": "point",
      "flags": {}
    },
    {
      "label": "right_elbow",
      "points": [
        [
          886.3157894736842,
          454.2105263157894
        ]
      ],
      "group_id": 1,
      "description": "2",
      "shape_type": "point",
      "flags": {}
    },
    {
      "label": "left_wrist",
      "points": [
        [
          1028.421052631579,
          552.6315789473684
        ]
      ],
      "group_id": 1,
      "description": "2",
      "shape_type": "point",
      "flags": {}
    },
    {
      "label": "right_wrist",
      "points": [
        [
          872.1052631578947,
          526.8421052631578
        ]
      ],
      "group_id": 1,
      "description": "1",
      "shape_type": "point",
      "flags": {}
    },
    {
      "label": "left_hip",
      "points": [
        [
          994.7368421052631,
          511.57894736842104
        ]
      ],
      "group_id": 1,
      "description": "2",
      "shape_type": "point",
      "flags": {}
    },
    {
      "label": "right_hip",
      "points": [
        [
          901.2820512820513,
          500.0
        ]
      ],
      "group_id": 1,
      "description": "2",
      "shape_type": "point",
      "flags": {}
    },
    {
      "label": "left_knee",
      "points": [
        [
          917.9487179487178,
          633.3333333333334
        ]
      ],
      "group_id": 1,
      "description": "1",
      "shape_type": "point",
      "flags": {}
    },
    {
      "label": "right_knee",
      "points": [
        [
          867.9487179487178,
          608.974358974359
        ]
      ],
      "group_id": 1,
      "description": "2",
      "shape_type": "point",
      "flags": {}
    },
    {
      "label": "left_ankle",
      "points": [
        [
          855.1282051282051,
          758.974358974359
        ]
      ],
      "group_id": 1,
      "description": "2",
      "shape_type": "point",
      "flags": {}
    },
    {
      "label": "right_ankle",
      "points": [
        [
          807.6923076923076,
          735.8974358974359
        ]
      ],
      "group_id": 1,
      "description": "2",
      "shape_type": "point",
      "flags": {}
    },
    {
      "label": "left_heel",
      "points": [
        [
          848.8372093023256,
          795.9302325581396
        ]
      ],
      "group_id": 1,
      "description": "2",
      "shape_type": "point",
      "flags": {}
    },
    {
      "label": "right_heel",
      "points": [
        [
          809.3023255813954,
          770.9302325581396
        ]
      ],
      "group_id": 1,
      "description": "1",
      "shape_type": "point",
      "flags": {}
    },
    {
      "label": "left_foot",
      "points": [
        [
          823.2558139534884,
          777.3255813953489
        ]
      ],
      "group_id": 1,
      "description": "2",
      "shape_type": "point",
      "flags": {}
    },
    {
      "label": "right_foot",
      "points": [
        [
          779.0697674418604,
          768.6046511627907
        ]
      ],
      "group_id": 1,
      "description": "2",
      "shape_type": "point",
      "flags": {}
    },
    {
      "label": "nose",
      "points": [
        [
          828.125,
          375.0
        ]
      ],
      "group_id": 2,
      "description": "2",
      "shape_type": "point",
      "flags": {}
    },
    {
      "label": "left_eye",
      "points": [
        [
          833.984375,
          365.234375
        ]
      ],
      "group_id": 2,
      "description": "2",
      "shape_type": "point",
      "flags": {}
    },
    {
      "label": "right_eye",
      "points": [
        [
          817.578125,
          363.671875
        ]
      ],
      "group_id": 2,
      "description": "2",
      "shape_type": "point",
      "flags": {}
    },
    {
      "label": "left_ear",
      "points": [
        [
          810.15625,
          358.984375
        ]
      ],
      "group_id": 2,
      "description": "0",
      "shape_type": "point",
      "flags": {}
    },
    {
      "label": "right_ear",
      "points": [
        [
          781.25,
          364.453125
        ]
      ],
      "group_id": 2,
      "description": "2",
      "shape_type": "point",
      "flags": {}
    },
    {
      "label": "left_shoulder",
      "points": [
        [
          835.7758620689655,
          416.8103448275862
        ]
      ],
      "group_id": 2,
      "description": "2",
      "shape_type": "point",
      "flags": {}
    },
    {
      "label": "right_shoulder",
      "points": [
        [
          771.5517241379309,
          440.948275862069
        ]
      ],
      "group_id": 2,
      "description": "2",
      "shape_type": "point",
      "flags": {}
    },
    {
      "label": "left_elbow",
      "points": [
        [
          878.448275862069,
          500.00000000000006
        ]
      ],
      "group_id": 2,
      "description": "0",
      "shape_type": "point",
      "flags": {}
    },
    {
      "label": "right_elbow",
      "points": [
        [
          784.0517241379309,
          543.9655172413793
        ]
      ],
      "group_id": 2,
      "description": "2",
      "shape_type": "point",
      "flags": {}
    },
    {
      "label": "left_wrist",
      "points": [
        [
          911.6379310344827,
          475.86206896551727
        ]
      ],
      "group_id": 2,
      "description": "0",
      "shape_type": "point",
      "flags": {}
    },
    {
      "label": "right_wrist",
      "points": [
        [
          858.6206896551723,
          499.1379310344828
        ]
      ],
      "group_id": 2,
      "description": "2",
      "shape_type": "point",
      "flags": {}
    },
    {
      "label": "left_hip",
      "points": [
        [
          837.9310344827586,
          599.1379310344828
        ]
      ],
      "group_id": 2,
      "description": "2",
      "shape_type": "point",
      "flags": {}
    },
    {
      "label": "right_hip",
      "points": [
        [
          793.5897435897435,
          608.974358974359
        ]
      ],
      "group_id": 2,
      "description": "2",
      "shape_type": "point",
      "flags": {}
    },
    {
      "label": "left_knee",
      "points": [
        [
          835.8974358974358,
          717.9487179487179
        ]
      ],
      "group_id": 2,
      "description": "0",
      "shape_type": "point",
      "flags": {}
    },
    {
      "label": "right_knee",
      "points": [
        [
          798.7179487179486,
          746.1538461538462
        ]
      ],
      "group_id": 2,
      "description": "1",
      "shape_type": "point",
      "flags": {}
    },
    {
      "label": "left_ankle",
      "points": [
        [
          808.4210526315788,
          832.1052631578947
        ]
      ],
      "group_id": 2,
      "description": "2",
      "shape_type": "point",
      "flags": {}
    },
    {
      "label": "right_ankle",
      "points": [
        [
          774.7368421052631,
          868.9473684210526
        ]
      ],
      "group_id": 2,
      "description": "2",
      "shape_type": "point",
      "flags": {}
    },
    {
      "label": "left_heel",
      "points": [
        [
          801.0526315789473,
          848.9473684210526
        ]
      ],
      "group_id": 2,
      "description": "2",
      "shape_type": "point",
      "flags": {}
    },
    {
      "label": "right_heel",
      "points": [
        [
          767.3684210526316,
          881.578947368421
        ]
      ],
      "group_id": 2,
      "description": "2",
      "shape_type": "point",
      "flags": {}
    },
    {
      "label": "left_foot",
      "points": [
        [
          826.3157894736842,
          848.9473684210526
        ]
      ],
      "group_id": 2,
      "description": "2",
      "shape_type": "point",
      "flags": {}
    },
    {
      "label": "right_foot",
      "points": [
        [
          791.0526315789473,
          886.3157894736842
        ]
      ],
      "group_id": 2,
      "description": "2",
      "shape_type": "point",
      "flags": {}
    }
  ],
  "imagePath": "000000000713.jpg",
  "imageData": null,
  "imageHeight": 1200,
  "imageWidth": 1600
}