{
  "categories": [
    {
      "supercategory": "person",
      "id": 1,
      "name": "person",
      "keypoints": [
        "nose",
        "left_eye",
        "right_eye",
        "left_ear",
        "right_ear",
        "left_shoulder",
        "right_shoulder",
        "left_elbow",
        "right_elbow",
        "left_wrist",
        "right_wrist",
        "left_hip",
        "right_hip",
        "left_knee",
        "right_knee",
        "left_ankle",
        "right_ankle",
        "left_heel",
        "right_heel",
        "left_foot",
        "right_foot"
      ],
      "skeleton": [
        [
          1,
          2
        ],
        [
          0,
          1
        ],
        [
          0,
          2
        ],
        [
          1,
          3
        ],
        [
          2,
          4
        ],
        [
          5,
          6
        ],
        [
          5,
          7
        ],
        [
          7,
          9
        ],
        [
          6,
          8
        ],
        [
          8,
          10
        ],
        [
          5,
          11
        ],
        [
          6,
          12
        ],
        [
          11,
          12
        ],
        [
          11,
          13
        ],
        [
          13,
          15
        ],
        [
          12,
          14
        ],
        [
          14,
          16
        ],
        [
          16,
          18
        ],
        [
          16,
          20
        ],
        [
          20,
          18
        ],
        [
          15,
          17
        ],
        [
          15,
          19
        ],
        [
          19,
          17
        ]
      ]
    }
  ],
  "images": [
    {
      "file_name": "000000001365.jpg",
      "height": 1200,
      "width": 1600,
      "id": 0
    }
  ],
  "annotations": [
    {
      "category_id": 1,
      "image_id": 0,
      "id": 0,
      "bbox": [
        857.643537414966,
        225.03570357035701,
        204.27755102040828,
        623.92799279928
      ],
      "area": 127454.48238211585,
      "keypoints": [
        907.1895424836601,
        308.9324618736384,
        2,
        916.8463611859838,
        296.22641509433964,
        2,
        892.6732673267327,
        296.23762376237624,
        2,
        945.940594059406,
        277.029702970297,
        2,
        893.9393939393939,
        280.0,
        0,
        990.3030303030303,
        326.66666666666663,
        2,
        877.5757575757575,
        324.2424242424242,
        2,
        1031.5151515151515,
        455.7575757575757,
        2,
        891.8367346938776,
        458.1632653061224,
        2,
        1044.8979591836735,
        537.7551020408163,
        2,
        874.6666666666666,
        530.6666666666666,
        2,
        1003.2467532467532,
        568.8311688311688,
        2,
        908.4415584415584,
        561.038961038961,
        2,
        979.87012987013,
        677.922077922078,
        2,
        953.8961038961039,
        676.6233766233767,
        2,
        1022.077922077922,
        754.5454545454545,
        2,
        994.8051948051948,
        753.2467532467532,
        2,
        1037.6623376623377,
        758.4415584415584,
        2,
        993.1818181818181,
        774.2424242424242,
        2,
        1032.5757575757575,
        796.969696969697,
        2,
        984.0909090909091,
        795.4545454545455,
        2
      ],
      "num_keypoints": 20,
      "iscrowd": 0,
      "segmentation": []
    },
    {
      "category_id": 1,
      "image_id": 0,
      "id": 1,
      "bbox": [
        652.9333333333333,
        323.0666666666667,
        236.79999999999995,
        650.4727272727273
      ],
      "area": 154031.9418181818,
      "keypoints": [
        759.0909090909091,
        392.2077922077922,
        2,
        755.3030303030304,
        377.2727272727273,
        1,
        743.0976430976431,
        377.4410774410774,
        2,
        719.6296296296296,
        363.3333333333333,
        0,
        706.2962962962963,
        379.6296296296296,
        2,
        770.204081632653,
        430.204081632653,
        2,
        702.2727272727273,
        443.93939393939394,
        2,
        843.939393939394,
        457.57575757575756,
        1,
        772.7272727272727,
        489.3939393939394,
        2,
        869.9999999999999,
        451.3333333333333,
        1,
        855.3333333333333,
        435.3333333333333,
        1,
        744.6666666666666,
        627.3333333333334,
        2,
        711.3333333333333,
        628.6666666666666,
        2,
        755.3333333333333,
        739.3333333333334,
        2,
        726.0,
        764.6666666666666,
        2,
        732.6666666666666,
        846.0,
        2,
        692.6666666666666,
        879.3333333333334,
        2,
        704.6666666666666,
        866.0,
        2,
        672.6666666666666,
        896.6666666666666,
        2,
        787.3333333333333,
        858.0,
        2,
        739.3333333333333,
        919.3333333333334,
        2
      ],
      "num_keypoints": 20,
      "iscrowd": 0,
      "segmentation": []
    }
  ]
}