{
  "categories": [
    {
      "supercategory": "person",
      "id": 1,
      "name": "person",
      "keypoints": [
        "nose",
        "left_eye",
        "right_eye",
        "left_ear",
        "right_ear",
        "left_shoulder",
        "right_shoulder",
        "left_elbow",
        "right_elbow",
        "left_wrist",
        "right_wrist",
        "left_hip",
        "right_hip",
        "left_knee",
        "right_knee",
        "left_ankle",
        "right_ankle",
        "left_heel",
        "right_heel",
        "left_foot",
        "right_foot"
      ],
      "skeleton": [
        [
          1,
          2
        ],
        [
          0,
          1
        ],
        [
          0,
          2
        ],
        [
          1,
          3
        ],
        [
          2,
          4
        ],
        [
          5,
          6
        ],
        [
          5,
          7
        ],
        [
          7,
          9
        ],
        [
          6,
          8
        ],
        [
          8,
          10
        ],
        [
          5,
          11
        ],
        [
          6,
          12
        ],
        [
          11,
          12
        ],
        [
          11,
          13
        ],
        [
          13,
          15
        ],
        [
          12,
          14
        ],
        [
          14,
          16
        ],
        [
          16,
          18
        ],
        [
          16,
          20
        ],
        [
          20,
          18
        ],
        [
          15,
          17
        ],
        [
          15,
          19
        ],
        [
          19,
          17
        ]
      ]
    }
  ],
  "images": [
    {
      "file_name": "000000000706.jpg",
      "height": 1200,
      "width": 1600,
      "id": 0
    }
  ],
  "annotations": [
    {
      "category_id": 1,
      "image_id": 0,
      "id": 0,
      "bbox": [
        840.0363372093024,
        246.32118758434544,
        307.06395348837225,
        366.251012145749
      ],
      "area": 112462.48375859152,
      "keypoints": [
        897.0588235294117,
        289.2156862745098,
        2,
        916.3157894736842,
        279.4736842105263,
        2,
        892.6315789473683,
        276.84210526315786,
        2,
        955.7894736842104,
        287.89473684210526,
        2,
        909.1346153846154,
        285.33653846153845,
        0,
        996.1538461538461,
        369.2307692307692,
        2,
        865.625,
        356.25,
        2,
        1012.0192307692307,
        476.4423076923077,
        2,
        870.6730769230769,
        465.1442307692308,
        2,
        1025.2403846153845,
        559.6153846153846,
        2,
        875.0,
        529.3269230769231,
        2,
        1013.9423076923076,
        519.4711538461538,
        1,
        933.3333333333333,
        520.5128205128206,
        2,
        1061.5384615384614,
        560.2564102564103,
        1,
        1028.2051282051282,
        582.051282051282,
        1,
        1106.4102564102564,
        534.6153846153846,
        1,
        1070.5128205128203,
        535.8974358974359,
        1,
        1108.139534883721,
        513.953488372093,
        2,
        1073.8372093023256,
        517.4418604651163,
        1,
        1121.5116279069769,
        548.8372093023256,
        2,
        1091.860465116279,
        569.1860465116279,
        2
      ],
      "num_keypoints": 20,
      "iscrowd": 0,
      "segmentation": []
    },
    {
      "category_id": 1,
      "image_id": 0,
      "id": 1,
      "bbox": [
        752.5263157894736,
        309.25904605263156,
        108.63157894736844,
        629.516447368421
      ],
      "area": 68385.36565096954,
      "keypoints": [
        817.1875,
        372.265625,
        2,
        822.265625,
        361.71875,
        2,
        805.46875,
        362.890625,
        2,
        811.71875,
        362.5,
        0,
        768.75,
        365.234375,
        2,
        836.8421052631578,
        413.1578947368421,
        2,
        761.578947368421,
        440.52631578947364,
        2,
        886.8421052631578,
        483.1578947368421,
        0,
        779.4736842105262,
        550.5263157894736,
        2,
        905.7894736842104,
        459.99999999999994,
        0,
        852.1052631578947,
        509.4736842105263,
        2,
        838.4210526315788,
        602.6315789473683,
        2,
        798.7179487179486,
        611.5384615384615,
        2,
        826.9230769230769,
        735.8974358974359,
        2,
        788.4615384615383,
        751.2820512820513,
        2,
        807.3684210526316,
        833.6842105263157,
        2,
        773.6842105263157,
        867.8947368421052,
        2,
        806.3157894736842,
        850.5263157894736,
        2,
        766.3157894736842,
        879.4736842105262,
        2,
        830.5263157894736,
        853.1578947368421,
        2,
        787.8947368421052,
        886.3157894736842,
        2
      ],
      "num_keypoints": 18,
      "iscrowd": 0,
      "segmentation": []
    }
  ]
}