{
  "categories": [
    {
      "supercategory": "person",
      "id": 1,
      "name": "person",
      "keypoints": [
        "nose",
        "left_eye",
        "right_eye",
        "left_ear",
        "right_ear",
        "left_shoulder",
        "right_shoulder",
        "left_elbow",
        "right_elbow",
        "left_wrist",
        "right_wrist",
        "left_hip",
        "right_hip",
        "left_knee",
        "right_knee",
        "left_ankle",
        "right_ankle",
        "left_heel",
        "right_heel",
        "left_foot",
        "right_foot"
      ],
      "skeleton": [
        [
          1,
          2
        ],
        [
          0,
          1
        ],
        [
          0,
          2
        ],
        [
          1,
          3
        ],
        [
          2,
          4
        ],
        [
          5,
          6
        ],
        [
          5,
          7
        ],
        [
          7,
          9
        ],
        [
          6,
          8
        ],
        [
          8,
          10
        ],
        [
          5,
          11
        ],
        [
          6,
          12
        ],
        [
          11,
          12
        ],
        [
          11,
          13
        ],
        [
          13,
          15
        ],
        [
          12,
          14
        ],
        [
          14,
          16
        ],
        [
          16,
          18
        ],
        [
          16,
          20
        ],
        [
          20,
          18
        ],
        [
          15,
          17
        ],
        [
          15,
          19
        ],
        [
          19,
          17
        ]
      ]
    }
  ],
  "images": [
    {
      "file_name": "000000001847.jpg",
      "height": 1200,
      "width": 1600,
      "id": 0
    }
  ],
  "annotations": [
    {
      "category_id": 1,
      "image_id": 0,
      "id": 0,
      "bbox": [
        687.9166666666667,
        261.28246753246754,
        270.0000000000001,
        614.6103896103896
      ],
      "area": 165944.80519480526,
      "keypoints": [
        810.0,
        390.0,
        2,
        825.6944444444446,
        384.72222222222223,
        2,
        800.6944444444446,
        377.77777777777777,
        2,
        849.3055555555557,
        393.05555555555554,
        2,
        790.9722222222223,
        380.55555555555554,
        0,
        860.4166666666667,
        441.6666666666667,
        2,
        771.5277777777778,
        415.27777777777777,
        2,
        896.5277777777778,
        423.61111111111114,
        2,
        752.0833333333334,
        377.77777777777777,
        2,
        935.4166666666669,
        372.22222222222223,
        2,
        710.4166666666667,
        312.5,
        1,
        835.4166666666667,
        588.8888888888889,
        2,
        792.3611111111112,
        597.2222222222223,
        1,
        849.3055555555557,
        711.1111111111111,
        2,
        796.5277777777778,
        716.6666666666667,
        1,
        859.0277777777778,
        791.6666666666667,
        2,
        815.9722222222223,
        795.8333333333334,
        2,
        875.974025974026,
        818.1818181818181,
        1,
        825.3246753246754,
        805.1948051948052,
        1,
        855.1948051948052,
        820.7792207792207,
        2,
        804.5454545454545,
        824.6753246753246,
        2
      ],
      "num_keypoints": 20,
      "iscrowd": 0,
      "segmentation": []
    },
    {
      "category_id": 1,
      "image_id": 0,
      "id": 1,
      "bbox": [
        416.1038961038961,
        349.6190476190476,
        204.15584415584408,
        760.4155844155845
      ],
      "area": 155243.28554562316,
      "keypoints": [
        475.97402597402595,
        429.87012987012986,
        0,
        456.49350649350646,
        415.5844155844156,
        0,
        500.6493506493506,
        397.4025974025974,
        0,
        450.0,
        418.1818181818182,
        0,
        490.2597402597403,
        412.987012987013,
        2,
        433.1168831168831,
        498.7012987012987,
        1,
        530.5194805194805,
        507.79220779220776,
        2,
        514.9350649350649,
        580.5194805194805,
        0,
        603.2467532467532,
        576.6233766233767,
        2,
        552.5974025974026,
        498.7012987012987,
        1,
        582.4675324675325,
        493.5064935064935,
        2,
        465.5844155844155,
        736.3636363636364,
        2,
        529.2207792207791,
        737.6623376623377,
        2,
        485.71428571428567,
        876.6233766233767,
        2,
        541.5584415584415,
        872.7272727272727,
        2,
        504.16666666666674,
        998.3333333333334,
        2,
        545.8333333333334,
        1025.0,
        2,
        502.5,
        1035.0,
        2,
        539.1666666666667,
        1046.6666666666667,
        2,
        534.1666666666667,
        995.0000000000001,
        1,
        589.1666666666667,
        1015.0000000000001,
        2
      ],
      "num_keypoints": 16,
      "iscrowd": 0,
      "segmentation": []
    }
  ]
}