{
  "categories": [
    {
      "supercategory": "person",
      "id": 1,
      "name": "person",
      "keypoints": [
        "nose",
        "left_eye",
        "right_eye",
        "left_ear",
        "right_ear",
        "left_shoulder",
        "right_shoulder",
        "left_elbow",
        "right_elbow",
        "left_wrist",
        "right_wrist",
        "left_hip",
        "right_hip",
        "left_knee",
        "right_knee",
        "left_ankle",
        "right_ankle",
        "left_heel",
        "right_heel",
        "left_foot",
        "right_foot"
      ],
      "skeleton": [
        [
          1,
          2
        ],
        [
          0,
          1
        ],
        [
          0,
          2
        ],
        [
          1,
          3
        ],
        [
          2,
          4
        ],
        [
          5,
          6
        ],
        [
          5,
          7
        ],
        [
          7,
          9
        ],
        [
          6,
          8
        ],
        [
          8,
          10
        ],
        [
          5,
          11
        ],
        [
          6,
          12
        ],
        [
          11,
          12
        ],
        [
          11,
          13
        ],
        [
          13,
          15
        ],
        [
          12,
          14
        ],
        [
          14,
          16
        ],
        [
          16,
          18
        ],
        [
          16,
          20
        ],
        [
          20,
          18
        ],
        [
          15,
          17
        ],
        [
          15,
          19
        ],
        [
          19,
          17
        ]
      ]
    }
  ],
  "images": [
    {
      "file_name": "000000000873.jpg",
      "height": 1200,
      "width": 1600,
      "id": 0
    }
  ],
  "annotations": [
    {
      "category_id": 1,
      "image_id": 0,
      "id": 0,
      "bbox": [
        913.3157894736842,
        193.60688956433637,
        193.8947368421052,
        604.3768996960487
      ],
      "area": 117185.49992001276,
      "keypoints": [
        971.311475409836,
        277.04918032786884,
        2,
        982.9787234042553,
        267.73049645390074,
        2,
        959.5744680851064,
        269.5035460992908,
        2,
        1012.4113475177305,
        243.97163120567376,
        2,
        955.7894736842104,
        247.36842105263156,
        0,
        1066.3157894736842,
        303.1578947368421,
        2,
        934.2105263157894,
        294.2105263157895,
        2,
        1091.0526315789473,
        428.4210526315789,
        2,
        933.1578947368421,
        389.4736842105263,
        2,
        1084.2105263157894,
        507.8947368421052,
        2,
        929.4736842105262,
        481.57894736842104,
        2,
        1058.9473684210525,
        474.2105263157894,
        2,
        989.7435897435896,
        470.5128205128205,
        2,
        1042.3076923076922,
        602.5641025641025,
        2,
        1006.4102564102564,
        602.5641025641025,
        2,
        1048.7179487179487,
        701.2820512820513,
        2,
        1026.923076923077,
        692.3076923076923,
        2,
        1068.5714285714284,
        711.4285714285714,
        2,
        1035.2380952380952,
        706.6666666666666,
        1,
        1040.952380952381,
        747.6190476190476,
        2,
        1007.6190476190476,
        740.0,
        2
      ],
      "num_keypoints": 20,
      "iscrowd": 0,
      "segmentation": []
    },
    {
      "category_id": 1,
      "image_id": 0,
      "id": 1,
      "bbox": [
        713.0732194767442,
        318.3984375,
        213.4338662790699,
        590.15625
      ],
      "area": 125959.33014625734,
      "keypoints": [
        792.1875,
        380.46875,
        2,
        794.921875,
        367.578125,
        2,
        782.421875,
        370.3125,
        2,
        774.21875,
        373.046875,
        0,
        748.046875,
        371.484375,
        2,
        804.0697674418604,
        420.93023255813955,
        2,
        735.4651162790698,
        437.7906976744186,
        2,
        872.0930232558139,
        432.5581395348837,
        1,
        780.232558139535,
        488.95348837209303,
        2,
        908.7209302325582,
        401.74418604651163,
        1,
        862.2093023255815,
        445.93023255813955,
        2,
        821.1538461538461,
        589.7435897435897,
        2,
        780.1282051282051,
        598.7179487179487,
        2,
        809.6153846153846,
        705.1282051282051,
        2,
        775.6410256410256,
        728.2051282051282,
        2,
        787.5,
        819.140625,
        2,
        735.9375,
        836.71875,
        2,
        777.34375,
        836.71875,
        2,
        730.859375,
        851.5625,
        2,
        807.421875,
        833.59375,
        2,
        758.203125,
        859.375,
        2
      ],
      "num_keypoints": 20,
      "iscrowd": 0,
      "segmentation": []
    }
  ]
}