{
  "categories": [
    {
      "supercategory": "person",
      "id": 1,
      "name": "person",
      "keypoints": [
        "nose",
        "left_eye",
        "right_eye",
        "left_ear",
        "right_ear",
        "left_shoulder",
        "right_shoulder",
        "left_elbow",
        "right_elbow",
        "left_wrist",
        "right_wrist",
        "left_hip",
        "right_hip",
        "left_knee",
        "right_knee",
        "left_ankle",
        "right_ankle",
        "left_heel",
        "right_heel",
        "left_foot",
        "right_foot"
      ],
      "skeleton": [
        [
          1,
          2
        ],
        [
          0,
          1
        ],
        [
          0,
          2
        ],
        [
          1,
          3
        ],
        [
          2,
          4
        ],
        [
          5,
          6
        ],
        [
          5,
          7
        ],
        [
          7,
          9
        ],
        [
          6,
          8
        ],
        [
          8,
          10
        ],
        [
          5,
          11
        ],
        [
          6,
          12
        ],
        [
          11,
          12
        ],
        [
          11,
          13
        ],
        [
          13,
          15
        ],
        [
          12,
          14
        ],
        [
          14,
          16
        ],
        [
          16,
          18
        ],
        [
          16,
          20
        ],
        [
          20,
          18
        ],
        [
          15,
          17
        ],
        [
          15,
          19
        ],
        [
          19,
          17
        ]
      ]
    }
  ],
  "images": [
    {
      "file_name": "000000001444.jpg",
      "height": 1200,
      "width": 1600,
      "id": 0
    }
  ],
  "annotations": [
    {
      "category_id": 1,
      "image_id": 0,
      "id": 0,
      "bbox": [
        800.5563903980274,
        315.27574321413186,
        198.06265171656446,
        265.9801809564843
      ],
      "area": 52680.73994429294,
      "keypoints": [
        830.5929919137467,
        366.4420485175202,
        0,
        840.9703504043126,
        353.77358490566036,
        1,
        817.0616113744077,
        363.0331753554503,
        1,
        861.1374407582939,
        337.4407582938389,
        1,
        799.1869918699188,
        330.8943089430894,
        0,
        911.3821138211382,
        339.0243902439024,
        2,
        799.1869918699188,
        306.5040650406504,
        0,
        982.1138211382114,
        405.6910569105691,
        2,
        846.9387755102042,
        435.71428571428567,
        2,
        955.3333333333334,
        504.0,
        2,
        885.064935064935,
        502.5974025974026,
        2,
        940.9090909090909,
        436.3636363636364,
        2,
        865.5844155844155,
        432.46753246753246,
        2,
        905.8441558441558,
        489.6103896103896,
        2,
        874.6753246753248,
        468.83116883116884,
        0,
        928.0701754385964,
        521.0526315789474,
        1,
        884.2105263157894,
        524.5614035087721,
        0,
        927.1929824561405,
        538.5964912280701,
        0,
        899.2424242424241,
        530.3030303030303,
        1,
        915.9090909090909,
        559.0909090909091,
        2,
        868.9393939393939,
        553.030303030303,
        2
      ],
      "num_keypoints": 15,
      "iscrowd": 0,
      "segmentation": []
    },
    {
      "category_id": 1,
      "image_id": 0,
      "id": 1,
      "bbox": [
        539.7333333333332,
        311.5333333333333,
        283.20000000000005,
        661.6
      ],
      "area": 187365.12000000002,
      "keypoints": [
        708.4415584415584,
        380.5194805194805,
        1,
        714.8648648648648,
        368.018018018018,
        1,
        707.6576576576576,
        366.66666666666663,
        2,
        652.2727272727273,
        348.4848484848485,
        0,
        670.4545454545454,
        366.6666666666667,
        2,
        670.4545454545454,
        425.75757575757575,
        2,
        655.3030303030303,
        460.6060606060606,
        2,
        704.5454545454545,
        562.1212121212121,
        0,
        775.7575757575758,
        492.42424242424244,
        2,
        739.3333333333333,
        570.0,
        1,
        799.3333333333333,
        428.6666666666667,
        2,
        687.3333333333333,
        636.6666666666666,
        2,
        668.6666666666666,
        643.3333333333334,
        1,
        734.0,
        750.0,
        2,
        712.6666666666666,
        752.6666666666666,
        2,
        608.6666666666666,
        824.6666666666666,
        2,
        708.6666666666666,
        859.3333333333334,
        2,
        563.3333333333333,
        822.0,
        2,
        694.0,
        879.3333333333334,
        2,
        611.3333333333333,
        884.6666666666666,
        2,
        755.3333333333333,
        918.0,
        2
      ],
      "num_keypoints": 19,
      "iscrowd": 0,
      "segmentation": []
    }
  ]
}