{
  "categories": [
    {
      "supercategory": "person",
      "id": 1,
      "name": "person",
      "keypoints": [
        "nose",
        "left_eye",
        "right_eye",
        "left_ear",
        "right_ear",
        "left_shoulder",
        "right_shoulder",
        "left_elbow",
        "right_elbow",
        "left_wrist",
        "right_wrist",
        "left_hip",
        "right_hip",
        "left_knee",
        "right_knee",
        "left_ankle",
        "right_ankle",
        "left_heel",
        "right_heel",
        "left_foot",
        "right_foot"
      ],
      "skeleton": [
        [
          1,
          2
        ],
        [
          0,
          1
        ],
        [
          0,
          2
        ],
        [
          1,
          3
        ],
        [
          2,
          4
        ],
        [
          5,
          6
        ],
        [
          5,
          7
        ],
        [
          7,
          9
        ],
        [
          6,
          8
        ],
        [
          8,
          10
        ],
        [
          5,
          11
        ],
        [
          6,
          12
        ],
        [
          11,
          12
        ],
        [
          11,
          13
        ],
        [
          13,
          15
        ],
        [
          12,
          14
        ],
        [
          14,
          16
        ],
        [
          16,
          18
        ],
        [
          16,
          20
        ],
        [
          20,
          18
        ],
        [
          15,
          17
        ],
        [
          15,
          19
        ],
        [
          19,
          17
        ]
      ]
    }
  ],
  "images": [
    {
      "file_name": "000000000307.jpg",
      "height": 1200,
      "width": 1600,
      "id": 0
    }
  ],
  "annotations": [
    {
      "category_id": 1,
      "image_id": 0,
      "id": 0,
      "bbox": [
        654.6820349761525,
        416.97403285638575,
        219.49125596184433,
        509.8251192368839
      ],
      "area": 111902.15574220069,
      "keypoints": [
        679.5081967213115,
        472.1311475409836,
        2,
        688.6486486486486,
        461.6216216216216,
        1,
        672.9729729729729,
        459.4594594594594,
        1,
        720.5882352941177,
        472.54901960784315,
        2,
        694.078947368421,
        468.42105263157896,
        0,
        782.8947368421052,
        492.10526315789474,
        2,
        683.1858407079645,
        523.8938053097345,
        2,
        855.8823529411765,
        513.7254901960785,
        2,
        680.3921568627451,
        606.8627450980392,
        0,
        836.2745098039215,
        556.8627450980392,
        2,
        663.7254901960785,
        653.9215686274509,
        0,
        807.9646017699114,
        673.4513274336282,
        0,
        736.2831858407079,
        665.4867256637167,
        2,
        721.5686274509803,
        769.6078431372549,
        2,
        698.0392156862745,
        765.6862745098039,
        2,
        738.0434782608695,
        844.5652173913043,
        2,
        716.3043478260869,
        842.391304347826,
        2,
        759.8039215686274,
        870.5882352941177,
        2,
        733.3333333333334,
        863.7254901960785,
        0,
        729.4117647058823,
        884.313725490196,
        2,
        704.0,
        873.6,
        2
      ],
      "num_keypoints": 16,
      "iscrowd": 0,
      "segmentation": []
    },
    {
      "category_id": 1,
      "image_id": 0,
      "id": 1,
      "bbox": [
        828.6901317904211,
        332.62254901960785,
        137.685631629701,
        514.4117647058824
      ],
      "area": 70827.10874127856,
      "keypoints": [
        871.5686274509803,
        387.2549019607843,
        2,
        885.2941176470588,
        378.4313725490196,
        2,
        863.7254901960785,
        375.4901960784314,
        2,
        904.9019607843137,
        387.2549019607843,
        2,
        858.8235294117646,
        384.3137254901961,
        0,
        923.5294117647059,
        433.3333333333333,
        2,
        856.8627450980392,
        425.4901960784314,
        2,
        950.0,
        536.2745098039215,
        1,
        833.3333333333334,
        517.6470588235294,
        0,
        954.9019607843137,
        584.313725490196,
        2,
        832.3529411764706,
        561.7647058823529,
        0,
        895.0980392156863,
        609.8039215686274,
        2,
        840.1639344262295,
        601.6393442622951,
        2,
        891.1764705882352,
        699.0196078431372,
        2,
        855.8823529411765,
        695.0980392156863,
        2,
        900.0,
        775.4901960784314,
        2,
        871.5686274509803,
        747.0588235294117,
        2,
        916.4473684210526,
        790.1315789473684,
        2,
        886.3095238095239,
        769.6428571428572,
        2,
        895.2380952380953,
        804.1666666666667,
        2,
        857.7380952380953,
        779.7619047619048,
        2
      ],
      "num_keypoints": 18,
      "iscrowd": 0,
      "segmentation": []
    }
  ]
}