{
  "categories": [
    {
      "supercategory": "person",
      "id": 1,
      "name": "person",
      "keypoints": [
        "nose",
        "left_eye",
        "right_eye",
        "left_ear",
        "right_ear",
        "left_shoulder",
        "right_shoulder",
        "left_elbow",
        "right_elbow",
        "left_wrist",
        "right_wrist",
        "left_hip",
        "right_hip",
        "left_knee",
        "right_knee",
        "left_ankle",
        "right_ankle",
        "left_heel",
        "right_heel",
        "left_foot",
        "right_foot"
      ],
      "skeleton": [
        [
          1,
          2
        ],
        [
          0,
          1
        ],
        [
          0,
          2
        ],
        [
          1,
          3
        ],
        [
          2,
          4
        ],
        [
          5,
          6
        ],
        [
          5,
          7
        ],
        [
          7,
          9
        ],
        [
          6,
          8
        ],
        [
          8,
          10
        ],
        [
          5,
          11
        ],
        [
          6,
          12
        ],
        [
          11,
          12
        ],
        [
          11,
          13
        ],
        [
          13,
          15
        ],
        [
          12,
          14
        ],
        [
          14,
          16
        ],
        [
          16,
          18
        ],
        [
          16,
          20
        ],
        [
          20,
          18
        ],
        [
          15,
          17
        ],
        [
          15,
          19
        ],
        [
          19,
          17
        ]
      ]
    }
  ],
  "images": [
    {
      "file_name": "000000001656.jpg",
      "height": 1200,
      "width": 1600,
      "id": 0
    }
  ],
  "annotations": [
    {
      "category_id": 1,
      "image_id": 0,
      "id": 0,
      "bbox": [
        660.0,
        362.77777777777777,
        271.66666666666674,
        313.3333333333334
      ],
      "area": 85122.22222222228,
      "keypoints": [
        692.3611111111112,
        413.8888888888889,
        1,
        702.0833333333334,
        394.44444444444446,
        1,
        682.6388888888889,
        398.61111111111114,
        1,
        732.6388888888889,
        388.8888888888889,
        1,
        685.4166666666667,
        383.33333333333337,
        0,
        797.9166666666667,
        412.5,
        2,
        711.8055555555557,
        413.8888888888889,
        1,
        859.0277777777778,
        488.8888888888889,
        2,
        727.0833333333334,
        473.61111111111114,
        1,
        909.0277777777778,
        576.3888888888889,
        2,
        770.1388888888889,
        554.1666666666667,
        2,
        822.9166666666667,
        526.3888888888889,
        1,
        775.6944444444446,
        527.7777777777778,
        1,
        827.0833333333334,
        568.0555555555555,
        1,
        796.5277777777778,
        576.3888888888889,
        1,
        840.9722222222223,
        612.5,
        2,
        807.6388888888889,
        619.4444444444445,
        2,
        857.6388888888889,
        608.3333333333334,
        1,
        822.9166666666667,
        622.2222222222223,
        1,
        843.7500000000001,
        645.8333333333334,
        1,
        806.2500000000001,
        650.0000000000001,
        1
      ],
      "num_keypoints": 20,
      "iscrowd": 0,
      "segmentation": []
    },
    {
      "category_id": 1,
      "image_id": 0,
      "id": 1,
      "bbox": [
        510.9090909090908,
        368.23809523809524,
        219.74025974025977,
        583.7402597402597
      ],
      "area": 128271.23629617138,
      "keypoints": [
        590.2597402597403,
        433.76623376623377,
        2,
        594.1558441558442,
        416.8831168831169,
        2,
        577.2727272727273,
        418.1818181818182,
        2,
        561.6883116883116,
        420.7792207792208,
        0,
        539.6103896103896,
        419.4805194805195,
        2,
        587.6623376623377,
        454.54545454545456,
        1,
        529.2207792207791,
        480.5194805194805,
        2,
        647.4025974025974,
        480.5194805194805,
        2,
        616.2337662337662,
        520.7792207792207,
        2,
        712.3376623376623,
        458.4415584415584,
        2,
        705.8441558441558,
        527.2727272727273,
        2,
        611.038961038961,
        638.961038961039,
        1,
        562.9870129870129,
        653.2467532467532,
        1,
        623.3766233766233,
        750.6493506493506,
        1,
        577.9220779220778,
        793.5064935064935,
        1,
        597.5,
        833.3333333333334,
        1,
        579.1666666666667,
        863.3333333333334,
        2,
        592.5,
        871.6666666666667,
        1,
        565.8333333333334,
        881.6666666666667,
        1,
        639.1666666666667,
        858.3333333333334,
        1,
        602.5,
        903.3333333333334,
        2
      ],
      "num_keypoints": 20,
      "iscrowd": 0,
      "segmentation": []
    }
  ]
}