{
  "categories": [
    {
      "supercategory": "person",
      "id": 1,
      "name": "person",
      "keypoints": [
        "nose",
        "left_eye",
        "right_eye",
        "left_ear",
        "right_ear",
        "left_shoulder",
        "right_shoulder",
        "left_elbow",
        "right_elbow",
        "left_wrist",
        "right_wrist",
        "left_hip",
        "right_hip",
        "left_knee",
        "right_knee",
        "left_ankle",
        "right_ankle",
        "left_heel",
        "right_heel",
        "left_foot",
        "right_foot"
      ],
      "skeleton": [
        [
          1,
          2
        ],
        [
          0,
          1
        ],
        [
          0,
          2
        ],
        [
          1,
          3
        ],
        [
          2,
          4
        ],
        [
          5,
          6
        ],
        [
          5,
          7
        ],
        [
          7,
          9
        ],
        [
          6,
          8
        ],
        [
          8,
          10
        ],
        [
          5,
          11
        ],
        [
          6,
          12
        ],
        [
          11,
          12
        ],
        [
          11,
          13
        ],
        [
          13,
          15
        ],
        [
          12,
          14
        ],
        [
          14,
          16
        ],
        [
          16,
          18
        ],
        [
          16,
          20
        ],
        [
          20,
          18
        ],
        [
          15,
          17
        ],
        [
          15,
          19
        ],
        [
          19,
          17
        ]
      ]
    }
  ],
  "images": [
    {
      "file_name": "000000001964.jpg",
      "height": 1200,
      "width": 1600,
      "id": 0
    }
  ],
  "annotations": [
    {
      "category_id": 1,
      "image_id": 0,
      "id": 0,
      "bbox": [
        926.3717532467533,
        208.70490620490622,
        208.5389610389609,
        528.8744588744588
      ],
      "area": 110290.9301737223,
      "keypoints": [
        951.0,
        276.0,
        2,
        967.3611111111112,
        258.33333333333337,
        2,
        943.7500000000001,
        258.33333333333337,
        2,
        1006.2500000000001,
        252.7777777777778,
        2,
        942.3611111111112,
        248.61111111111111,
        0,
        1053.4722222222222,
        330.55555555555554,
        2,
        950.6944444444445,
        323.61111111111114,
        2,
        1093.75,
        433.33333333333337,
        2,
        947.9166666666669,
        416.6666666666667,
        1,
        1103.4722222222222,
        518.0555555555555,
        2,
        947.9166666666669,
        505.5555555555556,
        2,
        1038.1944444444443,
        527.7777777777778,
        2,
        990.9722222222223,
        527.7777777777778,
        2,
        1079.861111111111,
        641.6666666666667,
        2,
        1024.3055555555554,
        648.6111111111111,
        1,
        1115.9722222222222,
        659.7222222222223,
        2,
        1074.3055555555554,
        668.0555555555555,
        1,
        1117.5324675324675,
        637.6623376623377,
        2,
        1082.4675324675325,
        651.9480519480519,
        1,
        1117.5324675324675,
        690.9090909090909,
        2,
        1079.8701298701299,
        693.5064935064935,
        2
      ],
      "num_keypoints": 20,
      "iscrowd": 0,
      "segmentation": []
    },
    {
      "category_id": 1,
      "image_id": 0,
      "id": 1,
      "bbox": [
        800.5681818181819,
        251.47619047619042,
        143.18181818181802,
        660.2077922077924
      ],
      "area": 94529.75206611562,
      "keypoints": [
        901.9480519480519,
        322.0779220779221,
        2,
        916.2337662337662,
        306.49350649350646,
        2,
        883.7662337662338,
        306.49350649350646,
        2,
        927.9220779220778,
        314.2857142857143,
        0,
        865.5844155844155,
        323.37662337662334,
        2,
        925.3246753246754,
        379.2207792207792,
        1,
        840.9090909090909,
        383.1168831168831,
        2,
        944.8051948051948,
        471.42857142857144,
        0,
        886.3636363636364,
        466.23376623376623,
        2,
        952.5974025974026,
        444.15584415584414,
        0,
        931.8181818181818,
        385.7142857142857,
        2,
        918.8311688311688,
        588.3116883116883,
        2,
        870.7792207792207,
        593.5064935064935,
        2,
        912.9870129870129,
        670.1298701298701,
        2,
        848.051948051948,
        687.012987012987,
        2,
        892.5,
        790.0000000000001,
        2,
        835.8333333333335,
        815.0000000000001,
        2,
        879.1666666666667,
        810.0000000000001,
        2,
        812.5,
        818.3333333333334,
        2,
        915.8333333333335,
        808.3333333333334,
        2,
        849.1666666666667,
        856.6666666666667,
        2
      ],
      "num_keypoints": 18,
      "iscrowd": 0,
      "segmentation": []
    }
  ]
}