{
  "categories": [
    {
      "supercategory": "person",
      "id": 1,
      "name": "person",
      "keypoints": [
        "nose",
        "left_eye",
        "right_eye",
        "left_ear",
        "right_ear",
        "left_shoulder",
        "right_shoulder",
        "left_elbow",
        "right_elbow",
        "left_wrist",
        "right_wrist",
        "left_hip",
        "right_hip",
        "left_knee",
        "right_knee",
        "left_ankle",
        "right_ankle",
        "left_heel",
        "right_heel",
        "left_foot",
        "right_foot"
      ],
      "skeleton": [
        [
          1,
          2
        ],
        [
          0,
          1
        ],
        [
          0,
          2
        ],
        [
          1,
          3
        ],
        [
          2,
          4
        ],
        [
          5,
          6
        ],
        [
          5,
          7
        ],
        [
          7,
          9
        ],
        [
          6,
          8
        ],
        [
          8,
          10
        ],
        [
          5,
          11
        ],
        [
          6,
          12
        ],
        [
          11,
          12
        ],
        [
          11,
          13
        ],
        [
          13,
          15
        ],
        [
          12,
          14
        ],
        [
          14,
          16
        ],
        [
          16,
          18
        ],
        [
          16,
          20
        ],
        [
          20,
          18
        ],
        [
          15,
          17
        ],
        [
          15,
          19
        ],
        [
          19,
          17
        ]
      ]
    }
  ],
  "images": [
    {
      "file_name": "000000001233.jpg",
      "height": 1200,
      "width": 1600,
      "id": 0
    }
  ],
  "annotations": [
    {
      "category_id": 1,
      "image_id": 0,
      "id": 0,
      "bbox": [
        843.6704681872749,
        263.5115864527629,
        199.4837935174072,
        555.5080213903743
      ],
      "area": 110814.84743630086,
      "keypoints": [
        868.6274509803922,
        332.3529411764706,
        2,
        878.6729857819905,
        320.3791469194313,
        2,
        860.2941176470588,
        321.5686274509804,
        2,
        918.4640522875817,
        309.80392156862746,
        2,
        855.045871559633,
        307.9510703363914,
        0,
        973.4693877551022,
        358.1632653061224,
        2,
        869.3877551020408,
        360.204081632653,
        2,
        1006.1224489795919,
        474.48979591836735,
        2,
        873.4693877551022,
        464.2857142857142,
        2,
        1026.530612244898,
        556.1224489795918,
        2,
        866.060606060606,
        526.6666666666666,
        0,
        1005.8441558441558,
        536.3636363636364,
        2,
        926.6233766233767,
        532.4675324675325,
        2,
        998.051948051948,
        635.0649350649351,
        2,
        955.1948051948051,
        633.7662337662338,
        2,
        1016.2337662337662,
        727.2727272727273,
        2,
        988.3116883116883,
        712.9870129870129,
        2,
        1023.3766233766233,
        741.5584415584416,
        2,
        1003.7878787878786,
        743.9393939393939,
        1,
        1014.3939393939394,
        772.7272727272727,
        2,
        988.6363636363636,
        768.1818181818181,
        2
      ],
      "num_keypoints": 19,
      "iscrowd": 0,
      "segmentation": []
    },
    {
      "category_id": 1,
      "image_id": 0,
      "id": 1,
      "bbox": [
        728.531941031941,
        346.7716422203049,
        173.83292383292394,
        563.3304572907679
      ],
      "area": 97925.38047499226,
      "keypoints": [
        818.8311688311688,
        402.5974025974026,
        2,
        818.1818181818182,
        390.9090909090909,
        0,
        807.103825136612,
        393.7158469945355,
        2,
        808.6378737541528,
        372.4252491694352,
        0,
        779.7297297297297,
        396.6216216216216,
        2,
        830.4054054054053,
        445.045045045045,
        2,
        743.018018018018,
        458.5585585585585,
        2,
        887.8787878787879,
        500.0,
        1,
        775.7575757575758,
        553.030303030303,
        2,
        862.280701754386,
        468.42105263157896,
        0,
        842.9824561403509,
        521.0526315789474,
        2,
        825.438596491228,
        631.578947368421,
        2,
        776.3157894736842,
        652.6315789473684,
        2,
        820.1754385964912,
        722.8070175438596,
        2,
        774.561403508772,
        749.1228070175439,
        2,
        800.8771929824561,
        805.2631578947369,
        2,
        767.5438596491229,
        835.0877192982456,
        2,
        788.5964912280701,
        833.3333333333334,
        2,
        757.0175438596491,
        863.1578947368421,
        2,
        823.6842105263158,
        831.578947368421,
        2,
        783.3333333333334,
        856.140350877193,
        2
      ],
      "num_keypoints": 18,
      "iscrowd": 0,
      "segmentation": []
    }
  ]
}