{
  "categories": [
    {
      "supercategory": "person",
      "id": 1,
      "name": "person",
      "keypoints": [
        "nose",
        "left_eye",
        "right_eye",
        "left_ear",
        "right_ear",
        "left_shoulder",
        "right_shoulder",
        "left_elbow",
        "right_elbow",
        "left_wrist",
        "right_wrist",
        "left_hip",
        "right_hip",
        "left_knee",
        "right_knee",
        "left_ankle",
        "right_ankle",
        "left_heel",
        "right_heel",
        "left_foot",
        "right_foot"
      ],
      "skeleton": [
        [
          1,
          2
        ],
        [
          0,
          1
        ],
        [
          0,
          2
        ],
        [
          1,
          3
        ],
        [
          2,
          4
        ],
        [
          5,
          6
        ],
        [
          5,
          7
        ],
        [
          7,
          9
        ],
        [
          6,
          8
        ],
        [
          8,
          10
        ],
        [
          5,
          11
        ],
        [
          6,
          12
        ],
        [
          11,
          12
        ],
        [
          11,
          13
        ],
        [
          13,
          15
        ],
        [
          12,
          14
        ],
        [
          14,
          16
        ],
        [
          16,
          18
        ],
        [
          16,
          20
        ],
        [
          20,
          18
        ],
        [
          15,
          17
        ],
        [
          15,
          19
        ],
        [
          19,
          17
        ]
      ]
    }
  ],
  "images": [
    {
      "file_name": "000000001939.jpg",
      "height": 1200,
      "width": 1600,
      "id": 0
    }
  ],
  "annotations": [
    {
      "category_id": 1,
      "image_id": 0,
      "id": 0,
      "bbox": [
        703.75,
        446.0137085137086,
        196.66666666666674,
        414.5021645021644
      ],
      "area": 81518.75901875904,
      "keypoints": [
        740.9722222222223,
        525.0,
        2,
        752.0,
        515.0,
        2,
        729.8611111111112,
        518.0555555555555,
        2,
        779.8611111111112,
        508.33333333333337,
        2,
        724.3055555555557,
        512.5,
        0,
        810.4166666666667,
        526.3888888888889,
        2,
        720.1388888888889,
        559.7222222222223,
        2,
        884.0277777777778,
        480.5555555555556,
        2,
        742.3611111111112,
        622.2222222222223,
        1,
        882.6388888888889,
        520.8333333333334,
        2,
        750.6944444444446,
        672.2222222222223,
        1,
        829.8611111111112,
        648.6111111111111,
        1,
        771.5277777777778,
        647.2222222222223,
        1,
        793.7500000000001,
        733.3333333333334,
        2,
        750.6944444444446,
        740.2777777777778,
        2,
        817.3611111111112,
        795.8333333333334,
        2,
        799.3055555555557,
        794.4444444444445,
        1,
        840.9090909090909,
        805.1948051948052,
        2,
        808.4415584415584,
        812.9870129870129,
        1,
        805.8441558441558,
        825.974025974026,
        2,
        788.961038961039,
        819.4805194805194,
        1
      ],
      "num_keypoints": 20,
      "iscrowd": 0,
      "segmentation": []
    },
    {
      "category_id": 1,
      "image_id": 0,
      "id": 1,
      "bbox": [
        570.5551948051948,
        355.92857142857144,
        143.33766233766232,
        544.4415584415585
      ],
      "area": 78038.98026648676,
      "keypoints": [
        656.4935064935065,
        418.1818181818182,
        1,
        651.2987012987013,
        409.09090909090907,
        0,
        656.4935064935065,
        402.5974025974026,
        0,
        624.025974025974,
        401.2987012987013,
        0,
        633.1168831168831,
        401.2987012987013,
        2,
        603.2467532467532,
        453.24675324675326,
        0,
        642.2077922077922,
        471.42857142857144,
        2,
        617.5324675324675,
        548.051948051948,
        0,
        644.8051948051948,
        562.3376623376623,
        2,
        674.6753246753246,
        548.051948051948,
        1,
        701.9480519480519,
        564.9350649350649,
        2,
        624.025974025974,
        646.7532467532467,
        0,
        652.5974025974026,
        641.5584415584416,
        2,
        636.3636363636364,
        744.1558441558442,
        1,
        693.5064935064935,
        719.4805194805194,
        1,
        587.5,
        830.0000000000001,
        2,
        639.1666666666667,
        826.6666666666667,
        2,
        582.5,
        848.3333333333334,
        2,
        617.5,
        843.3333333333334,
        2,
        627.5,
        831.6666666666667,
        1,
        670.8333333333334,
        855.0000000000001,
        1
      ],
      "num_keypoints": 15,
      "iscrowd": 0,
      "segmentation": []
    }
  ]
}