{
  "categories": [
    {
      "supercategory": "person",
      "id": 1,
      "name": "person",
      "keypoints": [
        "nose",
        "left_eye",
        "right_eye",
        "left_ear",
        "right_ear",
        "left_shoulder",
        "right_shoulder",
        "left_elbow",
        "right_elbow",
        "left_wrist",
        "right_wrist",
        "left_hip",
        "right_hip",
        "left_knee",
        "right_knee",
        "left_ankle",
        "right_ankle",
        "left_heel",
        "right_heel",
        "left_foot",
        "right_foot"
      ],
      "skeleton": [
        [
          1,
          2
        ],
        [
          0,
          1
        ],
        [
          0,
          2
        ],
        [
          1,
          3
        ],
        [
          2,
          4
        ],
        [
          5,
          6
        ],
        [
          5,
          7
        ],
        [
          7,
          9
        ],
        [
          6,
          8
        ],
        [
          8,
          10
        ],
        [
          5,
          11
        ],
        [
          6,
          12
        ],
        [
          11,
          12
        ],
        [
          11,
          13
        ],
        [
          13,
          15
        ],
        [
          12,
          14
        ],
        [
          14,
          16
        ],
        [
          16,
          18
        ],
        [
          16,
          20
        ],
        [
          20,
          18
        ],
        [
          15,
          17
        ],
        [
          15,
          19
        ],
        [
          19,
          17
        ]
      ]
    }
  ],
  "images": [
    {
      "file_name": "000000001332.jpg",
      "height": 1200,
      "width": 1600,
      "id": 0
    }
  ],
  "annotations": [
    {
      "category_id": 1,
      "image_id": 0,
      "id": 0,
      "bbox": [
        862.8061224489796,
        188.2875929102344,
        200.87198515769944,
        763.1903945111493
      ],
      "area": 153303.56959874235,
      "keypoints": [
        919.434628975265,
        273.4982332155477,
        2,
        934.6289752650176,
        260.42402826855124,
        2,
        909.4339622641509,
        261.3207547169811,
        2,
        972.6415094339623,
        251.88679245283018,
        2,
        913.7362637362637,
        252.74725274725273,
        0,
        1018.1318681318681,
        311.53846153846155,
        2,
        891.2087912087911,
        312.08791208791206,
        2,
        1036.8131868131868,
        435.7142857142857,
        2,
        885.7142857142858,
        439.79591836734687,
        2,
        1046.938775510204,
        537.7551020408163,
        2,
        875.5102040816328,
        529.5918367346939,
        0,
        986.3636363636364,
        545.4545454545455,
        2,
        890.2597402597402,
        535.0649350649351,
        2,
        944.8051948051949,
        692.2077922077922,
        2,
        890.2597402597402,
        687.012987012987,
        2,
        935.0649350649351,
        824.6753246753246,
        2,
        885.7142857142857,
        815.5844155844155,
        2,
        935.0649350649352,
        859.7402597402597,
        2,
        891.6666666666666,
        843.9393939393939,
        2,
        917.4242424242424,
        887.8787878787879,
        2,
        879.5454545454546,
        862.1212121212121,
        2
      ],
      "num_keypoints": 19,
      "iscrowd": 0,
      "segmentation": []
    },
    {
      "category_id": 1,
      "image_id": 0,
      "id": 1,
      "bbox": [
        679.5217948717949,
        324.05031446540886,
        203.4307692307691,
        646.4905660377358
      ],
      "area": 131516.07314949192,
      "keypoints": [
        752.5974025974025,
        397.4025974025974,
        2,
        755.3030303030304,
        378.7878787878788,
        1,
        734.9272349272348,
        389.18918918918916,
        2,
        718.3018867924528,
        377.9245283018868,
        2,
        701.6632016632016,
        403.1185031185031,
        0,
        781.4968814968814,
        441.78794178794175,
        2,
        696.474358974359,
        471.47435897435895,
        2,
        865.1515151515151,
        468.1818181818182,
        1,
        787.8787878787879,
        534.8484848484849,
        1,
        885.9999999999999,
        419.3333333333333,
        0,
        865.9999999999999,
        479.3333333333333,
        2,
        804.6666666666666,
        626.0,
        2,
        766.0,
        639.3333333333334,
        2,
        808.6666666666666,
        743.3333333333334,
        2,
        748.6666666666666,
        772.6666666666666,
        2,
        782.0,
        839.3333333333334,
        2,
        727.3333333333333,
        870.0,
        2,
        754.0,
        860.6666666666666,
        2,
        720.6666666666666,
        888.6666666666666,
        2,
        824.6666666666666,
        872.6666666666666,
        2,
        740.6666666666666,
        916.6666666666666,
        2
      ],
      "num_keypoints": 19,
      "iscrowd": 0,
      "segmentation": []
    }
  ]
}