{
  "categories": [
    {
      "supercategory": "person",
      "id": 1,
      "name": "person",
      "keypoints": [
        "nose",
        "left_eye",
        "right_eye",
        "left_ear",
        "right_ear",
        "left_shoulder",
        "right_shoulder",
        "left_elbow",
        "right_elbow",
        "left_wrist",
        "right_wrist",
        "left_hip",
        "right_hip",
        "left_knee",
        "right_knee",
        "left_ankle",
        "right_ankle",
        "left_heel",
        "right_heel",
        "left_foot",
        "right_foot"
      ],
      "skeleton": [
        [
          1,
          2
        ],
        [
          0,
          1
        ],
        [
          0,
          2
        ],
        [
          1,
          3
        ],
        [
          2,
          4
        ],
        [
          5,
          6
        ],
        [
          5,
          7
        ],
        [
          7,
          9
        ],
        [
          6,
          8
        ],
        [
          8,
          10
        ],
        [
          5,
          11
        ],
        [
          6,
          12
        ],
        [
          11,
          12
        ],
        [
          11,
          13
        ],
        [
          13,
          15
        ],
        [
          12,
          14
        ],
        [
          14,
          16
        ],
        [
          16,
          18
        ],
        [
          16,
          20
        ],
        [
          20,
          18
        ],
        [
          15,
          17
        ],
        [
          15,
          19
        ],
        [
          19,
          17
        ]
      ]
    }
  ],
  "images": [
    {
      "file_name": "000000000259.jpg",
      "height": 1200,
      "width": 1600,
      "id": 0
    }
  ],
  "annotations": [
    {
      "category_id": 1,
      "image_id": 0,
      "id": 0,
      "bbox": [
        467.06233166602533,
        384.2813990461049,
        161.62370142362442,
        655.6502384737678
      ],
      "area": 105968.6183814124,
      "keypoints": [
        523.7704918032787,
        449.1803278688525,
        2,
        541.6216216216216,
        440.5405405405405,
        2,
        515.6756756756756,
        438.9189189189189,
        2,
        552.2123893805309,
        462.8318584070796,
        1,
        494.5945945945946,
        460.0,
        1,
        584.8648648648648,
        523.2432432432432,
        1,
        480.5309734513274,
        530.9734513274336,
        2,
        615.2173913043478,
        643.4782608695651,
        2,
        488.04347826086956,
        633.695652173913,
        1,
        609.7826086956521,
        726.0869565217391,
        2,
        482.4,
        715.2,
        2,
        565.4867256637168,
        707.9646017699114,
        2,
        511.504424778761,
        714.1592920353982,
        2,
        576.2295081967213,
        862.2950819672132,
        2,
        521.6867469879518,
        851.8072289156626,
        2,
        596.0784313725491,
        941.1764705882352,
        2,
        550.9803921568628,
        929.4117647058823,
        2,
        612.5,
        977.6315789473684,
        2,
        569.078947368421,
        959.8684210526316,
        1,
        571.0784313725491,
        985.2941176470588,
        2,
        525.3333333333334,
        974.6666666666666,
        2
      ],
      "num_keypoints": 21,
      "iscrowd": 0,
      "segmentation": []
    },
    {
      "category_id": 1,
      "image_id": 0,
      "id": 1,
      "bbox": [
        673.9823008849556,
        296.4227799227799,
        131.68141592920358,
        600.0694980694981
      ],
      "area": 79018.001161718,
      "keypoints": [
        733.6283185840707,
        355.7522123893805,
        2,
        745.2380952380953,
        346.42857142857144,
        2,
        727.016129032258,
        347.5806451612903,
        2,
        772.5806451612904,
        359.6774193548387,
        2,
        722.1774193548387,
        356.85483870967744,
        1,
        794.6902654867256,
        423.00884955752207,
        2,
        702.6548672566371,
        415.929203539823,
        2,
        793.8053097345132,
        518.5840707964601,
        2,
        684.9557522123893,
        500.88495575221236,
        1,
        744.2477876106194,
        516.8141592920354,
        2,
        702.1739130434783,
        507.6086956521739,
        0,
        767.391304347826,
        607.6086956521739,
        2,
        709.016393442623,
        600.0,
        1,
        781.5217391304348,
        704.3478260869565,
        1,
        718.4782608695651,
        723.9130434782609,
        1,
        779.646017699115,
        795.575221238938,
        2,
        717.391304347826,
        807.6086956521739,
        2,
        769.1891891891892,
        810.8108108108107,
        1,
        729.1891891891892,
        824.8648648648648,
        0,
        790.2702702702702,
        828.6486486486486,
        2,
        715.6756756756756,
        846.4864864864865,
        2
      ],
      "num_keypoints": 19,
      "iscrowd": 0,
      "segmentation": []
    }
  ]
}