{
  "categories": [
    {
      "supercategory": "person",
      "id": 1,
      "name": "person",
      "keypoints": [
        "nose",
        "left_eye",
        "right_eye",
        "left_ear",
        "right_ear",
        "left_shoulder",
        "right_shoulder",
        "left_elbow",
        "right_elbow",
        "left_wrist",
        "right_wrist",
        "left_hip",
        "right_hip",
        "left_knee",
        "right_knee",
        "left_ankle",
        "right_ankle",
        "left_heel",
        "right_heel",
        "left_foot",
        "right_foot"
      ],
      "skeleton": [
        [
          1,
          2
        ],
        [
          0,
          1
        ],
        [
          0,
          2
        ],
        [
          1,
          3
        ],
        [
          2,
          4
        ],
        [
          5,
          6
        ],
        [
          5,
          7
        ],
        [
          7,
          9
        ],
        [
          6,
          8
        ],
        [
          8,
          10
        ],
        [
          5,
          11
        ],
        [
          6,
          12
        ],
        [
          11,
          12
        ],
        [
          11,
          13
        ],
        [
          13,
          15
        ],
        [
          12,
          14
        ],
        [
          14,
          16
        ],
        [
          16,
          18
        ],
        [
          16,
          20
        ],
        [
          20,
          18
        ],
        [
          15,
          17
        ],
        [
          15,
          19
        ],
        [
          19,
          17
        ]
      ]
    }
  ],
  "images": [
    {
      "file_name": "000000001302.jpg",
      "height": 1200,
      "width": 1600,
      "id": 0
    }
  ],
  "annotations": [
    {
      "category_id": 1,
      "image_id": 0,
      "id": 0,
      "bbox": [
        553.3666666666667,
        81.08843537414964,
        514.1454545454545,
        536.0296846011132
      ],
      "area": 275597.225839096,
      "keypoints": [
        909.7826086956521,
        255.43478260869563,
        2,
        923.0215827338129,
        242.44604316546761,
        2,
        902.6143790849673,
        244.9346405228758,
        2,
        966.9934640522875,
        242.15686274509804,
        2,
        915.3333333333334,
        232.0,
        0,
        1011.3333333333334,
        316.0,
        2,
        885.3333333333334,
        298.0,
        2,
        1024.6666666666667,
        440.0,
        2,
        865.3061224489796,
        458.1632653061224,
        0,
        1016.326530612245,
        572.4489795918367,
        2,
        857.1428571428572,
        543.8775510204082,
        2,
        870.7792207792207,
        432.46753246753246,
        2,
        796.7532467532468,
        449.35064935064935,
        0,
        795.4545454545454,
        318.1818181818182,
        2,
        753.8961038961039,
        361.038961038961,
        2,
        694.1558441558442,
        198.7012987012987,
        2,
        646.7532467532467,
        214.28571428571428,
        1,
        634.0909090909091,
        171.2121212121212,
        2,
        596.2121212121212,
        169.6969696969697,
        2,
        641.6666666666666,
        125.75757575757575,
        2,
        597.7272727272727,
        131.8181818181818,
        2
      ],
      "num_keypoints": 18,
      "iscrowd": 0,
      "segmentation": []
    },
    {
      "category_id": 1,
      "image_id": 0,
      "id": 1,
      "bbox": [
        655.0666666666667,
        292.3514056224899,
        179.19999999999982,
        659.2530120481928
      ],
      "area": 118138.13975903603,
      "keypoints": [
        734.4155844155844,
        372.7272727272727,
        2,
        737.1212121212121,
        359.0909090909091,
        0,
        727.4096385542168,
        363.2530120481927,
        0,
        726.6666666666666,
        334.6666666666667,
        0,
        695.7831325301204,
        347.289156626506,
        2,
        761.7777777777778,
        399.55555555555554,
        0,
        671.6216216216216,
        412.61261261261257,
        2,
        798.4848484848485,
        487.8787878787879,
        2,
        721.2121212121212,
        537.8787878787879,
        2,
        856.6666666666666,
        475.3333333333333,
        0,
        819.3333333333333,
        558.0,
        2,
        756.6666666666666,
        602.0,
        2,
        714.0,
        614.0,
        2,
        754.0,
        735.3333333333334,
        2,
        730.0,
        751.3333333333334,
        2,
        720.6666666666666,
        842.0,
        1,
        703.3333333333333,
        850.0,
        2,
        698.0,
        871.3333333333334,
        1,
        670.0,
        882.0,
        2,
        766.0,
        884.6666666666666,
        2,
        743.3333333333333,
        896.6666666666666,
        2
      ],
      "num_keypoints": 16,
      "iscrowd": 0,
      "segmentation": []
    }
  ]
}