{
  "categories": [
    {
      "supercategory": "person",
      "id": 1,
      "name": "person",
      "keypoints": [
        "nose",
        "left_eye",
        "right_eye",
        "left_ear",
        "right_ear",
        "left_shoulder",
        "right_shoulder",
        "left_elbow",
        "right_elbow",
        "left_wrist",
        "right_wrist",
        "left_hip",
        "right_hip",
        "left_knee",
        "right_knee",
        "left_ankle",
        "right_ankle",
        "left_heel",
        "right_heel",
        "left_foot",
        "right_foot"
      ],
      "skeleton": [
        [
          1,
          2
        ],
        [
          0,
          1
        ],
        [
          0,
          2
        ],
        [
          1,
          3
        ],
        [
          2,
          4
        ],
        [
          5,
          6
        ],
        [
          5,
          7
        ],
        [
          7,
          9
        ],
        [
          6,
          8
        ],
        [
          8,
          10
        ],
        [
          5,
          11
        ],
        [
          6,
          12
        ],
        [
          11,
          12
        ],
        [
          11,
          13
        ],
        [
          13,
          15
        ],
        [
          12,
          14
        ],
        [
          14,
          16
        ],
        [
          16,
          18
        ],
        [
          16,
          20
        ],
        [
          20,
          18
        ],
        [
          15,
          17
        ],
        [
          15,
          19
        ],
        [
          19,
          17
        ]
      ]
    }
  ],
  "images": [
    {
      "file_name": "000000001547.jpg",
      "height": 1200,
      "width": 1600,
      "id": 0
    }
  ],
  "annotations": [
    {
      "category_id": 1,
      "image_id": 0,
      "id": 0,
      "bbox": [
        639.3055555555555,
        223.6111111111111,
        436.66666666666663,
        533.3333333333334
      ],
      "area": 232888.88888888888,
      "keypoints": [
        940.9722222222223,
        286.11111111111114,
        2,
        954.8611111111112,
        268.05555555555554,
        2,
        922.9166666666669,
        268.05555555555554,
        2,
        984.0277777777779,
        269.44444444444446,
        2,
        918.7500000000001,
        270.83333333333337,
        0,
        1031.25,
        338.8888888888889,
        2,
        900.6944444444446,
        325.0,
        1,
        1032.638888888889,
        434.72222222222223,
        2,
        878.4722222222223,
        438.8888888888889,
        1,
        1039.5833333333333,
        555.5555555555555,
        2,
        864.5833333333334,
        568.0555555555555,
        2,
        956.2500000000001,
        508.33333333333337,
        2,
        895.1388888888889,
        493.0555555555556,
        2,
        881.2500000000001,
        555.5555555555555,
        2,
        820.1388888888889,
        541.6666666666667,
        2,
        799.3055555555557,
        645.8333333333334,
        2,
        720.1388888888889,
        655.5555555555555,
        1,
        752.0833333333334,
        712.5,
        1,
        702.0833333333334,
        711.1111111111112,
        2,
        745.1388888888889,
        658.3333333333334,
        2,
        675.6944444444445,
        666.6666666666667,
        1
      ],
      "num_keypoints": 20,
      "iscrowd": 0,
      "segmentation": []
    },
    {
      "category_id": 1,
      "image_id": 0,
      "id": 1,
      "bbox": [
        694.7088744588746,
        276.07142857142856,
        193.4935064935064,
        707.9220779220781
      ],
      "area": 136978.32518131216,
      "keypoints": [
        795.1388888888889,
        356.94444444444446,
        2,
        801.9480519480519,
        335.06493506493507,
        2,
        778.5714285714286,
        344.15584415584414,
        2,
        813.6363636363636,
        345.45454545454544,
        0,
        743.5064935064935,
        348.05194805194805,
        2,
        813.6363636363636,
        405.1948051948052,
        2,
        747.4025974025974,
        415.5844155844156,
        2,
        851.2987012987013,
        509.09090909090907,
        0,
        804.5454545454545,
        458.4415584415584,
        2,
        875.974025974026,
        425.97402597402595,
        0,
        872.077922077922,
        390.9090909090909,
        2,
        831.8181818181818,
        609.0909090909091,
        1,
        788.961038961039,
        655.8441558441558,
        1,
        822.077922077922,
        751.9480519480519,
        2,
        750.6493506493506,
        783.1168831168831,
        2,
        797.5,
        843.3333333333334,
        2,
        730.8333333333334,
        885.0000000000001,
        2,
        782.5,
        873.3333333333334,
        2,
        710.8333333333334,
        901.6666666666667,
        2,
        822.5,
        885.0000000000001,
        2,
        745.8333333333334,
        925.0000000000001,
        2
      ],
      "num_keypoints": 18,
      "iscrowd": 0,
      "segmentation": []
    }
  ]
}