{
  "categories": [
    {
      "supercategory": "person",
      "id": 1,
      "name": "person",
      "keypoints": [
        "nose",
        "left_eye",
        "right_eye",
        "left_ear",
        "right_ear",
        "left_shoulder",
        "right_shoulder",
        "left_elbow",
        "right_elbow",
        "left_wrist",
        "right_wrist",
        "left_hip",
        "right_hip",
        "left_knee",
        "right_knee",
        "left_ankle",
        "right_ankle",
        "left_heel",
        "right_heel",
        "left_foot",
        "right_foot"
      ],
      "skeleton": [
        [
          1,
          2
        ],
        [
          0,
          1
        ],
        [
          0,
          2
        ],
        [
          1,
          3
        ],
        [
          2,
          4
        ],
        [
          5,
          6
        ],
        [
          5,
          7
        ],
        [
          7,
          9
        ],
        [
          6,
          8
        ],
        [
          8,
          10
        ],
        [
          5,
          11
        ],
        [
          6,
          12
        ],
        [
          11,
          12
        ],
        [
          11,
          13
        ],
        [
          13,
          15
        ],
        [
          12,
          14
        ],
        [
          14,
          16
        ],
        [
          16,
          18
        ],
        [
          16,
          20
        ],
        [
          20,
          18
        ],
        [
          15,
          17
        ],
        [
          15,
          19
        ],
        [
          19,
          17
        ]
      ]
    }
  ],
  "images": [
    {
      "file_name": "000000000438.jpg",
      "height": 1200,
      "width": 1600,
      "id": 0
    }
  ],
  "annotations": [
    {
      "category_id": 1,
      "image_id": 0,
      "id": 0,
      "bbox": [
        583.1372549019609,
        346.2912796697626,
        225.88235294117635,
        699.7678018575853
      ],
      "area": 158065.19759606622,
      "keypoints": [
        733.3333333333334,
        419.6078431372549,
        2,
        750.6578947368421,
        405.2631578947368,
        2,
        720.3947368421052,
        404.60526315789474,
        2,
        759.2105263157895,
        412.5,
        1,
        689.516129032258,
        412.0967741935484,
        2,
        752.4193548387096,
        463.7096774193548,
        2,
        648.1927710843373,
        498.79518072289153,
        2,
        748.0392156862745,
        536.2745098039215,
        0,
        601.9607843137255,
        594.1176470588235,
        2,
        790.1960784313725,
        553.9215686274509,
        1,
        671.5686274509803,
        590.1960784313725,
        1,
        741.5254237288136,
        700.0,
        1,
        678.8135593220339,
        713.5593220338984,
        1,
        717.391304347826,
        813.0434782608695,
        2,
        667.391304347826,
        842.391304347826,
        2,
        714.1592920353982,
        887.6106194690265,
        2,
        657.5221238938052,
        913.2743362831858,
        2,
        701.7699115044247,
        922.1238938053096,
        2,
        647.3684210526316,
        961.1842105263157,
        1,
        759.8684210526316,
        928.2894736842105,
        2,
        669.6078431372549,
        987.7450980392157,
        2
      ],
      "num_keypoints": 20,
      "iscrowd": 0,
      "segmentation": []
    }
  ]
}