{
  "categories": [
    {
      "supercategory": "person",
      "id": 1,
      "name": "person",
      "keypoints": [
        "nose",
        "left_eye",
        "right_eye",
        "left_ear",
        "right_ear",
        "left_shoulder",
        "right_shoulder",
        "left_elbow",
        "right_elbow",
        "left_wrist",
        "right_wrist",
        "left_hip",
        "right_hip",
        "left_knee",
        "right_knee",
        "left_ankle",
        "right_ankle",
        "left_heel",
        "right_heel",
        "left_foot",
        "right_foot"
      ],
      "skeleton": [
        [
          1,
          2
        ],
        [
          0,
          1
        ],
        [
          0,
          2
        ],
        [
          1,
          3
        ],
        [
          2,
          4
        ],
        [
          5,
          6
        ],
        [
          5,
          7
        ],
        [
          7,
          9
        ],
        [
          6,
          8
        ],
        [
          8,
          10
        ],
        [
          5,
          11
        ],
        [
          6,
          12
        ],
        [
          11,
          12
        ],
        [
          11,
          13
        ],
        [
          13,
          15
        ],
        [
          12,
          14
        ],
        [
          14,
          16
        ],
        [
          16,
          18
        ],
        [
          16,
          20
        ],
        [
          20,
          18
        ],
        [
          15,
          17
        ],
        [
          15,
          19
        ],
        [
          19,
          17
        ]
      ]
    }
  ],
  "images": [
    {
      "file_name": "000000000698.jpg",
      "height": 1200,
      "width": 1600,
      "id": 0
    }
  ],
  "annotations": [
    {
      "category_id": 1,
      "image_id": 0,
      "id": 0,
      "bbox": [
        859.8250728862973,
        242.54887218045113,
        209.2128279883383,
        637.984962406015
      ],
      "area": 133474.63819899608,
      "keypoints": [
        959.8039215686274,
        303.921568627451,
        2,
        979.5238095238095,
        295.7142857142857,
        2,
        954.2857142857142,
        295.7142857142857,
        2,
        1010.4761904761905,
        306.66666666666663,
        2,
        965.5976676384839,
        297.37609329446065,
        0,
        1046.0641399416909,
        369.97084548104954,
        2,
        934.1107871720117,
        348.39650145772595,
        2,
        1051.603498542274,
        467.63848396501453,
        2,
        891.5451895043732,
        462.6822157434402,
        2,
        1027.9883381924199,
        547.8134110787172,
        2,
        877.2594752186588,
        521.2827988338192,
        2,
        1013.1195335276967,
        566.7638483965014,
        1,
        925.6410256410256,
        544.8717948717949,
        2,
        998.7179487179487,
        693.5897435897435,
        2,
        935.8974358974358,
        685.8974358974359,
        2,
        1015.3846153846152,
        779.4871794871794,
        2,
        970.5128205128203,
        778.2051282051282,
        2,
        1023.1578947368421,
        790.5263157894736,
        2,
        987.8947368421052,
        780.5263157894736,
        1,
        1006.8421052631578,
        825.2631578947368,
        2,
        971.578947368421,
        827.3684210526316,
        2
      ],
      "num_keypoints": 20,
      "iscrowd": 0,
      "segmentation": []
    },
    {
      "category_id": 1,
      "image_id": 0,
      "id": 1,
      "bbox": [
        756.1627906976744,
        306.8354049719327,
        114.41860465116281,
        636.9406575781877
      ],
      "area": 72877.86128569032,
      "keypoints": [
        818.9655172413793,
        371.12068965517244,
        2,
        820.6896551724137,
        359.9137931034483,
        2,
        808.1896551724137,
        361.6379310344828,
        2,
        800.4310344827586,
        362.93103448275866,
        0,
        774.9999999999999,
        365.948275862069,
        2,
        828.448275862069,
        426.72413793103453,
        2,
        766.8604651162791,
        433.72093023255815,
        2,
        861.046511627907,
        511.04651162790697,
        1,
        780.232558139535,
        525.0,
        2,
        894.1860465116279,
        483.72093023255815,
        0,
        848.2558139534884,
        502.3255813953488,
        2,
        834.8837209302326,
        594.1860465116279,
        2,
        801.2820512820512,
        601.2820512820513,
        2,
        823.076923076923,
        737.1794871794872,
        2,
        796.1538461538461,
        743.5897435897435,
        2,
        811.6279069767442,
        833.1395348837209,
        2,
        769.1860465116279,
        865.1162790697674,
        2,
        801.7441860465117,
        848.8372093023256,
        2,
        765.6976744186046,
        884.3023255813954,
        2,
        827.3255813953489,
        850.5813953488372,
        2,
        795.9302325581396,
        890.6976744186047,
        2
      ],
      "num_keypoints": 19,
      "iscrowd": 0,
      "segmentation": []
    }
  ]
}