{
  "categories": [
    {
      "supercategory": "person",
      "id": 1,
      "name": "person",
      "keypoints": [
        "nose",
        "left_eye",
        "right_eye",
        "left_ear",
        "right_ear",
        "left_shoulder",
        "right_shoulder",
        "left_elbow",
        "right_elbow",
        "left_wrist",
        "right_wrist",
        "left_hip",
        "right_hip",
        "left_knee",
        "right_knee",
        "left_ankle",
        "right_ankle",
        "left_heel",
        "right_heel",
        "left_foot",
        "right_foot"
      ],
      "skeleton": [
        [
          1,
          2
        ],
        [
          0,
          1
        ],
        [
          0,
          2
        ],
        [
          1,
          3
        ],
        [
          2,
          4
        ],
        [
          5,
          6
        ],
        [
          5,
          7
        ],
        [
          7,
          9
        ],
        [
          6,
          8
        ],
        [
          8,
          10
        ],
        [
          5,
          11
        ],
        [
          6,
          12
        ],
        [
          11,
          12
        ],
        [
          11,
          13
        ],
        [
          13,
          15
        ],
        [
          12,
          14
        ],
        [
          14,
          16
        ],
        [
          16,
          18
        ],
        [
          16,
          20
        ],
        [
          20,
          18
        ],
        [
          15,
          17
        ],
        [
          15,
          19
        ],
        [
          19,
          17
        ]
      ]
    }
  ],
  "images": [
    {
      "file_name": "000000000313.jpg",
      "height": 1200,
      "width": 1600,
      "id": 0
    }
  ],
  "annotations": [
    {
      "category_id": 1,
      "image_id": 0,
      "id": 0,
      "bbox": [
        986.7797888386124,
        281.0554765291607,
        240.99547511312244,
        577.6045519203414
      ],
      "area": 139200.08341754487,
      "keypoints": [
        1144.5783132530119,
        340.96385542168673,
        2,
        1160.0,
        332.4324324324324,
        2,
        1135.6756756756756,
        329.18918918918916,
        2,
        1175.0,
        342.7631578947368,
        2,
        1124.0,
        338.6666666666667,
        2,
        1207.6923076923078,
        389.7435897435898,
        2,
        1100.0,
        385.8695652173913,
        2,
        1200.0,
        456.8627450980392,
        2,
        1047.0588235294117,
        437.2549019607843,
        2,
        1167.6470588235293,
        494.11764705882354,
        2,
        1006.8627450980392,
        464.70588235294116,
        2,
        1163.0434782608695,
        579.3478260869565,
        2,
        1097.8260869565217,
        580.4347826086956,
        2,
        1151.086956521739,
        693.4782608695651,
        2,
        1096.7391304347825,
        680.4347826086956,
        2,
        1142.1568627450981,
        763.7254901960785,
        2,
        1096.078431372549,
        757.843137254902,
        2,
        1148.6725663716813,
        797.3451327433628,
        2,
        1106.1946902654865,
        795.575221238938,
        2,
        1128.9473684210527,
        810.5263157894736,
        2,
        1071.4285714285716,
        801.7857142857143,
        2
      ],
      "num_keypoints": 21,
      "iscrowd": 0,
      "segmentation": []
    },
    {
      "category_id": 1,
      "image_id": 0,
      "id": 1,
      "bbox": [
        711.1446481247367,
        323.1350427350427,
        259.12136536030323,
        491.6102564102565
      ],
      "area": 127386.72086615443,
      "keypoints": [
        880.3921568627451,
        378.4313725490196,
        2,
        892.8571428571429,
        364.8809523809524,
        2,
        869.2307692307693,
        364.1025641025641,
        2,
        904.0293040293041,
        369.96336996337,
        2,
        846.5201465201466,
        367.76556776556777,
        2,
        900.9803921568628,
        393.1372549019608,
        2,
        819.6428571428572,
        385.7142857142857,
        2,
        948.6725663716813,
        447.787610619469,
        2,
        872.5663716814158,
        458.4070796460177,
        2,
        1034.513274336283,
        458.4070796460177,
        0,
        927.4336283185839,
        494.6902654867256,
        2,
        831.858407079646,
        578.7610619469026,
        2,
        763.1147540983607,
        575.4098360655738,
        2,
        841.3333333333334,
        649.3333333333334,
        1,
        755.4347826086956,
        667.391304347826,
        2,
        828.8,
        736.8,
        2,
        746.9879518072288,
        746.9879518072288,
        2,
        804.3478260869565,
        765.2173913043478,
        2,
        732.7380952380953,
        767.2619047619048,
        2,
        868.8888888888889,
        767.5555555555555,
        2,
        771.1111111111111,
        773.7777777777778,
        2
      ],
      "num_keypoints": 20,
      "iscrowd": 0,
      "segmentation": []
    }
  ]
}