{
  "categories": [
    {
      "supercategory": "person",
      "id": 1,
      "name": "person",
      "keypoints": [
        "nose",
        "left_eye",
        "right_eye",
        "left_ear",
        "right_ear",
        "left_shoulder",
        "right_shoulder",
        "left_elbow",
        "right_elbow",
        "left_wrist",
        "right_wrist",
        "left_hip",
        "right_hip",
        "left_knee",
        "right_knee",
        "left_ankle",
        "right_ankle",
        "left_heel",
        "right_heel",
        "left_foot",
        "right_foot"
      ],
      "skeleton": [
        [
          1,
          2
        ],
        [
          0,
          1
        ],
        [
          0,
          2
        ],
        [
          1,
          3
        ],
        [
          2,
          4
        ],
        [
          5,
          6
        ],
        [
          5,
          7
        ],
        [
          7,
          9
        ],
        [
          6,
          8
        ],
        [
          8,
          10
        ],
        [
          5,
          11
        ],
        [
          6,
          12
        ],
        [
          11,
          12
        ],
        [
          11,
          13
        ],
        [
          13,
          15
        ],
        [
          12,
          14
        ],
        [
          14,
          16
        ],
        [
          16,
          18
        ],
        [
          16,
          20
        ],
        [
          20,
          18
        ],
        [
          15,
          17
        ],
        [
          15,
          19
        ],
        [
          19,
          17
        ]
      ]
    }
  ],
  "images": [
    {
      "file_name": "000000001669.jpg",
      "height": 1200,
      "width": 1600,
      "id": 0
    }
  ],
  "annotations": [
    {
      "category_id": 1,
      "image_id": 0,
      "id": 0,
      "bbox": [
        847.638888888889,
        298.47222222222223,
        303.33333333333314,
        335.00000000000006
      ],
      "area": 101616.66666666661,
      "keypoints": [
        909.0277777777778,
        355.55555555555554,
        2,
        922.9166666666669,
        340.27777777777777,
        2,
        893.7500000000001,
        341.6666666666667,
        2,
        960.4166666666669,
        326.3888888888889,
        2,
        886.8055555555557,
        340.27777777777777,
        0,
        1013.1944444444445,
        356.94444444444446,
        2,
        882.6388888888889,
        362.5,
        2,
        1070.138888888889,
        448.61111111111114,
        2,
        872.9166666666667,
        425.0,
        2,
        1040.9722222222222,
        522.2222222222223,
        2,
        882.6388888888889,
        505.5555555555556,
        1,
        1020.138888888889,
        536.1111111111111,
        1,
        984.0277777777779,
        545.8333333333334,
        1,
        1050.6944444444443,
        572.2222222222223,
        1,
        1034.0277777777778,
        566.6666666666667,
        0,
        1120.138888888889,
        565.2777777777778,
        2,
        1085.4166666666667,
        569.4444444444445,
        1,
        1125.6944444444443,
        543.0555555555555,
        2,
        1090.9722222222222,
        545.8333333333334,
        1,
        1120.138888888889,
        588.8888888888889,
        2,
        1082.638888888889,
        605.5555555555557,
        2
      ],
      "num_keypoints": 19,
      "iscrowd": 0,
      "segmentation": []
    },
    {
      "category_id": 1,
      "image_id": 0,
      "id": 1,
      "bbox": [
        702.6915584415584,
        322.16666666666663,
        177.7012987012987,
        606.7272727272729
      ],
      "area": 107816.22432113343,
      "keypoints": [
        781.1688311688312,
        385.7142857142857,
        2,
        788.961038961039,
        372.7272727272727,
        2,
        769.4805194805194,
        374.025974025974,
        2,
        756.4935064935065,
        375.3246753246753,
        0,
        727.9220779220778,
        376.6233766233766,
        2,
        788.961038961039,
        428.57142857142856,
        2,
        720.1298701298701,
        462.3376623376623,
        2,
        844.8051948051948,
        450.64935064935065,
        2,
        791.5584415584416,
        535.0649350649351,
        2,
        865.5844155844155,
        418.1818181818182,
        1,
        855.1948051948052,
        510.38961038961037,
        2,
        796.7532467532467,
        636.3636363636364,
        1,
        756.4935064935065,
        636.3636363636364,
        2,
        779.2207792207791,
        723.3766233766233,
        2,
        737.6623376623377,
        746.7532467532467,
        2,
        784.1666666666667,
        818.3333333333334,
        2,
        729.1666666666667,
        838.3333333333334,
        2,
        764.1666666666667,
        855.0000000000001,
        2,
        717.5,
        873.3333333333334,
        2,
        809.1666666666667,
        848.3333333333334,
        2,
        737.5,
        878.3333333333334,
        2
      ],
      "num_keypoints": 20,
      "iscrowd": 0,
      "segmentation": []
    }
  ]
}