{
  "categories": [
    {
      "supercategory": "person",
      "id": 1,
      "name": "person",
      "keypoints": [
        "nose",
        "left_eye",
        "right_eye",
        "left_ear",
        "right_ear",
        "left_shoulder",
        "right_shoulder",
        "left_elbow",
        "right_elbow",
        "left_wrist",
        "right_wrist",
        "left_hip",
        "right_hip",
        "left_knee",
        "right_knee",
        "left_ankle",
        "right_ankle",
        "left_heel",
        "right_heel",
        "left_foot",
        "right_foot"
      ],
      "skeleton": [
        [
          1,
          2
        ],
        [
          0,
          1
        ],
        [
          0,
          2
        ],
        [
          1,
          3
        ],
        [
          2,
          4
        ],
        [
          5,
          6
        ],
        [
          5,
          7
        ],
        [
          7,
          9
        ],
        [
          6,
          8
        ],
        [
          8,
          10
        ],
        [
          5,
          11
        ],
        [
          6,
          12
        ],
        [
          11,
          12
        ],
        [
          11,
          13
        ],
        [
          13,
          15
        ],
        [
          12,
          14
        ],
        [
          14,
          16
        ],
        [
          16,
          18
        ],
        [
          16,
          20
        ],
        [
          20,
          18
        ],
        [
          15,
          17
        ],
        [
          15,
          19
        ],
        [
          19,
          17
        ]
      ]
    }
  ],
  "images": [
    {
      "file_name": "000000001303.jpg",
      "height": 1200,
      "width": 1600,
      "id": 0
    }
  ],
  "annotations": [
    {
      "category_id": 1,
      "image_id": 0,
      "id": 0,
      "bbox": [
        499.4047619047619,
        39.01360544217687,
        561.6883116883118,
        586.3821892393321
      ],
      "area": 329364.0218779366,
      "keypoints": [
        869.5652173913043,
        263.04347826086956,
        2,
        881.7821782178219,
        249.9009900990099,
        2,
        864.2594859241126,
        250.4283965728274,
        2,
        930.8445532435741,
        250.67319461444308,
        2,
        869.7802197802198,
        235.7142857142857,
        0,
        958.7912087912088,
        321.42857142857144,
        2,
        853.2967032967033,
        301.64835164835165,
        2,
        992.8571428571428,
        441.75824175824175,
        2,
        859.1836734693878,
        468.36734693877554,
        0,
        1014.2857142857144,
        576.530612244898,
        2,
        842.8571428571429,
        550.0,
        2,
        822.7272727272726,
        450.64935064935065,
        2,
        775.974025974026,
        448.05194805194805,
        0,
        737.012987012987,
        328.57142857142856,
        2,
        707.1428571428571,
        350.64935064935065,
        2,
        635.7142857142857,
        184.41558441558442,
        2,
        605.1948051948052,
        185.71428571428572,
        1,
        567.4242424242424,
        160.6060606060606,
        2,
        546.2121212121212,
        145.45454545454544,
        2,
        602.2727272727273,
        118.18181818181817,
        2,
        567.4242424242424,
        87.87878787878788,
        2
      ],
      "num_keypoints": 18,
      "iscrowd": 0,
      "segmentation": []
    },
    {
      "category_id": 1,
      "image_id": 0,
      "id": 1,
      "bbox": [
        656.2666666666667,
        364.20720720720715,
        164.79999999999995,
        580.8648648648649
      ],
      "area": 95726.52972972971,
      "keypoints": [
        733.1168831168832,
        366.23376623376623,
        0,
        744.6969696969696,
        354.54545454545456,
        0,
        727.4096385542168,
        363.2530120481927,
        0,
        722.5274725274725,
        336.26373626373623,
        0,
        695.7831325301204,
        347.289156626506,
        0,
        760.4395604395604,
        384.6153846153846,
        0,
        671.6216216216216,
        412.61261261261257,
        2,
        798.4848484848485,
        487.8787878787879,
        1,
        721.2121212121212,
        537.8787878787879,
        2,
        855.3333333333333,
        492.6666666666667,
        0,
        807.3333333333333,
        560.6666666666666,
        2,
        756.6666666666666,
        602.0,
        2,
        714.0,
        614.0,
        2,
        767.3333333333333,
        739.3333333333334,
        2,
        730.0,
        751.3333333333334,
        2,
        723.3333333333333,
        839.3333333333334,
        2,
        694.0,
        855.3333333333334,
        2,
        696.6666666666666,
        871.3333333333334,
        2,
        670.0,
        882.0,
        2,
        766.0,
        884.6666666666666,
        2,
        743.3333333333333,
        896.6666666666666,
        2
      ],
      "num_keypoints": 14,
      "iscrowd": 0,
      "segmentation": []
    }
  ]
}