{
  "categories": [
    {
      "supercategory": "person",
      "id": 1,
      "name": "person",
      "keypoints": [
        "nose",
        "left_eye",
        "right_eye",
        "left_ear",
        "right_ear",
        "left_shoulder",
        "right_shoulder",
        "left_elbow",
        "right_elbow",
        "left_wrist",
        "right_wrist",
        "left_hip",
        "right_hip",
        "left_knee",
        "right_knee",
        "left_ankle",
        "right_ankle",
        "left_heel",
        "right_heel",
        "left_foot",
        "right_foot"
      ],
      "skeleton": [
        [
          1,
          2
        ],
        [
          0,
          1
        ],
        [
          0,
          2
        ],
        [
          1,
          3
        ],
        [
          2,
          4
        ],
        [
          5,
          6
        ],
        [
          5,
          7
        ],
        [
          7,
          9
        ],
        [
          6,
          8
        ],
        [
          8,
          10
        ],
        [
          5,
          11
        ],
        [
          6,
          12
        ],
        [
          11,
          12
        ],
        [
          11,
          13
        ],
        [
          13,
          15
        ],
        [
          12,
          14
        ],
        [
          14,
          16
        ],
        [
          16,
          18
        ],
        [
          16,
          20
        ],
        [
          20,
          18
        ],
        [
          15,
          17
        ],
        [
          15,
          19
        ],
        [
          19,
          17
        ]
      ]
    }
  ],
  "images": [
    {
      "file_name": "000000001215.jpg",
      "height": 1200,
      "width": 1600,
      "id": 0
    }
  ],
  "annotations": [
    {
      "category_id": 1,
      "image_id": 0,
      "id": 0,
      "bbox": [
        426.6303854875283,
        250.55555555555557,
        293.76870748299325,
        766.6666666666666
      ],
      "area": 225222.67573696148,
      "keypoints": [
        534.7826086956521,
        438.04347826086956,
        2,
        546.3035019455253,
        426.07003891050584,
        2,
        527.5964391691394,
        427.00296735905044,
        2,
        585.1632047477744,
        424.7774480712166,
        2,
        527.2040302267002,
        433.5012594458438,
        0,
        600.0000000000001,
        468.36734693877554,
        2,
        512.2448979591837,
        460.204081632653,
        1,
        640.8163265306123,
        415.3061224489795,
        2,
        483.6734693877551,
        409.1836734693877,
        2,
        695.9183673469388,
        339.79591836734687,
        2,
        451.1111111111111,
        314.44444444444446,
        2,
        620.1298701298701,
        667.5324675324675,
        2,
        518.2692307692307,
        670.1923076923076,
        1,
        608.6538461538462,
        795.1923076923076,
        2,
        569.2307692307692,
        808.6538461538461,
        0,
        635.5769230769231,
        900.0,
        2,
        584.4155844155844,
        885.7142857142857,
        2,
        645.4545454545455,
        927.2727272727273,
        2,
        593.1818181818181,
        915.1515151515151,
        1,
        624.4444444444445,
        953.3333333333333,
        2,
        544.6969696969696,
        931.8181818181818,
        1
      ],
      "num_keypoints": 19,
      "iscrowd": 0,
      "segmentation": []
    },
    {
      "category_id": 1,
      "image_id": 0,
      "id": 1,
      "bbox": [
        732.6598207993557,
        299.5984146412543,
        126.35457565690126,
        566.9452701521245
      ],
      "area": 71636.12903075894,
      "keypoints": [
        799.3506493506494,
        364.93506493506493,
        2,
        810.3896103896104,
        349.35064935064935,
        2,
        786.7109634551495,
        346.843853820598,
        2,
        818.2724252491694,
        356.1461794019933,
        0,
        764.4688644688645,
        356.4102564102564,
        2,
        843.8538205980066,
        401.32890365448503,
        2,
        743.1893687707641,
        399.33554817275746,
        2,
        848.4848484848485,
        492.42424242424244,
        2,
        762.1212121212121,
        489.3939393939394,
        2,
        821.9298245614034,
        450.87719298245617,
        2,
        793.859649122807,
        449.1228070175439,
        2,
        818.421052631579,
        584.2105263157895,
        2,
        764.0350877192982,
        594.7368421052632,
        2,
        809.6491228070175,
        689.4736842105264,
        2,
        772.8070175438596,
        700.0,
        2,
        806.140350877193,
        778.9473684210526,
        2,
        772.8070175438596,
        782.4561403508771,
        2,
        793.859649122807,
        805.2631578947369,
        1,
        765.7894736842105,
        803.5087719298245,
        2,
        809.6491228070175,
        817.5438596491229,
        2,
        769.2982456140351,
        819.2982456140351,
        2
      ],
      "num_keypoints": 20,
      "iscrowd": 0,
      "segmentation": []
    }
  ]
}