{
  "categories": [
    {
      "supercategory": "person",
      "id": 1,
      "name": "person",
      "keypoints": [
        "nose",
        "left_eye",
        "right_eye",
        "left_ear",
        "right_ear",
        "left_shoulder",
        "right_shoulder",
        "left_elbow",
        "right_elbow",
        "left_wrist",
        "right_wrist",
        "left_hip",
        "right_hip",
        "left_knee",
        "right_knee",
        "left_ankle",
        "right_ankle",
        "left_heel",
        "right_heel",
        "left_foot",
        "right_foot"
      ],
      "skeleton": [
        [
          1,
          2
        ],
        [
          0,
          1
        ],
        [
          0,
          2
        ],
        [
          1,
          3
        ],
        [
          2,
          4
        ],
        [
          5,
          6
        ],
        [
          5,
          7
        ],
        [
          7,
          9
        ],
        [
          6,
          8
        ],
        [
          8,
          10
        ],
        [
          5,
          11
        ],
        [
          6,
          12
        ],
        [
          11,
          12
        ],
        [
          11,
          13
        ],
        [
          13,
          15
        ],
        [
          12,
          14
        ],
        [
          14,
          16
        ],
        [
          16,
          18
        ],
        [
          16,
          20
        ],
        [
          20,
          18
        ],
        [
          15,
          17
        ],
        [
          15,
          19
        ],
        [
          19,
          17
        ]
      ]
    }
  ],
  "images": [
    {
      "file_name": "000000001156.jpg",
      "height": 1200,
      "width": 1600,
      "id": 0
    }
  ],
  "annotations": [
    {
      "category_id": 1,
      "image_id": 0,
      "id": 0,
      "bbox": [
        359.3171114599686,
        303.7424884483708,
        218.80690737833595,
        765.5476549594196
      ],
      "area": 167507.114832408,
      "keypoints": [
        432.3529411764706,
        380.3921568627451,
        2,
        444.85488126649074,
        367.81002638522426,
        2,
        417.21132897603485,
        367.53812636165577,
        2,
        453.8126361655774,
        379.3028322440087,
        0,
        384.3137254901961,
        381.69934640522877,
        2,
        481.6326530612245,
        452.0408163265306,
        2,
        381.6326530612245,
        454.0816326530612,
        2,
        528.5714285714287,
        588.7755102040816,
        2,
        377.55102040816325,
        586.734693877551,
        2,
        544.8979591836735,
        705.1020408163265,
        2,
        404.074074074074,
        704.8148148148148,
        0,
        507.79220779220776,
        724.6753246753246,
        2,
        416.23376623376623,
        720.7792207792207,
        2,
        447.4025974025974,
        837.6623376623377,
        1,
        498.0519480519481,
        838.961038961039,
        1,
        495.4545454545455,
        953.2467532467532,
        1,
        551.9480519480519,
        919.4805194805194,
        2,
        524.7252747252747,
        985.1648351648352,
        2,
        559.8901098901099,
        947.2527472527472,
        1,
        507.1428571428571,
        1005.4945054945055,
        2,
        540.1098901098901,
        968.1318681318681,
        2
      ],
      "num_keypoints": 19,
      "iscrowd": 0,
      "segmentation": []
    },
    {
      "category_id": 1,
      "image_id": 0,
      "id": 1,
      "bbox": [
        459.83167377904215,
        300.4511278195489,
        157.69559032716927,
        602.3786739576213
      ],
      "area": 94992.46059024452,
      "keypoints": [
        539.6103896103896,
        362.3376623376623,
        2,
        541.5584415584416,
        350.64935064935065,
        2,
        525.2252252252251,
        354.5045045045045,
        2,
        544.1441441441441,
        340.0900900900901,
        0,
        498.6486486486486,
        364.4144144144144,
        2,
        571.6216216216216,
        418.018018018018,
        2,
        472.9729729729729,
        415.7657657657657,
        2,
        592.4242424242425,
        504.54545454545456,
        2,
        481.8181818181818,
        519.6969696969697,
        0,
        600.8771929824561,
        566.6666666666667,
        2,
        490.35087719298247,
        591.2280701754386,
        0,
        578.0701754385965,
        617.5438596491229,
        2,
        514.9122807017544,
        635.0877192982456,
        0,
        581.578947368421,
        696.4912280701755,
        2,
        511.40350877192986,
        710.5263157894736,
        0,
        576.3157894736843,
        803.5087719298245,
        2,
        513.1578947368421,
        826.3157894736842,
        1,
        565.7894736842105,
        828.0701754385965,
        2,
        513.1578947368421,
        852.6315789473684,
        1,
        604.3859649122807,
        822.8070175438596,
        2,
        537.719298245614,
        864.9122807017544,
        0
      ],
      "num_keypoints": 15,
      "iscrowd": 0,
      "segmentation": []
    }
  ]
}