{
  "categories": [
    {
      "supercategory": "person",
      "id": 1,
      "name": "person",
      "keypoints": [
        "nose",
        "left_eye",
        "right_eye",
        "left_ear",
        "right_ear",
        "left_shoulder",
        "right_shoulder",
        "left_elbow",
        "right_elbow",
        "left_wrist",
        "right_wrist",
        "left_hip",
        "right_hip",
        "left_knee",
        "right_knee",
        "left_ankle",
        "right_ankle",
        "left_heel",
        "right_heel",
        "left_foot",
        "right_foot"
      ],
      "skeleton": [
        [
          1,
          2
        ],
        [
          0,
          1
        ],
        [
          0,
          2
        ],
        [
          1,
          3
        ],
        [
          2,
          4
        ],
        [
          5,
          6
        ],
        [
          5,
          7
        ],
        [
          7,
          9
        ],
        [
          6,
          8
        ],
        [
          8,
          10
        ],
        [
          5,
          11
        ],
        [
          6,
          12
        ],
        [
          11,
          12
        ],
        [
          11,
          13
        ],
        [
          13,
          15
        ],
        [
          12,
          14
        ],
        [
          14,
          16
        ],
        [
          16,
          18
        ],
        [
          16,
          20
        ],
        [
          20,
          18
        ],
        [
          15,
          17
        ],
        [
          15,
          19
        ],
        [
          19,
          17
        ]
      ]
    }
  ],
  "images": [
    {
      "file_name": "000000000082.jpg",
      "height": 1200,
      "width": 1600,
      "id": 0
    }
  ],
  "annotations": [
    {
      "category_id": 1,
      "image_id": 0,
      "id": 0,
      "bbox": [
        874.4865841073271,
        306.62241653418124,
        321.9504643962847,
        225.39586645468995
      ],
      "area": 72566.3038780904,
      "keypoints": [
        913.9344262295083,
        367.21311475409834,
        1,
        924.3421052631579,
        357.89473684210526,
        1,
        901.3157894736842,
        364.4736842105263,
        1,
        942.7027027027027,
        325.4054054054054,
        2,
        886.2318840579709,
        342.0289855072464,
        0,
        1014.4927536231883,
        341.30434782608694,
        2,
        907.2463768115941,
        347.1014492753623,
        1,
        1059.5588235294117,
        438.235294117647,
        2,
        915.4411764705882,
        426.4705882352941,
        2,
        1069.8529411764705,
        513.2352941176471,
        2,
        908.0882352941176,
        491.17647058823525,
        2,
        1077.8688524590164,
        426.2295081967213,
        2,
        1017.2131147540983,
        432.78688524590166,
        0,
        1109.016393442623,
        447.5409836065574,
        1,
        1082.3529411764705,
        445.09803921568624,
        0,
        1144.1176470588234,
        421.5686274509804,
        2,
        1105.8823529411764,
        410.78431372549016,
        0,
        1150.9803921568628,
        385.29411764705884,
        2,
        1113.7254901960785,
        383.3333333333333,
        2,
        1169.6078431372548,
        431.37254901960785,
        2,
        1128.0,
        408.8,
        0
      ],
      "num_keypoints": 16,
      "iscrowd": 0,
      "segmentation": []
    },
    {
      "category_id": 1,
      "image_id": 0,
      "id": 1,
      "bbox": [
        691.5380392156862,
        314.0725806451612,
        226.34352941176473,
        639.1935483870968
      ],
      "area": 144677.3237191651,
      "keypoints": [
        757.6086956521739,
        379.3478260869565,
        2,
        754.0322580645161,
        367.33870967741933,
        1,
        749.1935483870968,
        372.5806451612903,
        2,
        741.5322580645161,
        360.48387096774195,
        0,
        718.5483870967741,
        383.8709677419355,
        2,
        759.29203539823,
        420.3539823008849,
        1,
        738.0530973451326,
        452.2123893805309,
        2,
        829.4117647058823,
        455.88235294117646,
        0,
        827.4509803921568,
        479.4117647058823,
        2,
        881.3725490196078,
        454.9019607843137,
        1,
        899.0196078431372,
        407.84313725490193,
        2,
        727.0491803278688,
        632.7868852459017,
        0,
        743.4426229508197,
        640.983606557377,
        1,
        717.2131147540983,
        765.5737704918033,
        0,
        759.8360655737705,
        767.2131147540983,
        2,
        714.6666666666666,
        820.0,
        0,
        726.0869565217391,
        870.6521739130434,
        2,
        697.8260869565217,
        841.3043478260869,
        0,
        710.4,
        898.4,
        2,
        749.6,
        837.6,
        1,
        764.0,
        900.0,
        2
      ],
      "num_keypoints": 15,
      "iscrowd": 0,
      "segmentation": []
    }
  ]
}