{
  "categories": [
    {
      "supercategory": "person",
      "id": 1,
      "name": "person",
      "keypoints": [
        "nose",
        "left_eye",
        "right_eye",
        "left_ear",
        "right_ear",
        "left_shoulder",
        "right_shoulder",
        "left_elbow",
        "right_elbow",
        "left_wrist",
        "right_wrist",
        "left_hip",
        "right_hip",
        "left_knee",
        "right_knee",
        "left_ankle",
        "right_ankle",
        "left_heel",
        "right_heel",
        "left_foot",
        "right_foot"
      ],
      "skeleton": [
        [
          1,
          2
        ],
        [
          0,
          1
        ],
        [
          0,
          2
        ],
        [
          1,
          3
        ],
        [
          2,
          4
        ],
        [
          5,
          6
        ],
        [
          5,
          7
        ],
        [
          7,
          9
        ],
        [
          6,
          8
        ],
        [
          8,
          10
        ],
        [
          5,
          11
        ],
        [
          6,
          12
        ],
        [
          11,
          12
        ],
        [
          11,
          13
        ],
        [
          13,
          15
        ],
        [
          12,
          14
        ],
        [
          14,
          16
        ],
        [
          16,
          18
        ],
        [
          16,
          20
        ],
        [
          20,
          18
        ],
        [
          15,
          17
        ],
        [
          15,
          19
        ],
        [
          19,
          17
        ]
      ]
    }
  ],
  "images": [
    {
      "file_name": "000000000501.jpg",
      "height": 1200,
      "width": 1600,
      "id": 0
    }
  ],
  "annotations": [
    {
      "category_id": 1,
      "image_id": 0,
      "id": 0,
      "bbox": [
        745.8600583090379,
        431.70164078920607,
        261.34110787172006,
        441.73774493185977
      ],
      "area": 115444.23164924752,
      "keypoints": [
        842.156862745098,
        505.88235294117646,
        2,
        854.2857142857142,
        495.23809523809524,
        2,
        835.1190476190476,
        494.04761904761904,
        2,
        879.1666666666666,
        486.7063492063492,
        2,
        829.7376093294461,
        485.4227405247813,
        1,
        902.9154518950437,
        491.5451895043731,
        2,
        809.9125364431486,
        515.4518950437317,
        2,
        981.34110787172,
        468.5131195335277,
        2,
        790.9620991253644,
        590.3790087463557,
        1,
        985.4227405247813,
        496.20991253644314,
        2,
        767.6384839650145,
        652.7696793002915,
        2,
        895.33527696793,
        666.7638483965014,
        2,
        817.1428571428571,
        645.2380952380952,
        2,
        837.1428571428571,
        760.0,
        2,
        787.1428571428571,
        761.4285714285714,
        2,
        866.6666666666665,
        820.5128205128204,
        2,
        792.3076923076923,
        805.1282051282051,
        2,
        880.7692307692307,
        824.3589743589744,
        2,
        802.9069767441861,
        819.1860465116279,
        2,
        845.9302325581396,
        836.6279069767442,
        2,
        780.232558139535,
        828.4883720930233,
        2
      ],
      "num_keypoints": 21,
      "iscrowd": 0,
      "segmentation": []
    },
    {
      "category_id": 1,
      "image_id": 0,
      "id": 1,
      "bbox": [
        815.952380952381,
        348.40182877813504,
        128.57142857142844,
        484.1298231511254
      ],
      "area": 62245.2629765732,
      "keypoints": [
        885.2090032154341,
        397.427652733119,
        2,
        895.1768488745981,
        389.7106109324759,
        2,
        875.8842443729903,
        389.06752411575565,
        2,
        904.823151125402,
        394.85530546623795,
        2,
        857.8778135048232,
        388.7459807073955,
        2,
        913.5048231511255,
        446.9453376205788,
        2,
        826.6666666666666,
        437.1428571428571,
        2,
        933.8095238095237,
        510.9523809523809,
        1,
        804.7619047619047,
        510.0,
        0,
        920.952380952381,
        561.4285714285714,
        0,
        826.1904761904761,
        549.047619047619,
        0,
        914.2857142857142,
        587.6190476190476,
        1,
        851.2820512820513,
        591.025641025641,
        0,
        912.8205128205127,
        674.3589743589744,
        2,
        850.0,
        673.0769230769231,
        0,
        875.6410256410256,
        764.1025641025641,
        2,
        841.40625,
        738.28125,
        0,
        867.96875,
        782.8125,
        1,
        822.65625,
        741.40625,
        0,
        896.09375,
        792.1875,
        2,
        849.21875,
        778.125,
        0
      ],
      "num_keypoints": 13,
      "iscrowd": 0,
      "segmentation": []
    }
  ]
}