{
  "categories": [
    {
      "supercategory": "person",
      "id": 1,
      "name": "person",
      "keypoints": [
        "nose",
        "left_eye",
        "right_eye",
        "left_ear",
        "right_ear",
        "left_shoulder",
        "right_shoulder",
        "left_elbow",
        "right_elbow",
        "left_wrist",
        "right_wrist",
        "left_hip",
        "right_hip",
        "left_knee",
        "right_knee",
        "left_ankle",
        "right_ankle",
        "left_heel",
        "right_heel",
        "left_foot",
        "right_foot"
      ],
      "skeleton": [
        [
          1,
          2
        ],
        [
          0,
          1
        ],
        [
          0,
          2
        ],
        [
          1,
          3
        ],
        [
          2,
          4
        ],
        [
          5,
          6
        ],
        [
          5,
          7
        ],
        [
          7,
          9
        ],
        [
          6,
          8
        ],
        [
          8,
          10
        ],
        [
          5,
          11
        ],
        [
          6,
          12
        ],
        [
          11,
          12
        ],
        [
          11,
          13
        ],
        [
          13,
          15
        ],
        [
          12,
          14
        ],
        [
          14,
          16
        ],
        [
          16,
          18
        ],
        [
          16,
          20
        ],
        [
          20,
          18
        ],
        [
          15,
          17
        ],
        [
          15,
          19
        ],
        [
          19,
          17
        ]
      ]
    }
  ],
  "images": [
    {
      "file_name": "000000000730.jpg",
      "height": 1200,
      "width": 1600,
      "id": 0
    }
  ],
  "annotations": [
    {
      "category_id": 1,
      "image_id": 0,
      "id": 0,
      "bbox": [
        853.3404017857143,
        269.0279605263158,
        189.60267857142856,
        615.4144736842104
      ],
      "area": 116684.23264215222,
      "keypoints": [
        881.3725490196078,
        355.88235294117646,
        2,
        893.75,
        344.921875,
        2,
        869.140625,
        345.703125,
        2,
        932.421875,
        320.3125,
        2,
        880.4761904761905,
        329.5238095238095,
        0,
        990.952380952381,
        377.1428571428571,
        2,
        869.5238095238095,
        352.85714285714283,
        2,
        1010.0,
        474.2857142857143,
        2,
        872.8571428571428,
        455.7142857142857,
        2,
        1027.142857142857,
        555.7142857142857,
        2,
        870.952380952381,
        531.9047619047619,
        2,
        999.047619047619,
        534.2857142857142,
        2,
        912.8205128205127,
        524.3589743589744,
        2,
        983.3333333333333,
        670.5128205128206,
        2,
        925.6410256410256,
        660.2564102564103,
        2,
        993.5897435897434,
        791.025641025641,
        2,
        937.1794871794871,
        775.6410256410256,
        1,
        1006.8421052631578,
        819.4736842105262,
        2,
        957.3684210526316,
        787.8947368421052,
        2,
        986.3157894736842,
        833.1578947368421,
        2,
        937.3684210526316,
        824.7368421052631,
        2
      ],
      "num_keypoints": 20,
      "iscrowd": 0,
      "segmentation": []
    },
    {
      "category_id": 1,
      "image_id": 0,
      "id": 1,
      "bbox": [
        753.4913793103448,
        313.4369328493648,
        113.27586206896558,
        619.7912885662432
      ],
      "area": 70207.39251517621,
      "keypoints": [
        809.4827586206897,
        378.448275862069,
        2,
        818.9655172413793,
        365.948275862069,
        2,
        794.3965517241379,
        365.08620689655174,
        2,
        810.3448275862069,
        365.08620689655174,
        0,
        762.9310344827586,
        368.1034482758621,
        2,
        839.2241379310344,
        415.948275862069,
        2,
        770.2586206896551,
        439.22413793103453,
        2,
        895.6896551724137,
        496.55172413793105,
        0,
        784.9137931034483,
        555.6034482758621,
        2,
        892.2413793103448,
        473.7068965517242,
        0,
        857.3275862068965,
        503.0172413793104,
        2,
        838.3620689655172,
        595.2586206896552,
        2,
        793.5897435897435,
        614.1025641025641,
        2,
        839.7435897435896,
        720.5128205128206,
        2,
        799.9999999999999,
        752.5641025641025,
        2,
        833.1578947368421,
        828.4210526315788,
        2,
        774.7368421052631,
        868.9473684210526,
        2,
        827.8947368421052,
        843.6842105263157,
        2,
        767.3684210526316,
        881.578947368421,
        2,
        852.6315789473683,
        845.7894736842105,
        2,
        789.4736842105262,
        880.5263157894736,
        2
      ],
      "num_keypoints": 18,
      "iscrowd": 0,
      "segmentation": []
    }
  ]
}