{
  "categories": [
    {
      "supercategory": "person",
      "id": 1,
      "name": "person",
      "keypoints": [
        "nose",
        "left_eye",
        "right_eye",
        "left_ear",
        "right_ear",
        "left_shoulder",
        "right_shoulder",
        "left_elbow",
        "right_elbow",
        "left_wrist",
        "right_wrist",
        "left_hip",
        "right_hip",
        "left_knee",
        "right_knee",
        "left_ankle",
        "right_ankle",
        "left_heel",
        "right_heel",
        "left_foot",
        "right_foot"
      ],
      "skeleton": [
        [
          1,
          2
        ],
        [
          0,
          1
        ],
        [
          0,
          2
        ],
        [
          1,
          3
        ],
        [
          2,
          4
        ],
        [
          5,
          6
        ],
        [
          5,
          7
        ],
        [
          7,
          9
        ],
        [
          6,
          8
        ],
        [
          8,
          10
        ],
        [
          5,
          11
        ],
        [
          6,
          12
        ],
        [
          11,
          12
        ],
        [
          11,
          13
        ],
        [
          13,
          15
        ],
        [
          12,
          14
        ],
        [
          14,
          16
        ],
        [
          16,
          18
        ],
        [
          16,
          20
        ],
        [
          20,
          18
        ],
        [
          15,
          17
        ],
        [
          15,
          19
        ],
        [
          19,
          17
        ]
      ]
    }
  ],
  "images": [
    {
      "file_name": "000000000216.jpg",
      "height": 1200,
      "width": 1600,
      "id": 0
    }
  ],
  "annotations": [
    {
      "category_id": 1,
      "image_id": 0,
      "id": 0,
      "bbox": [
        456.39318885448915,
        279.1666666666667,
        625.9133126934983,
        297.05882352941165
      ],
      "area": 185933.07230012736,
      "keypoints": [
        872.9508196721312,
        318.0327868852459,
        1,
        880.921052631579,
        305.2631578947368,
        2,
        863.1578947368421,
        307.2368421052632,
        1,
        920.5882352941177,
        303.921568627451,
        1,
        871.0526315789474,
        295.39473684210526,
        0,
        953.2894736842105,
        365.7894736842105,
        2,
        869.672131147541,
        342.62295081967216,
        1,
        990.4411764705882,
        467.6470588235294,
        2,
        847.7941176470588,
        439.70588235294116,
        2,
        1030.1470588235293,
        551.470588235294,
        2,
        800.7352941176471,
        508.8235294117647,
        0,
        828.6885245901639,
        488.5245901639344,
        2,
        807.3770491803278,
        468.8524590163934,
        2,
        731.967213114754,
        418.0327868852459,
        2,
        702.9411764705882,
        405.88235294117646,
        1,
        591.1764705882352,
        474.5098039215686,
        2,
        597.0588235294117,
        430.3921568627451,
        2,
        553.2608695652174,
        513.0434782608695,
        2,
        552.1739130434783,
        454.3478260869565,
        1,
        521.0526315789474,
        471.05263157894734,
        2,
        508.55263157894734,
        426.9736842105263,
        2
      ],
      "num_keypoints": 19,
      "iscrowd": 0,
      "segmentation": []
    },
    {
      "category_id": 1,
      "image_id": 0,
      "id": 1,
      "bbox": [
        751.7883022774328,
        300.29503105590055,
        114.25465838509308,
        639.937888198758
      ],
      "area": 73115.88480382698,
      "keypoints": [
        826.5060240963854,
        365.0602409638554,
        1,
        834.0579710144926,
        353.62318840579707,
        1,
        811.2745098039215,
        356.37254901960785,
        2,
        841.6666666666666,
        352.45098039215685,
        0,
        785.2409638554216,
        362.6506024096385,
        2,
        868.0327868852459,
        413.11475409836066,
        0,
        766.3934426229508,
        449.1803278688525,
        0,
        877.4509803921568,
        460.78431372549016,
        0,
        782.3529411764706,
        538.2352941176471,
        1,
        858.8235294117646,
        437.2549019607843,
        0,
        857.6086956521739,
        476.0869565217391,
        0,
        856.5217391304348,
        604.3478260869565,
        2,
        790.2173913043478,
        613.0434782608695,
        2,
        853.9215686274509,
        736.2745098039215,
        2,
        802.9411764705882,
        748.0392156862745,
        2,
        850.0,
        809.8039215686274,
        2,
        775.221238938053,
        849.5575221238937,
        2,
        851.3513513513514,
        824.8648648648648,
        1,
        761.3095238095239,
        875.0,
        2,
        851.1904761904763,
        842.8571428571429,
        2,
        802.9761904761905,
        886.9047619047619,
        2
      ],
      "num_keypoints": 15,
      "iscrowd": 0,
      "segmentation": []
    }
  ]
}