{
  "categories": [
    {
      "supercategory": "person",
      "id": 1,
      "name": "person",
      "keypoints": [
        "nose",
        "left_eye",
        "right_eye",
        "left_ear",
        "right_ear",
        "left_shoulder",
        "right_shoulder",
        "left_elbow",
        "right_elbow",
        "left_wrist",
        "right_wrist",
        "left_hip",
        "right_hip",
        "left_knee",
        "right_knee",
        "left_ankle",
        "right_ankle",
        "left_heel",
        "right_heel",
        "left_foot",
        "right_foot"
      ],
      "skeleton": [
        [
          1,
          2
        ],
        [
          0,
          1
        ],
        [
          0,
          2
        ],
        [
          1,
          3
        ],
        [
          2,
          4
        ],
        [
          5,
          6
        ],
        [
          5,
          7
        ],
        [
          7,
          9
        ],
        [
          6,
          8
        ],
        [
          8,
          10
        ],
        [
          5,
          11
        ],
        [
          6,
          12
        ],
        [
          11,
          12
        ],
        [
          11,
          13
        ],
        [
          13,
          15
        ],
        [
          12,
          14
        ],
        [
          14,
          16
        ],
        [
          16,
          18
        ],
        [
          16,
          20
        ],
        [
          20,
          18
        ],
        [
          15,
          17
        ],
        [
          15,
          19
        ],
        [
          19,
          17
        ]
      ]
    }
  ],
  "images": [
    {
      "file_name": "000000002028.jpg",
      "height": 1200,
      "width": 1600,
      "id": 0
    }
  ],
  "annotations": [
    {
      "category_id": 1,
      "image_id": 0,
      "id": 0,
      "bbox": [
        825.1985685071575,
        245.36319018404905,
        266.3288343558281,
        622.5128834355829
      ],
      "area": 165793.1306168843,
      "keypoints": [
        868.4049079754601,
        329.7546012269938,
        2,
        881.1349693251533,
        314.7239263803681,
        2,
        857.0552147239263,
        313.4969325153374,
        2,
        922.3926380368098,
        297.23926380368096,
        2,
        850.7668711656441,
        302.4539877300613,
        0,
        975.6134969325153,
        313.34355828220856,
        2,
        847.3926380368098,
        319.93865030674846,
        1,
        1014.1350210970463,
        455.90717299578057,
        2,
        863.5021097046413,
        450.210970464135,
        2,
        1029.113924050633,
        550.0,
        2,
        849.7777777777778,
        520.4444444444445,
        2,
        1000.632911392405,
        566.2447257383966,
        2,
        937.3417721518987,
        570.042194092827,
        2,
        1025.3333333333333,
        676.4444444444445,
        2,
        945.7777777777778,
        672.0,
        2,
        1050.2222222222222,
        766.6666666666666,
        2,
        974.6666666666666,
        764.0,
        2,
        1069.3333333333333,
        753.3333333333334,
        2,
        994.6666666666666,
        756.0,
        2,
        1044.4444444444443,
        816.0,
        2,
        954.9019607843138,
        811.2745098039215,
        2
      ],
      "num_keypoints": 20,
      "iscrowd": 0,
      "segmentation": []
    },
    {
      "category_id": 1,
      "image_id": 0,
      "id": 1,
      "bbox": [
        675.2444444444444,
        308.9471309996391,
        179.73333333333335,
        665.6405629736557
      ],
      "area": 119637.79718513173,
      "keypoints": [
        775.0,
        375.76687116564415,
        2,
        776.2269938650306,
        365.64417177914106,
        0,
        767.1779141104294,
        364.4171779141104,
        2,
        747.8527607361963,
        365.49079754601223,
        0,
        720.8588957055214,
        366.87116564417175,
        2,
        761.5030674846626,
        424.07975460122697,
        2,
        701.6877637130801,
        440.71729957805906,
        2,
        832.2784810126582,
        490.50632911392404,
        2,
        802.9535864978902,
        494.3037974683544,
        2,
        856.3291139240506,
        447.8902953586498,
        0,
        840.0,
        420.0,
        2,
        786.2869198312236,
        656.1181434599156,
        2,
        737.5527426160337,
        657.8059071729957,
        2,
        765.7777777777778,
        751.1111111111111,
        2,
        720.8888888888889,
        751.5555555555555,
        2,
        776.0,
        832.4444444444445,
        2,
        708.0,
        887.5555555555555,
        2,
        754.6666666666666,
        854.6666666666666,
        2,
        690.2222222222222,
        900.8888888888889,
        2,
        816.0,
        857.3333333333334,
        2,
        740.1960784313726,
        919.1176470588235,
        2
      ],
      "num_keypoints": 18,
      "iscrowd": 0,
      "segmentation": []
    }
  ]
}