{
  "categories": [
    {
      "supercategory": "person",
      "id": 1,
      "name": "person",
      "keypoints": [
        "nose",
        "left_eye",
        "right_eye",
        "left_ear",
        "right_ear",
        "left_shoulder",
        "right_shoulder",
        "left_elbow",
        "right_elbow",
        "left_wrist",
        "right_wrist",
        "left_hip",
        "right_hip",
        "left_knee",
        "right_knee",
        "left_ankle",
        "right_ankle",
        "left_heel",
        "right_heel",
        "left_foot",
        "right_foot"
      ],
      "skeleton": [
        [
          1,
          2
        ],
        [
          0,
          1
        ],
        [
          0,
          2
        ],
        [
          1,
          3
        ],
        [
          2,
          4
        ],
        [
          5,
          6
        ],
        [
          5,
          7
        ],
        [
          7,
          9
        ],
        [
          6,
          8
        ],
        [
          8,
          10
        ],
        [
          5,
          11
        ],
        [
          6,
          12
        ],
        [
          11,
          12
        ],
        [
          11,
          13
        ],
        [
          13,
          15
        ],
        [
          12,
          14
        ],
        [
          14,
          16
        ],
        [
          16,
          18
        ],
        [
          16,
          20
        ],
        [
          20,
          18
        ],
        [
          15,
          17
        ],
        [
          15,
          19
        ],
        [
          19,
          17
        ]
      ]
    }
  ],
  "images": [
    {
      "file_name": "000000001713.jpg",
      "height": 1200,
      "width": 1600,
      "id": 0
    }
  ],
  "annotations": [
    {
      "category_id": 1,
      "image_id": 0,
      "id": 0,
      "bbox": [
        654.5454545454545,
        310.38095238095235,
        225.97402597402595,
        592.3116883116884
      ],
      "area": 133847.05683926464,
      "keypoints": [
        762.9870129870129,
        372.7272727272727,
        2,
        781.1688311688312,
        363.6363636363636,
        2,
        748.7012987012987,
        359.7402597402597,
        2,
        800.6493506493506,
        372.7272727272727,
        2,
        737.012987012987,
        367.53246753246754,
        2,
        803.2467532467532,
        419.4805194805195,
        2,
        711.038961038961,
        436.3636363636364,
        2,
        861.6883116883116,
        496.1038961038961,
        2,
        673.3766233766233,
        509.09090909090907,
        2,
        846.1038961038961,
        520.7792207792207,
        1,
        708.4415584415584,
        548.051948051948,
        2,
        792.8571428571429,
        620.7792207792207,
        2,
        734.4155844155844,
        619.4805194805194,
        2,
        772.7272727272726,
        727.2727272727273,
        2,
        716.8831168831168,
        735.0649350649351,
        1,
        774.1666666666667,
        821.6666666666667,
        2,
        705.8333333333334,
        828.3333333333334,
        2,
        755.8333333333334,
        848.3333333333334,
        2,
        714.1666666666667,
        838.3333333333334,
        1,
        797.5,
        843.3333333333334,
        2,
        705.8333333333334,
        853.3333333333334,
        2
      ],
      "num_keypoints": 21,
      "iscrowd": 0,
      "segmentation": []
    }
  ]
}