{
  "categories": [
    {
      "supercategory": "person",
      "id": 1,
      "name": "person",
      "keypoints": [
        "nose",
        "left_eye",
        "right_eye",
        "left_ear",
        "right_ear",
        "left_shoulder",
        "right_shoulder",
        "left_elbow",
        "right_elbow",
        "left_wrist",
        "right_wrist",
        "left_hip",
        "right_hip",
        "left_knee",
        "right_knee",
        "left_ankle",
        "right_ankle",
        "left_heel",
        "right_heel",
        "left_foot",
        "right_foot"
      ],
      "skeleton": [
        [
          1,
          2
        ],
        [
          0,
          1
        ],
        [
          0,
          2
        ],
        [
          1,
          3
        ],
        [
          2,
          4
        ],
        [
          5,
          6
        ],
        [
          5,
          7
        ],
        [
          7,
          9
        ],
        [
          6,
          8
        ],
        [
          8,
          10
        ],
        [
          5,
          11
        ],
        [
          6,
          12
        ],
        [
          11,
          12
        ],
        [
          11,
          13
        ],
        [
          13,
          15
        ],
        [
          12,
          14
        ],
        [
          14,
          16
        ],
        [
          16,
          18
        ],
        [
          16,
          20
        ],
        [
          20,
          18
        ],
        [
          15,
          17
        ],
        [
          15,
          19
        ],
        [
          19,
          17
        ]
      ]
    }
  ],
  "images": [
    {
      "file_name": "000000001441.jpg",
      "height": 1200,
      "width": 1600,
      "id": 0
    }
  ],
  "annotations": [
    {
      "category_id": 1,
      "image_id": 0,
      "id": 0,
      "bbox": [
        818.4254709254709,
        305.6183456183456,
        341.0565110565111,
        354.2014742014741
      ],
      "area": 120802.71900222759,
      "keypoints": [
        897.4358974358975,
        396.79487179487177,
        0,
        908.0128205128204,
        388.46153846153845,
        1,
        880.568720379147,
        401.89573459715643,
        2,
        922.7488151658769,
        377.25118483412325,
        1,
        864.8648648648648,
        378.37837837837833,
        0,
        981.9819819819819,
        344.1441441441441,
        2,
        846.8468468468468,
        335.1351351351351,
        1,
        1071.1711711711712,
        429.7297297297297,
        2,
        893.8775510204082,
        462.2448979591836,
        2,
        1072.0,
        544.6666666666666,
        2,
        898.051948051948,
        511.68831168831167,
        2,
        1051.2987012987014,
        483.1168831168831,
        2,
        988.961038961039,
        487.012987012987,
        2,
        1042.2077922077924,
        564.9350649350649,
        0,
        1031.818181818182,
        545.4545454545455,
        0,
        1116.2337662337663,
        589.6103896103896,
        2,
        1090.909090909091,
        580.5194805194805,
        0,
        1127.2727272727273,
        572.7272727272727,
        2,
        1096.212121212121,
        568.1818181818181,
        1,
        1131.060606060606,
        630.3030303030303,
        2,
        1090.151515151515,
        619.6969696969697,
        2
      ],
      "num_keypoints": 16,
      "iscrowd": 0,
      "segmentation": []
    },
    {
      "category_id": 1,
      "image_id": 0,
      "id": 1,
      "bbox": [
        675.8666666666667,
        291.7135135135135,
        217.60000000000002,
        683.2216216216217
      ],
      "area": 148669.02486486488,
      "keypoints": [
        796.7532467532468,
        361.038961038961,
        2,
        797.7272727272726,
        350.0,
        1,
        782.8828828828828,
        349.0990990990991,
        2,
        765.3153153153153,
        339.18918918918916,
        0,
        736.036036036036,
        348.64864864864865,
        2,
        806.3063063063063,
        408.10810810810807,
        2,
        727.9279279279278,
        429.7297297297297,
        2,
        872.7272727272727,
        481.8181818181818,
        2,
        803.030303030303,
        471.2121212121212,
        2,
        875.3333333333334,
        414.0,
        1,
        856.6666666666666,
        394.0,
        1,
        799.3333333333333,
        614.0,
        2,
        759.3333333333333,
        620.6666666666666,
        1,
        806.0,
        720.6666666666666,
        2,
        755.3333333333333,
        742.0,
        2,
        795.3333333333333,
        818.0,
        2,
        715.3333333333333,
        860.6666666666666,
        2,
        771.3333333333333,
        840.6666666666666,
        2,
        694.0,
        879.3333333333334,
        2,
        854.0,
        856.6666666666666,
        2,
        755.3333333333333,
        918.0,
        2
      ],
      "num_keypoints": 20,
      "iscrowd": 0,
      "segmentation": []
    }
  ]
}