{
  "categories": [
    {
      "supercategory": "person",
      "id": 1,
      "name": "person",
      "keypoints": [
        "nose",
        "left_eye",
        "right_eye",
        "left_ear",
        "right_ear",
        "left_shoulder",
        "right_shoulder",
        "left_elbow",
        "right_elbow",
        "left_wrist",
        "right_wrist",
        "left_hip",
        "right_hip",
        "left_knee",
        "right_knee",
        "left_ankle",
        "right_ankle",
        "left_heel",
        "right_heel",
        "left_foot",
        "right_foot"
      ],
      "skeleton": [
        [
          1,
          2
        ],
        [
          0,
          1
        ],
        [
          0,
          2
        ],
        [
          1,
          3
        ],
        [
          2,
          4
        ],
        [
          5,
          6
        ],
        [
          5,
          7
        ],
        [
          7,
          9
        ],
        [
          6,
          8
        ],
        [
          8,
          10
        ],
        [
          5,
          11
        ],
        [
          6,
          12
        ],
        [
          11,
          12
        ],
        [
          11,
          13
        ],
        [
          13,
          15
        ],
        [
          12,
          14
        ],
        [
          14,
          16
        ],
        [
          16,
          18
        ],
        [
          16,
          20
        ],
        [
          20,
          18
        ],
        [
          15,
          17
        ],
        [
          15,
          19
        ],
        [
          19,
          17
        ]
      ]
    }
  ],
  "images": [
    {
      "file_name": "000000001496.jpg",
      "height": 1200,
      "width": 1600,
      "id": 0
    }
  ],
  "annotations": [
    {
      "category_id": 1,
      "image_id": 0,
      "id": 0,
      "bbox": [
        536.2064676616916,
        282.09830866807613,
        447.3405698778831,
        431.0993657505285
      ],
      "area": 192848.23594883538,
      "keypoints": [
        816.2790697674419,
        334.8837209302326,
        2,
        830.8139534883721,
        318.0232558139535,
        2,
        807.0143884892086,
        319.2446043165467,
        2,
        866.3669064748201,
        322.1223021582733,
        2,
        809.9502487562188,
        331.84079601990044,
        0,
        936.3184079601989,
        378.6069651741293,
        2,
        796.0199004975124,
        357.7114427860696,
        2,
        946.2686567164178,
        501.9900497512437,
        2,
        789.795918367347,
        492.8571428571429,
        2,
        945.3333333333334,
        594.6666666666666,
        2,
        779.87012987013,
        585.7142857142857,
        0,
        895.4545454545454,
        559.7402597402597,
        2,
        804.5454545454546,
        518.1818181818181,
        2,
        773.3766233766233,
        563.6363636363636,
        2,
        730.5194805194806,
        567.5324675324675,
        2,
        675.438596491228,
        636.8421052631579,
        2,
        628.0701754385966,
        624.561403508772,
        1,
        648.2456140350878,
        675.438596491228,
        2,
        596.2121212121212,
        677.2727272727273,
        1,
        617.4242424242424,
        637.8787878787879,
        2,
        573.4848484848485,
        634.8484848484849,
        2
      ],
      "num_keypoints": 19,
      "iscrowd": 0,
      "segmentation": []
    },
    {
      "category_id": 1,
      "image_id": 0,
      "id": 1,
      "bbox": [
        646.9333333333334,
        324.69182389937106,
        132.79999999999995,
        711.2452830188679
      ],
      "area": 94453.37358490562,
      "keypoints": [
        725.3246753246754,
        397.4025974025974,
        2,
        730.1886792452831,
        383.9622641509434,
        1,
        720.0,
        384.72222222222223,
        2,
        706.7278287461774,
        381.9571865443425,
        0,
        683.8888888888889,
        388.88888888888886,
        2,
        726.9521410579345,
        440.05037783375315,
        2,
        673.2997481108312,
        459.69773299748107,
        2,
        776.5151515151514,
        503.03030303030306,
        0,
        691.6666666666666,
        568.1818181818181,
        2,
        791.3333333333333,
        531.3333333333334,
        0,
        771.3333333333333,
        552.6666666666666,
        0,
        719.3333333333333,
        656.6666666666666,
        2,
        694.0,
        662.0,
        1,
        746.0,
        774.0,
        2,
        718.0,
        807.3333333333334,
        2,
        710.0,
        887.3333333333334,
        2,
        672.6666666666666,
        931.3333333333334,
        2,
        678.0,
        916.6666666666666,
        2,
        658.0,
        963.3333333333334,
        2,
        768.6666666666666,
        916.6666666666666,
        2,
        731.3333333333333,
        976.6666666666666,
        2
      ],
      "num_keypoints": 17,
      "iscrowd": 0,
      "segmentation": []
    }
  ]
}