{
  "categories": [
    {
      "supercategory": "person",
      "id": 1,
      "name": "person",
      "keypoints": [
        "nose",
        "left_eye",
        "right_eye",
        "left_ear",
        "right_ear",
        "left_shoulder",
        "right_shoulder",
        "left_elbow",
        "right_elbow",
        "left_wrist",
        "right_wrist",
        "left_hip",
        "right_hip",
        "left_knee",
        "right_knee",
        "left_ankle",
        "right_ankle",
        "left_heel",
        "right_heel",
        "left_foot",
        "right_foot"
      ],
      "skeleton": [
        [
          1,
          2
        ],
        [
          0,
          1
        ],
        [
          0,
          2
        ],
        [
          1,
          3
        ],
        [
          2,
          4
        ],
        [
          5,
          6
        ],
        [
          5,
          7
        ],
        [
          7,
          9
        ],
        [
          6,
          8
        ],
        [
          8,
          10
        ],
        [
          5,
          11
        ],
        [
          6,
          12
        ],
        [
          11,
          12
        ],
        [
          11,
          13
        ],
        [
          13,
          15
        ],
        [
          12,
          14
        ],
        [
          14,
          16
        ],
        [
          16,
          18
        ],
        [
          16,
          20
        ],
        [
          20,
          18
        ],
        [
          15,
          17
        ],
        [
          15,
          19
        ],
        [
          19,
          17
        ]
      ]
    }
  ],
  "images": [
    {
      "file_name": "000000000466.jpg",
      "height": 1200,
      "width": 1600,
      "id": 0
    }
  ],
  "annotations": [
    {
      "category_id": 1,
      "image_id": 0,
      "id": 0,
      "bbox": [
        1138.0043859649122,
        321.20401337792634,
        167.63157894736855,
        441.20401337792646
      ],
      "area": 73959.72540045773,
      "keypoints": [
        1237.2549019607843,
        364.70588235294116,
        2,
        1248.550724637681,
        360.1449275362319,
        2,
        1230.4347826086955,
        357.97101449275357,
        2,
        1270.8333333333335,
        364.8809523809524,
        1,
        1221.4285714285716,
        364.2857142857143,
        1,
        1291.6666666666667,
        423.80952380952385,
        2,
        1211.764705882353,
        406.8627450980392,
        2,
        1280.2631578947369,
        501.9736842105263,
        2,
        1182.2368421052631,
        454.60526315789474,
        2,
        1272.3684210526317,
        551.9736842105264,
        2,
        1151.9736842105262,
        491.4473684210526,
        2,
        1245.0980392156862,
        545.0980392156863,
        2,
        1206.862745098039,
        542.156862745098,
        2,
        1240.1960784313726,
        644.1176470588235,
        2,
        1210.7843137254902,
        643.1372549019608,
        2,
        1237.2549019607843,
        692.156862745098,
        2,
        1213.157894736842,
        695.3947368421052,
        2,
        1247.6190476190477,
        723.2142857142858,
        2,
        1221.6117216117216,
        714.2857142857143,
        2,
        1228.2051282051282,
        725.6410256410256,
        2,
        1198.8095238095239,
        720.2380952380953,
        2
      ],
      "num_keypoints": 21,
      "iscrowd": 0,
      "segmentation": []
    },
    {
      "category_id": 1,
      "image_id": 0,
      "id": 1,
      "bbox": [
        789.8949579831933,
        338.47069597069594,
        78.40336134453776,
        522.967032967033
      ],
      "area": 41002.37325699508,
      "keypoints": [
        861.7647058823529,
        390.19607843137254,
        1,
        853.2894736842105,
        380.92105263157896,
        0,
        854.2124542124542,
        382.05128205128204,
        1,
        826.7399267399268,
        389.3772893772894,
        0,
        833.5526315789474,
        392.7631578947368,
        2,
        824.4444444444445,
        431.55555555555554,
        0,
        828.0,
        456.44444444444446,
        2,
        842.4778761061946,
        513.2743362831858,
        0,
        814.1592920353982,
        538.9380530973451,
        2,
        833.6283185840707,
        591.150442477876,
        0,
        830.4347826086956,
        606.5217391304348,
        2,
        816.3043478260869,
        610.8695652173913,
        0,
        817.2131147540983,
        618.032786885246,
        2,
        822.1311475409835,
        698.360655737705,
        0,
        825.4098360655737,
        696.7213114754098,
        2,
        813.9344262295082,
        772.1311475409836,
        0,
        812.3893805309733,
        787.6106194690265,
        2,
        796.4285714285714,
        783.3333333333334,
        1,
        798.8095238095239,
        815.4761904761905,
        2,
        852.3809523809524,
        792.8571428571429,
        2,
        839.2857142857143,
        817.8571428571429,
        2
      ],
      "num_keypoints": 13,
      "iscrowd": 0,
      "segmentation": []
    }
  ]
}