{
  "categories": [
    {
      "supercategory": "person",
      "id": 1,
      "name": "person",
      "keypoints": [
        "nose",
        "left_eye",
        "right_eye",
        "left_ear",
        "right_ear",
        "left_shoulder",
        "right_shoulder",
        "left_elbow",
        "right_elbow",
        "left_wrist",
        "right_wrist",
        "left_hip",
        "right_hip",
        "left_knee",
        "right_knee",
        "left_ankle",
        "right_ankle",
        "left_heel",
        "right_heel",
        "left_foot",
        "right_foot"
      ],
      "skeleton": [
        [
          1,
          2
        ],
        [
          0,
          1
        ],
        [
          0,
          2
        ],
        [
          1,
          3
        ],
        [
          2,
          4
        ],
        [
          5,
          6
        ],
        [
          5,
          7
        ],
        [
          7,
          9
        ],
        [
          6,
          8
        ],
        [
          8,
          10
        ],
        [
          5,
          11
        ],
        [
          6,
          12
        ],
        [
          11,
          12
        ],
        [
          11,
          13
        ],
        [
          13,
          15
        ],
        [
          12,
          14
        ],
        [
          14,
          16
        ],
        [
          16,
          18
        ],
        [
          16,
          20
        ],
        [
          20,
          18
        ],
        [
          15,
          17
        ],
        [
          15,
          19
        ],
        [
          19,
          17
        ]
      ]
    }
  ],
  "images": [
    {
      "file_name": "000000001646.jpg",
      "height": 1200,
      "width": 1600,
      "id": 0
    }
  ],
  "annotations": [
    {
      "category_id": 1,
      "image_id": 0,
      "id": 0,
      "bbox": [
        740.1388888888889,
        270.4166666666667,
        210.0000000000001,
        705.0
      ],
      "area": 148050.0000000001,
      "keypoints": [
        792.3611111111112,
        347.22222222222223,
        2,
        809.0,
        330.0,
        2,
        782.6388888888889,
        329.1666666666667,
        1,
        839.5833333333334,
        330.55555555555554,
        1,
        792.3611111111112,
        325.0,
        0,
        909.0277777777778,
        381.94444444444446,
        2,
        803.4722222222223,
        387.5,
        2,
        925.6944444444445,
        481.94444444444446,
        2,
        795.1388888888889,
        454.1666666666667,
        2,
        932.638888888889,
        593.0555555555555,
        2,
        775.6944444444446,
        566.6666666666667,
        1,
        882.6388888888889,
        583.3333333333334,
        2,
        824.3055555555557,
        579.1666666666667,
        2,
        850.6944444444446,
        719.4444444444445,
        2,
        796.5277777777778,
        711.1111111111111,
        2,
        813.1944444444446,
        851.3888888888889,
        2,
        778.4722222222223,
        854.1666666666667,
        2,
        822.9166666666667,
        886.1111111111112,
        2,
        784.0277777777778,
        876.3888888888889,
        1,
        790.9722222222223,
        916.6666666666667,
        2,
        757.6388888888889,
        894.4444444444446,
        2
      ],
      "num_keypoints": 20,
      "iscrowd": 0,
      "segmentation": []
    },
    {
      "category_id": 1,
      "image_id": 0,
      "id": 1,
      "bbox": [
        539.5790043290044,
        369.3333333333333,
        255.05194805194787,
        586.1818181818182
      ],
      "area": 149506.81463990547,
      "keypoints": [
        643.5064935064935,
        433.76623376623377,
        2,
        650.0,
        420.7792207792208,
        2,
        633.1168831168831,
        418.1818181818182,
        2,
        614.9350649350649,
        424.67532467532465,
        0,
        588.961038961039,
        422.0779220779221,
        2,
        655.1948051948052,
        455.8441558441558,
        2,
        590.2597402597403,
        487.012987012987,
        2,
        712.3376623376623,
        450.64935064935065,
        2,
        682.4675324675325,
        492.2077922077922,
        2,
        773.3766233766233,
        437.6623376623377,
        2,
        765.5844155844155,
        498.7012987012987,
        2,
        662.9870129870129,
        667.5324675324675,
        2,
        613.6363636363636,
        664.9350649350649,
        2,
        657.1428571428571,
        762.3376623376623,
        1,
        598.7012987012987,
        788.3116883116883,
        1,
        654.1666666666667,
        856.6666666666667,
        2,
        585.8333333333334,
        871.6666666666667,
        2,
        642.5,
        873.3333333333334,
        2,
        560.8333333333334,
        883.3333333333334,
        1,
        682.5,
        873.3333333333334,
        2,
        600.8333333333334,
        906.6666666666667,
        2
      ],
      "num_keypoints": 20,
      "iscrowd": 0,
      "segmentation": []
    }
  ]
}