{
  "categories": [
    {
      "supercategory": "person",
      "id": 1,
      "name": "person",
      "keypoints": [
        "nose",
        "left_eye",
        "right_eye",
        "left_ear",
        "right_ear",
        "left_shoulder",
        "right_shoulder",
        "left_elbow",
        "right_elbow",
        "left_wrist",
        "right_wrist",
        "left_hip",
        "right_hip",
        "left_knee",
        "right_knee",
        "left_ankle",
        "right_ankle",
        "left_heel",
        "right_heel",
        "left_foot",
        "right_foot"
      ],
      "skeleton": [
        [
          1,
          2
        ],
        [
          0,
          1
        ],
        [
          0,
          2
        ],
        [
          1,
          3
        ],
        [
          2,
          4
        ],
        [
          5,
          6
        ],
        [
          5,
          7
        ],
        [
          7,
          9
        ],
        [
          6,
          8
        ],
        [
          8,
          10
        ],
        [
          5,
          11
        ],
        [
          6,
          12
        ],
        [
          11,
          12
        ],
        [
          11,
          13
        ],
        [
          13,
          15
        ],
        [
          12,
          14
        ],
        [
          14,
          16
        ],
        [
          16,
          18
        ],
        [
          16,
          20
        ],
        [
          20,
          18
        ],
        [
          15,
          17
        ],
        [
          15,
          19
        ],
        [
          19,
          17
        ]
      ]
    }
  ],
  "images": [
    {
      "file_name": "000000001475.jpg",
      "height": 1200,
      "width": 1600,
      "id": 0
    }
  ],
  "annotations": [
    {
      "category_id": 1,
      "image_id": 0,
      "id": 0,
      "bbox": [
        683.4725400457666,
        260.8796879687969,
        389.2386103598918,
        343.5031503150315
      ],
      "area": 133704.6888828679,
      "keypoints": [
        951.5587529976019,
        311.51079136690646,
        2,
        963.0695443645084,
        300.4796163069544,
        2,
        941.3861386138614,
        301.1881188118812,
        2,
        998.2178217821782,
        289.5049504950495,
        2,
        954.2682926829268,
        287.80487804878044,
        0,
        1030.4878048780488,
        335.36585365853654,
        2,
        926.2195121951219,
        332.3170731707317,
        2,
        1039.0243902439024,
        448.17073170731703,
        2,
        897.9591836734695,
        441.8367346938776,
        1,
        1040.274599542334,
        541.4187643020595,
        2,
        886.3636363636364,
        535.0649350649351,
        0,
        981.1688311688312,
        500.0,
        2,
        891.5584415584416,
        463.6363636363636,
        2,
        895.4545454545454,
        501.2987012987013,
        2,
        847.4025974025975,
        492.2077922077922,
        2,
        817.5438596491229,
        533.3333333333334,
        2,
        775.438596491228,
        529.8245614035088,
        2,
        764.0350877192984,
        563.1578947368421,
        2,
        726.5151515151515,
        575.7575757575758,
        2,
        747.7272727272726,
        524.2424242424242,
        2,
        715.9090909090909,
        516.6666666666666,
        2
      ],
      "num_keypoints": 19,
      "iscrowd": 0,
      "segmentation": []
    },
    {
      "category_id": 1,
      "image_id": 0,
      "id": 1,
      "bbox": [
        768.3258566978193,
        341.41885902876004,
        137.0990654205607,
        521.3612446958982
      ],
      "area": 71478.1393943079,
      "keypoints": [
        825.3246753246752,
        397.4025974025974,
        2,
        831.5417256011315,
        384.8656294200849,
        2,
        816.0436137071652,
        388.78504672897196,
        2,
        837.5286041189931,
        389.7025171624714,
        0,
        788.6292834890966,
        390.809968847352,
        2,
        840.5034324942792,
        412.12814645308924,
        2,
        779.7507788161994,
        423.0529595015576,
        2,
        868.1818181818181,
        427.27272727272725,
        1,
        827.2727272727273,
        465.1515151515152,
        2,
        893.9999999999999,
        412.6666666666667,
        1,
        868.6666666666666,
        474.0,
        0,
        843.3333333333333,
        594.0,
        2,
        790.0,
        599.3333333333334,
        1,
        846.0,
        686.0,
        2,
        795.3333333333333,
        684.6666666666666,
        2,
        842.0,
        756.6666666666666,
        2,
        802.0,
        756.6666666666666,
        2,
        843.3333333333333,
        787.3333333333334,
        2,
        804.6666666666666,
        786.0,
        2,
        843.3333333333333,
        819.3333333333334,
        2,
        783.3333333333333,
        800.6666666666666,
        2
      ],
      "num_keypoints": 19,
      "iscrowd": 0,
      "segmentation": []
    }
  ]
}