{
  "categories": [
    {
      "supercategory": "person",
      "id": 1,
      "name": "person",
      "keypoints": [
        "nose",
        "left_eye",
        "right_eye",
        "left_ear",
        "right_ear",
        "left_shoulder",
        "right_shoulder",
        "left_elbow",
        "right_elbow",
        "left_wrist",
        "right_wrist",
        "left_hip",
        "right_hip",
        "left_knee",
        "right_knee",
        "left_ankle",
        "right_ankle",
        "left_heel",
        "right_heel",
        "left_foot",
        "right_foot"
      ],
      "skeleton": [
        [
          1,
          2
        ],
        [
          0,
          1
        ],
        [
          0,
          2
        ],
        [
          1,
          3
        ],
        [
          2,
          4
        ],
        [
          5,
          6
        ],
        [
          5,
          7
        ],
        [
          7,
          9
        ],
        [
          6,
          8
        ],
        [
          8,
          10
        ],
        [
          5,
          11
        ],
        [
          6,
          12
        ],
        [
          11,
          12
        ],
        [
          11,
          13
        ],
        [
          13,
          15
        ],
        [
          12,
          14
        ],
        [
          14,
          16
        ],
        [
          16,
          18
        ],
        [
          16,
          20
        ],
        [
          20,
          18
        ],
        [
          15,
          17
        ],
        [
          15,
          19
        ],
        [
          19,
          17
        ]
      ]
    }
  ],
  "images": [
    {
      "file_name": "000000001886.jpg",
      "height": 1200,
      "width": 1600,
      "id": 0
    }
  ],
  "annotations": [
    {
      "category_id": 1,
      "image_id": 0,
      "id": 0,
      "bbox": [
        876.8055555555557,
        242.91125541125544,
        203.33333333333303,
        585.064935064935
      ],
      "area": 118963.20346320326,
      "keypoints": [
        904.8611111111112,
        327.77777777777777,
        2,
        929.8611111111112,
        313.8888888888889,
        2,
        896.5277777777778,
        312.5,
        1,
        954.8611111111112,
        291.6666666666667,
        2,
        896.5277777777778,
        301.3888888888889,
        0,
        1017.3611111111112,
        336.11111111111114,
        2,
        893.7500000000001,
        336.11111111111114,
        1,
        1046.5277777777778,
        430.5555555555556,
        2,
        903.4722222222223,
        433.33333333333337,
        2,
        1063.1944444444443,
        516.6666666666667,
        2,
        910.4166666666667,
        504.1666666666667,
        2,
        1003.4722222222223,
        515.2777777777778,
        2,
        960.4166666666669,
        515.2777777777778,
        2,
        1017.3611111111112,
        626.3888888888889,
        2,
        977.0833333333334,
        619.4444444444445,
        1,
        1036.8055555555554,
        727.7777777777778,
        2,
        1034.0277777777778,
        697.2222222222223,
        1,
        1056.4935064935066,
        742.8571428571429,
        2,
        1056.4935064935066,
        701.2987012987013,
        1,
        1014.9350649350648,
        779.2207792207791,
        2,
        1017.5324675324674,
        735.0649350649351,
        1
      ],
      "num_keypoints": 20,
      "iscrowd": 0,
      "segmentation": []
    },
    {
      "category_id": 1,
      "image_id": 0,
      "id": 1,
      "bbox": [
        687.9101731601731,
        331.4285714285714,
        215.07792207792204,
        620.2597402597405
      ],
      "area": 133404.17608365664,
      "keypoints": [
        761.6883116883116,
        394.8051948051948,
        0,
        753.8961038961039,
        374.025974025974,
        0,
        766.8831168831168,
        375.3246753246753,
        0,
        717.5324675324675,
        377.9220779220779,
        0,
        738.3116883116883,
        383.1168831168831,
        2,
        756.4935064935065,
        432.46753246753246,
        2,
        729.2207792207791,
        471.42857142857144,
        2,
        838.3116883116883,
        446.75324675324674,
        2,
        804.5454545454545,
        529.8701298701299,
        2,
        885.0649350649351,
        405.1948051948052,
        1,
        875.974025974026,
        494.8051948051948,
        2,
        786.3636363636364,
        640.2597402597403,
        1,
        747.4025974025974,
        637.6623376623377,
        2,
        775.3246753246752,
        738.961038961039,
        2,
        729.8701298701299,
        740.2597402597403,
        2,
        780.8333333333335,
        818.3333333333334,
        2,
        720.8333333333334,
        885.0000000000001,
        2,
        765.8333333333334,
        850.0000000000001,
        2,
        705.8333333333334,
        900.0000000000001,
        2,
        809.1666666666667,
        840.0000000000001,
        2,
        745.8333333333334,
        900.0000000000001,
        2
      ],
      "num_keypoints": 17,
      "iscrowd": 0,
      "segmentation": []
    }
  ]
}