{
  "categories": [
    {
      "supercategory": "person",
      "id": 1,
      "name": "person",
      "keypoints": [
        "nose",
        "left_eye",
        "right_eye",
        "left_ear",
        "right_ear",
        "left_shoulder",
        "right_shoulder",
        "left_elbow",
        "right_elbow",
        "left_wrist",
        "right_wrist",
        "left_hip",
        "right_hip",
        "left_knee",
        "right_knee",
        "left_ankle",
        "right_ankle",
        "left_heel",
        "right_heel",
        "left_foot",
        "right_foot"
      ],
      "skeleton": [
        [
          1,
          2
        ],
        [
          0,
          1
        ],
        [
          0,
          2
        ],
        [
          1,
          3
        ],
        [
          2,
          4
        ],
        [
          5,
          6
        ],
        [
          5,
          7
        ],
        [
          7,
          9
        ],
        [
          6,
          8
        ],
        [
          8,
          10
        ],
        [
          5,
          11
        ],
        [
          6,
          12
        ],
        [
          11,
          12
        ],
        [
          11,
          13
        ],
        [
          13,
          15
        ],
        [
          12,
          14
        ],
        [
          14,
          16
        ],
        [
          16,
          18
        ],
        [
          16,
          20
        ],
        [
          20,
          18
        ],
        [
          15,
          17
        ],
        [
          15,
          19
        ],
        [
          19,
          17
        ]
      ]
    }
  ],
  "images": [
    {
      "file_name": "000000000545.jpg",
      "height": 1200,
      "width": 1600,
      "id": 0
    }
  ],
  "annotations": [
    {
      "category_id": 1,
      "image_id": 0,
      "id": 0,
      "bbox": [
        827.0310222303207,
        243.5527043329647,
        308.86388483965027,
        320.4709962802855
      ],
      "area": 98981.91688956208,
      "keypoints": [
        866.6666666666666,
        286.27450980392155,
        2,
        882.7586206896551,
        270.68965517241384,
        2,
        859.0517241379309,
        270.2586206896552,
        2,
        927.5862068965516,
        277.15517241379314,
        2,
        858.600583090379,
        262.3906705539358,
        0,
        1002.3323615160349,
        358.01749271137027,
        2,
        852.7696793002915,
        334.11078717201167,
        2,
        1044.0233236151603,
        435.5685131195335,
        2,
        875.8017492711369,
        418.3673469387755,
        2,
        1041.1078717201165,
        537.3177842565598,
        2,
        878.7172011661808,
        510.4956268221574,
        2,
        1042.9718875502008,
        453.8152610441767,
        1,
        953.3333333333333,
        465.23809523809524,
        2,
        1070.952380952381,
        481.4285714285714,
        2,
        1014.2857142857142,
        480.0,
        1,
        1097.4358974358975,
        464.1025641025641,
        2,
        1079.4871794871794,
        460.2564102564103,
        1,
        1105.46875,
        447.265625,
        2,
        1080.46875,
        428.90625,
        2,
        1110.15625,
        478.515625,
        2,
        1085.15625,
        475.0,
        1
      ],
      "num_keypoints": 20,
      "iscrowd": 0,
      "segmentation": []
    },
    {
      "category_id": 1,
      "image_id": 0,
      "id": 1,
      "bbox": [
        659.4230769230769,
        318.52674624226347,
        217.69230769230762,
        651.8169761273209
      ],
      "area": 141895.5417261783,
      "keypoints": [
        749.9999999999999,
        385.7758620689655,
        2,
        745.6896551724137,
        372.8448275862069,
        1,
        739.655172413793,
        381.0344827586207,
        2,
        721.1206896551723,
        377.15517241379314,
        0,
        706.4655172413792,
        383.62068965517244,
        2,
        739.655172413793,
        426.2931034482759,
        2,
        692.3076923076923,
        464.7435897435897,
        2,
        802.5641025641025,
        467.94871794871796,
        1,
        801.9230769230769,
        497.4358974358974,
        2,
        854.4871794871794,
        459.6153846153846,
        2,
        858.9743589743589,
        410.89743589743586,
        2,
        748.7179487179487,
        597.4358974358975,
        0,
        734.6153846153845,
        624.3589743589744,
        2,
        746.1538461538461,
        738.4615384615385,
        0,
        776.2820512820513,
        790.3846153846154,
        2,
        695.5128205128204,
        835.8974358974359,
        1,
        730.1282051282051,
        900.0,
        2,
        677.5641025641025,
        859.6153846153846,
        1,
        714.7435897435897,
        907.6923076923076,
        1,
        717.9487179487179,
        849.3589743589744,
        0,
        756.4102564102564,
        916.025641025641,
        2
      ],
      "num_keypoints": 17,
      "iscrowd": 0,
      "segmentation": []
    }
  ]
}