{
  "categories": [
    {
      "supercategory": "person",
      "id": 1,
      "name": "person",
      "keypoints": [
        "nose",
        "left_eye",
        "right_eye",
        "left_ear",
        "right_ear",
        "left_shoulder",
        "right_shoulder",
        "left_elbow",
        "right_elbow",
        "left_wrist",
        "right_wrist",
        "left_hip",
        "right_hip",
        "left_knee",
        "right_knee",
        "left_ankle",
        "right_ankle",
        "left_heel",
        "right_heel",
        "left_foot",
        "right_foot"
      ],
      "skeleton": [
        [
          1,
          2
        ],
        [
          0,
          1
        ],
        [
          0,
          2
        ],
        [
          1,
          3
        ],
        [
          2,
          4
        ],
        [
          5,
          6
        ],
        [
          5,
          7
        ],
        [
          7,
          9
        ],
        [
          6,
          8
        ],
        [
          8,
          10
        ],
        [
          5,
          11
        ],
        [
          6,
          12
        ],
        [
          11,
          12
        ],
        [
          11,
          13
        ],
        [
          13,
          15
        ],
        [
          12,
          14
        ],
        [
          14,
          16
        ],
        [
          16,
          18
        ],
        [
          16,
          20
        ],
        [
          20,
          18
        ],
        [
          15,
          17
        ],
        [
          15,
          19
        ],
        [
          19,
          17
        ]
      ]
    }
  ],
  "images": [
    {
      "file_name": "000000001239.jpg",
      "height": 1200,
      "width": 1600,
      "id": 0
    }
  ],
  "annotations": [
    {
      "category_id": 1,
      "image_id": 0,
      "id": 0,
      "bbox": [
        808.2442557442557,
        300.11072261072263,
        339.5304695304694,
        360.2097902097902
      ],
      "area": 122302.19919940195,
      "keypoints": [
        852.1739130434783,
        358.695652173913,
        2,
        854.9019607843137,
        345.53376906318084,
        2,
        836.5384615384615,
        348.3974358974359,
        2,
        896.4743589743589,
        330.12820512820514,
        2,
        837.3134328358208,
        334.3283582089552,
        0,
        969.3877551020408,
        362.2448979591836,
        2,
        851.5151515151515,
        370.30303030303025,
        2,
        994.5454545454545,
        458.18181818181813,
        2,
        867.3469387755102,
        478.57142857142856,
        2,
        1016.326530612245,
        556.1224489795918,
        2,
        863.7362637362637,
        535.7142857142857,
        2,
        1022.7272727272726,
        496.1038961038961,
        2,
        959.0909090909091,
        524.6753246753246,
        2,
        1066.883116883117,
        564.9350649350649,
        2,
        1021.4285714285714,
        580.5194805194805,
        1,
        1114.935064935065,
        583.1168831168831,
        2,
        1066.2337662337661,
        600.0,
        2,
        1119.4805194805194,
        575.3246753246754,
        2,
        1075.0,
        572.7272727272727,
        1,
        1118.939393939394,
        630.3030303030303,
        2,
        1068.939393939394,
        619.6969696969697,
        1
      ],
      "num_keypoints": 20,
      "iscrowd": 0,
      "segmentation": []
    },
    {
      "category_id": 1,
      "image_id": 0,
      "id": 1,
      "bbox": [
        735.8404995904996,
        343.65042674253203,
        165.8599508599509,
        566.7354196301565
      ],
      "area": 93998.70885045141,
      "keypoints": [
        825.3246753246752,
        405.1948051948052,
        2,
        825.5067567567568,
        390.8783783783784,
        1,
        812.8378378378378,
        392.22972972972974,
        2,
        808.6378737541528,
        372.4252491694352,
        0,
        779.7297297297297,
        396.6216216216216,
        2,
        838.0067567567568,
        444.2567567567568,
        2,
        749.6621621621622,
        460.6418918918919,
        2,
        887.8787878787879,
        500.0,
        1,
        775.7575757575758,
        553.030303030303,
        2,
        865.7894736842104,
        466.6666666666667,
        0,
        842.9824561403509,
        521.0526315789474,
        2,
        842.9824561403509,
        629.8245614035088,
        2,
        779.8245614035087,
        640.3508771929825,
        2,
        827.1929824561403,
        728.0701754385965,
        2,
        779.8245614035087,
        749.1228070175439,
        2,
        804.3859649122807,
        810.5263157894736,
        2,
        767.5438596491229,
        835.0877192982456,
        2,
        788.5964912280701,
        833.3333333333334,
        2,
        757.0175438596491,
        863.1578947368421,
        2,
        823.6842105263158,
        831.578947368421,
        2,
        783.3333333333334,
        856.140350877193,
        2
      ],
      "num_keypoints": 19,
      "iscrowd": 0,
      "segmentation": []
    }
  ]
}