{
  "categories": [
    {
      "supercategory": "person",
      "id": 1,
      "name": "person",
      "keypoints": [
        "nose",
        "left_eye",
        "right_eye",
        "left_ear",
        "right_ear",
        "left_shoulder",
        "right_shoulder",
        "left_elbow",
        "right_elbow",
        "left_wrist",
        "right_wrist",
        "left_hip",
        "right_hip",
        "left_knee",
        "right_knee",
        "left_ankle",
        "right_ankle",
        "left_heel",
        "right_heel",
        "left_foot",
        "right_foot"
      ],
      "skeleton": [
        [
          1,
          2
        ],
        [
          0,
          1
        ],
        [
          0,
          2
        ],
        [
          1,
          3
        ],
        [
          2,
          4
        ],
        [
          5,
          6
        ],
        [
          5,
          7
        ],
        [
          7,
          9
        ],
        [
          6,
          8
        ],
        [
          8,
          10
        ],
        [
          5,
          11
        ],
        [
          6,
          12
        ],
        [
          11,
          12
        ],
        [
          11,
          13
        ],
        [
          13,
          15
        ],
        [
          12,
          14
        ],
        [
          14,
          16
        ],
        [
          16,
          18
        ],
        [
          16,
          20
        ],
        [
          20,
          18
        ],
        [
          15,
          17
        ],
        [
          15,
          19
        ],
        [
          19,
          17
        ]
      ]
    }
  ],
  "images": [
    {
      "file_name": "000000000973.jpg",
      "height": 1200,
      "width": 1600,
      "id": 0
    }
  ],
  "annotations": [
    {
      "category_id": 1,
      "image_id": 0,
      "id": 0,
      "bbox": [
        1055.1923076923076,
        299.69300920279414,
        237.69230769230785,
        188.89289278190483
      ],
      "area": 44898.38759200664,
      "keypoints": [
        1094.1176470588234,
        345.09803921568624,
        2,
        1107.073954983923,
        336.0128617363344,
        2,
        1087.459807073955,
        333.4405144694534,
        2,
        1133.7620578778135,
        315.4340836012862,
        2,
        1086.2068965517242,
        318.1034482758621,
        0,
        1170.689655172414,
        330.1724137931035,
        2,
        1075.0,
        337.93103448275866,
        2,
        1204.3103448275863,
        405.1724137931035,
        2,
        1091.3793103448277,
        392.6724137931035,
        2,
        1211.6379310344828,
        472.8448275862069,
        2,
        1086.2068965517242,
        455.6034482758621,
        2,
        1218.103448275862,
        383.18965517241384,
        2,
        1146.153846153846,
        405.12820512820514,
        2,
        1221.7948717948718,
        448.71794871794873,
        2,
        1185.8974358974358,
        452.56410256410254,
        2,
        1267.9487179487178,
        441.02564102564105,
        2,
        1214.102564102564,
        435.8974358974359,
        1,
        1273.076923076923,
        431.4102564102564,
        2,
        1230.7692307692307,
        432.05128205128204,
        1,
        1266.0256410256409,
        465.38461538461536,
        2,
        1223.076923076923,
        464.1025641025641,
        2
      ],
      "num_keypoints": 20,
      "iscrowd": 0,
      "segmentation": []
    },
    {
      "category_id": 1,
      "image_id": 0,
      "id": 1,
      "bbox": [
        893.3357963875205,
        256.8366174055829,
        193.76354679802967,
        540.8177339901479
      ],
      "area": 104790.76230920438,
      "keypoints": [
        1004.7619047619047,
        330.0,
        2,
        1009.5238095238095,
        320.95238095238096,
        1,
        999.047619047619,
        320.4761904761905,
        2,
        990.0,
        309.04761904761904,
        0,
        973.8095238095237,
        301.90476190476187,
        2,
        997.6190476190476,
        343.8095238095238,
        2,
        935.7142857142857,
        363.8095238095238,
        2,
        1033.3333333333333,
        415.23809523809524,
        2,
        970.0,
        455.23809523809524,
        2,
        1070.952380952381,
        374.76190476190476,
        2,
        1041.4285714285713,
        473.3333333333333,
        2,
        1003.8461538461538,
        528.2051282051282,
        2,
        971.7948717948718,
        533.3333333333334,
        2,
        984.6153846153845,
        632.051282051282,
        2,
        952.5641025641025,
        637.1794871794872,
        2,
        963.7931034482758,
        723.2758620689656,
        2,
        922.4137931034483,
        727.5862068965517,
        2,
        955.1724137931034,
        736.2068965517242,
        2,
        909.4827586206897,
        752.5862068965517,
        2,
        985.3448275862069,
        736.2068965517242,
        2,
        937.0689655172413,
        744.8275862068966,
        2
      ],
      "num_keypoints": 20,
      "iscrowd": 0,
      "segmentation": []
    }
  ]
}