{
  "categories": [
    {
      "supercategory": "person",
      "id": 1,
      "name": "person",
      "keypoints": [
        "nose",
        "left_eye",
        "right_eye",
        "left_ear",
        "right_ear",
        "left_shoulder",
        "right_shoulder",
        "left_elbow",
        "right_elbow",
        "left_wrist",
        "right_wrist",
        "left_hip",
        "right_hip",
        "left_knee",
        "right_knee",
        "left_ankle",
        "right_ankle",
        "left_heel",
        "right_heel",
        "left_foot",
        "right_foot"
      ],
      "skeleton": [
        [
          1,
          2
        ],
        [
          0,
          1
        ],
        [
          0,
          2
        ],
        [
          1,
          3
        ],
        [
          2,
          4
        ],
        [
          5,
          6
        ],
        [
          5,
          7
        ],
        [
          7,
          9
        ],
        [
          6,
          8
        ],
        [
          8,
          10
        ],
        [
          5,
          11
        ],
        [
          6,
          12
        ],
        [
          11,
          12
        ],
        [
          11,
          13
        ],
        [
          13,
          15
        ],
        [
          12,
          14
        ],
        [
          14,
          16
        ],
        [
          16,
          18
        ],
        [
          16,
          20
        ],
        [
          20,
          18
        ],
        [
          15,
          17
        ],
        [
          15,
          19
        ],
        [
          19,
          17
        ]
      ]
    }
  ],
  "images": [
    {
      "file_name": "000000001244.jpg",
      "height": 1200,
      "width": 1600,
      "id": 0
    }
  ],
  "annotations": [
    {
      "category_id": 1,
      "image_id": 0,
      "id": 0,
      "bbox": [
        841.7792082676476,
        272.25696269048876,
        213.10036784025215,
        541.0089332632684
      ],
      "area": 115289.20268326493,
      "keypoints": [
        872.8260869565217,
        345.65217391304344,
        1,
        874.0740740740741,
        331.59041394335514,
        2,
        859.5375722543353,
        336.9942196531792,
        2,
        915.606936416185,
        317.34104046242777,
        2,
        863.5135135135134,
        319.81981981981977,
        0,
        973.4693877551022,
        358.1632653061224,
        2,
        861.7117117117116,
        356.3063063063063,
        2,
        1010.8108108108107,
        469.81981981981977,
        2,
        873.4693877551022,
        460.204081632653,
        2,
        1024.4897959183675,
        566.3265306122449,
        2,
        865.3061224489796,
        539.7959183673469,
        2,
        1001.948051948052,
        546.7532467532467,
        2,
        907.1428571428572,
        529.8701298701299,
        2,
        999.3506493506494,
        653.2467532467532,
        2,
        934.4155844155845,
        641.5584415584416,
        2,
        1024.025974025974,
        733.7662337662338,
        2,
        985.7142857142857,
        707.7922077922078,
        2,
        1035.064935064935,
        738.961038961039,
        2,
        997.7272727272726,
        727.2727272727273,
        1,
        1037.121212121212,
        768.1818181818181,
        2,
        976.5151515151514,
        742.4242424242424,
        2
      ],
      "num_keypoints": 20,
      "iscrowd": 0,
      "segmentation": []
    },
    {
      "category_id": 1,
      "image_id": 0,
      "id": 1,
      "bbox": [
        735.8404995904996,
        340.35087719298247,
        165.8599508599509,
        570.334928229665
      ],
      "area": 94595.72316988587,
      "keypoints": [
        825.3246753246752,
        405.1948051948052,
        2,
        828.0303030303029,
        387.8787878787879,
        2,
        817.5084175084174,
        391.2457912457912,
        2,
        808.6378737541528,
        372.4252491694352,
        0,
        779.7297297297297,
        396.6216216216216,
        2,
        838.0067567567568,
        444.2567567567568,
        2,
        749.6621621621622,
        460.6418918918919,
        2,
        887.8787878787879,
        500.0,
        1,
        775.7575757575758,
        553.030303030303,
        2,
        871.0526315789473,
        468.42105263157896,
        0,
        837.719298245614,
        528.0701754385965,
        2,
        842.9824561403509,
        629.8245614035088,
        2,
        779.8245614035087,
        642.1052631578948,
        2,
        832.4561403508771,
        735.0877192982456,
        2,
        785.0877192982456,
        747.3684210526316,
        2,
        804.3859649122807,
        810.5263157894736,
        2,
        767.5438596491229,
        835.0877192982456,
        2,
        788.5964912280701,
        833.3333333333334,
        2,
        757.0175438596491,
        863.1578947368421,
        2,
        823.6842105263158,
        831.578947368421,
        2,
        783.3333333333334,
        856.140350877193,
        2
      ],
      "num_keypoints": 19,
      "iscrowd": 0,
      "segmentation": []
    }
  ]
}