{
  "categories": [
    {
      "supercategory": "person",
      "id": 1,
      "name": "person",
      "keypoints": [
        "nose",
        "left_eye",
        "right_eye",
        "left_ear",
        "right_ear",
        "left_shoulder",
        "right_shoulder",
        "left_elbow",
        "right_elbow",
        "left_wrist",
        "right_wrist",
        "left_hip",
        "right_hip",
        "left_knee",
        "right_knee",
        "left_ankle",
        "right_ankle",
        "left_heel",
        "right_heel",
        "left_foot",
        "right_foot"
      ],
      "skeleton": [
        [
          1,
          2
        ],
        [
          0,
          1
        ],
        [
          0,
          2
        ],
        [
          1,
          3
        ],
        [
          2,
          4
        ],
        [
          5,
          6
        ],
        [
          5,
          7
        ],
        [
          7,
          9
        ],
        [
          6,
          8
        ],
        [
          8,
          10
        ],
        [
          5,
          11
        ],
        [
          6,
          12
        ],
        [
          11,
          12
        ],
        [
          11,
          13
        ],
        [
          13,
          15
        ],
        [
          12,
          14
        ],
        [
          14,
          16
        ],
        [
          16,
          18
        ],
        [
          16,
          20
        ],
        [
          20,
          18
        ],
        [
          15,
          17
        ],
        [
          15,
          19
        ],
        [
          19,
          17
        ]
      ]
    }
  ],
  "images": [
    {
      "file_name": "000000000329.jpg",
      "height": 1200,
      "width": 1600,
      "id": 0
    }
  ],
  "annotations": [
    {
      "category_id": 1,
      "image_id": 0,
      "id": 0,
      "bbox": [
        915.4250116441547,
        138.0502272183688,
        272.79459711224945,
        697.9918679741688
      ],
      "area": 190408.41041163978,
      "keypoints": [
        1081.9277108433735,
        208.433734939759,
        1,
        1097.2972972972973,
        196.75675675675674,
        2,
        1075.135135135135,
        196.2162162162162,
        2,
        1128.4313725490197,
        213.72549019607843,
        2,
        1068.421052631579,
        209.8684210526316,
        1,
        1159.8684210526317,
        289.4736842105263,
        2,
        1036.2745098039215,
        279.4117647058824,
        1,
        1165.4867256637167,
        400.88495575221236,
        2,
        1008.8495575221237,
        391.1504424778761,
        2,
        1163.716814159292,
        489.3805309734513,
        2,
        993.8053097345131,
        469.0265486725663,
        2,
        1107.8431372549019,
        476.4705882352941,
        2,
        1036.2745098039215,
        469.6078431372549,
        2,
        1052.2123893805308,
        623.008849557522,
        2,
        1000.8849557522122,
        614.1592920353982,
        1,
        1028.3185840707963,
        717.6991150442477,
        2,
        982.3008849557522,
        704.4247787610619,
        2,
        1021.2389380530973,
        777.8761061946902,
        2,
        990.2654867256637,
        753.9823008849556,
        1,
        976.1061946902654,
        765.4867256637167,
        2,
        938.1578947368421,
        762.5,
        2
      ],
      "num_keypoints": 21,
      "iscrowd": 0,
      "segmentation": []
    },
    {
      "category_id": 1,
      "image_id": 0,
      "id": 1,
      "bbox": [
        824.781592920354,
        246.66952380952384,
        211.42088495575206,
        654.2514285714285
      ],
      "area": 138322.4160121364,
      "keypoints": [
        952.2123893805309,
        314.1592920353982,
        1,
        961.9047619047619,
        301.1904761904762,
        2,
        945.5645161290323,
        302.4193548387097,
        2,
        932.6612903225806,
        299.5967741935484,
        0,
        909.2741935483871,
        308.06451612903226,
        2,
        957.2368421052631,
        369.7368421052632,
        0,
        885.5263157894736,
        363.8157894736842,
        2,
        1000.0,
        442.4,
        0,
        964.0,
        380.0,
        2,
        1021.6,
        426.4,
        0,
        1018.5840707964601,
        306.1946902654867,
        2,
        938.0530973451326,
        566.3716814159292,
        1,
        894.2622950819672,
        565.5737704918033,
        2,
        926.0869565217391,
        673.9130434782609,
        1,
        888.0434782608695,
        703.2608695652174,
        1,
        878.9855072463768,
        766.6666666666666,
        0,
        861.6,
        809.6,
        2,
        856.8,
        793.6,
        0,
        842.4,
        832.8,
        2,
        912.8,
        802.4,
        2,
        900.0,
        846.4,
        2
      ],
      "num_keypoints": 15,
      "iscrowd": 0,
      "segmentation": []
    }
  ]
}