{
  "categories": [
    {
      "supercategory": "person",
      "id": 1,
      "name": "person",
      "keypoints": [
        "nose",
        "left_eye",
        "right_eye",
        "left_ear",
        "right_ear",
        "left_shoulder",
        "right_shoulder",
        "left_elbow",
        "right_elbow",
        "left_wrist",
        "right_wrist",
        "left_hip",
        "right_hip",
        "left_knee",
        "right_knee",
        "left_ankle",
        "right_ankle",
        "left_heel",
        "right_heel",
        "left_foot",
        "right_foot"
      ],
      "skeleton": [
        [
          1,
          2
        ],
        [
          0,
          1
        ],
        [
          0,
          2
        ],
        [
          1,
          3
        ],
        [
          2,
          4
        ],
        [
          5,
          6
        ],
        [
          5,
          7
        ],
        [
          7,
          9
        ],
        [
          6,
          8
        ],
        [
          8,
          10
        ],
        [
          5,
          11
        ],
        [
          6,
          12
        ],
        [
          11,
          12
        ],
        [
          11,
          13
        ],
        [
          13,
          15
        ],
        [
          12,
          14
        ],
        [
          14,
          16
        ],
        [
          16,
          18
        ],
        [
          16,
          20
        ],
        [
          20,
          18
        ],
        [
          15,
          17
        ],
        [
          15,
          19
        ],
        [
          19,
          17
        ]
      ]
    }
  ],
  "images": [
    {
      "file_name": "000000001888.jpg",
      "height": 1200,
      "width": 1600,
      "id": 0
    }
  ],
  "annotations": [
    {
      "category_id": 1,
      "image_id": 0,
      "id": 0,
      "bbox": [
        712.4107142857142,
        213.09704184704185,
        388.73376623376635,
        559.5021645021644
      ],
      "area": 217497.38362287066,
      "keypoints": [
        953.4722222222223,
        290.27777777777777,
        2,
        977.0833333333334,
        277.77777777777777,
        2,
        947.9166666666669,
        276.3888888888889,
        2,
        1003.4722222222223,
        259.72222222222223,
        2,
        949.3055555555555,
        259.72222222222223,
        0,
        1057.638888888889,
        316.6666666666667,
        2,
        931.2500000000001,
        311.11111111111114,
        2,
        1067.361111111111,
        419.44444444444446,
        2,
        915.9722222222223,
        430.5555555555556,
        2,
        1068.75,
        518.0555555555555,
        2,
        904.8611111111112,
        497.22222222222223,
        1,
        982.638888888889,
        473.61111111111114,
        2,
        921.5277777777779,
        473.61111111111114,
        2,
        911.8055555555557,
        536.1111111111111,
        2,
        860.4166666666667,
        537.5,
        2,
        831.2500000000001,
        626.3888888888889,
        2,
        793.7500000000001,
        690.2777777777778,
        1,
        808.4415584415584,
        693.5064935064935,
        1,
        778.5714285714286,
        725.974025974026,
        2,
        787.6623376623377,
        632.4675324675325,
        2,
        744.8051948051948,
        670.1298701298701,
        1
      ],
      "num_keypoints": 20,
      "iscrowd": 0,
      "segmentation": []
    },
    {
      "category_id": 1,
      "image_id": 0,
      "id": 1,
      "bbox": [
        683.7391774891776,
        323.7857142857142,
        245.12987012987003,
        634.0519480519482
      ],
      "area": 155425.07168156517,
      "keypoints": [
        774.6753246753246,
        389.6103896103896,
        2,
        773.3766233766233,
        368.83116883116884,
        0,
        762.9870129870129,
        376.6233766233766,
        2,
        746.1038961038961,
        377.9220779220779,
        0,
        725.3246753246754,
        383.1168831168831,
        2,
        768.1818181818181,
        425.97402597402595,
        2,
        731.8181818181818,
        475.3246753246753,
        2,
        834.4155844155844,
        436.3636363636364,
        2,
        811.038961038961,
        522.077922077922,
        2,
        908.4415584415584,
        397.4025974025974,
        1,
        886.3636363636364,
        497.4025974025974,
        1,
        777.2727272727273,
        677.922077922078,
        1,
        733.1168831168831,
        648.051948051948,
        1,
        776.6233766233765,
        735.0649350649351,
        1,
        732.4675324675325,
        742.8571428571429,
        2,
        775.8333333333335,
        815.0000000000001,
        2,
        707.5,
        873.3333333333334,
        2,
        765.8333333333334,
        838.3333333333334,
        2,
        704.1666666666667,
        905.0000000000001,
        2,
        824.1666666666667,
        843.3333333333334,
        2,
        747.5,
        905.0000000000001,
        2
      ],
      "num_keypoints": 19,
      "iscrowd": 0,
      "segmentation": []
    }
  ]
}