{
  "categories": [
    {
      "supercategory": "person",
      "id": 1,
      "name": "person",
      "keypoints": [
        "nose",
        "left_eye",
        "right_eye",
        "left_ear",
        "right_ear",
        "left_shoulder",
        "right_shoulder",
        "left_elbow",
        "right_elbow",
        "left_wrist",
        "right_wrist",
        "left_hip",
        "right_hip",
        "left_knee",
        "right_knee",
        "left_ankle",
        "right_ankle",
        "left_heel",
        "right_heel",
        "left_foot",
        "right_foot"
      ],
      "skeleton": [
        [
          1,
          2
        ],
        [
          0,
          1
        ],
        [
          0,
          2
        ],
        [
          1,
          3
        ],
        [
          2,
          4
        ],
        [
          5,
          6
        ],
        [
          5,
          7
        ],
        [
          7,
          9
        ],
        [
          6,
          8
        ],
        [
          8,
          10
        ],
        [
          5,
          11
        ],
        [
          6,
          12
        ],
        [
          11,
          12
        ],
        [
          11,
          13
        ],
        [
          13,
          15
        ],
        [
          12,
          14
        ],
        [
          14,
          16
        ],
        [
          16,
          18
        ],
        [
          16,
          20
        ],
        [
          20,
          18
        ],
        [
          15,
          17
        ],
        [
          15,
          19
        ],
        [
          19,
          17
        ]
      ]
    }
  ],
  "images": [
    {
      "file_name": "000000001789.jpg",
      "height": 1200,
      "width": 1600,
      "id": 0
    }
  ],
  "annotations": [
    {
      "category_id": 1,
      "image_id": 0,
      "id": 0,
      "bbox": [
        772.5496031746031,
        273.97186147186153,
        321.6125541125541,
        412.3376623376622
      ],
      "area": 132612.96874121545,
      "keypoints": [
        956.2500000000001,
        341.6666666666667,
        2,
        972.9166666666669,
        337.5,
        2,
        942.3611111111112,
        331.94444444444446,
        2,
        995.138888888889,
        308.33333333333337,
        2,
        935.4166666666669,
        327.77777777777777,
        0,
        1035.4166666666667,
        354.1666666666667,
        2,
        931.2500000000001,
        354.1666666666667,
        2,
        1064.5833333333333,
        456.94444444444446,
        2,
        932.638888888889,
        433.33333333333337,
        1,
        1067.361111111111,
        544.4444444444445,
        2,
        924.3055555555555,
        540.2777777777778,
        1,
        1004.8611111111112,
        500.0,
        2,
        954.8611111111112,
        470.83333333333337,
        2,
        938.1944444444445,
        506.94444444444446,
        2,
        889.5833333333334,
        509.72222222222223,
        2,
        881.2500000000001,
        601.3888888888889,
        2,
        836.8055555555557,
        555.5555555555555,
        1,
        834.4155844155844,
        651.9480519480519,
        2,
        809.7402597402597,
        616.8831168831168,
        2,
        844.8051948051948,
        587.012987012987,
        1,
        799.3506493506493,
        563.6363636363636,
        2
      ],
      "num_keypoints": 20,
      "iscrowd": 0,
      "segmentation": []
    },
    {
      "category_id": 1,
      "image_id": 0,
      "id": 1,
      "bbox": [
        723.667748917749,
        353.0238095238095,
        185.9870129870128,
        594.8831168831169
      ],
      "area": 110640.53398549493,
      "keypoints": [
        805.8441558441558,
        427.27272727272725,
        0,
        798.051948051948,
        414.2857142857143,
        0,
        807.1428571428571,
        407.79220779220776,
        0,
        773.3766233766233,
        400.0,
        0,
        783.7662337662338,
        402.5974025974026,
        2,
        735.7142857142857,
        463.6363636363636,
        0,
        786.3636363636364,
        487.012987012987,
        2,
        838.3116883116883,
        476.6233766233766,
        2,
        829.2207792207791,
        546.7532467532467,
        1,
        894.1558441558441,
        437.6623376623377,
        2,
        887.6623376623377,
        532.4675324675325,
        1,
        731.8181818181818,
        645.4545454545455,
        0,
        787.6623376623377,
        670.1298701298701,
        1,
        741.5584415584415,
        749.3506493506493,
        1,
        798.7012987012987,
        771.4285714285714,
        2,
        754.1666666666667,
        861.6666666666667,
        1,
        784.1666666666667,
        880.0000000000001,
        2,
        739.1666666666667,
        880.0000000000001,
        2,
        764.1666666666667,
        898.3333333333334,
        2,
        777.5,
        853.3333333333334,
        1,
        809.1666666666667,
        893.3333333333334,
        2
      ],
      "num_keypoints": 15,
      "iscrowd": 0,
      "segmentation": []
    }
  ]
}