{
  "categories": [
    {
      "supercategory": "person",
      "id": 1,
      "name": "person",
      "keypoints": [
        "nose",
        "left_eye",
        "right_eye",
        "left_ear",
        "right_ear",
        "left_shoulder",
        "right_shoulder",
        "left_elbow",
        "right_elbow",
        "left_wrist",
        "right_wrist",
        "left_hip",
        "right_hip",
        "left_knee",
        "right_knee",
        "left_ankle",
        "right_ankle",
        "left_heel",
        "right_heel",
        "left_foot",
        "right_foot"
      ],
      "skeleton": [
        [
          1,
          2
        ],
        [
          0,
          1
        ],
        [
          0,
          2
        ],
        [
          1,
          3
        ],
        [
          2,
          4
        ],
        [
          5,
          6
        ],
        [
          5,
          7
        ],
        [
          7,
          9
        ],
        [
          6,
          8
        ],
        [
          8,
          10
        ],
        [
          5,
          11
        ],
        [
          6,
          12
        ],
        [
          11,
          12
        ],
        [
          11,
          13
        ],
        [
          13,
          15
        ],
        [
          12,
          14
        ],
        [
          14,
          16
        ],
        [
          16,
          18
        ],
        [
          16,
          20
        ],
        [
          20,
          18
        ],
        [
          15,
          17
        ],
        [
          15,
          19
        ],
        [
          19,
          17
        ]
      ]
    }
  ],
  "images": [
    {
      "file_name": "000000000330.jpg",
      "height": 1200,
      "width": 1600,
      "id": 0
    }
  ],
  "annotations": [
    {
      "category_id": 1,
      "image_id": 0,
      "id": 0,
      "bbox": [
        972.7884782231476,
        163.15531475748193,
        232.42061426340456,
        500.95975232198134
      ],
      "area": 116433.37335591791,
      "keypoints": [
        1054.3478260869565,
        218.47826086956522,
        2,
        1071.078431372549,
        207.84313725490196,
        2,
        1046.5686274509803,
        204.90196078431373,
        2,
        1104.9019607843138,
        228.4313725490196,
        2,
        1040.7894736842104,
        218.42105263157893,
        1,
        1138.8157894736842,
        300.0,
        2,
        1014.1304347826086,
        296.7391304347826,
        1,
        1154.9019607843138,
        408.8235294117647,
        2,
        1001.9607843137255,
        393.1372549019608,
        2,
        1167.6470588235293,
        490.19607843137254,
        2,
        992.156862745098,
        466.6666666666667,
        2,
        1103.2608695652173,
        504.3478260869565,
        2,
        1041.304347826087,
        504.3478260869565,
        2,
        1143.362831858407,
        591.150442477876,
        1,
        1118.58407079646,
        589.3805309734513,
        1,
        1170.6521739130435,
        590.2173913043478,
        2,
        1142.391304347826,
        597.8260869565217,
        0,
        1185.8407079646017,
        573.4513274336283,
        2,
        1158.4070796460176,
        574.3362831858407,
        0,
        1180.2631578947369,
        622.3684210526316,
        2,
        1157.5221238938052,
        619.4690265486726,
        1
      ],
      "num_keypoints": 19,
      "iscrowd": 0,
      "segmentation": []
    },
    {
      "category_id": 1,
      "image_id": 0,
      "id": 1,
      "bbox": [
        831.5998611834113,
        248.06607669616523,
        173.01405517959392,
        655.2070796460175
      ],
      "area": 113360.03383193667,
      "keypoints": [
        955.8823529411765,
        316.6666666666667,
        1,
        961.1842105263157,
        305.2631578947368,
        2,
        946.6666666666666,
        302.6666666666667,
        2,
        930.6666666666666,
        301.3333333333333,
        0,
        907.5555555555555,
        306.6666666666667,
        2,
        962.5,
        375.0,
        0,
        873.6842105263157,
        364.4736842105263,
        2,
        999.4047619047619,
        445.23809523809524,
        0,
        936.3095238095239,
        390.4761904761905,
        2,
        1019.047619047619,
        428.5714285714286,
        0,
        990.1960784313725,
        318.62745098039215,
        2,
        939.2156862745098,
        576.4705882352941,
        1,
        886.0655737704918,
        562.2950819672132,
        2,
        916.3043478260869,
        686.9565217391304,
        0,
        905.4347826086956,
        705.4347826086956,
        2,
        875.2,
        771.2,
        0,
        862.8318584070796,
        804.4247787610618,
        2,
        850.4424778761061,
        791.150442477876,
        0,
        846.0176991150441,
        834.5132743362831,
        2,
        911.504424778761,
        799.9999999999999,
        2,
        899.9999999999999,
        848.6725663716813,
        2
      ],
      "num_keypoints": 14,
      "iscrowd": 0,
      "segmentation": []
    }
  ]
}