{
  "categories": [
    {
      "supercategory": "person",
      "id": 1,
      "name": "person",
      "keypoints": [
        "nose",
        "left_eye",
        "right_eye",
        "left_ear",
        "right_ear",
        "left_shoulder",
        "right_shoulder",
        "left_elbow",
        "right_elbow",
        "left_wrist",
        "right_wrist",
        "left_hip",
        "right_hip",
        "left_knee",
        "right_knee",
        "left_ankle",
        "right_ankle",
        "left_heel",
        "right_heel",
        "left_foot",
        "right_foot"
      ],
      "skeleton": [
        [
          1,
          2
        ],
        [
          0,
          1
        ],
        [
          0,
          2
        ],
        [
          1,
          3
        ],
        [
          2,
          4
        ],
        [
          5,
          6
        ],
        [
          5,
          7
        ],
        [
          7,
          9
        ],
        [
          6,
          8
        ],
        [
          8,
          10
        ],
        [
          5,
          11
        ],
        [
          6,
          12
        ],
        [
          11,
          12
        ],
        [
          11,
          13
        ],
        [
          13,
          15
        ],
        [
          12,
          14
        ],
        [
          14,
          16
        ],
        [
          16,
          18
        ],
        [
          16,
          20
        ],
        [
          20,
          18
        ],
        [
          15,
          17
        ],
        [
          15,
          19
        ],
        [
          19,
          17
        ]
      ]
    }
  ],
  "images": [
    {
      "file_name": "000000000744.jpg",
      "height": 1200,
      "width": 1600,
      "id": 0
    }
  ],
  "annotations": [
    {
      "category_id": 1,
      "image_id": 0,
      "id": 0,
      "bbox": [
        1047.6984126984125,
        281.4008620689655,
        195.87301587301613,
        518.0172413793102
      ],
      "area": 101465.59934318566,
      "keypoints": [
        1157.8431372549019,
        334.3137254901961,
        2,
        1171.5517241379312,
        325.86206896551727,
        2,
        1151.293103448276,
        328.01724137931035,
        2,
        1197.4137931034484,
        324.5689655172414,
        2,
        1152.6455026455026,
        320.8994708994709,
        0,
        1227.2486772486773,
        364.8148148148148,
        2,
        1142.5925925925926,
        358.2010582010582,
        2,
        1223.8095238095236,
        442.59259259259255,
        2,
        1100.7936507936506,
        419.8412698412698,
        2,
        1202.9100529100529,
        473.28042328042324,
        2,
        1064.021164021164,
        463.49206349206344,
        1,
        1201.8518518518517,
        545.5026455026455,
        2,
        1133.3333333333333,
        514.1025641025641,
        1,
        1169.230769230769,
        661.5384615384615,
        1,
        1123.076923076923,
        646.1538461538462,
        2,
        1185.8974358974358,
        732.051282051282,
        2,
        1142.3076923076922,
        719.2307692307692,
        2,
        1200.0,
        742.96875,
        2,
        1151.5625,
        728.90625,
        1,
        1182.03125,
        756.25,
        2,
        1135.15625,
        745.3125,
        2
      ],
      "num_keypoints": 20,
      "iscrowd": 0,
      "segmentation": []
    },
    {
      "category_id": 1,
      "image_id": 0,
      "id": 1,
      "bbox": [
        886.8576965669989,
        251.38998845456044,
        206.54485049833886,
        540.7669470559129
      ],
      "area": 111692.62823410664,
      "keypoints": [
        985.1063829787234,
        304.25531914893617,
        2,
        981.9148936170213,
        296.8085106382979,
        1,
        975.886524822695,
        296.45390070921985,
        2,
        961.3475177304965,
        296.09929078014187,
        0,
        948.22695035461,
        296.8085106382979,
        2,
        987.1428571428571,
        343.8095238095238,
        2,
        922.8571428571428,
        360.0,
        2,
        1011.9047619047618,
        429.5238095238095,
        2,
        949.5238095238095,
        460.4761904761905,
        2,
        1076.1904761904761,
        392.85714285714283,
        2,
        1025.7142857142858,
        471.90476190476187,
        2,
        982.8571428571428,
        527.6190476190476,
        2,
        946.1538461538462,
        524.3589743589744,
        1,
        970.5128205128203,
        624.3589743589744,
        2,
        942.3076923076922,
        619.2307692307692,
        1,
        949.4186046511628,
        713.3720930232558,
        2,
        906.9767441860465,
        727.9069767441861,
        2,
        939.5348837209302,
        732.5581395348837,
        1,
        904.0697674418604,
        745.3488372093024,
        2,
        962.2093023255815,
        732.5581395348837,
        2,
        928.4883720930233,
        747.0930232558139,
        2
      ],
      "num_keypoints": 20,
      "iscrowd": 0,
      "segmentation": []
    }
  ]
}