{
  "categories": [
    {
      "supercategory": "person",
      "id": 1,
      "name": "person",
      "keypoints": [
        "nose",
        "left_eye",
        "right_eye",
        "left_ear",
        "right_ear",
        "left_shoulder",
        "right_shoulder",
        "left_elbow",
        "right_elbow",
        "left_wrist",
        "right_wrist",
        "left_hip",
        "right_hip",
        "left_knee",
        "right_knee",
        "left_ankle",
        "right_ankle",
        "left_heel",
        "right_heel",
        "left_foot",
        "right_foot"
      ],
      "skeleton": [
        [
          1,
          2
        ],
        [
          0,
          1
        ],
        [
          0,
          2
        ],
        [
          1,
          3
        ],
        [
          2,
          4
        ],
        [
          5,
          6
        ],
        [
          5,
          7
        ],
        [
          7,
          9
        ],
        [
          6,
          8
        ],
        [
          8,
          10
        ],
        [
          5,
          11
        ],
        [
          6,
          12
        ],
        [
          11,
          12
        ],
        [
          11,
          13
        ],
        [
          13,
          15
        ],
        [
          12,
          14
        ],
        [
          14,
          16
        ],
        [
          16,
          18
        ],
        [
          16,
          20
        ],
        [
          20,
          18
        ],
        [
          15,
          17
        ],
        [
          15,
          19
        ],
        [
          19,
          17
        ]
      ]
    }
  ],
  "images": [
    {
      "file_name": "000000001998.jpg",
      "height": 1200,
      "width": 1600,
      "id": 0
    }
  ],
  "annotations": [
    {
      "category_id": 1,
      "image_id": 0,
      "id": 0,
      "bbox": [
        831.8786075036076,
        346.38888888888886,
        325.7900432900433,
        226.6666666666668
      ],
      "area": 73845.74314574318,
      "keypoints": [
        871.5277777777778,
        391.6666666666667,
        1,
        885.4166666666667,
        377.77777777777777,
        2,
        859.0277777777778,
        376.3888888888889,
        1,
        904.8611111111112,
        365.27777777777777,
        1,
        857.6388888888889,
        366.6666666666667,
        0,
        957.638888888889,
        406.94444444444446,
        2,
        868.7500000000001,
        411.11111111111114,
        1,
        989.5833333333334,
        484.72222222222223,
        2,
        874.3055555555557,
        470.83333333333337,
        2,
        1014.5833333333334,
        554.1666666666667,
        2,
        865.9722222222223,
        536.1111111111111,
        2,
        1043.75,
        470.83333333333337,
        2,
        1020.138888888889,
        451.3888888888889,
        0,
        1072.9166666666667,
        452.77777777777777,
        2,
        1040.9722222222222,
        429.1666666666667,
        1,
        1121.5277777777778,
        419.44444444444446,
        2,
        1072.9166666666667,
        397.22222222222223,
        2,
        1120.1298701298701,
        385.7142857142857,
        2,
        1083.7662337662339,
        371.42857142857144,
        2,
        1130.5194805194806,
        428.57142857142856,
        1,
        1092.857142857143,
        400.0,
        1
      ],
      "num_keypoints": 19,
      "iscrowd": 0,
      "segmentation": []
    },
    {
      "category_id": 1,
      "image_id": 0,
      "id": 1,
      "bbox": [
        667.4534632034633,
        353.23809523809524,
        200.55844155844147,
        545.5584415584417
      ],
      "area": 109416.35081801313,
      "keypoints": [
        757.7922077922078,
        412.987012987013,
        2,
        769.4805194805194,
        398.7012987012987,
        2,
        750.0,
        398.7012987012987,
        2,
        734.4155844155844,
        405.1948051948052,
        0,
        709.7402597402597,
        402.5974025974026,
        2,
        766.8831168831168,
        431.16883116883116,
        2,
        707.1428571428571,
        454.54545454545456,
        2,
        807.1428571428571,
        448.05194805194805,
        2,
        787.6623376623377,
        481.8181818181818,
        2,
        850.0,
        451.94805194805195,
        2,
        851.2987012987013,
        494.8051948051948,
        2,
        768.1818181818181,
        624.6753246753246,
        2,
        716.2337662337662,
        622.077922077922,
        1,
        762.3376623376623,
        701.2987012987013,
        1,
        702.5974025974026,
        757.1428571428571,
        1,
        744.1666666666667,
        808.3333333333334,
        2,
        694.1666666666667,
        825.0000000000001,
        1,
        730.8333333333334,
        830.0000000000001,
        2,
        684.1666666666667,
        833.3333333333334,
        1,
        767.5,
        835.0000000000001,
        2,
        699.1666666666667,
        853.3333333333334,
        1
      ],
      "num_keypoints": 20,
      "iscrowd": 0,
      "segmentation": []
    }
  ]
}