{
  "categories": [
    {
      "supercategory": "person",
      "id": 1,
      "name": "person",
      "keypoints": [
        "nose",
        "left_eye",
        "right_eye",
        "left_ear",
        "right_ear",
        "left_shoulder",
        "right_shoulder",
        "left_elbow",
        "right_elbow",
        "left_wrist",
        "right_wrist",
        "left_hip",
        "right_hip",
        "left_knee",
        "right_knee",
        "left_ankle",
        "right_ankle",
        "left_heel",
        "right_heel",
        "left_foot",
        "right_foot"
      ],
      "skeleton": [
        [
          1,
          2
        ],
        [
          0,
          1
        ],
        [
          0,
          2
        ],
        [
          1,
          3
        ],
        [
          2,
          4
        ],
        [
          5,
          6
        ],
        [
          5,
          7
        ],
        [
          7,
          9
        ],
        [
          6,
          8
        ],
        [
          8,
          10
        ],
        [
          5,
          11
        ],
        [
          6,
          12
        ],
        [
          11,
          12
        ],
        [
          11,
          13
        ],
        [
          13,
          15
        ],
        [
          12,
          14
        ],
        [
          14,
          16
        ],
        [
          16,
          18
        ],
        [
          16,
          20
        ],
        [
          20,
          18
        ],
        [
          15,
          17
        ],
        [
          15,
          19
        ],
        [
          19,
          17
        ]
      ]
    }
  ],
  "images": [
    {
      "file_name": "000000000007.jpg",
      "height": 1200,
      "width": 1600,
      "id": 0
    }
  ],
  "annotations": [
    {
      "category_id": 1,
      "image_id": 0,
      "id": 0,
      "bbox": [
        884.9509803921568,
        310.5090322580645,
        239.41176470588255,
        603.4916129032258
      ],
      "area": 144482.99203036065,
      "keypoints": [
        1041.304347826087,
        370.65217391304344,
        2,
        1060.0,
        360.8,
        2,
        1030.952380952381,
        361.3095238095238,
        2,
        1078.5714285714287,
        361.9047619047619,
        2,
        1025.0,
        369.07894736842104,
        0,
        1104.4117647058824,
        410.78431372549016,
        2,
        1005.3921568627451,
        403.921568627451,
        2,
        1095.0980392156862,
        474.5098039215686,
        2,
        959.8039215686274,
        460.78431372549016,
        2,
        1064.7058823529412,
        511.7647058823529,
        2,
        904.9019607843137,
        501.96078431372547,
        2,
        1080.722891566265,
        604.8192771084337,
        2,
        1010.8433734939758,
        612.0481927710842,
        2,
        1068.8,
        745.6,
        2,
        1013.6,
        736.8,
        2,
        1068.4782608695652,
        815.2173913043478,
        2,
        1016.3043478260869,
        805.4347826086956,
        2,
        1072.3684210526317,
        852.6315789473684,
        2,
        1032.258064516129,
        837.9032258064516,
        2,
        1065.725806451613,
        863.7096774193549,
        2,
        1000.4962779156327,
        853.1017369727047,
        2
      ],
      "num_keypoints": 20,
      "iscrowd": 0,
      "segmentation": []
    },
    {
      "category_id": 1,
      "image_id": 0,
      "id": 1,
      "bbox": [
        673.6309523809524,
        322.6610644257703,
        145.0,
        598.655462184874
      ],
      "area": 86805.04201680672,
      "keypoints": [
        748.0392156862745,
        383.3333333333333,
        2,
        755.8823529411765,
        373.03921568627453,
        2,
        740.1960784313725,
        372.54901960784315,
        2,
        760.2941176470588,
        376.96078431372547,
        1,
        706.3725490196078,
        379.4117647058823,
        2,
        754.6052631578947,
        430.92105263157896,
        2,
        695.3947368421052,
        443.42105263157896,
        2,
        782.1428571428572,
        538.0952380952381,
        1,
        685.7142857142858,
        556.547619047619,
        2,
        806.547619047619,
        602.3809523809524,
        2,
        721.4285714285714,
        638.6904761904763,
        2,
        782.4,
        624.0,
        2,
        746.4,
        631.2,
        2,
        781.3725490196078,
        740.1960784313725,
        2,
        726.4705882352941,
        759.8039215686274,
        2,
        735.2941176470588,
        818.6274509803922,
        2,
        694.2622950819672,
        831.1475409836065,
        0,
        723.008849557522,
        838.0530973451326,
        1,
        683.9285714285714,
        852.3809523809524,
        0,
        760.7142857142858,
        843.452380952381,
        2,
        717.2619047619048,
        871.4285714285714,
        2
      ],
      "num_keypoints": 19,
      "iscrowd": 0,
      "segmentation": []
    }
  ]
}