{
  "categories": [
    {
      "supercategory": "person",
      "id": 1,
      "name": "person",
      "keypoints": [
        "nose",
        "left_eye",
        "right_eye",
        "left_ear",
        "right_ear",
        "left_shoulder",
        "right_shoulder",
        "left_elbow",
        "right_elbow",
        "left_wrist",
        "right_wrist",
        "left_hip",
        "right_hip",
        "left_knee",
        "right_knee",
        "left_ankle",
        "right_ankle",
        "left_heel",
        "right_heel",
        "left_foot",
        "right_foot"
      ],
      "skeleton": [
        [
          1,
          2
        ],
        [
          0,
          1
        ],
        [
          0,
          2
        ],
        [
          1,
          3
        ],
        [
          2,
          4
        ],
        [
          5,
          6
        ],
        [
          5,
          7
        ],
        [
          7,
          9
        ],
        [
          6,
          8
        ],
        [
          8,
          10
        ],
        [
          5,
          11
        ],
        [
          6,
          12
        ],
        [
          11,
          12
        ],
        [
          11,
          13
        ],
        [
          13,
          15
        ],
        [
          12,
          14
        ],
        [
          14,
          16
        ],
        [
          16,
          18
        ],
        [
          16,
          20
        ],
        [
          20,
          18
        ],
        [
          15,
          17
        ],
        [
          15,
          19
        ],
        [
          19,
          17
        ]
      ]
    }
  ],
  "images": [
    {
      "file_name": "000000000963.jpg",
      "height": 1200,
      "width": 1600,
      "id": 0
    }
  ],
  "annotations": [
    {
      "category_id": 1,
      "image_id": 0,
      "id": 0,
      "bbox": [
        989.2261525145773,
        209.13818414903955,
        246.47366982507288,
        506.0852304447615
      ],
      "area": 124736.68399198807,
      "keypoints": [
        1148.6725663716813,
        265.4867256637168,
        2,
        1161.2244897959183,
        256.85131195335276,
        2,
        1141.1078717201165,
        256.55976676384836,
        2,
        1188.6297376093294,
        251.31195335276968,
        2,
        1141.9825072886297,
        248.97959183673467,
        0,
        1202.6239067055394,
        295.33527696793004,
        2,
        1116.0349854227404,
        298.8338192419825,
        2,
        1215.1603498542274,
        387.1720116618076,
        2,
        1102.6239067055394,
        400.0,
        2,
        1212.536443148688,
        473.7609329446064,
        2,
        1084.2565597667638,
        459.1836734693877,
        1,
        1184.8396501457726,
        420.4081632653061,
        2,
        1111.5384615384614,
        415.38461538461536,
        2,
        1116.6666666666665,
        537.1794871794872,
        1,
        1074.3589743589744,
        528.2051282051282,
        2,
        1066.6666666666665,
        634.6153846153846,
        2,
        1034.6153846153845,
        635.8974358974359,
        1,
        1063.1205673758866,
        665.9574468085107,
        2,
        1042.5531914893618,
        673.049645390071,
        1,
        1037.5886524822695,
        651.7730496453901,
        2,
        1009.765625,
        657.421875,
        1
      ],
      "num_keypoints": 20,
      "iscrowd": 0,
      "segmentation": []
    },
    {
      "category_id": 1,
      "image_id": 0,
      "id": 1,
      "bbox": [
        895.7140261627907,
        254.765625,
        210.80668604651157,
        542.8125
      ],
      "area": 114428.50426962206,
      "keypoints": [
        1006.6666666666666,
        310.0,
        2,
        1008.0952380952381,
        300.95238095238096,
        2,
        995.7142857142857,
        300.0,
        2,
        980.952380952381,
        297.6190476190476,
        0,
        964.2857142857142,
        300.4761904761905,
        2,
        1004.0697674418604,
        346.51162790697674,
        2,
        947.6744186046511,
        362.2093023255814,
        2,
        1045.9302325581396,
        422.6744186046512,
        2,
        968.0232558139535,
        455.8139534883721,
        2,
        1088.953488372093,
        364.5348837209302,
        2,
        1037.7906976744187,
        476.74418604651163,
        2,
        1011.5384615384614,
        512.8205128205128,
        1,
        958.9743589743589,
        517.9487179487179,
        1,
        992.3076923076922,
        637.1794871794872,
        2,
        952.5641025641025,
        625.6410256410256,
        2,
        972.65625,
        720.3125,
        2,
        922.65625,
        731.25,
        2,
        958.59375,
        732.03125,
        2,
        913.28125,
        746.875,
        2,
        990.625,
        735.9375,
        2,
        934.375,
        752.34375,
        2
      ],
      "num_keypoints": 20,
      "iscrowd": 0,
      "segmentation": []
    }
  ]
}