{
  "categories": [
    {
      "supercategory": "person",
      "id": 1,
      "name": "person",
      "keypoints": [
        "nose",
        "left_eye",
        "right_eye",
        "left_ear",
        "right_ear",
        "left_shoulder",
        "right_shoulder",
        "left_elbow",
        "right_elbow",
        "left_wrist",
        "right_wrist",
        "left_hip",
        "right_hip",
        "left_knee",
        "right_knee",
        "left_ankle",
        "right_ankle",
        "left_heel",
        "right_heel",
        "left_foot",
        "right_foot"
      ],
      "skeleton": [
        [
          1,
          2
        ],
        [
          0,
          1
        ],
        [
          0,
          2
        ],
        [
          1,
          3
        ],
        [
          2,
          4
        ],
        [
          5,
          6
        ],
        [
          5,
          7
        ],
        [
          7,
          9
        ],
        [
          6,
          8
        ],
        [
          8,
          10
        ],
        [
          5,
          11
        ],
        [
          6,
          12
        ],
        [
          11,
          12
        ],
        [
          11,
          13
        ],
        [
          13,
          15
        ],
        [
          12,
          14
        ],
        [
          14,
          16
        ],
        [
          16,
          18
        ],
        [
          16,
          20
        ],
        [
          20,
          18
        ],
        [
          15,
          17
        ],
        [
          15,
          19
        ],
        [
          19,
          17
        ]
      ]
    }
  ],
  "images": [
    {
      "file_name": "000000000886.jpg",
      "height": 1200,
      "width": 1600,
      "id": 0
    }
  ],
  "annotations": [
    {
      "category_id": 1,
      "image_id": 0,
      "id": 0,
      "bbox": [
        737.3054818744473,
        191.65517241379308,
        398.4880636604777,
        340.13793103448285
      ],
      "area": 135540.90551541216,
      "keypoints": [
        989.344262295082,
        242.62295081967213,
        1,
        1003.8095238095237,
        232.38095238095238,
        2,
        980.4761904761905,
        230.47619047619045,
        2,
        1039.047619047619,
        220.0,
        2,
        983.6206896551723,
        218.96551724137933,
        0,
        1087.0689655172414,
        296.98275862068965,
        2,
        965.0862068965516,
        277.15517241379314,
        2,
        1102.5862068965519,
        416.3793103448276,
        2,
        942.2413793103448,
        383.62068965517244,
        1,
        1086.2068965517242,
        503.448275862069,
        2,
        929.7413793103448,
        488.36206896551727,
        2,
        1040.0862068965519,
        409.4827586206897,
        2,
        967.9487179487178,
        403.84615384615387,
        1,
        941.0256410256409,
        406.4102564102564,
        2,
        912.8205128205127,
        407.6923076923077,
        1,
        852.5641025641025,
        405.12820512820514,
        2,
        812.8205128205127,
        400.0,
        1,
        829.4871794871794,
        422.4358974358974,
        2,
        773.7179487179487,
        428.8461538461538,
        2,
        812.8205128205128,
        355.12820512820514,
        1,
        770.5128205128204,
        353.8461538461538,
        1
      ],
      "num_keypoints": 20,
      "iscrowd": 0,
      "segmentation": []
    },
    {
      "category_id": 1,
      "image_id": 0,
      "id": 1,
      "bbox": [
        711.844494047619,
        339.39583333333326,
        204.74107142857144,
        567.2500000000001
      ],
      "area": 116139.37276785717,
      "keypoints": [
        799.5689655172413,
        381.89655172413796,
        0,
        810.7758620689655,
        367.6724137931035,
        0,
        785.3448275862069,
        371.55172413793105,
        0,
        802.5862068965516,
        366.3793103448276,
        0,
        768.103448275862,
        372.4137931034483,
        0,
        811.9047619047619,
        407.6190476190476,
        0,
        740.952380952381,
        422.38095238095235,
        2,
        871.9047619047618,
        423.3333333333333,
        0,
        796.1904761904761,
        451.4285714285714,
        2,
        918.0952380952381,
        391.90476190476187,
        0,
        899.5238095238095,
        386.66666666666663,
        2,
        811.5384615384614,
        584.6153846153846,
        2,
        760.2564102564102,
        596.1538461538462,
        2,
        797.4358974358973,
        719.2307692307692,
        2,
        770.5128205128204,
        734.6153846153846,
        2,
        774.21875,
        816.40625,
        2,
        743.75,
        839.84375,
        2,
        776.5625,
        825.78125,
        2,
        728.90625,
        853.125,
        2,
        800.78125,
        832.8125,
        2,
        756.25,
        859.375,
        2
      ],
      "num_keypoints": 13,
      "iscrowd": 0,
      "segmentation": []
    }
  ]
}