{
  "categories": [
    {
      "supercategory": "person",
      "id": 1,
      "name": "person",
      "keypoints": [
        "nose",
        "left_eye",
        "right_eye",
        "left_ear",
        "right_ear",
        "left_shoulder",
        "right_shoulder",
        "left_elbow",
        "right_elbow",
        "left_wrist",
        "right_wrist",
        "left_hip",
        "right_hip",
        "left_knee",
        "right_knee",
        "left_ankle",
        "right_ankle",
        "left_heel",
        "right_heel",
        "left_foot",
        "right_foot"
      ],
      "skeleton": [
        [
          1,
          2
        ],
        [
          0,
          1
        ],
        [
          0,
          2
        ],
        [
          1,
          3
        ],
        [
          2,
          4
        ],
        [
          5,
          6
        ],
        [
          5,
          7
        ],
        [
          7,
          9
        ],
        [
          6,
          8
        ],
        [
          8,
          10
        ],
        [
          5,
          11
        ],
        [
          6,
          12
        ],
        [
          11,
          12
        ],
        [
          11,
          13
        ],
        [
          13,
          15
        ],
        [
          12,
          14
        ],
        [
          14,
          16
        ],
        [
          16,
          18
        ],
        [
          16,
          20
        ],
        [
          20,
          18
        ],
        [
          15,
          17
        ],
        [
          15,
          19
        ],
        [
          19,
          17
        ]
      ]
    }
  ],
  "images": [
    {
      "file_name": "000000001799.jpg",
      "height": 1200,
      "width": 1600,
      "id": 0
    }
  ],
  "annotations": [
    {
      "category_id": 1,
      "image_id": 0,
      "id": 0,
      "bbox": [
        883.532647907648,
        344.1666666666667,
        289.2748917748918,
        220.00000000000006
      ],
      "area": 63640.47619047621,
      "keypoints": [
        928.0,
        406.0,
        2,
        943.7500000000001,
        394.44444444444446,
        2,
        911.8055555555557,
        394.44444444444446,
        1,
        965.9722222222223,
        362.5,
        2,
        903.4722222222223,
        383.33333333333337,
        0,
        1022.9166666666669,
        388.8888888888889,
        2,
        907.6388888888889,
        406.94444444444446,
        1,
        1052.0833333333333,
        469.44444444444446,
        2,
        929.8611111111112,
        458.33333333333337,
        2,
        1074.3055555555554,
        545.8333333333334,
        2,
        917.3611111111112,
        518.0555555555555,
        1,
        1040.9722222222222,
        530.5555555555555,
        1,
        999.3055555555555,
        522.2222222222223,
        1,
        1100.6944444444443,
        525.0,
        1,
        1075.6944444444443,
        500.0,
        0,
        1135.4166666666667,
        502.77777777777777,
        2,
        1103.4722222222222,
        473.61111111111114,
        2,
        1140.909090909091,
        479.2207792207792,
        2,
        1121.4285714285716,
        463.6363636363636,
        2,
        1148.7012987012988,
        519.4805194805194,
        1,
        1109.7402597402597,
        488.31168831168833,
        1
      ],
      "num_keypoints": 19,
      "iscrowd": 0,
      "segmentation": []
    },
    {
      "category_id": 1,
      "image_id": 0,
      "id": 1,
      "bbox": [
        729.0259740259739,
        353.5238095238095,
        181.5584415584416,
        588.8831168831169
      ],
      "area": 106916.70096137631,
      "keypoints": [
        791.5584415584416,
        428.57142857142856,
        0,
        777.2727272727273,
        407.79220779220776,
        0,
        788.961038961039,
        411.68831168831167,
        0,
        752.5974025974026,
        402.5974025974026,
        0,
        761.6883116883116,
        402.5974025974026,
        2,
        739.6103896103896,
        475.3246753246753,
        0,
        770.7792207792207,
        489.6103896103896,
        2,
        835.7142857142857,
        475.3246753246753,
        2,
        822.7272727272727,
        531.1688311688312,
        2,
        895.4545454545454,
        450.64935064935065,
        2,
        892.8571428571428,
        524.6753246753246,
        2,
        729.2207792207791,
        653.2467532467532,
        0,
        787.6623376623377,
        670.1298701298701,
        1,
        744.1558441558441,
        757.1428571428571,
        1,
        796.1038961038961,
        770.1298701298701,
        2,
        744.1666666666667,
        873.3333333333334,
        1,
        777.5,
        880.0000000000001,
        2,
        745.8333333333334,
        885.0000000000001,
        2,
        765.8333333333334,
        893.3333333333334,
        2,
        774.1666666666667,
        866.6666666666667,
        1,
        802.5,
        881.6666666666667,
        2
      ],
      "num_keypoints": 15,
      "iscrowd": 0,
      "segmentation": []
    }
  ]
}