{
  "categories": [
    {
      "supercategory": "person",
      "id": 1,
      "name": "person",
      "keypoints": [
        "nose",
        "left_eye",
        "right_eye",
        "left_ear",
        "right_ear",
        "left_shoulder",
        "right_shoulder",
        "left_elbow",
        "right_elbow",
        "left_wrist",
        "right_wrist",
        "left_hip",
        "right_hip",
        "left_knee",
        "right_knee",
        "left_ankle",
        "right_ankle",
        "left_heel",
        "right_heel",
        "left_foot",
        "right_foot"
      ],
      "skeleton": [
        [
          1,
          2
        ],
        [
          0,
          1
        ],
        [
          0,
          2
        ],
        [
          1,
          3
        ],
        [
          2,
          4
        ],
        [
          5,
          6
        ],
        [
          5,
          7
        ],
        [
          7,
          9
        ],
        [
          6,
          8
        ],
        [
          8,
          10
        ],
        [
          5,
          11
        ],
        [
          6,
          12
        ],
        [
          11,
          12
        ],
        [
          11,
          13
        ],
        [
          13,
          15
        ],
        [
          12,
          14
        ],
        [
          14,
          16
        ],
        [
          16,
          18
        ],
        [
          16,
          20
        ],
        [
          20,
          18
        ],
        [
          15,
          17
        ],
        [
          15,
          19
        ],
        [
          19,
          17
        ]
      ]
    }
  ],
  "images": [
    {
      "file_name": "000000001626.jpg",
      "height": 1200,
      "width": 1600,
      "id": 0
    }
  ],
  "annotations": [
    {
      "category_id": 1,
      "image_id": 0,
      "id": 0,
      "bbox": [
        730.5555555555557,
        256.6666666666667,
        308.33333333333326,
        536.6666666666667
      ],
      "area": 165472.22222222222,
      "keypoints": [
        893.7500000000001,
        312.5,
        2,
        910.0,
        305.0,
        2,
        888.1944444444446,
        301.3888888888889,
        2,
        931.2500000000001,
        320.83333333333337,
        2,
        878.4722222222223,
        311.11111111111114,
        0,
        934.0277777777779,
        369.44444444444446,
        2,
        850.6944444444446,
        362.5,
        2,
        1013.1944444444445,
        381.94444444444446,
        2,
        799.3055555555557,
        345.83333333333337,
        2,
        1006.2500000000001,
        347.22222222222223,
        2,
        756.2500000000001,
        311.11111111111114,
        2,
        918.7500000000001,
        551.3888888888889,
        2,
        861.8055555555557,
        548.6111111111111,
        1,
        932.638888888889,
        647.2222222222223,
        1,
        875.6944444444446,
        651.3888888888889,
        1,
        931.2500000000001,
        718.0555555555555,
        2,
        886.8055555555557,
        705.5555555555555,
        2,
        943.7500000000001,
        737.5,
        2,
        892.3611111111112,
        726.3888888888889,
        2,
        917.3611111111112,
        748.6111111111112,
        2,
        864.5833333333334,
        730.5555555555557,
        2
      ],
      "num_keypoints": 20,
      "iscrowd": 0,
      "segmentation": []
    },
    {
      "category_id": 1,
      "image_id": 0,
      "id": 1,
      "bbox": [
        376.9480519480519,
        240.54761904761904,
        159.74025974025972,
        666.6753246753248
      ],
      "area": 106494.88952605835,
      "keypoints": [
        503.2467532467532,
        315.5844155844156,
        2,
        481.16883116883116,
        296.1038961038961,
        0,
        496.7532467532467,
        296.1038961038961,
        1,
        469.48051948051943,
        307.79220779220776,
        0,
        452.5974025974026,
        310.38961038961037,
        2,
        452.5974025974026,
        400.0,
        0,
        438.3116883116883,
        401.2987012987013,
        2,
        468.18181818181813,
        501.2987012987013,
        0,
        404.5454545454545,
        507.79220779220776,
        2,
        503.2467532467532,
        516.8831168831168,
        1,
        390.2597402597402,
        593.5064935064935,
        2,
        501.9480519480519,
        588.3116883116883,
        1,
        455.19480519480516,
        601.2987012987013,
        2,
        523.3766233766233,
        671.4285714285714,
        1,
        470.1298701298701,
        729.8701298701299,
        1,
        460.83333333333337,
        773.3333333333334,
        1,
        479.16666666666674,
        838.3333333333334,
        1,
        437.5,
        793.3333333333334,
        1,
        455.83333333333337,
        851.6666666666667,
        1,
        479.16666666666674,
        783.3333333333334,
        1,
        507.5,
        841.6666666666667,
        1
      ],
      "num_keypoints": 17,
      "iscrowd": 0,
      "segmentation": []
    }
  ]
}