{
  "categories": [
    {
      "supercategory": "person",
      "id": 1,
      "name": "person",
      "keypoints": [
        "nose",
        "left_eye",
        "right_eye",
        "left_ear",
        "right_ear",
        "left_shoulder",
        "right_shoulder",
        "left_elbow",
        "right_elbow",
        "left_wrist",
        "right_wrist",
        "left_hip",
        "right_hip",
        "left_knee",
        "right_knee",
        "left_ankle",
        "right_ankle",
        "left_heel",
        "right_heel",
        "left_foot",
        "right_foot"
      ],
      "skeleton": [
        [
          1,
          2
        ],
        [
          0,
          1
        ],
        [
          0,
          2
        ],
        [
          1,
          3
        ],
        [
          2,
          4
        ],
        [
          5,
          6
        ],
        [
          5,
          7
        ],
        [
          7,
          9
        ],
        [
          6,
          8
        ],
        [
          8,
          10
        ],
        [
          5,
          11
        ],
        [
          6,
          12
        ],
        [
          11,
          12
        ],
        [
          11,
          13
        ],
        [
          13,
          15
        ],
        [
          12,
          14
        ],
        [
          14,
          16
        ],
        [
          16,
          18
        ],
        [
          16,
          20
        ],
        [
          20,
          18
        ],
        [
          15,
          17
        ],
        [
          15,
          19
        ],
        [
          19,
          17
        ]
      ]
    }
  ],
  "images": [
    {
      "file_name": "000000001035.jpg",
      "height": 1200,
      "width": 1600,
      "id": 0
    }
  ],
  "annotations": [
    {
      "category_id": 1,
      "image_id": 0,
      "id": 0,
      "bbox": [
        249.99999999999997,
        320.70240455054727,
        355.1020408163266,
        764.9987072308886
      ],
      "area": 271652.6021595401,
      "keypoints": [
        435.24590163934425,
        395.08196721311475,
        2,
        436.74911660777383,
        384.452296819788,
        2,
        424.02826855123675,
        388.339222614841,
        2,
        409.478672985782,
        395.26066350710903,
        0,
        381.9905213270142,
        408.05687203791473,
        2,
        457.14285714285717,
        462.2448979591836,
        2,
        316.3265306122449,
        496.9387755102041,
        2,
        528.5714285714287,
        584.6938775510204,
        2,
        279.59183673469386,
        603.0612244897959,
        2,
        575.5102040816328,
        668.3673469387755,
        2,
        291.83673469387753,
        723.469387755102,
        1,
        490.9090909090909,
        718.1818181818181,
        2,
        352.5974025974026,
        741.5584415584416,
        2,
        503.2467532467532,
        833.7662337662338,
        2,
        343.5064935064935,
        833.7662337662338,
        2,
        524.025974025974,
        962.3376623376623,
        2,
        296.1038961038961,
        971.4285714285714,
        2,
        529.7297297297297,
        989.189189189189,
        2,
        309.8484848484849,
        993.9393939393939,
        2,
        525.2032520325204,
        1021.9512195121952,
        2,
        282.5757575757576,
        1019.6969696969696,
        2
      ],
      "num_keypoints": 20,
      "iscrowd": 0,
      "segmentation": []
    },
    {
      "category_id": 1,
      "image_id": 0,
      "id": 1,
      "bbox": [
        559.8245614035087,
        298.6549707602339,
        209.37799043062205,
        610.079744816587
      ],
      "area": 127737.27097212369,
      "keypoints": [
        726.5151515151515,
        362.1212121212121,
        2,
        712.7946127946127,
        350.50505050505046,
        1,
        707.4074074074074,
        354.88215488215485,
        0,
        684.8484848484848,
        349.4949494949495,
        2,
        673.063973063973,
        361.95286195286195,
        2,
        718.5185185185185,
        412.12121212121207,
        2,
        625.0,
        422.72727272727275,
        2,
        740.9090909090909,
        522.7272727272727,
        2,
        577.2727272727273,
        521.2121212121212,
        2,
        751.7543859649122,
        575.438596491228,
        1,
        604.3859649122807,
        571.9298245614035,
        2,
        711.4035087719299,
        612.280701754386,
        2,
        651.7543859649123,
        622.8070175438596,
        2,
        697.3684210526316,
        696.4912280701755,
        2,
        669.2982456140351,
        698.2456140350878,
        2,
        657.0175438596491,
        778.9473684210526,
        1,
        662.280701754386,
        815.7894736842105,
        2,
        639.4736842105264,
        803.5087719298245,
        1,
        658.7719298245614,
        843.859649122807,
        2,
        678.0701754385965,
        801.7543859649123,
        1,
        672.8070175438596,
        857.8947368421053,
        2
      ],
      "num_keypoints": 20,
      "iscrowd": 0,
      "segmentation": []
    },
    {
      "category_id": 1,
      "image_id": 0,
      "id": 2,
      "bbox": [
        1235.7017543859647,
        277.9810747340793,
        129.47368421052624,
        415.40820555325314
      ],
      "area": 53784.43082426327,
      "keypoints": [
        1315.2941176470588,
        320.0,
        2,
        1322.0472440944882,
        312.59842519685037,
        2,
        1305.511811023622,
        312.59842519685037,
        2,
        1326.3157894736842,
        318.85964912280696,
        0,
        1293.8596491228068,
        318.85964912280696,
        1,
        1334.6491228070174,
        351.7543859649122,
        2,
        1273.2456140350876,
        357.45614035087715,
        2,
        1352.6315789473683,
        420.1754385964912,
        2,
        1246.4912280701753,
        432.0175438596491,
        2,
        1354.3859649122805,
        467.54385964912274,
        1,
        1258.7719298245613,
        478.9473684210526,
        1,
        1323.6842105263156,
        478.07017543859644,
        2,
        1292.1052631578946,
        482.45614035087715,
        2,
        1328.0701754385964,
        562.2807017543859,
        2,
        1274.9999999999998,
        567.9824561403508,
        1,
        1313.1578947368419,
        632.0175438596491,
        1,
        1256.5789473684208,
        621.4912280701753,
        2,
        1303.0701754385964,
        649.1228070175438,
        2,
        1248.6842105263156,
        639.0350877192982,
        1,
        1340.7894736842104,
        658.7719298245613,
        2,
        1267.9824561403507,
        647.8070175438596,
        2
      ],
      "num_keypoints": 20,
      "iscrowd": 0,
      "segmentation": []
    }
  ]
}