{
  "categories": [
    {
      "supercategory": "person",
      "id": 1,
      "name": "person",
      "keypoints": [
        "nose",
        "left_eye",
        "right_eye",
        "left_ear",
        "right_ear",
        "left_shoulder",
        "right_shoulder",
        "left_elbow",
        "right_elbow",
        "left_wrist",
        "right_wrist",
        "left_hip",
        "right_hip",
        "left_knee",
        "right_knee",
        "left_ankle",
        "right_ankle",
        "left_heel",
        "right_heel",
        "left_foot",
        "right_foot"
      ],
      "skeleton": [
        [
          1,
          2
        ],
        [
          0,
          1
        ],
        [
          0,
          2
        ],
        [
          1,
          3
        ],
        [
          2,
          4
        ],
        [
          5,
          6
        ],
        [
          5,
          7
        ],
        [
          7,
          9
        ],
        [
          6,
          8
        ],
        [
          8,
          10
        ],
        [
          5,
          11
        ],
        [
          6,
          12
        ],
        [
          11,
          12
        ],
        [
          11,
          13
        ],
        [
          13,
          15
        ],
        [
          12,
          14
        ],
        [
          14,
          16
        ],
        [
          16,
          18
        ],
        [
          16,
          20
        ],
        [
          20,
          18
        ],
        [
          15,
          17
        ],
        [
          15,
          19
        ],
        [
          19,
          17
        ]
      ]
    }
  ],
  "images": [
    {
      "file_name": "000000000311.jpg",
      "height": 1200,
      "width": 1600,
      "id": 0
    }
  ],
  "annotations": [
    {
      "category_id": 1,
      "image_id": 0,
      "id": 0,
      "bbox": [
        518.2382988833452,
        354.6754878769958,
        263.1076265146114,
        662.3151981076287
      ],
      "area": 174260.17977865285,
      "keypoints": [
        540.1639344262295,
        418.0327868852459,
        1,
        548.0263157894736,
        409.86842105263156,
        1,
        550.6578947368421,
        415.13157894736844,
        0,
        577.4509803921569,
        422.54901960784315,
        2,
        573.0263157894736,
        407.2368421052632,
        0,
        627.6315789473684,
        498.0263157894737,
        2,
        579.3478260869565,
        488.04347826086956,
        2,
        643.3734939759036,
        602.4096385542168,
        2,
        601.2048192771084,
        589.156626506024,
        0,
        630.1204819277108,
        683.1325301204819,
        2,
        593.9759036144578,
        669.8795180722891,
        0,
        668.4782608695651,
        691.3043478260869,
        2,
        592.391304347826,
        698.9130434782609,
        2,
        686.7256637168141,
        796.4601769911503,
        0,
        592.9203539823009,
        815.9292035398229,
        2,
        733.3333333333334,
        846.078431372549,
        2,
        604.9019607843137,
        914.7058823529412,
        2,
        759.4202898550724,
        854.3478260869565,
        2,
        614.6067415730337,
        961.7977528089888,
        2,
        721.0084033613446,
        889.0756302521008,
        2,
        561.9047619047619,
        958.9285714285714,
        2
      ],
      "num_keypoints": 16,
      "iscrowd": 0,
      "segmentation": []
    },
    {
      "category_id": 1,
      "image_id": 0,
      "id": 1,
      "bbox": [
        827.84,
        345.9208683473389,
        136.31999999999994,
        496.00840336134456
      ],
      "area": 67615.86554621845,
      "keypoints": [
        877.4509803921568,
        397.05882352941177,
        2,
        892.0289855072463,
        387.6811594202898,
        2,
        870.0980392156863,
        387.2549019607843,
        2,
        906.3725490196078,
        388.7254901960784,
        2,
        861.7647058823529,
        383.3333333333333,
        0,
        943.3628318584069,
        433.62831858407077,
        2,
        845.2380952380953,
        427.9761904761905,
        2,
        952.8,
        523.2,
        1,
        839.2,
        519.2,
        1,
        952.8,
        581.6,
        2,
        834.7826086956521,
        582.6086956521739,
        0,
        907.6086956521739,
        604.3478260869565,
        2,
        853.2786885245902,
        604.9180327868853,
        2,
        900.0,
        690.2173913043478,
        2,
        865.2173913043478,
        689.1304347826086,
        2,
        900.8,
        771.2,
        2,
        879.646017699115,
        754.8672566371681,
        2,
        917.8378378378378,
        787.027027027027,
        2,
        891.3043478260869,
        772.463768115942,
        1,
        902.9761904761905,
        800.5952380952381,
        2,
        858.3333333333334,
        786.3095238095239,
        2
      ],
      "num_keypoints": 19,
      "iscrowd": 0,
      "segmentation": []
    }
  ]
}