{
  "categories": [
    {
      "supercategory": "person",
      "id": 1,
      "name": "person",
      "keypoints": [
        "nose",
        "left_eye",
        "right_eye",
        "left_ear",
        "right_ear",
        "left_shoulder",
        "right_shoulder",
        "left_elbow",
        "right_elbow",
        "left_wrist",
        "right_wrist",
        "left_hip",
        "right_hip",
        "left_knee",
        "right_knee",
        "left_ankle",
        "right_ankle",
        "left_heel",
        "right_heel",
        "left_foot",
        "right_foot"
      ],
      "skeleton": [
        [
          1,
          2
        ],
        [
          0,
          1
        ],
        [
          0,
          2
        ],
        [
          1,
          3
        ],
        [
          2,
          4
        ],
        [
          5,
          6
        ],
        [
          5,
          7
        ],
        [
          7,
          9
        ],
        [
          6,
          8
        ],
        [
          8,
          10
        ],
        [
          5,
          11
        ],
        [
          6,
          12
        ],
        [
          11,
          12
        ],
        [
          11,
          13
        ],
        [
          13,
          15
        ],
        [
          12,
          14
        ],
        [
          14,
          16
        ],
        [
          16,
          18
        ],
        [
          16,
          20
        ],
        [
          20,
          18
        ],
        [
          15,
          17
        ],
        [
          15,
          19
        ],
        [
          19,
          17
        ]
      ]
    }
  ],
  "images": [
    {
      "file_name": "000000000764.jpg",
      "height": 1200,
      "width": 1600,
      "id": 0
    }
  ],
  "annotations": [
    {
      "category_id": 1,
      "image_id": 0,
      "id": 0,
      "bbox": [
        1033.900709219858,
        226.1920349154392,
        248.51063829787245,
        315.4828150572831
      ],
      "area": 78400.83574189508,
      "keypoints": [
        1060.0,
        280.8,
        2,
        1072.695035460993,
        266.6666666666667,
        2,
        1054.6099290780141,
        267.73049645390074,
        2,
        1108.8652482269504,
        252.48226950354612,
        2,
        1062.109375,
        255.078125,
        0,
        1164.84375,
        309.765625,
        2,
        1055.078125,
        302.34375,
        2,
        1185.15625,
        400.0,
        2,
        1058.59375,
        387.5,
        2,
        1195.3125,
        478.515625,
        2,
        1061.71875,
        460.9375,
        2,
        1175.78125,
        437.890625,
        2,
        1116.6666666666665,
        442.3076923076923,
        2,
        1208.974358974359,
        515.3846153846154,
        2,
        1156.4102564102564,
        510.2564102564103,
        2,
        1248.7179487179487,
        457.6923076923077,
        2,
        1220.5128205128203,
        453.84615384615387,
        1,
        1243.971631205674,
        440.42553191489367,
        2,
        1218.4397163120568,
        426.9503546099291,
        2,
        1261.7021276595744,
        465.95744680851067,
        2,
        1234.0425531914893,
        464.53900709219863,
        1
      ],
      "num_keypoints": 20,
      "iscrowd": 0,
      "segmentation": []
    },
    {
      "category_id": 1,
      "image_id": 0,
      "id": 1,
      "bbox": [
        895.5263157894735,
        251.531211750306,
        135.78947368421063,
        539.7649938800489
      ],
      "area": 73294.40443213301,
      "keypoints": [
        973.2558139534884,
        319.1860465116279,
        2,
        977.9069767441861,
        309.8837209302326,
        2,
        963.3720930232558,
        306.3953488372093,
        2,
        956.9767441860465,
        301.74418604651163,
        0,
        934.8837209302326,
        296.51162790697674,
        2,
        980.0,
        338.57142857142856,
        2,
        917.6190476190476,
        362.38095238095235,
        2,
        1015.2380952380952,
        417.6190476190476,
        2,
        952.3809523809523,
        454.76190476190476,
        2,
        1054.7619047619048,
        363.3333333333333,
        0,
        1020.0,
        481.4285714285714,
        2,
        984.2857142857142,
        524.7619047619047,
        2,
        946.1538461538462,
        538.4615384615385,
        2,
        969.230769230769,
        615.3846153846154,
        2,
        941.0256410256409,
        616.6666666666666,
        1,
        951.0526315789473,
        712.1052631578947,
        2,
        913.6842105263157,
        733.6842105263157,
        2,
        937.8947368421052,
        730.5263157894736,
        1,
        906.8421052631578,
        746.3157894736842,
        2,
        962.6315789473683,
        732.1052631578947,
        2,
        931.578947368421,
        746.3157894736842,
        2
      ],
      "num_keypoints": 19,
      "iscrowd": 0,
      "segmentation": []
    }
  ]
}