{
  "categories": [
    {
      "supercategory": "person",
      "id": 1,
      "name": "person",
      "keypoints": [
        "nose",
        "left_eye",
        "right_eye",
        "left_ear",
        "right_ear",
        "left_shoulder",
        "right_shoulder",
        "left_elbow",
        "right_elbow",
        "left_wrist",
        "right_wrist",
        "left_hip",
        "right_hip",
        "left_knee",
        "right_knee",
        "left_ankle",
        "right_ankle",
        "left_heel",
        "right_heel",
        "left_foot",
        "right_foot"
      ],
      "skeleton": [
        [
          1,
          2
        ],
        [
          0,
          1
        ],
        [
          0,
          2
        ],
        [
          1,
          3
        ],
        [
          2,
          4
        ],
        [
          5,
          6
        ],
        [
          5,
          7
        ],
        [
          7,
          9
        ],
        [
          6,
          8
        ],
        [
          8,
          10
        ],
        [
          5,
          11
        ],
        [
          6,
          12
        ],
        [
          11,
          12
        ],
        [
          11,
          13
        ],
        [
          13,
          15
        ],
        [
          12,
          14
        ],
        [
          14,
          16
        ],
        [
          16,
          18
        ],
        [
          16,
          20
        ],
        [
          20,
          18
        ],
        [
          15,
          17
        ],
        [
          15,
          19
        ],
        [
          19,
          17
        ]
      ]
    }
  ],
  "images": [
    {
      "file_name": "000000000565.jpg",
      "height": 1200,
      "width": 1600,
      "id": 0
    }
  ],
  "annotations": [
    {
      "category_id": 1,
      "image_id": 0,
      "id": 0,
      "bbox": [
        319.7964997964998,
        215.93072947724113,
        311.1599511599511,
        829.3440667859272
      ],
      "area": 258058.65931590434,
      "keypoints": [
        509.55882352941165,
        366.17647058823525,
        2,
        523.3333333333333,
        356.66666666666663,
        2,
        504.96453900709224,
        355.67375886524826,
        2,
        572.3404255319149,
        359.5744680851064,
        1,
        516.1375661375661,
        357.67195767195767,
        0,
        605.026455026455,
        432.80423280423275,
        2,
        491.5343915343915,
        411.1111111111111,
        2,
        564.2857142857142,
        401.3227513227513,
        2,
        411.90476190476187,
        371.95767195767195,
        2,
        539.4179894179894,
        311.37566137566137,
        2,
        345.7264957264957,
        285.04273504273505,
        2,
        559.4017094017095,
        658.1196581196582,
        2,
        469.23076923076917,
        638.4615384615385,
        2,
        548.7179487179486,
        823.0769230769231,
        2,
        489.7435897435897,
        811.5384615384615,
        1,
        583.3333333333333,
        939.7435897435897,
        2,
        548.7179487179486,
        928.2051282051282,
        2,
        601.7441860465117,
        961.046511627907,
        2,
        555.232558139535,
        950.0,
        1,
        555.8139534883721,
        976.1627906976744,
        2,
        516.8604651162791,
        957.5581395348837,
        2
      ],
      "num_keypoints": 20,
      "iscrowd": 0,
      "segmentation": []
    },
    {
      "category_id": 1,
      "image_id": 0,
      "id": 1,
      "bbox": [
        583.7045319022062,
        284.9191810344828,
        118.6225402504474,
        553.3836206896551
      ],
      "area": 65643.77081919693,
      "keypoints": [
        623.7068965517241,
        341.8103448275862,
        2,
        634.0517241379309,
        331.0344827586207,
        2,
        614.655172413793,
        333.18965517241384,
        2,
        655.1724137931034,
        339.22413793103453,
        2,
        609.9137931034483,
        336.6379310344828,
        1,
        690.948275862069,
        400.0,
        2,
        599.4186046511628,
        396.51162790697674,
        2,
        692.4418604651163,
        486.6279069767442,
        2,
        572.0930232558139,
        464.5348837209302,
        0,
        657.5581395348837,
        443.60465116279073,
        2,
        583.7209302325582,
        435.4651162790698,
        0,
        658.1395348837209,
        558.7209302325582,
        2,
        593.5897435897435,
        551.2820512820513,
        2,
        647.4358974358973,
        680.7692307692307,
        2,
        603.8461538461538,
        679.4871794871794,
        2,
        641.025641025641,
        758.9743589743589,
        2,
        605.1282051282051,
        766.025641025641,
        1,
        631.25,
        778.515625,
        2,
        611.71875,
        780.46875,
        1,
        649.21875,
        782.03125,
        2,
        607.421875,
        792.1875,
        2
      ],
      "num_keypoints": 19,
      "iscrowd": 0,
      "segmentation": []
    }
  ]
}