{
  "categories": [
    {
      "supercategory": "person",
      "id": 1,
      "name": "person",
      "keypoints": [
        "nose",
        "left_eye",
        "right_eye",
        "left_ear",
        "right_ear",
        "left_shoulder",
        "right_shoulder",
        "left_elbow",
        "right_elbow",
        "left_wrist",
        "right_wrist",
        "left_hip",
        "right_hip",
        "left_knee",
        "right_knee",
        "left_ankle",
        "right_ankle",
        "left_heel",
        "right_heel",
        "left_foot",
        "right_foot"
      ],
      "skeleton": [
        [
          1,
          2
        ],
        [
          0,
          1
        ],
        [
          0,
          2
        ],
        [
          1,
          3
        ],
        [
          2,
          4
        ],
        [
          5,
          6
        ],
        [
          5,
          7
        ],
        [
          7,
          9
        ],
        [
          6,
          8
        ],
        [
          8,
          10
        ],
        [
          5,
          11
        ],
        [
          6,
          12
        ],
        [
          11,
          12
        ],
        [
          11,
          13
        ],
        [
          13,
          15
        ],
        [
          12,
          14
        ],
        [
          14,
          16
        ],
        [
          16,
          18
        ],
        [
          16,
          20
        ],
        [
          20,
          18
        ],
        [
          15,
          17
        ],
        [
          15,
          19
        ],
        [
          19,
          17
        ]
      ]
    }
  ],
  "images": [
    {
      "file_name": "000000001114.jpg",
      "height": 1200,
      "width": 1600,
      "id": 0
    }
  ],
  "annotations": [
    {
      "category_id": 1,
      "image_id": 0,
      "id": 0,
      "bbox": [
        519.030612244898,
        184.5578231292517,
        562.5417439703155,
        385.3061224489795
      ],
      "area": 216750.77808488885,
      "keypoints": [
        963.0434782608695,
        233.69565217391303,
        2,
        980.4487179487179,
        216.66666666666666,
        2,
        958.6538461538461,
        217.6282051282051,
        2,
        1010.1910828025477,
        245.22292993630572,
        2,
        958.0882352941177,
        243.62745098039215,
        0,
        1016.326530612245,
        307.1428571428571,
        2,
        916.3265306122449,
        298.9795918367347,
        2,
        1034.6938775510205,
        452.0408163265306,
        2,
        861.2244897959184,
        441.8367346938776,
        0,
        1016.326530612245,
        537.7551020408163,
        2,
        853.3333333333333,
        516.6666666666666,
        2,
        910.3896103896104,
        449.35064935064935,
        2,
        839.6103896103897,
        407.79220779220776,
        2,
        816.2337662337662,
        438.9610389610389,
        2,
        773.3766233766233,
        411.68831168831167,
        2,
        677.2727272727273,
        462.3376623376623,
        2,
        640.2597402597403,
        458.4415584415584,
        1,
        635.0649350649351,
        506.49350649350646,
        2,
        576.5151515151515,
        500.0,
        2,
        600.7575757575758,
        457.57575757575756,
        2,
        565.9090909090909,
        456.06060606060606,
        2
      ],
      "num_keypoints": 19,
      "iscrowd": 0,
      "segmentation": []
    },
    {
      "category_id": 1,
      "image_id": 0,
      "id": 1,
      "bbox": [
        630.3524531024532,
        298.27067669172936,
        72.43722943722946,
        690.8817498291182
      ],
      "area": 50045.55982636641,
      "keypoints": [
        696.7532467532468,
        372.7272727272727,
        2,
        694.8051948051948,
        355.84415584415586,
        2,
        673.0886850152905,
        371.2538226299694,
        2,
        674.9235474006116,
        342.81345565749234,
        0,
        636.3888888888889,
        389.72222222222223,
        2,
        716.1209068010075,
        421.66246851385387,
        0,
        646.095717884131,
        439.2947103274559,
        0,
        780.3030303030303,
        486.3636363636364,
        0,
        765.1515151515151,
        466.6666666666667,
        0,
        830.7017543859649,
        470.1754385964913,
        0,
        818.421052631579,
        398.2456140350878,
        0,
        695.6140350877193,
        629.8245614035088,
        0,
        676.3157894736842,
        640.3508771929825,
        2,
        700.8771929824561,
        759.6491228070175,
        0,
        692.1052631578947,
        778.9473684210526,
        1,
        665.7894736842105,
        836.8421052631579,
        1,
        662.280701754386,
        903.5087719298245,
        2,
        648.2456140350877,
        861.4035087719299,
        1,
        648.2456140350877,
        919.2982456140351,
        2,
        686.8421052631579,
        864.9122807017544,
        1,
        685.0877192982456,
        931.578947368421,
        1
      ],
      "num_keypoints": 12,
      "iscrowd": 0,
      "segmentation": []
    }
  ]
}