{
  "categories": [
    {
      "supercategory": "person",
      "id": 1,
      "name": "person",
      "keypoints": [
        "nose",
        "left_eye",
        "right_eye",
        "left_ear",
        "right_ear",
        "left_shoulder",
        "right_shoulder",
        "left_elbow",
        "right_elbow",
        "left_wrist",
        "right_wrist",
        "left_hip",
        "right_hip",
        "left_knee",
        "right_knee",
        "left_ankle",
        "right_ankle",
        "left_heel",
        "right_heel",
        "left_foot",
        "right_foot"
      ],
      "skeleton": [
        [
          1,
          2
        ],
        [
          0,
          1
        ],
        [
          0,
          2
        ],
        [
          1,
          3
        ],
        [
          2,
          4
        ],
        [
          5,
          6
        ],
        [
          5,
          7
        ],
        [
          7,
          9
        ],
        [
          6,
          8
        ],
        [
          8,
          10
        ],
        [
          5,
          11
        ],
        [
          6,
          12
        ],
        [
          11,
          12
        ],
        [
          11,
          13
        ],
        [
          13,
          15
        ],
        [
          12,
          14
        ],
        [
          14,
          16
        ],
        [
          16,
          18
        ],
        [
          16,
          20
        ],
        [
          20,
          18
        ],
        [
          15,
          17
        ],
        [
          15,
          19
        ],
        [
          19,
          17
        ]
      ]
    }
  ],
  "images": [
    {
      "file_name": "000000000956.jpg",
      "height": 1200,
      "width": 1600,
      "id": 0
    }
  ],
  "annotations": [
    {
      "category_id": 1,
      "image_id": 0,
      "id": 0,
      "bbox": [
        475.7421875,
        316.36052166224584,
        342.65625,
        667.4668435013261
      ],
      "area": 228711.6855935013,
      "keypoints": [
        611.9565217391304,
        383.695652173913,
        2,
        627.155172413793,
        372.4137931034483,
        2,
        607.7586206896551,
        371.9827586206897,
        2,
        664.2241379310344,
        384.05172413793105,
        2,
        621.875,
        380.859375,
        0,
        709.765625,
        443.75,
        2,
        594.53125,
        441.015625,
        2,
        789.84375,
        511.328125,
        2,
        535.546875,
        524.609375,
        2,
        762.5,
        499.609375,
        2,
        504.296875,
        581.25,
        2,
        678.125,
        643.359375,
        2,
        594.8717948717948,
        626.9230769230769,
        2,
        652.5641025641025,
        787.1794871794872,
        2,
        625.6410256410255,
        783.3333333333334,
        1,
        687.1794871794871,
        905.1282051282051,
        2,
        666.6666666666666,
        889.7435897435897,
        1,
        700.0,
        928.2051282051282,
        2,
        674.3589743589744,
        905.1282051282051,
        1,
        661.5384615384615,
        927.5641025641025,
        2,
        641.6666666666666,
        907.6923076923076,
        2
      ],
      "num_keypoints": 20,
      "iscrowd": 0,
      "segmentation": []
    },
    {
      "category_id": 1,
      "image_id": 0,
      "id": 1,
      "bbox": [
        538.515625,
        352.265625,
        62.8125,
        441.5625
      ],
      "area": 27735.64453125,
      "keypoints": [
        550.78125,
        405.078125,
        2,
        558.59375,
        394.921875,
        2,
        543.75,
        394.921875,
        2,
        585.15625,
        389.0625,
        2,
        551.171875,
        389.453125,
        0,
        600.6430868167203,
        439.2282958199357,
        0,
        552.7331189710611,
        436.9774919614148,
        1,
        606.1093247588425,
        507.395498392283,
        0,
        548.2315112540193,
        500.0,
        0,
        620.5787781350483,
        541.1575562700965,
        0,
        563.9871382636657,
        544.3729903536978,
        0,
        602.5641025641025,
        578.2051282051282,
        0,
        560.2564102564102,
        574.3589743589744,
        1,
        610.2564102564102,
        651.2820512820513,
        0,
        546.1538461538461,
        666.6666666666666,
        1,
        632.8125,
        761.71875,
        0,
        582.8125,
        745.3125,
        2,
        652.34375,
        763.28125,
        0,
        596.09375,
        753.125,
        1,
        625.78125,
        767.96875,
        0,
        562.5,
        757.03125,
        2
      ],
      "num_keypoints": 10,
      "iscrowd": 0,
      "segmentation": []
    }
  ]
}