{
  "categories": [
    {
      "supercategory": "person",
      "id": 1,
      "name": "person",
      "keypoints": [
        "nose",
        "left_eye",
        "right_eye",
        "left_ear",
        "right_ear",
        "left_shoulder",
        "right_shoulder",
        "left_elbow",
        "right_elbow",
        "left_wrist",
        "right_wrist",
        "left_hip",
        "right_hip",
        "left_knee",
        "right_knee",
        "left_ankle",
        "right_ankle",
        "left_heel",
        "right_heel",
        "left_foot",
        "right_foot"
      ],
      "skeleton": [
        [
          1,
          2
        ],
        [
          0,
          1
        ],
        [
          0,
          2
        ],
        [
          1,
          3
        ],
        [
          2,
          4
        ],
        [
          5,
          6
        ],
        [
          5,
          7
        ],
        [
          7,
          9
        ],
        [
          6,
          8
        ],
        [
          8,
          10
        ],
        [
          5,
          11
        ],
        [
          6,
          12
        ],
        [
          11,
          12
        ],
        [
          11,
          13
        ],
        [
          13,
          15
        ],
        [
          12,
          14
        ],
        [
          14,
          16
        ],
        [
          16,
          18
        ],
        [
          16,
          20
        ],
        [
          20,
          18
        ],
        [
          15,
          17
        ],
        [
          15,
          19
        ],
        [
          19,
          17
        ]
      ]
    }
  ],
  "images": [
    {
      "file_name": "000000000252.jpg",
      "height": 1200,
      "width": 1600,
      "id": 0
    }
  ],
  "annotations": [
    {
      "category_id": 1,
      "image_id": 0,
      "id": 0,
      "bbox": [
        484.14675093817897,
        468.0321739130435,
        239.41931661070504,
        527.0921739130436
      ],
      "area": 126196.04806911178,
      "keypoints": [
        504.09836065573774,
        601.6393442622951,
        1,
        506.6666666666667,
        589.7777777777778,
        2,
        493.77777777777777,
        588.4444444444445,
        0,
        529.4117647058823,
        588.2352941176471,
        1,
        499.34210526315786,
        574.3421052631579,
        0,
        605.921052631579,
        557.8947368421052,
        1,
        516.6666666666666,
        622.5490196078431,
        1,
        666.3043478260869,
        511.95652173913044,
        2,
        539.1304347826086,
        675.0,
        0,
        673.6,
        581.6,
        2,
        552.8,
        736.8,
        2,
        644.1176470588235,
        721.5686274509803,
        2,
        594.1176470588235,
        743.1372549019608,
        2,
        599.1803278688525,
        855.7377049180328,
        2,
        555.4347826086956,
        854.3478260869565,
        2,
        665.6862745098039,
        904.9019607843137,
        2,
        619.6078431372549,
        914.7058823529412,
        1,
        703.6144578313252,
        914.4578313253011,
        2,
        653.012048192771,
        909.6385542168674,
        0,
        675.2,
        951.2,
        1,
        613.7254901960785,
        940.1960784313725,
        2
      ],
      "num_keypoints": 17,
      "iscrowd": 0,
      "segmentation": []
    },
    {
      "category_id": 1,
      "image_id": 0,
      "id": 1,
      "bbox": [
        632.3973395026027,
        376.61003470213996,
        191.4517061885482,
        544.4158473105841
      ],
      "area": 104229.34284369547,
      "keypoints": [
        659.29203539823,
        434.51327433628313,
        1,
        669.047619047619,
        423.2142857142857,
        1,
        648.3516483516484,
        426.7399267399267,
        2,
        691.941391941392,
        421.97802197802196,
        2,
        648.3516483516484,
        432.6007326007326,
        0,
        718.5840707964601,
        482.30088495575217,
        2,
        667.8571428571429,
        487.5,
        1,
        721.5686274509803,
        599.0196078431372,
        0,
        700.0,
        579.4117647058823,
        0,
        683.3333333333334,
        647.0588235294117,
        1,
        702.1739130434783,
        647.8260869565217,
        0,
        790.2173913043478,
        640.2173913043478,
        2,
        727.0491803278688,
        652.4590163934427,
        2,
        797.0588235294117,
        739.2156862745098,
        2,
        729.7101449275361,
        757.2463768115941,
        2,
        778.2608695652174,
        844.927536231884,
        2,
        727.4509803921568,
        823.5294117647059,
        2,
        765.4761904761905,
        863.6904761904763,
        1,
        738.1578947368421,
        834.8684210526316,
        0,
        807.8947368421052,
        875.6578947368421,
        2,
        723.0263157894736,
        845.3947368421052,
        2
      ],
      "num_keypoints": 16,
      "iscrowd": 0,
      "segmentation": []
    }
  ]
}