{
  "categories": [
    {
      "supercategory": "person",
      "id": 1,
      "name": "person",
      "keypoints": [
        "nose",
        "left_eye",
        "right_eye",
        "left_ear",
        "right_ear",
        "left_shoulder",
        "right_shoulder",
        "left_elbow",
        "right_elbow",
        "left_wrist",
        "right_wrist",
        "left_hip",
        "right_hip",
        "left_knee",
        "right_knee",
        "left_ankle",
        "right_ankle",
        "left_heel",
        "right_heel",
        "left_foot",
        "right_foot"
      ],
      "skeleton": [
        [
          1,
          2
        ],
        [
          0,
          1
        ],
        [
          0,
          2
        ],
        [
          1,
          3
        ],
        [
          2,
          4
        ],
        [
          5,
          6
        ],
        [
          5,
          7
        ],
        [
          7,
          9
        ],
        [
          6,
          8
        ],
        [
          8,
          10
        ],
        [
          5,
          11
        ],
        [
          6,
          12
        ],
        [
          11,
          12
        ],
        [
          11,
          13
        ],
        [
          13,
          15
        ],
        [
          12,
          14
        ],
        [
          14,
          16
        ],
        [
          16,
          18
        ],
        [
          16,
          20
        ],
        [
          20,
          18
        ],
        [
          15,
          17
        ],
        [
          15,
          19
        ],
        [
          19,
          17
        ]
      ]
    }
  ],
  "images": [
    {
      "file_name": "000000001838.jpg",
      "height": 1200,
      "width": 1600,
      "id": 0
    }
  ],
  "annotations": [
    {
      "category_id": 1,
      "image_id": 0,
      "id": 0,
      "bbox": [
        879.7898629148631,
        283.61111111111114,
        250.85497835497813,
        363.3333333333334
      ],
      "area": 91143.9754689754,
      "keypoints": [
        918.7500000000001,
        333.33333333333337,
        2,
        938.1944444444445,
        319.44444444444446,
        2,
        910.4166666666667,
        318.05555555555554,
        2,
        972.9166666666669,
        313.8888888888889,
        1,
        903.4722222222223,
        311.11111111111114,
        0,
        1017.3611111111112,
        386.11111111111114,
        2,
        900.6944444444446,
        370.83333333333337,
        2,
        1049.3055555555554,
        470.83333333333337,
        2,
        906.2500000000001,
        462.5,
        2,
        1060.4166666666667,
        543.0555555555555,
        2,
        910.4166666666667,
        526.3888888888889,
        2,
        1014.5833333333334,
        545.8333333333334,
        2,
        945.138888888889,
        543.0555555555555,
        2,
        1045.138888888889,
        609.7222222222223,
        2,
        1002.0833333333334,
        616.6666666666667,
        2,
        1090.9722222222222,
        594.4444444444445,
        1,
        1072.9166666666667,
        591.6666666666667,
        1,
        1098.051948051948,
        570.1298701298701,
        2,
        1069.4805194805197,
        567.5324675324675,
        0,
        1109.7402597402597,
        611.6883116883117,
        2,
        1081.1688311688313,
        584.4155844155844,
        1
      ],
      "num_keypoints": 19,
      "iscrowd": 0,
      "segmentation": []
    },
    {
      "category_id": 1,
      "image_id": 0,
      "id": 1,
      "bbox": [
        762.8170995670996,
        310.8333333333333,
        136.1948051948052,
        633.6363636363637
      ],
      "area": 86297.98110979932,
      "keypoints": [
        830.5194805194805,
        377.9220779220779,
        1,
        814.9350649350649,
        364.93506493506493,
        0,
        827.9220779220778,
        363.6363636363636,
        1,
        808.4415584415584,
        374.025974025974,
        0,
        792.8571428571429,
        370.12987012987014,
        2,
        824.025974025974,
        425.97402597402595,
        2,
        779.8701298701299,
        471.42857142857144,
        2,
        879.8701298701299,
        467.53246753246754,
        2,
        811.038961038961,
        545.4545454545455,
        2,
        951.2987012987013,
        451.94805194805195,
        0,
        887.6623376623377,
        503.8961038961039,
        2,
        831.8181818181818,
        622.077922077922,
        1,
        803.2467532467532,
        619.4805194805194,
        2,
        835.0649350649351,
        728.5714285714286,
        1,
        803.8961038961039,
        745.4545454545454,
        2,
        807.5,
        838.3333333333334,
        1,
        785.8333333333335,
        871.6666666666667,
        2,
        795.8333333333335,
        855.0000000000001,
        1,
        774.1666666666667,
        886.6666666666667,
        2,
        837.5,
        860.0000000000001,
        2,
        809.1666666666667,
        891.6666666666667,
        2
      ],
      "num_keypoints": 18,
      "iscrowd": 0,
      "segmentation": []
    }
  ]
}