{
  "categories": [
    {
      "supercategory": "person",
      "id": 1,
      "name": "person",
      "keypoints": [
        "nose",
        "left_eye",
        "right_eye",
        "left_ear",
        "right_ear",
        "left_shoulder",
        "right_shoulder",
        "left_elbow",
        "right_elbow",
        "left_wrist",
        "right_wrist",
        "left_hip",
        "right_hip",
        "left_knee",
        "right_knee",
        "left_ankle",
        "right_ankle",
        "left_heel",
        "right_heel",
        "left_foot",
        "right_foot"
      ],
      "skeleton": [
        [
          1,
          2
        ],
        [
          0,
          1
        ],
        [
          0,
          2
        ],
        [
          1,
          3
        ],
        [
          2,
          4
        ],
        [
          5,
          6
        ],
        [
          5,
          7
        ],
        [
          7,
          9
        ],
        [
          6,
          8
        ],
        [
          8,
          10
        ],
        [
          5,
          11
        ],
        [
          6,
          12
        ],
        [
          11,
          12
        ],
        [
          11,
          13
        ],
        [
          13,
          15
        ],
        [
          12,
          14
        ],
        [
          14,
          16
        ],
        [
          16,
          18
        ],
        [
          16,
          20
        ],
        [
          20,
          18
        ],
        [
          15,
          17
        ],
        [
          15,
          19
        ],
        [
          19,
          17
        ]
      ]
    }
  ],
  "images": [
    {
      "file_name": "000000000582.jpg",
      "height": 1200,
      "width": 1600,
      "id": 0
    }
  ],
  "annotations": [
    {
      "category_id": 1,
      "image_id": 0,
      "id": 0,
      "bbox": [
        779.3178590117365,
        254.82838120050457,
        355.87799955146886,
        290.9955958067117
      ],
      "area": 103558.93051398036,
      "keypoints": [
        1013.2743362831858,
        312.3893805309734,
        2,
        1021.6312056737589,
        301.06382978723406,
        2,
        1000.7092198581561,
        300.0,
        2,
        1052.1276595744682,
        279.0780141843972,
        2,
        1004.9562682215743,
        287.7551020408163,
        0,
        1098.2507288629738,
        343.731778425656,
        2,
        988.9212827988338,
        328.8629737609329,
        2,
        1105.539358600583,
        440.81632653061223,
        2,
        979.8833819241983,
        411.3702623906705,
        2,
        1103.206997084548,
        521.5743440233236,
        2,
        965.5976676384839,
        500.0,
        0,
        1069.0962099125363,
        458.89212827988337,
        2,
        989.7435897435896,
        435.8974358974359,
        2,
        983.3333333333333,
        455.12820512820514,
        2,
        955.1282051282051,
        451.28205128205127,
        1,
        891.0256410256409,
        460.2564102564103,
        2,
        852.5641025641025,
        478.2051282051282,
        1,
        871.7948717948717,
        475.0,
        2,
        830.1282051282051,
        502.56410256410254,
        2,
        855.1282051282051,
        422.4358974358974,
        1,
        808.9743589743589,
        448.71794871794873,
        1
      ],
      "num_keypoints": 19,
      "iscrowd": 0,
      "segmentation": []
    },
    {
      "category_id": 1,
      "image_id": 0,
      "id": 1,
      "bbox": [
        796.0742705570291,
        318.23275862068965,
        109.1777188328914,
        582.9310344827586
      ],
      "area": 63643.08058172514,
      "keypoints": [
        877.5862068965516,
        377.15517241379314,
        2,
        883.6206896551723,
        366.8103448275862,
        1,
        867.2413793103448,
        371.12068965517244,
        2,
        873.7068965517241,
        365.948275862069,
        0,
        836.6379310344827,
        375.43103448275866,
        2,
        876.2931034482758,
        409.9137931034483,
        2,
        821.985815602837,
        444.68085106382983,
        1,
        915.6028368794326,
        464.53900709219863,
        0,
        865.9574468085107,
        531.9148936170213,
        2,
        967.3758865248227,
        460.28368794326246,
        0,
        930.4964539007093,
        499.290780141844,
        0,
        890.0709219858156,
        578.7234042553192,
        2,
        853.8461538461538,
        585.8974358974359,
        2,
        896.1538461538462,
        706.4102564102564,
        2,
        860.2564102564102,
        715.3846153846154,
        2,
        858.9743589743589,
        797.4358974358975,
        1,
        818.103448275862,
        838.7931034482759,
        2,
        841.3793103448276,
        809.4827586206898,
        0,
        805.1724137931034,
        852.5862068965517,
        2,
        875.8620689655172,
        808.6206896551724,
        2,
        840.5172413793102,
        845.6896551724138,
        2
      ],
      "num_keypoints": 16,
      "iscrowd": 0,
      "segmentation": []
    }
  ]
}