{
  "categories": [
    {
      "supercategory": "person",
      "id": 1,
      "name": "person",
      "keypoints": [
        "nose",
        "left_eye",
        "right_eye",
        "left_ear",
        "right_ear",
        "left_shoulder",
        "right_shoulder",
        "left_elbow",
        "right_elbow",
        "left_wrist",
        "right_wrist",
        "left_hip",
        "right_hip",
        "left_knee",
        "right_knee",
        "left_ankle",
        "right_ankle",
        "left_heel",
        "right_heel",
        "left_foot",
        "right_foot"
      ],
      "skeleton": [
        [
          1,
          2
        ],
        [
          0,
          1
        ],
        [
          0,
          2
        ],
        [
          1,
          3
        ],
        [
          2,
          4
        ],
        [
          5,
          6
        ],
        [
          5,
          7
        ],
        [
          7,
          9
        ],
        [
          6,
          8
        ],
        [
          8,
          10
        ],
        [
          5,
          11
        ],
        [
          6,
          12
        ],
        [
          11,
          12
        ],
        [
          11,
          13
        ],
        [
          13,
          15
        ],
        [
          12,
          14
        ],
        [
          14,
          16
        ],
        [
          16,
          18
        ],
        [
          16,
          20
        ],
        [
          20,
          18
        ],
        [
          15,
          17
        ],
        [
          15,
          19
        ],
        [
          19,
          17
        ]
      ]
    }
  ],
  "images": [
    {
      "file_name": "000000000221.jpg",
      "height": 1200,
      "width": 1600,
      "id": 0
    }
  ],
  "annotations": [
    {
      "category_id": 1,
      "image_id": 0,
      "id": 0,
      "bbox": [
        527.8784704033526,
        508.37215320910974,
        301.6029334730224,
        447.3602484472049
      ],
      "area": 134925.1632508971,
      "keypoints": [
        617.2131147540983,
        563.9344262295082,
        2,
        629.7297297297297,
        554.5945945945946,
        1,
        607.5675675675675,
        552.9729729729729,
        1,
        659.8039215686274,
        557.843137254902,
        2,
        613.8157894736842,
        542.1052631578947,
        0,
        704.6052631578947,
        575.0,
        2,
        590.983606557377,
        600.0,
        2,
        770.6521739130435,
        577.1739130434783,
        1,
        517.391304347826,
        651.0869565217391,
        0,
        804.3478260869565,
        545.6521739130435,
        1,
        481.52173913043475,
        718.4782608695651,
        0,
        695.9016393442623,
        765.5737704918033,
        2,
        623.7704918032787,
        757.3770491803278,
        0,
        607.3770491803278,
        859.016393442623,
        2,
        553.0120481927711,
        859.0361445783132,
        2,
        667.6470588235294,
        877.4509803921568,
        1,
        619.6078431372549,
        888.2352941176471,
        1,
        698.2300884955752,
        876.1061946902654,
        2,
        652.2123893805309,
        892.0353982300884,
        1,
        678.3783783783783,
        918.3783783783783,
        2,
        618.452380952381,
        918.452380952381,
        2
      ],
      "num_keypoints": 17,
      "iscrowd": 0,
      "segmentation": []
    },
    {
      "category_id": 1,
      "image_id": 0,
      "id": 1,
      "bbox": [
        742.5247267048411,
        311.782175032175,
        126.87142113482571,
        551.4710424710424
      ],
      "area": 69965.91487300498,
      "keypoints": [
        768.1415929203539,
        366.3716814159292,
        1,
        781.547619047619,
        357.73809523809524,
        2,
        761.144578313253,
        358.1325301204819,
        2,
        806.9277108433735,
        357.8313253012048,
        2,
        771.0843373493975,
        351.5060240963855,
        0,
        843.362831858407,
        416.81415929203536,
        2,
        753.0973451327433,
        416.81415929203536,
        2,
        858.8235294117646,
        516.6666666666666,
        2,
        754.9019607843137,
        517.6470588235294,
        1,
        848.0392156862745,
        593.1372549019608,
        2,
        756.5217391304348,
        571.7391304347826,
        0,
        830.4347826086956,
        589.1304347826086,
        2,
        791.3043478260869,
        593.4782608695652,
        1,
        836.144578313253,
        689.156626506024,
        2,
        791.5662650602409,
        696.3855421686746,
        1,
        848.0,
        791.2,
        2,
        802.6548672566371,
        761.0619469026548,
        2,
        858.3333333333334,
        805.952380952381,
        1,
        815.6756756756756,
        777.8378378378378,
        2,
        848.108108108108,
        817.2972972972973,
        2,
        776.7567567567568,
        786.4864864864865,
        2
      ],
      "num_keypoints": 19,
      "iscrowd": 0,
      "segmentation": []
    }
  ]
}