{
  "categories": [
    {
      "supercategory": "person",
      "id": 1,
      "name": "person",
      "keypoints": [
        "nose",
        "left_eye",
        "right_eye",
        "left_ear",
        "right_ear",
        "left_shoulder",
        "right_shoulder",
        "left_elbow",
        "right_elbow",
        "left_wrist",
        "right_wrist",
        "left_hip",
        "right_hip",
        "left_knee",
        "right_knee",
        "left_ankle",
        "right_ankle",
        "left_heel",
        "right_heel",
        "left_foot",
        "right_foot"
      ],
      "skeleton": [
        [
          1,
          2
        ],
        [
          0,
          1
        ],
        [
          0,
          2
        ],
        [
          1,
          3
        ],
        [
          2,
          4
        ],
        [
          5,
          6
        ],
        [
          5,
          7
        ],
        [
          7,
          9
        ],
        [
          6,
          8
        ],
        [
          8,
          10
        ],
        [
          5,
          11
        ],
        [
          6,
          12
        ],
        [
          11,
          12
        ],
        [
          11,
          13
        ],
        [
          13,
          15
        ],
        [
          12,
          14
        ],
        [
          14,
          16
        ],
        [
          16,
          18
        ],
        [
          16,
          20
        ],
        [
          20,
          18
        ],
        [
          15,
          17
        ],
        [
          15,
          19
        ],
        [
          19,
          17
        ]
      ]
    }
  ],
  "images": [
    {
      "file_name": "000000001253.jpg",
      "height": 1200,
      "width": 1600,
      "id": 0
    }
  ],
  "annotations": [
    {
      "category_id": 1,
      "image_id": 0,
      "id": 0,
      "bbox": [
        497.60304121648664,
        506.69449598021026,
        287.5870348139256,
        495.1762523191095
      ],
      "area": 142406.27011472493,
      "keypoints": [
        538.5245901639344,
        577.0491803278688,
        1,
        535.049504950495,
        565.7425742574258,
        2,
        521.5686274509804,
        571.0239651416122,
        2,
        578.6492374727669,
        552.5054466230937,
        2,
        544.8362720403022,
        552.896725440806,
        0,
        624.4897959183675,
        560.204081632653,
        2,
        538.7755102040817,
        613.2653061224489,
        2,
        728.5714285714287,
        547.9591836734694,
        2,
        581.6326530612246,
        703.0612244897959,
        2,
        761.2244897959184,
        580.6122448979592,
        2,
        569.3333333333334,
        790.0,
        0,
        718.8311688311688,
        740.2597402597403,
        2,
        607.1428571428571,
        722.077922077922,
        2,
        614.9350649350649,
        840.2597402597403,
        2,
        557.7922077922078,
        836.3636363636364,
        2,
        674.6753246753246,
        907.7922077922078,
        2,
        636.3636363636364,
        896.1038961038961,
        2,
        700.0,
        925.974025974026,
        1,
        635.6060606060606,
        925.7575757575758,
        2,
        664.3939393939394,
        960.6060606060606,
        2,
        603.7878787878788,
        931.8181818181818,
        2
      ],
      "num_keypoints": 19,
      "iscrowd": 0,
      "segmentation": []
    },
    {
      "category_id": 1,
      "image_id": 0,
      "id": 1,
      "bbox": [
        732.6181818181818,
        338.0018018018018,
        144.5818181818181,
        581.8162162162163
      ],
      "area": 84120.04638820635,
      "keypoints": [
        859.0909090909091,
        401.2987012987013,
        2,
        858.3333333333334,
        381.8181818181818,
        0,
        852.9729729729729,
        386.48648648648646,
        2,
        842.7027027027027,
        368.64864864864865,
        0,
        828.6290322580645,
        391.93548387096774,
        2,
        857.8378378378378,
        455.1351351351351,
        2,
        767.027027027027,
        448.64864864864865,
        2,
        865.1515151515151,
        548.4848484848485,
        1,
        766.6666666666666,
        554.5454545454545,
        2,
        862.0,
        624.6666666666666,
        1,
        791.3333333333333,
        627.3333333333334,
        2,
        835.3333333333333,
        611.3333333333334,
        2,
        784.6666666666666,
        620.6666666666666,
        2,
        839.3333333333333,
        731.3333333333334,
        2,
        804.6666666666666,
        731.3333333333334,
        2,
        807.3333333333333,
        808.6666666666666,
        2,
        767.3333333333333,
        827.3333333333334,
        2,
        788.6666666666666,
        836.6666666666666,
        2,
        744.6666666666666,
        848.6666666666666,
        2,
        836.6666666666666,
        843.3333333333334,
        2,
        798.0,
        871.3333333333334,
        2
      ],
      "num_keypoints": 19,
      "iscrowd": 0,
      "segmentation": []
    }
  ]
}