{
  "categories": [
    {
      "supercategory": "person",
      "id": 1,
      "name": "person",
      "keypoints": [
        "nose",
        "left_eye",
        "right_eye",
        "left_ear",
        "right_ear",
        "left_shoulder",
        "right_shoulder",
        "left_elbow",
        "right_elbow",
        "left_wrist",
        "right_wrist",
        "left_hip",
        "right_hip",
        "left_knee",
        "right_knee",
        "left_ankle",
        "right_ankle",
        "left_heel",
        "right_heel",
        "left_foot",
        "right_foot"
      ],
      "skeleton": [
        [
          1,
          2
        ],
        [
          0,
          1
        ],
        [
          0,
          2
        ],
        [
          1,
          3
        ],
        [
          2,
          4
        ],
        [
          5,
          6
        ],
        [
          5,
          7
        ],
        [
          7,
          9
        ],
        [
          6,
          8
        ],
        [
          8,
          10
        ],
        [
          5,
          11
        ],
        [
          6,
          12
        ],
        [
          11,
          12
        ],
        [
          11,
          13
        ],
        [
          13,
          15
        ],
        [
          12,
          14
        ],
        [
          14,
          16
        ],
        [
          16,
          18
        ],
        [
          16,
          20
        ],
        [
          20,
          18
        ],
        [
          15,
          17
        ],
        [
          15,
          19
        ],
        [
          19,
          17
        ]
      ]
    }
  ],
  "images": [
    {
      "file_name": "000000001983.jpg",
      "height": 1200,
      "width": 1600,
      "id": 0
    }
  ],
  "annotations": [
    {
      "category_id": 1,
      "image_id": 0,
      "id": 0,
      "bbox": [
        876.3888888888889,
        263.71212121212125,
        158.33333333333348,
        535.4545454545454
      ],
      "area": 84780.3030303031,
      "keypoints": [
        934.0,
        320.0,
        2,
        949.3055555555555,
        308.33333333333337,
        2,
        925.6944444444445,
        316.6666666666667,
        2,
        977.0833333333334,
        316.6666666666667,
        2,
        932.638888888889,
        318.05555555555554,
        0,
        1002.0833333333334,
        388.8888888888889,
        2,
        920.138888888889,
        379.1666666666667,
        2,
        1021.5277777777779,
        458.33333333333337,
        2,
        902.0833333333334,
        454.1666666666667,
        2,
        992.3611111111112,
        498.61111111111114,
        1,
        889.5833333333334,
        522.2222222222223,
        1,
        984.0277777777779,
        559.7222222222223,
        2,
        931.2500000000001,
        551.3888888888889,
        1,
        978.4722222222223,
        650.0,
        2,
        929.8611111111112,
        643.0555555555555,
        1,
        981.2500000000001,
        722.2222222222223,
        2,
        945.138888888889,
        733.3333333333334,
        2,
        970.7792207792207,
        742.8571428571429,
        1,
        947.4025974025974,
        741.5584415584416,
        1,
        988.961038961039,
        754.5454545454545,
        2,
        920.1298701298701,
        748.051948051948,
        2
      ],
      "num_keypoints": 20,
      "iscrowd": 0,
      "segmentation": []
    },
    {
      "category_id": 1,
      "image_id": 0,
      "id": 1,
      "bbox": [
        489.0,
        294.7857142857143,
        222.0,
        654.7792207792209
      ],
      "area": 145360.98701298703,
      "keypoints": [
        627.9220779220778,
        357.1428571428571,
        0,
        616.2337662337662,
        333.76623376623377,
        0,
        627.9220779220778,
        336.3636363636364,
        0,
        587.6623376623377,
        346.75324675324674,
        0,
        599.3506493506493,
        349.35064935064935,
        2,
        544.8051948051948,
        398.7012987012987,
        0,
        574.6753246753246,
        429.87012987012986,
        2,
        518.8311688311688,
        506.49350649350646,
        1,
        547.4025974025974,
        540.2597402597403,
        2,
        582.4675324675325,
        620.7792207792207,
        0,
        548.7012987012987,
        650.6493506493506,
        1,
        572.077922077922,
        637.6623376623377,
        0,
        588.961038961039,
        642.8571428571429,
        1,
        549.3506493506493,
        725.974025974026,
        2,
        623.3766233766233,
        722.077922077922,
        2,
        532.5,
        858.3333333333334,
        2,
        642.5,
        870.0000000000001,
        1,
        507.5,
        883.3333333333334,
        2,
        635.8333333333334,
        895.0000000000001,
        1,
        567.5,
        873.3333333333334,
        2,
        692.5,
        888.3333333333334,
        2
      ],
      "num_keypoints": 14,
      "iscrowd": 0,
      "segmentation": []
    }
  ]
}