{
  "categories": [
    {
      "supercategory": "person",
      "id": 1,
      "name": "person",
      "keypoints": [
        "nose",
        "left_eye",
        "right_eye",
        "left_ear",
        "right_ear",
        "left_shoulder",
        "right_shoulder",
        "left_elbow",
        "right_elbow",
        "left_wrist",
        "right_wrist",
        "left_hip",
        "right_hip",
        "left_knee",
        "right_knee",
        "left_ankle",
        "right_ankle",
        "left_heel",
        "right_heel",
        "left_foot",
        "right_foot"
      ],
      "skeleton": [
        [
          1,
          2
        ],
        [
          0,
          1
        ],
        [
          0,
          2
        ],
        [
          1,
          3
        ],
        [
          2,
          4
        ],
        [
          5,
          6
        ],
        [
          5,
          7
        ],
        [
          7,
          9
        ],
        [
          6,
          8
        ],
        [
          8,
          10
        ],
        [
          5,
          11
        ],
        [
          6,
          12
        ],
        [
          11,
          12
        ],
        [
          11,
          13
        ],
        [
          13,
          15
        ],
        [
          12,
          14
        ],
        [
          14,
          16
        ],
        [
          16,
          18
        ],
        [
          16,
          20
        ],
        [
          20,
          18
        ],
        [
          15,
          17
        ],
        [
          15,
          19
        ],
        [
          19,
          17
        ]
      ]
    }
  ],
  "images": [
    {
      "file_name": "000000001613.jpg",
      "height": 1200,
      "width": 1600,
      "id": 0
    }
  ],
  "annotations": [
    {
      "category_id": 1,
      "image_id": 0,
      "id": 0,
      "bbox": [
        951.8055555555557,
        158.47222222222223,
        186.66666666666674,
        681.6666666666667
      ],
      "area": 127244.44444444451,
      "keypoints": [
        1027.0833333333333,
        230.55555555555557,
        2,
        1042.361111111111,
        216.66666666666669,
        2,
        1017.3611111111112,
        215.2777777777778,
        2,
        1081.25,
        226.38888888888889,
        2,
        1009.0277777777779,
        209.72222222222223,
        0,
        1117.361111111111,
        315.27777777777777,
        2,
        974.3055555555555,
        302.77777777777777,
        1,
        1118.75,
        423.61111111111114,
        2,
        971.5277777777779,
        393.05555555555554,
        2,
        1122.9166666666667,
        515.2777777777778,
        2,
        967.3611111111112,
        479.1666666666667,
        2,
        1081.25,
        529.1666666666667,
        2,
        1018.7500000000001,
        516.6666666666667,
        2,
        1090.9722222222222,
        634.7222222222223,
        2,
        1035.4166666666667,
        634.7222222222223,
        2,
        1106.25,
        722.2222222222223,
        2,
        1036.8055555555554,
        729.1666666666667,
        2,
        1114.5833333333333,
        750.0,
        2,
        1057.638888888889,
        730.5555555555557,
        2,
        1079.861111111111,
        783.3333333333334,
        2,
        1036.8055555555554,
        770.8333333333334,
        2
      ],
      "num_keypoints": 20,
      "iscrowd": 0,
      "segmentation": []
    },
    {
      "category_id": 1,
      "image_id": 0,
      "id": 1,
      "bbox": [
        777.8041125541126,
        246.92857142857142,
        196.3506493506493,
        652.4415584415585
      ],
      "area": 128107.32366334961,
      "keypoints": [
        905.8441558441558,
        319.4805194805195,
        2,
        911.038961038961,
        301.2987012987013,
        2,
        892.8571428571428,
        302.5974025974026,
        2,
        886.3636363636364,
        312.987012987013,
        0,
        852.5974025974026,
        314.2857142857143,
        2,
        907.1428571428571,
        383.1168831168831,
        1,
        830.5194805194805,
        393.5064935064935,
        2,
        918.8311688311688,
        467.53246753246754,
        2,
        891.5584415584416,
        409.09090909090907,
        2,
        957.7922077922078,
        462.3376623376623,
        1,
        951.2987012987013,
        335.06493506493507,
        2,
        894.1558441558441,
        593.5064935064935,
        2,
        831.8181818181818,
        597.4025974025974,
        2,
        880.5194805194805,
        689.6103896103896,
        1,
        831.1688311688312,
        698.7012987012987,
        1,
        840.8333333333335,
        770.0000000000001,
        2,
        814.1666666666667,
        811.6666666666667,
        2,
        832.5,
        805.0000000000001,
        1,
        794.1666666666667,
        820.0000000000001,
        2,
        869.1666666666667,
        798.3333333333334,
        2,
        824.1666666666667,
        845.0000000000001,
        2
      ],
      "num_keypoints": 20,
      "iscrowd": 0,
      "segmentation": []
    }
  ]
}