{
  "categories": [
    {
      "supercategory": "person",
      "id": 1,
      "name": "person",
      "keypoints": [
        "nose",
        "left_eye",
        "right_eye",
        "left_ear",
        "right_ear",
        "left_shoulder",
        "right_shoulder",
        "left_elbow",
        "right_elbow",
        "left_wrist",
        "right_wrist",
        "left_hip",
        "right_hip",
        "left_knee",
        "right_knee",
        "left_ankle",
        "right_ankle",
        "left_heel",
        "right_heel",
        "left_foot",
        "right_foot"
      ],
      "skeleton": [
        [
          1,
          2
        ],
        [
          0,
          1
        ],
        [
          0,
          2
        ],
        [
          1,
          3
        ],
        [
          2,
          4
        ],
        [
          5,
          6
        ],
        [
          5,
          7
        ],
        [
          7,
          9
        ],
        [
          6,
          8
        ],
        [
          8,
          10
        ],
        [
          5,
          11
        ],
        [
          6,
          12
        ],
        [
          11,
          12
        ],
        [
          11,
          13
        ],
        [
          13,
          15
        ],
        [
          12,
          14
        ],
        [
          14,
          16
        ],
        [
          16,
          18
        ],
        [
          16,
          20
        ],
        [
          20,
          18
        ],
        [
          15,
          17
        ],
        [
          15,
          19
        ],
        [
          19,
          17
        ]
      ]
    }
  ],
  "images": [
    {
      "file_name": "000000001650.jpg",
      "height": 1200,
      "width": 1600,
      "id": 0
    }
  ],
  "annotations": [
    {
      "category_id": 1,
      "image_id": 0,
      "id": 0,
      "bbox": [
        644.3055555555555,
        266.7,
        310.0000000000001,
        663.6000000000001
      ],
      "area": 205716.00000000012,
      "keypoints": [
        792.3611111111112,
        338.8888888888889,
        2,
        804.0,
        322.0,
        2,
        784.0277777777778,
        326.3888888888889,
        1,
        835.4166666666667,
        330.55555555555554,
        1,
        796.5277777777778,
        309.72222222222223,
        0,
        896.5277777777778,
        380.55555555555554,
        2,
        786.8055555555557,
        383.33333333333337,
        2,
        915.9722222222223,
        480.5555555555556,
        2,
        782.6388888888889,
        458.33333333333337,
        2,
        928.4722222222223,
        591.6666666666667,
        2,
        775.6944444444446,
        563.8888888888889,
        2,
        870.1388888888889,
        569.4444444444445,
        2,
        802.0833333333334,
        562.5,
        2,
        800.6944444444446,
        706.9444444444445,
        2,
        760.4166666666667,
        694.4444444444445,
        1,
        747.9166666666667,
        841.6666666666667,
        2,
        704.8611111111112,
        818.0555555555555,
        2,
        746.5277777777778,
        875.0,
        2,
        706.2500000000001,
        858.3333333333334,
        1,
        707.6388888888889,
        875.0000000000001,
        2,
        670.1388888888889,
        847.2222222222223,
        2
      ],
      "num_keypoints": 20,
      "iscrowd": 0,
      "segmentation": []
    },
    {
      "category_id": 1,
      "image_id": 0,
      "id": 1,
      "bbox": [
        547.4318181818182,
        369.57142857142856,
        240.81818181818176,
        567.7402597402598
      ],
      "area": 136722.17709563163,
      "keypoints": [
        648.7012987012987,
        435.06493506493507,
        2,
        652.5974025974026,
        416.8831168831169,
        2,
        626.6233766233767,
        419.4805194805195,
        2,
        617.5324675324675,
        424.67532467532465,
        0,
        592.8571428571429,
        422.0779220779221,
        2,
        653.8961038961039,
        453.24675324675326,
        2,
        588.961038961039,
        487.012987012987,
        2,
        707.1428571428571,
        448.05194805194805,
        2,
        678.5714285714286,
        490.9090909090909,
        2,
        768.1818181818181,
        440.2597402597402,
        2,
        755.1948051948052,
        497.4025974025974,
        2,
        666.8831168831168,
        661.038961038961,
        2,
        617.5324675324675,
        655.8441558441558,
        1,
        653.2467532467532,
        754.5454545454545,
        1,
        606.4935064935064,
        781.8181818181818,
        1,
        657.5,
        860.0000000000001,
        1,
        585.8333333333334,
        868.3333333333334,
        2,
        644.1666666666667,
        881.6666666666667,
        2,
        567.5,
        883.3333333333334,
        1,
        674.1666666666667,
        883.3333333333334,
        1,
        599.1666666666667,
        890.0000000000001,
        2
      ],
      "num_keypoints": 20,
      "iscrowd": 0,
      "segmentation": []
    }
  ]
}