{
  "categories": [
    {
      "supercategory": "person",
      "id": 1,
      "name": "person",
      "keypoints": [
        "nose",
        "left_eye",
        "right_eye",
        "left_ear",
        "right_ear",
        "left_shoulder",
        "right_shoulder",
        "left_elbow",
        "right_elbow",
        "left_wrist",
        "right_wrist",
        "left_hip",
        "right_hip",
        "left_knee",
        "right_knee",
        "left_ankle",
        "right_ankle",
        "left_heel",
        "right_heel",
        "left_foot",
        "right_foot"
      ],
      "skeleton": [
        [
          1,
          2
        ],
        [
          0,
          1
        ],
        [
          0,
          2
        ],
        [
          1,
          3
        ],
        [
          2,
          4
        ],
        [
          5,
          6
        ],
        [
          5,
          7
        ],
        [
          7,
          9
        ],
        [
          6,
          8
        ],
        [
          8,
          10
        ],
        [
          5,
          11
        ],
        [
          6,
          12
        ],
        [
          11,
          12
        ],
        [
          11,
          13
        ],
        [
          13,
          15
        ],
        [
          12,
          14
        ],
        [
          14,
          16
        ],
        [
          16,
          18
        ],
        [
          16,
          20
        ],
        [
          20,
          18
        ],
        [
          15,
          17
        ],
        [
          15,
          19
        ],
        [
          19,
          17
        ]
      ]
    }
  ],
  "images": [
    {
      "file_name": "000000001690.jpg",
      "height": 1200,
      "width": 1600,
      "id": 0
    }
  ],
  "annotations": [
    {
      "category_id": 1,
      "image_id": 0,
      "id": 0,
      "bbox": [
        639.4444444444446,
        304.8611111111111,
        335.0,
        508.33333333333337
      ],
      "area": 170291.6666666667,
      "keypoints": [
        797.9166666666667,
        358.33333333333337,
        2,
        813.1944444444446,
        348.61111111111114,
        2,
        795.1388888888889,
        347.22222222222223,
        2,
        847.9166666666667,
        350.0,
        2,
        822.9166666666667,
        350.0,
        0,
        881.2500000000001,
        391.6666666666667,
        2,
        782.6388888888889,
        384.72222222222223,
        2,
        946.5277777777779,
        398.61111111111114,
        2,
        728.4722222222223,
        405.55555555555554,
        2,
        918.7500000000001,
        440.27777777777777,
        2,
        667.3611111111112,
        426.3888888888889,
        1,
        879.8611111111112,
        575.0,
        2,
        814.5833333333334,
        569.4444444444445,
        1,
        859.0277777777778,
        668.0555555555555,
        2,
        814.5833333333334,
        663.8888888888889,
        1,
        874.3055555555557,
        741.6666666666667,
        2,
        836.8055555555557,
        733.3333333333334,
        2,
        888.1944444444446,
        722.2222222222223,
        2,
        856.2500000000001,
        755.5555555555557,
        1,
        874.3055555555557,
        770.8333333333334,
        2,
        815.9722222222223,
        758.3333333333334,
        2
      ],
      "num_keypoints": 20,
      "iscrowd": 0,
      "segmentation": []
    },
    {
      "category_id": 1,
      "image_id": 0,
      "id": 1,
      "bbox": [
        534.8051948051948,
        327.4761904761904,
        322.5974025974026,
        620.9350649350652
      ],
      "area": 200312.03912970153,
      "keypoints": [
        640.9090909090909,
        396.1038961038961,
        0,
        627.9220779220778,
        383.1168831168831,
        0,
        657.7922077922078,
        374.025974025974,
        0,
        613.6363636363636,
        384.4155844155844,
        0,
        644.8051948051948,
        379.2207792207792,
        2,
        565.5844155844155,
        462.3376623376623,
        2,
        665.5844155844155,
        470.12987012987014,
        2,
        561.6883116883116,
        557.1428571428571,
        2,
        748.7012987012987,
        536.3636363636364,
        2,
        575.974025974026,
        641.5584415584416,
        0,
        830.5194805194805,
        524.6753246753246,
        2,
        594.1558441558442,
        657.1428571428571,
        2,
        646.1038961038961,
        655.8441558441558,
        2,
        610.3896103896103,
        741.5584415584416,
        1,
        658.4415584415584,
        744.1558441558442,
        1,
        595.8333333333334,
        846.6666666666667,
        1,
        639.1666666666667,
        871.6666666666667,
        1,
        589.1666666666667,
        885.0000000000001,
        2,
        629.1666666666667,
        896.6666666666667,
        1,
        622.5,
        858.3333333333334,
        1,
        657.5,
        890.0000000000001,
        2
      ],
      "num_keypoints": 16,
      "iscrowd": 0,
      "segmentation": []
    }
  ]
}