{
  "categories": [
    {
      "supercategory": "person",
      "id": 1,
      "name": "person",
      "keypoints": [
        "nose",
        "left_eye",
        "right_eye",
        "left_ear",
        "right_ear",
        "left_shoulder",
        "right_shoulder",
        "left_elbow",
        "right_elbow",
        "left_wrist",
        "right_wrist",
        "left_hip",
        "right_hip",
        "left_knee",
        "right_knee",
        "left_ankle",
        "right_ankle",
        "left_heel",
        "right_heel",
        "left_foot",
        "right_foot"
      ],
      "skeleton": [
        [
          1,
          2
        ],
        [
          0,
          1
        ],
        [
          0,
          2
        ],
        [
          1,
          3
        ],
        [
          2,
          4
        ],
        [
          5,
          6
        ],
        [
          5,
          7
        ],
        [
          7,
          9
        ],
        [
          6,
          8
        ],
        [
          8,
          10
        ],
        [
          5,
          11
        ],
        [
          6,
          12
        ],
        [
          11,
          12
        ],
        [
          11,
          13
        ],
        [
          13,
          15
        ],
        [
          12,
          14
        ],
        [
          14,
          16
        ],
        [
          16,
          18
        ],
        [
          16,
          20
        ],
        [
          20,
          18
        ],
        [
          15,
          17
        ],
        [
          15,
          19
        ],
        [
          19,
          17
        ]
      ]
    }
  ],
  "images": [
    {
      "file_name": "000000001872.jpg",
      "height": 1200,
      "width": 1600,
      "id": 0
    }
  ],
  "annotations": [
    {
      "category_id": 1,
      "image_id": 0,
      "id": 0,
      "bbox": [
        824.9503968253969,
        259.42640692640697,
        253.8419913419914,
        586.8831168831168
      ],
      "area": 148975.57907460505,
      "keypoints": [
        932.638888888889,
        338.8888888888889,
        2,
        942.3611111111112,
        325.0,
        2,
        918.7500000000001,
        331.94444444444446,
        1,
        975.6944444444445,
        308.33333333333337,
        2,
        900.6944444444446,
        315.27777777777777,
        0,
        1035.4166666666667,
        337.5,
        2,
        906.2500000000001,
        338.8888888888889,
        1,
        1046.5277777777778,
        425.0,
        2,
        910.4166666666667,
        408.33333333333337,
        2,
        1057.638888888889,
        523.6111111111111,
        2,
        899.3055555555557,
        504.1666666666667,
        1,
        993.7500000000001,
        518.0555555555555,
        2,
        924.3055555555555,
        511.11111111111114,
        2,
        945.138888888889,
        601.3888888888889,
        1,
        888.1944444444446,
        619.4444444444445,
        1,
        909.0277777777778,
        747.2222222222223,
        2,
        860.4166666666667,
        745.8333333333334,
        2,
        916.2337662337662,
        797.4025974025974,
        2,
        882.4675324675325,
        794.8051948051948,
        1,
        865.5844155844155,
        783.1168831168831,
        2,
        846.1038961038961,
        785.7142857142857,
        1
      ],
      "num_keypoints": 20,
      "iscrowd": 0,
      "segmentation": []
    },
    {
      "category_id": 1,
      "image_id": 0,
      "id": 1,
      "bbox": [
        686.7413419913421,
        326.04761904761904,
        229.10389610389598,
        622.4935064935066
      ],
      "area": 142615.68763703824,
      "keypoints": [
        777.2727272727273,
        394.8051948051948,
        2,
        785.0649350649351,
        377.9220779220779,
        1,
        769.4805194805194,
        383.1168831168831,
        2,
        744.8051948051948,
        379.2207792207792,
        0,
        724.025974025974,
        377.9220779220779,
        2,
        766.8831168831168,
        432.46753246753246,
        2,
        727.9220779220778,
        471.42857142857144,
        2,
        839.6103896103896,
        454.54545454545456,
        2,
        805.8441558441558,
        525.974025974026,
        2,
        896.7532467532467,
        403.8961038961039,
        1,
        877.2727272727273,
        496.1038961038961,
        2,
        787.6623376623377,
        641.5584415584416,
        1,
        742.2077922077922,
        631.1688311688312,
        2,
        764.9350649350649,
        733.7662337662338,
        2,
        732.4675324675325,
        745.4545454545454,
        2,
        777.5,
        823.3333333333334,
        2,
        710.8333333333334,
        870.0000000000001,
        2,
        764.1666666666667,
        840.0000000000001,
        2,
        705.8333333333334,
        896.6666666666667,
        2,
        807.5,
        836.6666666666667,
        2,
        732.5,
        893.3333333333334,
        2
      ],
      "num_keypoints": 20,
      "iscrowd": 0,
      "segmentation": []
    }
  ]
}