{
  "categories": [
    {
      "supercategory": "person",
      "id": 1,
      "name": "person",
      "keypoints": [
        "nose",
        "left_eye",
        "right_eye",
        "left_ear",
        "right_ear",
        "left_shoulder",
        "right_shoulder",
        "left_elbow",
        "right_elbow",
        "left_wrist",
        "right_wrist",
        "left_hip",
        "right_hip",
        "left_knee",
        "right_knee",
        "left_ankle",
        "right_ankle",
        "left_heel",
        "right_heel",
        "left_foot",
        "right_foot"
      ],
      "skeleton": [
        [
          1,
          2
        ],
        [
          0,
          1
        ],
        [
          0,
          2
        ],
        [
          1,
          3
        ],
        [
          2,
          4
        ],
        [
          5,
          6
        ],
        [
          5,
          7
        ],
        [
          7,
          9
        ],
        [
          6,
          8
        ],
        [
          8,
          10
        ],
        [
          5,
          11
        ],
        [
          6,
          12
        ],
        [
          11,
          12
        ],
        [
          11,
          13
        ],
        [
          13,
          15
        ],
        [
          12,
          14
        ],
        [
          14,
          16
        ],
        [
          16,
          18
        ],
        [
          16,
          20
        ],
        [
          20,
          18
        ],
        [
          15,
          17
        ],
        [
          15,
          19
        ],
        [
          19,
          17
        ]
      ]
    }
  ],
  "images": [
    {
      "file_name": "000000000713.jpg",
      "height": 1200,
      "width": 1600,
      "id": 0
    }
  ],
  "annotations": [
    {
      "category_id": 1,
      "image_id": 0,
      "id": 0,
      "bbox": [
        753.7135862913096,
        243.77577107042717,
        304.2741738066095,
        602.350321622959
      ],
      "area": 183279.64645397136,
      "keypoints": [
        917.6470588235294,
        318.62745098039215,
        2,
        930.4964539007093,
        306.02836879432624,
        2,
        906.7375886524824,
        303.19148936170217,
        2,
        966.6666666666667,
        293.97163120567376,
        2,
        916.8421052631578,
        293.6842105263158,
        0,
        1017.8947368421052,
        366.84210526315786,
        2,
        894.7368421052631,
        347.36842105263156,
        2,
        1032.6315789473683,
        466.31578947368416,
        2,
        886.3157894736842,
        454.2105263157894,
        2,
        1028.421052631579,
        552.6315789473684,
        2,
        872.1052631578947,
        526.8421052631578,
        1,
        994.7368421052631,
        511.57894736842104,
        2,
        901.2820512820513,
        500.0,
        2,
        917.9487179487178,
        633.3333333333334,
        1,
        867.9487179487178,
        608.974358974359,
        2,
        855.1282051282051,
        758.974358974359,
        2,
        807.6923076923076,
        735.8974358974359,
        2,
        848.8372093023256,
        795.9302325581396,
        2,
        809.3023255813954,
        770.9302325581396,
        1,
        823.2558139534884,
        777.3255813953489,
        2,
        779.0697674418604,
        768.6046511627907,
        2
      ],
      "num_keypoints": 20,
      "iscrowd": 0,
      "segmentation": []
    },
    {
      "category_id": 1,
      "image_id": 0,
      "id": 1,
      "bbox": [
        758.2431941923775,
        311.40748355263156,
        109.50272232304894,
        627.172697368421
      ],
      "area": 68677.11772853181,
      "keypoints": [
        828.125,
        375.0,
        2,
        833.984375,
        365.234375,
        2,
        817.578125,
        363.671875,
        2,
        810.15625,
        358.984375,
        0,
        781.25,
        364.453125,
        2,
        835.7758620689655,
        416.8103448275862,
        2,
        771.5517241379309,
        440.948275862069,
        2,
        878.448275862069,
        500.00000000000006,
        0,
        784.0517241379309,
        543.9655172413793,
        2,
        911.6379310344827,
        475.86206896551727,
        0,
        858.6206896551723,
        499.1379310344828,
        2,
        837.9310344827586,
        599.1379310344828,
        2,
        793.5897435897435,
        608.974358974359,
        2,
        835.8974358974358,
        717.9487179487179,
        0,
        798.7179487179486,
        746.1538461538462,
        1,
        808.4210526315788,
        832.1052631578947,
        2,
        774.7368421052631,
        868.9473684210526,
        2,
        801.0526315789473,
        848.9473684210526,
        2,
        767.3684210526316,
        881.578947368421,
        2,
        826.3157894736842,
        848.9473684210526,
        2,
        791.0526315789473,
        886.3157894736842,
        2
      ],
      "num_keypoints": 17,
      "iscrowd": 0,
      "segmentation": []
    }
  ]
}