{
  "categories": [
    {
      "supercategory": "person",
      "id": 1,
      "name": "person",
      "keypoints": [
        "nose",
        "left_eye",
        "right_eye",
        "left_ear",
        "right_ear",
        "left_shoulder",
        "right_shoulder",
        "left_elbow",
        "right_elbow",
        "left_wrist",
        "right_wrist",
        "left_hip",
        "right_hip",
        "left_knee",
        "right_knee",
        "left_ankle",
        "right_ankle",
        "left_heel",
        "right_heel",
        "left_foot",
        "right_foot"
      ],
      "skeleton": [
        [
          1,
          2
        ],
        [
          0,
          1
        ],
        [
          0,
          2
        ],
        [
          1,
          3
        ],
        [
          2,
          4
        ],
        [
          5,
          6
        ],
        [
          5,
          7
        ],
        [
          7,
          9
        ],
        [
          6,
          8
        ],
        [
          8,
          10
        ],
        [
          5,
          11
        ],
        [
          6,
          12
        ],
        [
          11,
          12
        ],
        [
          11,
          13
        ],
        [
          13,
          15
        ],
        [
          12,
          14
        ],
        [
          14,
          16
        ],
        [
          16,
          18
        ],
        [
          16,
          20
        ],
        [
          20,
          18
        ],
        [
          15,
          17
        ],
        [
          15,
          19
        ],
        [
          19,
          17
        ]
      ]
    }
  ],
  "images": [
    {
      "file_name": "000000001555.jpg",
      "height": 1200,
      "width": 1600,
      "id": 0
    }
  ],
  "annotations": [
    {
      "category_id": 1,
      "image_id": 0,
      "id": 0,
      "bbox": [
        601.6666666666667,
        227.77777777777777,
        471.66666666666674,
        483.3333333333334
      ],
      "area": 227972.2222222223,
      "keypoints": [
        925.6944444444445,
        283.33333333333337,
        2,
        943.7500000000001,
        272.22222222222223,
        2,
        916.0,
        271.0,
        2,
        974.3055555555555,
        268.05555555555554,
        2,
        909.0277777777778,
        266.6666666666667,
        0,
        1021.5277777777779,
        343.05555555555554,
        2,
        900.6944444444446,
        333.33333333333337,
        1,
        1029.861111111111,
        441.6666666666667,
        2,
        868.7500000000001,
        458.33333333333337,
        1,
        1034.0277777777778,
        554.1666666666667,
        2,
        867.3611111111112,
        558.3333333333334,
        1,
        945.138888888889,
        491.6666666666667,
        2,
        879.8611111111112,
        483.33333333333337,
        2,
        859.0277777777778,
        529.1666666666667,
        2,
        803.4722222222223,
        511.11111111111114,
        2,
        771.5277777777778,
        593.0555555555555,
        2,
        703.4722222222223,
        613.8888888888889,
        1,
        731.2500000000001,
        643.0555555555555,
        2,
        682.6388888888889,
        670.8333333333334,
        2,
        732.6388888888889,
        566.6666666666667,
        2,
        640.9722222222223,
        608.3333333333334,
        1
      ],
      "num_keypoints": 20,
      "iscrowd": 0,
      "segmentation": []
    },
    {
      "category_id": 1,
      "image_id": 0,
      "id": 1,
      "bbox": [
        693.2651515151516,
        279.0952380952381,
        190.81818181818164,
        702.8051948051949
      ],
      "area": 134108.00944510024,
      "keypoints": [
        793.7500000000001,
        351.38888888888886,
        2,
        805.8441558441558,
        337.6623376623377,
        2,
        774.6753246753246,
        337.6623376623377,
        2,
        807.1428571428571,
        346.75324675324674,
        0,
        740.9090909090909,
        350.64935064935065,
        2,
        807.1428571428571,
        410.38961038961037,
        1,
        731.8181818181818,
        423.37662337662334,
        2,
        840.9090909090909,
        507.79220779220776,
        0,
        813.6363636363636,
        464.93506493506493,
        2,
        877.2727272727273,
        427.27272727272725,
        0,
        868.1818181818181,
        390.9090909090909,
        2,
        833.1168831168831,
        666.2337662337662,
        2,
        779.8701298701299,
        670.1298701298701,
        2,
        814.2857142857142,
        759.7402597402597,
        2,
        751.9480519480519,
        785.7142857142857,
        2,
        797.5,
        853.3333333333334,
        2,
        729.1666666666667,
        885.0000000000001,
        2,
        787.5,
        865.0000000000001,
        2,
        709.1666666666667,
        908.3333333333334,
        2,
        822.5,
        876.6666666666667,
        2,
        740.8333333333334,
        923.3333333333334,
        2
      ],
      "num_keypoints": 18,
      "iscrowd": 0,
      "segmentation": []
    }
  ]
}