{
  "categories": [
    {
      "supercategory": "person",
      "id": 1,
      "name": "person",
      "keypoints": [
        "nose",
        "left_eye",
        "right_eye",
        "left_ear",
        "right_ear",
        "left_shoulder",
        "right_shoulder",
        "left_elbow",
        "right_elbow",
        "left_wrist",
        "right_wrist",
        "left_hip",
        "right_hip",
        "left_knee",
        "right_knee",
        "left_ankle",
        "right_ankle",
        "left_heel",
        "right_heel",
        "left_foot",
        "right_foot"
      ],
      "skeleton": [
        [
          1,
          2
        ],
        [
          0,
          1
        ],
        [
          0,
          2
        ],
        [
          1,
          3
        ],
        [
          2,
          4
        ],
        [
          5,
          6
        ],
        [
          5,
          7
        ],
        [
          7,
          9
        ],
        [
          6,
          8
        ],
        [
          8,
          10
        ],
        [
          5,
          11
        ],
        [
          6,
          12
        ],
        [
          11,
          12
        ],
        [
          11,
          13
        ],
        [
          13,
          15
        ],
        [
          12,
          14
        ],
        [
          14,
          16
        ],
        [
          16,
          18
        ],
        [
          16,
          20
        ],
        [
          20,
          18
        ],
        [
          15,
          17
        ],
        [
          15,
          19
        ],
        [
          19,
          17
        ]
      ]
    }
  ],
  "images": [
    {
      "file_name": "000000000904.jpg",
      "height": 1200,
      "width": 1600,
      "id": 0
    }
  ],
  "annotations": [
    {
      "category_id": 1,
      "image_id": 0,
      "id": 0,
      "bbox": [
        907.537522678542,
        209.27416424418604,
        207.42206828302824,
        530.8975290697674
      ],
      "area": 110119.86352600026,
      "keypoints": [
        945.0980392156863,
        290.19607843137254,
        1,
        958.59375,
        278.125,
        2,
        935.9375,
        282.421875,
        2,
        993.75,
        253.515625,
        2,
        938.6524822695036,
        258.86524822695037,
        0,
        1054.6099290780141,
        314.5390070921986,
        2,
        924.822695035461,
        295.39007092198585,
        2,
        1077.659574468085,
        412.4113475177305,
        2,
        939.0070921985816,
        385.10638297872345,
        2,
        1084.0425531914893,
        514.8936170212767,
        2,
        931.9148936170213,
        490.78014184397165,
        2,
        1059.2198581560285,
        460.9929078014185,
        2,
        976.9230769230769,
        458.97435897435895,
        2,
        1078.2051282051282,
        570.5128205128206,
        2,
        1025.6410256410256,
        585.8974358974359,
        2,
        1087.179487179487,
        658.974358974359,
        2,
        1055.128205128205,
        664.1025641025641,
        2,
        1097.6744186046512,
        661.6279069767442,
        1,
        1069.1860465116279,
        646.5116279069767,
        1,
        1093.6046511627908,
        694.7674418604652,
        2,
        1062.2093023255813,
        695.9302325581396,
        2
      ],
      "num_keypoints": 20,
      "iscrowd": 0,
      "segmentation": []
    },
    {
      "category_id": 1,
      "image_id": 0,
      "id": 1,
      "bbox": [
        716.9473684210526,
        310.61998906705537,
        181.8947368421052,
        603.7554664723033
      ],
      "area": 109819.94169096208,
      "keypoints": [
        805.2478134110787,
        373.46938775510205,
        2,
        796.7930029154519,
        360.93294460641397,
        1,
        796.5014577259475,
        365.3061224489796,
        2,
        769.3877551020407,
        368.2215743440233,
        0,
        774.0524781341107,
        374.6355685131195,
        2,
        805.7894736842105,
        420.52631578947364,
        2,
        732.1052631578947,
        434.7368421052631,
        2,
        868.4210526315788,
        437.89473684210526,
        1,
        800.5263157894736,
        459.4736842105263,
        2,
        906.8421052631578,
        403.1578947368421,
        0,
        883.6842105263157,
        411.05263157894734,
        2,
        816.6666666666666,
        587.1794871794872,
        2,
        766.6666666666666,
        596.1538461538462,
        2,
        793.5897435897435,
        726.9230769230769,
        2,
        769.2307692307692,
        737.1794871794872,
        2,
        778.125,
        817.1875,
        2,
        750.0,
        841.40625,
        2,
        775.0,
        831.25,
        2,
        735.15625,
        852.34375,
        2,
        797.65625,
        832.03125,
        2,
        754.6875,
        864.0625,
        2
      ],
      "num_keypoints": 19,
      "iscrowd": 0,
      "segmentation": []
    }
  ]
}