{
  "categories": [
    {
      "supercategory": "person",
      "id": 1,
      "name": "person",
      "keypoints": [
        "nose",
        "left_eye",
        "right_eye",
        "left_ear",
        "right_ear",
        "left_shoulder",
        "right_shoulder",
        "left_elbow",
        "right_elbow",
        "left_wrist",
        "right_wrist",
        "left_hip",
        "right_hip",
        "left_knee",
        "right_knee",
        "left_ankle",
        "right_ankle",
        "left_heel",
        "right_heel",
        "left_foot",
        "right_foot"
      ],
      "skeleton": [
        [
          1,
          2
        ],
        [
          0,
          1
        ],
        [
          0,
          2
        ],
        [
          1,
          3
        ],
        [
          2,
          4
        ],
        [
          5,
          6
        ],
        [
          5,
          7
        ],
        [
          7,
          9
        ],
        [
          6,
          8
        ],
        [
          8,
          10
        ],
        [
          5,
          11
        ],
        [
          6,
          12
        ],
        [
          11,
          12
        ],
        [
          11,
          13
        ],
        [
          13,
          15
        ],
        [
          12,
          14
        ],
        [
          14,
          16
        ],
        [
          16,
          18
        ],
        [
          16,
          20
        ],
        [
          20,
          18
        ],
        [
          15,
          17
        ],
        [
          15,
          19
        ],
        [
          19,
          17
        ]
      ]
    }
  ],
  "images": [
    {
      "file_name": "000000000196.jpg",
      "height": 1200,
      "width": 1600,
      "id": 0
    }
  ],
  "annotations": [
    {
      "category_id": 1,
      "image_id": 0,
      "id": 0,
      "bbox": [
        719.1925465838509,
        235.26340656744622,
        341.11801242236027,
        612.1332388377036
      ],
      "area": 208809.67376997942,
      "keypoints": [
        936.0,
        297.3333333333333,
        2,
        949.0196078431372,
        286.27450980392155,
        2,
        926.4705882352941,
        287.2549019607843,
        2,
        982.3008849557522,
        288.4955752212389,
        2,
        921.6216216216216,
        295.6756756756757,
        1,
        1021.6216216216216,
        352.4324324324324,
        2,
        922.1311475409836,
        344.26229508196724,
        2,
        1027.1739130434783,
        454.3478260869565,
        2,
        891.3043478260869,
        440.2173913043478,
        2,
        1031.8840579710145,
        553.623188405797,
        2,
        876.086956521739,
        536.231884057971,
        0,
        972.950819672131,
        532.7868852459017,
        2,
        894.2622950819672,
        527.8688524590164,
        2,
        879.5081967213115,
        650.8196721311475,
        2,
        841.3043478260869,
        628.2608695652174,
        2,
        846.078431372549,
        741.1764705882352,
        2,
        792.156862745098,
        717.6470588235294,
        2,
        825.301204819277,
        796.3855421686746,
        2,
        789.1304347826086,
        771.0144927536231,
        1,
        790.6666666666666,
        776.8888888888889,
        2,
        747.6190476190476,
        754.7619047619048,
        2
      ],
      "num_keypoints": 20,
      "iscrowd": 0,
      "segmentation": []
    },
    {
      "category_id": 1,
      "image_id": 0,
      "id": 1,
      "bbox": [
        753.8854489164087,
        310.71741854636593,
        111.26934984520119,
        635.6766917293234
      ],
      "area": 70731.33220047019,
      "keypoints": [
        828.0,
        374.4,
        1,
        831.547619047619,
        361.9047619047619,
        0,
        814.8809523809524,
        363.6904761904762,
        2,
        801.7857142857143,
        364.8809523809524,
        0,
        780.3571428571429,
        369.64285714285717,
        2,
        832.3529411764706,
        423.52941176470586,
        1,
        768.6274509803922,
        431.37254901960785,
        2,
        862.6506024096385,
        477.1084337349397,
        0,
        786.7469879518071,
        546.9879518072289,
        2,
        889.1304347826086,
        449.99999999999994,
        0,
        855.8823529411765,
        495.09803921568624,
        2,
        851.9607843137255,
        608.8235294117646,
        0,
        785.2941176470588,
        630.3921568627451,
        1,
        839.2156862745098,
        706.8627450980392,
        0,
        794.1176470588235,
        715.6862745098039,
        0,
        812.7450980392157,
        821.5686274509803,
        0,
        776.0869565217391,
        851.0869565217391,
        2,
        797.3684210526316,
        843.421052631579,
        2,
        763.1578947368421,
        873.6842105263157,
        2,
        840.7894736842105,
        845.3947368421052,
        2,
        803.9473684210526,
        893.421052631579,
        2
      ],
      "num_keypoints": 13,
      "iscrowd": 0,
      "segmentation": []
    }
  ]
}