{
  "categories": [
    {
      "supercategory": "person",
      "id": 1,
      "name": "person",
      "keypoints": [
        "nose",
        "left_eye",
        "right_eye",
        "left_ear",
        "right_ear",
        "left_shoulder",
        "right_shoulder",
        "left_elbow",
        "right_elbow",
        "left_wrist",
        "right_wrist",
        "left_hip",
        "right_hip",
        "left_knee",
        "right_knee",
        "left_ankle",
        "right_ankle",
        "left_heel",
        "right_heel",
        "left_foot",
        "right_foot"
      ],
      "skeleton": [
        [
          1,
          2
        ],
        [
          0,
          1
        ],
        [
          0,
          2
        ],
        [
          1,
          3
        ],
        [
          2,
          4
        ],
        [
          5,
          6
        ],
        [
          5,
          7
        ],
        [
          7,
          9
        ],
        [
          6,
          8
        ],
        [
          8,
          10
        ],
        [
          5,
          11
        ],
        [
          6,
          12
        ],
        [
          11,
          12
        ],
        [
          11,
          13
        ],
        [
          13,
          15
        ],
        [
          12,
          14
        ],
        [
          14,
          16
        ],
        [
          16,
          18
        ],
        [
          16,
          20
        ],
        [
          20,
          18
        ],
        [
          15,
          17
        ],
        [
          15,
          19
        ],
        [
          19,
          17
        ]
      ]
    }
  ],
  "images": [
    {
      "file_name": "000000000893.jpg",
      "height": 1200,
      "width": 1600,
      "id": 0
    }
  ],
  "annotations": [
    {
      "category_id": 1,
      "image_id": 0,
      "id": 0,
      "bbox": [
        913.5630671506352,
        231.09913793103448,
        256.2087114337568,
        301.8103448275862
      ],
      "area": 77326.43954565366,
      "keypoints": [
        1010.7843137254902,
        306.8627450980392,
        2,
        1019.53125,
        291.015625,
        2,
        995.3125,
        297.65625,
        2,
        1011.71875,
        256.25,
        1,
        957.3275862068965,
        290.51724137931035,
        2,
        1058.189655172414,
        318.96551724137936,
        2,
        934.9137931034483,
        309.05172413793105,
        2,
        1083.6206896551726,
        423.7068965517242,
        2,
        939.2241379310344,
        400.0,
        2,
        1087.5,
        507.75862068965523,
        2,
        935.3448275862069,
        486.6379310344828,
        2,
        1099.1379310344828,
        408.62068965517244,
        2,
        1020.5128205128203,
        432.05128205128204,
        2,
        1112.8205128205127,
        446.15384615384613,
        2,
        1071.7948717948718,
        455.12820512820514,
        1,
        1138.4615384615383,
        433.3333333333333,
        2,
        1111.5384615384614,
        437.1794871794872,
        1,
        1140.5263157894735,
        417.89473684210526,
        2,
        1115.7894736842104,
        418.9473684210526,
        1,
        1148.421052631579,
        467.36842105263156,
        2,
        1115.2631578947367,
        471.57894736842104,
        2
      ],
      "num_keypoints": 21,
      "iscrowd": 0,
      "segmentation": []
    },
    {
      "category_id": 1,
      "image_id": 0,
      "id": 1,
      "bbox": [
        712.1370235934663,
        324.102470041575,
        216.42468239564437,
        583.1107850330154
      ],
      "area": 126199.56645224521,
      "keypoints": [
        789.7163120567376,
        385.4609929078014,
        2,
        791.1347517730497,
        372.6950354609929,
        2,
        778.3687943262412,
        374.468085106383,
        2,
        769.5035460992908,
        367.0212765957447,
        0,
        741.8439716312057,
        373.04964539007096,
        2,
        801.0526315789473,
        416.31578947368416,
        2,
        733.1578947368421,
        426.84210526315786,
        2,
        863.1578947368421,
        432.6315789473684,
        2,
        791.578947368421,
        448.4210526315789,
        2,
        910.5263157894736,
        403.1578947368421,
        1,
        879.9999999999999,
        399.4736842105263,
        2,
        816.6666666666666,
        579.4871794871794,
        2,
        766.6666666666666,
        589.7435897435897,
        2,
        797.4358974358973,
        723.0769230769231,
        2,
        776.9230769230769,
        724.3589743589744,
        2,
        782.7586206896551,
        818.9655172413794,
        2,
        744.8275862068965,
        837.9310344827587,
        2,
        774.1379310344827,
        831.896551724138,
        2,
        730.1724137931034,
        852.5862068965517,
        2,
        795.6896551724137,
        831.0344827586207,
        2,
        756.8965517241379,
        858.6206896551724,
        2
      ],
      "num_keypoints": 20,
      "iscrowd": 0,
      "segmentation": []
    }
  ]
}