{
  "categories": [
    {
      "supercategory": "person",
      "id": 1,
      "name": "person",
      "keypoints": [
        "nose",
        "left_eye",
        "right_eye",
        "left_ear",
        "right_ear",
        "left_shoulder",
        "right_shoulder",
        "left_elbow",
        "right_elbow",
        "left_wrist",
        "right_wrist",
        "left_hip",
        "right_hip",
        "left_knee",
        "right_knee",
        "left_ankle",
        "right_ankle",
        "left_heel",
        "right_heel",
        "left_foot",
        "right_foot"
      ],
      "skeleton": [
        [
          1,
          2
        ],
        [
          0,
          1
        ],
        [
          0,
          2
        ],
        [
          1,
          3
        ],
        [
          2,
          4
        ],
        [
          5,
          6
        ],
        [
          5,
          7
        ],
        [
          7,
          9
        ],
        [
          6,
          8
        ],
        [
          8,
          10
        ],
        [
          5,
          11
        ],
        [
          6,
          12
        ],
        [
          11,
          12
        ],
        [
          11,
          13
        ],
        [
          13,
          15
        ],
        [
          12,
          14
        ],
        [
          14,
          16
        ],
        [
          16,
          18
        ],
        [
          16,
          20
        ],
        [
          20,
          18
        ],
        [
          15,
          17
        ],
        [
          15,
          19
        ],
        [
          19,
          17
        ]
      ]
    }
  ],
  "images": [
    {
      "file_name": "000000000130.jpg",
      "height": 1200,
      "width": 1600,
      "id": 0
    }
  ],
  "annotations": [
    {
      "category_id": 1,
      "image_id": 0,
      "id": 0,
      "bbox": [
        966.4880952380953,
        183.781006378455,
        194.9999999999999,
        582.863217576187
      ],
      "area": 113658.3274273564,
      "keypoints": [
        1023.7704918032787,
        257.37704918032784,
        2,
        1038.157894736842,
        243.42105263157893,
        2,
        1013.1578947368421,
        239.4736842105263,
        2,
        1078.4313725490197,
        232.35294117647058,
        2,
        1010.7142857142858,
        230.35714285714286,
        0,
        1127.3809523809525,
        299.4047619047619,
        1,
        994.047619047619,
        286.3095238095238,
        2,
        1136.8852459016393,
        413.11475409836066,
        2,
        995.1807228915662,
        392.77108433734935,
        2,
        1145.2380952380952,
        503.5714285714286,
        2,
        982.7380952380953,
        470.23809523809524,
        2,
        1105.7377049180327,
        511.47540983606564,
        2,
        1038.5245901639344,
        504.91803278688525,
        0,
        1102.4590163934427,
        621.311475409836,
        1,
        1050.0,
        621.311475409836,
        2,
        1123.8938053097345,
        662.8318584070796,
        2,
        1089.3805309734512,
        667.2566371681415,
        2,
        1145.0980392156862,
        654.9019607843137,
        2,
        1106.862745098039,
        676.4705882352941,
        2,
        1130.392156862745,
        709.8039215686274,
        2,
        1086.7469879518071,
        718.0722891566264,
        2
      ],
      "num_keypoints": 19,
      "iscrowd": 0,
      "segmentation": []
    },
    {
      "category_id": 1,
      "image_id": 0,
      "id": 1,
      "bbox": [
        797.1408753886631,
        278.72586872586874,
        202.95814398469247,
        598.1467181467181
      ],
      "area": 121398.74774559287,
      "keypoints": [
        905.8823529411765,
        338.2352941176471,
        2,
        910.7142857142858,
        329.76190476190476,
        1,
        899.4047619047619,
        328.57142857142856,
        2,
        882.1428571428572,
        321.42857142857144,
        0,
        854.7619047619048,
        330.95238095238096,
        2,
        907.079646017699,
        390.26548672566366,
        1,
        850.4424778761061,
        410.61946902654864,
        2,
        969.9115044247786,
        451.32743362831854,
        2,
        922.1238938053096,
        441.59292035398227,
        2,
        1017.6991150442477,
        373.4513274336283,
        0,
        983.1858407079645,
        392.03539823008845,
        2,
        903.9215686274509,
        590.1960784313725,
        2,
        858.8235294117646,
        596.0784313725491,
        2,
        891.3043478260869,
        689.1304347826086,
        2,
        842.391304347826,
        702.1739130434783,
        2,
        880.921052631579,
        761.1842105263158,
        2,
        829.2035398230088,
        784.0707964601769,
        2,
        860.7843137254902,
        782.843137254902,
        2,
        814.0540540540541,
        814.5945945945946,
        2,
        910.8108108108107,
        783.2432432432432,
        2,
        854.0540540540541,
        827.027027027027,
        2
      ],
      "num_keypoints": 19,
      "iscrowd": 0,
      "segmentation": []
    }
  ]
}