{
  "categories": [
    {
      "supercategory": "person",
      "id": 1,
      "name": "person",
      "keypoints": [
        "nose",
        "left_eye",
        "right_eye",
        "left_ear",
        "right_ear",
        "left_shoulder",
        "right_shoulder",
        "left_elbow",
        "right_elbow",
        "left_wrist",
        "right_wrist",
        "left_hip",
        "right_hip",
        "left_knee",
        "right_knee",
        "left_ankle",
        "right_ankle",
        "left_heel",
        "right_heel",
        "left_foot",
        "right_foot"
      ],
      "skeleton": [
        [
          1,
          2
        ],
        [
          0,
          1
        ],
        [
          0,
          2
        ],
        [
          1,
          3
        ],
        [
          2,
          4
        ],
        [
          5,
          6
        ],
        [
          5,
          7
        ],
        [
          7,
          9
        ],
        [
          6,
          8
        ],
        [
          8,
          10
        ],
        [
          5,
          11
        ],
        [
          6,
          12
        ],
        [
          11,
          12
        ],
        [
          11,
          13
        ],
        [
          13,
          15
        ],
        [
          12,
          14
        ],
        [
          14,
          16
        ],
        [
          16,
          18
        ],
        [
          16,
          20
        ],
        [
          20,
          18
        ],
        [
          15,
          17
        ],
        [
          15,
          19
        ],
        [
          19,
          17
        ]
      ]
    }
  ],
  "images": [
    {
      "file_name": "000000000800.jpg",
      "height": 1200,
      "width": 1600,
      "id": 0
    }
  ],
  "annotations": [
    {
      "category_id": 1,
      "image_id": 0,
      "id": 0,
      "bbox": [
        841.2456704601683,
        260.76483560545313,
        347.60514596734276,
        310.3568564554932
      ],
      "area": 107881.64039017736,
      "keypoints": [
        887.2549019607843,
        412.7450980392157,
        1,
        893.2624113475177,
        405.3191489361702,
        1,
        870.2127659574469,
        402.48226950354615,
        1,
        926.5957446808511,
        383.33333333333337,
        2,
        882.7586206896551,
        384.9137931034483,
        0,
        989.2241379310344,
        392.6724137931035,
        2,
        896.1206896551723,
        421.55172413793105,
        1,
        1025.0,
        475.00000000000006,
        2,
        896.9827586206897,
        467.2413793103449,
        2,
        1040.0862068965519,
        545.2586206896552,
        2,
        887.9310344827586,
        525.4310344827586,
        2,
        1073.2758620689656,
        401.72413793103453,
        2,
        1010.2564102564102,
        374.35897435897436,
        0,
        1094.8717948717947,
        370.5128205128205,
        2,
        1053.8461538461538,
        360.2564102564103,
        1,
        1137.179487179487,
        312.8205128205128,
        2,
        1110.2564102564102,
        307.6923076923077,
        2,
        1140.6976744186047,
        288.95348837209303,
        2,
        1109.3023255813953,
        286.6279069767442,
        2,
        1159.8837209302326,
        321.51162790697674,
        1,
        1114.5348837209303,
        323.25581395348837,
        1
      ],
      "num_keypoints": 19,
      "iscrowd": 0,
      "segmentation": []
    },
    {
      "category_id": 1,
      "image_id": 0,
      "id": 1,
      "bbox": [
        759.2948717948718,
        309.7240215924426,
        165.38461538461536,
        622.2591093117408
      ],
      "area": 102912.08346309557,
      "keypoints": [
        833.6842105263157,
        370.0,
        2,
        836.3157894736842,
        361.57894736842104,
        2,
        821.0526315789473,
        362.6315789473684,
        2,
        826.3157894736842,
        360.0,
        0,
        783.6842105263157,
        366.31578947368416,
        2,
        841.6666666666666,
        410.2564102564102,
        2,
        780.7692307692307,
        442.3076923076923,
        2,
        910.8974358974359,
        482.6923076923077,
        1,
        791.6666666666666,
        546.7948717948718,
        2,
        916.6666666666666,
        425.0,
        0,
        869.2307692307692,
        506.4102564102564,
        2,
        844.8717948717948,
        596.1538461538462,
        2,
        808.9743589743589,
        598.7179487179487,
        2,
        832.051282051282,
        732.051282051282,
        2,
        802.5641025641025,
        746.1538461538462,
        2,
        813.4615384615385,
        832.6923076923076,
        2,
        782.6923076923076,
        855.7692307692307,
        2,
        811.5384615384615,
        844.8717948717948,
        2,
        773.0769230769231,
        876.9230769230769,
        2,
        838.4615384615385,
        844.2307692307692,
        2,
        800.0,
        880.1282051282051,
        2
      ],
      "num_keypoints": 19,
      "iscrowd": 0,
      "segmentation": []
    }
  ]
}