{
  "categories": [
    {
      "supercategory": "person",
      "id": 1,
      "name": "person",
      "keypoints": [
        "nose",
        "left_eye",
        "right_eye",
        "left_ear",
        "right_ear",
        "left_shoulder",
        "right_shoulder",
        "left_elbow",
        "right_elbow",
        "left_wrist",
        "right_wrist",
        "left_hip",
        "right_hip",
        "left_knee",
        "right_knee",
        "left_ankle",
        "right_ankle",
        "left_heel",
        "right_heel",
        "left_foot",
        "right_foot"
      ],
      "skeleton": [
        [
          1,
          2
        ],
        [
          0,
          1
        ],
        [
          0,
          2
        ],
        [
          1,
          3
        ],
        [
          2,
          4
        ],
        [
          5,
          6
        ],
        [
          5,
          7
        ],
        [
          7,
          9
        ],
        [
          6,
          8
        ],
        [
          8,
          10
        ],
        [
          5,
          11
        ],
        [
          6,
          12
        ],
        [
          11,
          12
        ],
        [
          11,
          13
        ],
        [
          13,
          15
        ],
        [
          12,
          14
        ],
        [
          14,
          16
        ],
        [
          16,
          18
        ],
        [
          16,
          20
        ],
        [
          20,
          18
        ],
        [
          15,
          17
        ],
        [
          15,
          19
        ],
        [
          19,
          17
        ]
      ]
    }
  ],
  "images": [
    {
      "file_name": "000000000911.jpg",
      "height": 1200,
      "width": 1600,
      "id": 0
    }
  ],
  "annotations": [
    {
      "category_id": 1,
      "image_id": 0,
      "id": 0,
      "bbox": [
        622.4534412955464,
        439.60256410256403,
        284.4048582995953,
        484.7692307692308
      ],
      "area": 137870.72438492687,
      "keypoints": [
        686.2745098039215,
        513.7254901960785,
        2,
        699.6784565916399,
        505.1446945337621,
        2,
        679.0996784565916,
        502.2508038585209,
        2,
        735.6913183279743,
        497.10610932475885,
        2,
        706.8421052631578,
        495.78947368421046,
        0,
        784.7368421052631,
        503.6842105263158,
        2,
        679.4736842105262,
        556.3157894736842,
        2,
        883.1578947368421,
        479.99999999999994,
        2,
        725.2631578947368,
        633.1578947368421,
        0,
        834.7368421052631,
        525.7894736842105,
        2,
        727.3684210526316,
        664.7368421052631,
        0,
        796.3157894736842,
        689.4736842105262,
        2,
        714.1025641025641,
        679.4871794871794,
        1,
        692.3076923076923,
        808.974358974359,
        1,
        646.1538461538461,
        796.1538461538462,
        2,
        743.5897435897435,
        851.2820512820513,
        2,
        720.5128205128204,
        847.4358974358975,
        1,
        766.6666666666666,
        850.0,
        2,
        757.051282051282,
        837.1794871794872,
        1,
        737.8205128205128,
        883.9743589743589,
        2,
        722.4358974358975,
        870.5128205128204,
        2
      ],
      "num_keypoints": 18,
      "iscrowd": 0,
      "segmentation": []
    },
    {
      "category_id": 1,
      "image_id": 0,
      "id": 1,
      "bbox": [
        733.5238095238094,
        320.3879310344828,
        123.42857142857156,
        546.7241379310344
      ],
      "area": 67481.37931034488,
      "keypoints": [
        807.3275862068965,
        380.1724137931035,
        2,
        815.0862068965516,
        370.2586206896552,
        2,
        798.7068965517241,
        369.39655172413796,
        2,
        804.3103448275862,
        365.51724137931035,
        0,
        763.7931034482758,
        365.948275862069,
        2,
        826.1904761904761,
        425.7142857142857,
        2,
        743.8095238095237,
        428.57142857142856,
        2,
        845.7142857142857,
        521.4285714285714,
        0,
        732.8571428571428,
        513.3333333333333,
        0,
        846.6666666666666,
        587.1428571428571,
        2,
        752.8571428571428,
        601.4285714285714,
        0,
        835.8974358974358,
        592.3076923076923,
        2,
        785.8974358974358,
        593.5897435897435,
        0,
        833.3333333333333,
        725.6410256410256,
        2,
        775.6410256410255,
        717.9487179487179,
        0,
        799.9999999999999,
        805.1724137931035,
        2,
        751.7241379310344,
        821.551724137931,
        1,
        785.3448275862069,
        813.7931034482759,
        2,
        762.0689655172413,
        806.0344827586207,
        0,
        803.448275862069,
        819.8275862068966,
        2,
        767.2413793103448,
        823.2758620689656,
        0
      ],
      "num_keypoints": 13,
      "iscrowd": 0,
      "segmentation": []
    }
  ]
}