{
  "categories": [
    {
      "supercategory": "person",
      "id": 1,
      "name": "person",
      "keypoints": [
        "nose",
        "left_eye",
        "right_eye",
        "left_ear",
        "right_ear",
        "left_shoulder",
        "right_shoulder",
        "left_elbow",
        "right_elbow",
        "left_wrist",
        "right_wrist",
        "left_hip",
        "right_hip",
        "left_knee",
        "right_knee",
        "left_ankle",
        "right_ankle",
        "left_heel",
        "right_heel",
        "left_foot",
        "right_foot"
      ],
      "skeleton": [
        [
          1,
          2
        ],
        [
          0,
          1
        ],
        [
          0,
          2
        ],
        [
          1,
          3
        ],
        [
          2,
          4
        ],
        [
          5,
          6
        ],
        [
          5,
          7
        ],
        [
          7,
          9
        ],
        [
          6,
          8
        ],
        [
          8,
          10
        ],
        [
          5,
          11
        ],
        [
          6,
          12
        ],
        [
          11,
          12
        ],
        [
          11,
          13
        ],
        [
          13,
          15
        ],
        [
          12,
          14
        ],
        [
          14,
          16
        ],
        [
          16,
          18
        ],
        [
          16,
          20
        ],
        [
          20,
          18
        ],
        [
          15,
          17
        ],
        [
          15,
          19
        ],
        [
          19,
          17
        ]
      ]
    }
  ],
  "images": [
    {
      "file_name": "000000001095.jpg",
      "height": 1200,
      "width": 1600,
      "id": 0
    }
  ],
  "annotations": [
    {
      "category_id": 1,
      "image_id": 0,
      "id": 0,
      "bbox": [
        804.0800865800867,
        255.12144794245964,
        293.8961038961037,
        463.8344534842588
      ],
      "area": 136319.1387318022,
      "keypoints": [
        861.9565217391304,
        307.6086956521739,
        2,
        875.6410256410256,
        296.79487179487177,
        2,
        851.2820512820513,
        295.5128205128205,
        2,
        912.4513618677043,
        293.7743190661479,
        2,
        851.3618677042803,
        307.00389105058366,
        0,
        973.4693877551022,
        321.42857142857144,
        2,
        828.5714285714287,
        329.59183673469386,
        2,
        1014.2857142857144,
        439.79591836734687,
        2,
        844.8979591836735,
        456.1224489795918,
        0,
        1020.4081632653063,
        537.7551020408163,
        2,
        855.1020408163266,
        523.469387755102,
        2,
        981.8181818181818,
        559.7402597402597,
        2,
        920.12987012987,
        563.6363636363636,
        2,
        1016.2337662337662,
        631.1688311688312,
        2,
        968.1818181818181,
        641.5584415584416,
        2,
        1060.3896103896104,
        659.7402597402597,
        2,
        1028.5714285714284,
        658.4415584415584,
        2,
        1070.1298701298701,
        637.6623376623377,
        1,
        1044.6969696969695,
        643.9393939393939,
        1,
        1073.4848484848485,
        674.2424242424242,
        2,
        1040.151515151515,
        680.3030303030303,
        2
      ],
      "num_keypoints": 19,
      "iscrowd": 0,
      "segmentation": []
    },
    {
      "category_id": 1,
      "image_id": 0,
      "id": 1,
      "bbox": [
        643.0891417733523,
        301.10275689223056,
        218.0654338549076,
        672.4812030075188
      ],
      "area": 146644.9052931048,
      "keypoints": [
        711.038961038961,
        375.3246753246753,
        2,
        706.4935064935065,
        357.1428571428571,
        2,
        692.3423423423422,
        372.97297297297297,
        2,
        694.1441441441441,
        355.40540540540536,
        0,
        661.2612612612612,
        394.1441441441441,
        2,
        721.1711711711711,
        426.57657657657654,
        2,
        668.018018018018,
        453.6036036036036,
        2,
        801.5151515151515,
        507.57575757575756,
        2,
        772.7272727272727,
        490.90909090909093,
        2,
        830.7017543859649,
        500.00000000000006,
        2,
        842.9824561403509,
        424.561403508772,
        2,
        723.6842105263158,
        626.3157894736843,
        0,
        714.9122807017544,
        652.6315789473684,
        2,
        734.2105263157895,
        740.3508771929825,
        1,
        720.1754385964912,
        766.6666666666666,
        2,
        672.8070175438596,
        838.5964912280701,
        1,
        704.3859649122807,
        894.7368421052631,
        1,
        665.7894736842105,
        871.9298245614035,
        2,
        700.8771929824561,
        917.5438596491229,
        1,
        706.140350877193,
        856.140350877193,
        1,
        742.9824561403509,
        915.7894736842105,
        2
      ],
      "num_keypoints": 19,
      "iscrowd": 0,
      "segmentation": []
    }
  ]
}