{
  "categories": [
    {
      "supercategory": "person",
      "id": 1,
      "name": "person",
      "keypoints": [
        "nose",
        "left_eye",
        "right_eye",
        "left_ear",
        "right_ear",
        "left_shoulder",
        "right_shoulder",
        "left_elbow",
        "right_elbow",
        "left_wrist",
        "right_wrist",
        "left_hip",
        "right_hip",
        "left_knee",
        "right_knee",
        "left_ankle",
        "right_ankle",
        "left_heel",
        "right_heel",
        "left_foot",
        "right_foot"
      ],
      "skeleton": [
        [
          1,
          2
        ],
        [
          0,
          1
        ],
        [
          0,
          2
        ],
        [
          1,
          3
        ],
        [
          2,
          4
        ],
        [
          5,
          6
        ],
        [
          5,
          7
        ],
        [
          7,
          9
        ],
        [
          6,
          8
        ],
        [
          8,
          10
        ],
        [
          5,
          11
        ],
        [
          6,
          12
        ],
        [
          11,
          12
        ],
        [
          11,
          13
        ],
        [
          13,
          15
        ],
        [
          12,
          14
        ],
        [
          14,
          16
        ],
        [
          16,
          18
        ],
        [
          16,
          20
        ],
        [
          20,
          18
        ],
        [
          15,
          17
        ],
        [
          15,
          19
        ],
        [
          19,
          17
        ]
      ]
    }
  ],
  "images": [
    {
      "file_name": "000000000654.jpg",
      "height": 1200,
      "width": 1600,
      "id": 0
    }
  ],
  "annotations": [
    {
      "category_id": 1,
      "image_id": 0,
      "id": 0,
      "bbox": [
        866.3795230263158,
        251.56662087912088,
        323.7582236842104,
        330.23901098901086
      ],
      "area": 106917.5955890326,
      "keypoints": [
        908.695652173913,
        317.39130434782606,
        2,
        918.0288461538461,
        303.6057692307692,
        2,
        894.7115384615385,
        304.5673076923077,
        2,
        955.7692307692307,
        279.08653846153845,
        2,
        897.265625,
        292.578125,
        0,
        1024.609375,
        331.640625,
        2,
        893.359375,
        324.21875,
        2,
        1052.734375,
        441.015625,
        2,
        902.734375,
        413.28125,
        2,
        1060.9375,
        526.171875,
        2,
        903.90625,
        505.46875,
        2,
        1067.578125,
        477.734375,
        1,
        988.5714285714286,
        487.6190476190476,
        1,
        1096.1904761904761,
        543.3333333333333,
        2,
        1063.3333333333333,
        554.2857142857142,
        1,
        1143.5897435897434,
        496.15384615384613,
        1,
        1114.102564102564,
        480.7692307692308,
        2,
        1156.3157894736842,
        472.1052631578947,
        2,
        1127.3684210526314,
        465.7894736842105,
        2,
        1163.157894736842,
        515.7894736842105,
        2,
        1135.2631578947367,
        520.0,
        0
      ],
      "num_keypoints": 19,
      "iscrowd": 0,
      "segmentation": []
    },
    {
      "category_id": 1,
      "image_id": 0,
      "id": 1,
      "bbox": [
        730.3470203488372,
        315.546875,
        151.46075581395348,
        600.9375
      ],
      "area": 91018.44794694766,
      "keypoints": [
        812.5,
        380.078125,
        2,
        813.28125,
        365.625,
        1,
        806.640625,
        367.96875,
        2,
        783.59375,
        364.0625,
        0,
        769.921875,
        365.625,
        2,
        794.53125,
        410.9375,
        2,
        745.3488372093024,
        446.51162790697674,
        2,
        869.1860465116279,
        455.2325581395349,
        2,
        801.7441860465117,
        528.4883720930233,
        2,
        908.7209302325582,
        392.4418604651163,
        0,
        865.1162790697674,
        494.7674418604651,
        2,
        815.6976744186047,
        592.4418604651163,
        2,
        783.3333333333333,
        597.4358974358975,
        2,
        810.2564102564102,
        707.6923076923077,
        2,
        769.2307692307692,
        732.051282051282,
        2,
        799.9999999999999,
        792.3076923076923,
        2,
        753.125,
        835.9375,
        2,
        790.625,
        823.4375,
        2,
        742.96875,
        864.0625,
        2,
        822.65625,
        821.875,
        2,
        774.21875,
        866.40625,
        2
      ],
      "num_keypoints": 19,
      "iscrowd": 0,
      "segmentation": []
    }
  ]
}