{
  "categories": [
    {
      "supercategory": "person",
      "id": 1,
      "name": "person",
      "keypoints": [
        "nose",
        "left_eye",
        "right_eye",
        "left_ear",
        "right_ear",
        "left_shoulder",
        "right_shoulder",
        "left_elbow",
        "right_elbow",
        "left_wrist",
        "right_wrist",
        "left_hip",
        "right_hip",
        "left_knee",
        "right_knee",
        "left_ankle",
        "right_ankle",
        "left_heel",
        "right_heel",
        "left_foot",
        "right_foot"
      ],
      "skeleton": [
        [
          1,
          2
        ],
        [
          0,
          1
        ],
        [
          0,
          2
        ],
        [
          1,
          3
        ],
        [
          2,
          4
        ],
        [
          5,
          6
        ],
        [
          5,
          7
        ],
        [
          7,
          9
        ],
        [
          6,
          8
        ],
        [
          8,
          10
        ],
        [
          5,
          11
        ],
        [
          6,
          12
        ],
        [
          11,
          12
        ],
        [
          11,
          13
        ],
        [
          13,
          15
        ],
        [
          12,
          14
        ],
        [
          14,
          16
        ],
        [
          16,
          18
        ],
        [
          16,
          20
        ],
        [
          20,
          18
        ],
        [
          15,
          17
        ],
        [
          15,
          19
        ],
        [
          19,
          17
        ]
      ]
    }
  ],
  "images": [
    {
      "file_name": "000000001914.jpg",
      "height": 1200,
      "width": 1600,
      "id": 0
    }
  ],
  "annotations": [
    {
      "category_id": 1,
      "image_id": 0,
      "id": 0,
      "bbox": [
        896.6666666666667,
        328.8636363636364,
        215.0,
        553.6363636363636
      ],
      "area": 119031.81818181818,
      "keypoints": [
        1024.0,
        392.0,
        2,
        1037.0,
        385.0,
        2,
        1020.138888888889,
        375.0,
        2,
        1070.138888888889,
        380.55555555555554,
        2,
        1010.4166666666669,
        377.77777777777777,
        0,
        1093.75,
        441.6666666666667,
        2,
        1003.4722222222223,
        425.0,
        2,
        1093.75,
        508.33333333333337,
        2,
        942.3611111111112,
        490.27777777777777,
        1,
        1056.25,
        540.2777777777778,
        2,
        914.5833333333334,
        505.5555555555556,
        2,
        1042.361111111111,
        612.5,
        2,
        993.7500000000001,
        608.3333333333334,
        2,
        1052.0833333333333,
        740.2777777777778,
        2,
        1009.0277777777779,
        733.3333333333334,
        2,
        1052.0833333333333,
        805.5555555555555,
        2,
        1009.0277777777779,
        790.2777777777778,
        2,
        1062.987012987013,
        831.1688311688312,
        2,
        1025.3246753246754,
        816.8831168831168,
        1,
        1038.3116883116884,
        836.3636363636364,
        2,
        1004.5454545454546,
        828.5714285714286,
        2
      ],
      "num_keypoints": 20,
      "iscrowd": 0,
      "segmentation": []
    },
    {
      "category_id": 1,
      "image_id": 0,
      "id": 1,
      "bbox": [
        723.5530303030304,
        333.73809523809524,
        207.36363636363626,
        561.3766233766235
      ],
      "area": 116409.09799291614,
      "keypoints": [
        809.7402597402597,
        394.8051948051948,
        2,
        817.5324675324675,
        381.8181818181818,
        2,
        805.8441558441558,
        380.5194805194805,
        2,
        792.8571428571429,
        388.31168831168833,
        0,
        770.7792207792207,
        381.8181818181818,
        2,
        807.1428571428571,
        433.76623376623377,
        2,
        750.0,
        454.54545454545456,
        2,
        851.2987012987013,
        485.7142857142857,
        1,
        817.5324675324675,
        506.49350649350646,
        2,
        913.6363636363636,
        476.6233766233766,
        1,
        899.3506493506493,
        500.0,
        2,
        821.4285714285714,
        605.1948051948052,
        2,
        777.2727272727273,
        616.8831168831168,
        2,
        805.1948051948051,
        714.2857142857142,
        2,
        774.0259740259739,
        716.8831168831168,
        2,
        787.5,
        801.6666666666667,
        2,
        757.5,
        815.0000000000001,
        2,
        777.5,
        821.6666666666667,
        1,
        740.8333333333334,
        840.0000000000001,
        2,
        807.5,
        820.0000000000001,
        2,
        774.1666666666667,
        848.3333333333334,
        2
      ],
      "num_keypoints": 20,
      "iscrowd": 0,
      "segmentation": []
    }
  ]
}