{
  "categories": [
    {
      "supercategory": "person",
      "id": 1,
      "name": "person",
      "keypoints": [
        "nose",
        "left_eye",
        "right_eye",
        "left_ear",
        "right_ear",
        "left_shoulder",
        "right_shoulder",
        "left_elbow",
        "right_elbow",
        "left_wrist",
        "right_wrist",
        "left_hip",
        "right_hip",
        "left_knee",
        "right_knee",
        "left_ankle",
        "right_ankle",
        "left_heel",
        "right_heel",
        "left_foot",
        "right_foot"
      ],
      "skeleton": [
        [
          1,
          2
        ],
        [
          0,
          1
        ],
        [
          0,
          2
        ],
        [
          1,
          3
        ],
        [
          2,
          4
        ],
        [
          5,
          6
        ],
        [
          5,
          7
        ],
        [
          7,
          9
        ],
        [
          6,
          8
        ],
        [
          8,
          10
        ],
        [
          5,
          11
        ],
        [
          6,
          12
        ],
        [
          11,
          12
        ],
        [
          11,
          13
        ],
        [
          13,
          15
        ],
        [
          12,
          14
        ],
        [
          14,
          16
        ],
        [
          16,
          18
        ],
        [
          16,
          20
        ],
        [
          20,
          18
        ],
        [
          15,
          17
        ],
        [
          15,
          19
        ],
        [
          19,
          17
        ]
      ]
    }
  ],
  "images": [
    {
      "file_name": "000000001006.jpg",
      "height": 1200,
      "width": 1600,
      "id": 0
    }
  ],
  "annotations": [
    {
      "category_id": 1,
      "image_id": 0,
      "id": 0,
      "bbox": [
        586.921768707483,
        178.46711798839456,
        475.12059369202245,
        494.5647969052226
      ],
      "area": 234977.91992478387,
      "keypoints": [
        889.1304347826086,
        233.69565217391303,
        2,
        906.3829787234042,
        219.68085106382978,
        2,
        879.2553191489361,
        223.40425531914892,
        2,
        940.3050108932462,
        230.28322440087146,
        2,
        879.7385620915032,
        235.29411764705884,
        1,
        983.6734693877552,
        301.0204081632653,
        2,
        873.4693877551022,
        294.8979591836735,
        2,
        1006.1224489795919,
        417.34693877551024,
        2,
        855.1020408163266,
        411.2244897959183,
        1,
        1022.4489795918369,
        529.5918367346939,
        2,
        842.8571428571429,
        501.0204081632653,
        0,
        933.7662337662338,
        484.4155844155844,
        2,
        835.7142857142857,
        444.15584415584414,
        2,
        814.935064935065,
        500.0,
        2,
        782.4675324675326,
        483.1168831168831,
        2,
        730.5194805194806,
        568.8311688311688,
        2,
        687.719298245614,
        552.6315789473686,
        1,
        685.0877192982456,
        622.8070175438597,
        2,
        644.6969696969696,
        631.8181818181819,
        1,
        662.8787878787879,
        593.939393939394,
        2,
        626.5151515151515,
        596.969696969697,
        2
      ],
      "num_keypoints": 20,
      "iscrowd": 0,
      "segmentation": []
    },
    {
      "category_id": 1,
      "image_id": 0,
      "id": 1,
      "bbox": [
        631.5554218185796,
        310.76491228070176,
        232.5615494036548,
        686.8210526315789
      ],
      "area": 159728.16816304912,
      "keypoints": [
        701.0,
        386.0,
        2,
        705.0,
        368.0,
        1,
        685.6548856548856,
        378.7941787941788,
        2,
        675.6756756756756,
        367.77546777546775,
        0,
        650.9355509355509,
        390.02079002079,
        2,
        705.6133056133056,
        430.3534303534303,
        2,
        654.6777546777546,
        455.5093555093555,
        2,
        792.4242424242424,
        465.1515151515152,
        1,
        772.7272727272727,
        454.54545454545456,
        2,
        825.438596491228,
        480.70175438596493,
        0,
        844.7368421052631,
        387.7192982456141,
        2,
        697.3684210526316,
        645.6140350877193,
        1,
        683.3333333333334,
        659.6491228070175,
        2,
        723.6842105263158,
        736.8421052631579,
        2,
        718.421052631579,
        780.7017543859649,
        2,
        697.3684210526316,
        847.3684210526316,
        1,
        693.859649122807,
        907.0175438596491,
        1,
        683.3333333333334,
        871.9298245614035,
        1,
        681.578947368421,
        933.3333333333334,
        1,
        721.9298245614035,
        868.421052631579,
        2,
        727.1929824561404,
        940.3508771929825,
        2
      ],
      "num_keypoints": 19,
      "iscrowd": 0,
      "segmentation": []
    },
    {
      "category_id": 1,
      "image_id": 0,
      "id": 2,
      "bbox": [
        1110.6859205776173,
        264.1070290932257,
        123.0324909747294,
        360.1274155871736
      ],
      "area": 44307.37300798156,
      "keypoints": [
        1180.0,
        300.5882352941177,
        2,
        1187.6470588235295,
        295.29411764705884,
        2,
        1171.764705882353,
        294.11764705882354,
        2,
        1198.8235294117646,
        298.8235294117647,
        1,
        1168.5920577617328,
        300.0,
        0,
        1213.7184115523467,
        333.57400722021663,
        2,
        1150.9025270758123,
        332.8519855595668,
        2,
        1223.4657039711192,
        401.08303249097474,
        2,
        1132.4909747292418,
        393.50180505415165,
        2,
        1209.3862815884477,
        442.96028880866425,
        2,
        1121.6606498194947,
        432.8519855595668,
        1,
        1187.0036101083033,
        445.48736462093865,
        2,
        1149.0974729241877,
        442.96028880866425,
        2,
        1186.6425992779784,
        519.4945848375452,
        2,
        1144.404332129964,
        519.4945848375452,
        0,
        1181.5884476534295,
        570.7581227436823,
        2,
        1137.5451263537907,
        564.2599277978339,
        2,
        1169.6750902527076,
        581.5884476534296,
        0,
        1139.3501805054152,
        589.5306859205776,
        2,
        1181.5884476534295,
        594.2238267148015,
        2,
        1120.9386281588447,
        587.7256317689531,
        2
      ],
      "num_keypoints": 18,
      "iscrowd": 0,
      "segmentation": []
    }
  ]
}