{
  "categories": [
    {
      "supercategory": "person",
      "id": 1,
      "name": "person",
      "keypoints": [
        "nose",
        "left_eye",
        "right_eye",
        "left_ear",
        "right_ear",
        "left_shoulder",
        "right_shoulder",
        "left_elbow",
        "right_elbow",
        "left_wrist",
        "right_wrist",
        "left_hip",
        "right_hip",
        "left_knee",
        "right_knee",
        "left_ankle",
        "right_ankle",
        "left_heel",
        "right_heel",
        "left_foot",
        "right_foot"
      ],
      "skeleton": [
        [
          1,
          2
        ],
        [
          0,
          1
        ],
        [
          0,
          2
        ],
        [
          1,
          3
        ],
        [
          2,
          4
        ],
        [
          5,
          6
        ],
        [
          5,
          7
        ],
        [
          7,
          9
        ],
        [
          6,
          8
        ],
        [
          8,
          10
        ],
        [
          5,
          11
        ],
        [
          6,
          12
        ],
        [
          11,
          12
        ],
        [
          11,
          13
        ],
        [
          13,
          15
        ],
        [
          12,
          14
        ],
        [
          14,
          16
        ],
        [
          16,
          18
        ],
        [
          16,
          20
        ],
        [
          20,
          18
        ],
        [
          15,
          17
        ],
        [
          15,
          19
        ],
        [
          19,
          17
        ]
      ]
    }
  ],
  "images": [
    {
      "file_name": "000000001096.jpg",
      "height": 1200,
      "width": 1600,
      "id": 0
    }
  ],
  "annotations": [
    {
      "category_id": 1,
      "image_id": 0,
      "id": 0,
      "bbox": [
        779.908781694496,
        286.1924769907963,
        388.03339517625216,
        283.3373349339736
      ],
      "area": 109944.34805462068,
      "keypoints": [
        840.2173913043478,
        332.6086956521739,
        2,
        851.453488372093,
        315.40697674418607,
        2,
        829.3604651162791,
        317.4418604651163,
        2,
        891.9389978213508,
        309.80392156862746,
        2,
        830.2832244008715,
        326.1437908496732,
        0,
        936.7346938775511,
        319.38775510204084,
        2,
        812.2448979591837,
        343.8775510204082,
        2,
        1002.0408163265307,
        474.48979591836735,
        2,
        848.9795918367348,
        437.75510204081627,
        0,
        1018.3673469387757,
        545.9183673469388,
        2,
        857.3529411764705,
        513.2352941176471,
        2,
        1016.8831168831168,
        423.37662337662334,
        2,
        960.3896103896103,
        455.8441558441558,
        2,
        1056.4935064935066,
        440.2597402597402,
        2,
        1030.5194805194806,
        406.49350649350646,
        0,
        1109.7402597402597,
        383.1168831168831,
        2,
        1079.2207792207791,
        367.53246753246754,
        2,
        1110.3896103896104,
        354.54545454545456,
        2,
        1075.0,
        346.969696969697,
        2,
        1135.6060606060605,
        375.75757575757575,
        2,
        1085.6060606060605,
        386.3636363636364,
        1
      ],
      "num_keypoints": 18,
      "iscrowd": 0,
      "segmentation": []
    },
    {
      "category_id": 1,
      "image_id": 0,
      "id": 1,
      "bbox": [
        643.2645803698434,
        305.38847117794484,
        215.96017069701304,
        667.8058783321942
      ],
      "area": 144219.4714770894,
      "keypoints": [
        701.9480519480519,
        377.9220779220779,
        2,
        698.7012987012987,
        361.038961038961,
        2,
        681.2244897959183,
        377.1428571428571,
        2,
        694.1441441441441,
        355.40540540540536,
        0,
        661.2612612612612,
        394.1441441441441,
        2,
        721.6326530612245,
        426.53061224489795,
        2,
        668.018018018018,
        453.6036036036036,
        2,
        801.5151515151515,
        507.57575757575756,
        2,
        772.7272727272727,
        490.90909090909093,
        2,
        832.4561403508771,
        492.9824561403509,
        2,
        841.2280701754387,
        415.7894736842106,
        2,
        723.6842105263158,
        626.3157894736843,
        0,
        714.9122807017544,
        661.4035087719299,
        2,
        734.2105263157895,
        740.3508771929825,
        1,
        720.1754385964912,
        766.6666666666666,
        2,
        672.8070175438596,
        838.5964912280701,
        1,
        704.3859649122807,
        894.7368421052631,
        1,
        665.7894736842105,
        871.9298245614035,
        2,
        700.8771929824561,
        917.5438596491229,
        1,
        706.140350877193,
        856.140350877193,
        1,
        742.9824561403509,
        915.7894736842105,
        2
      ],
      "num_keypoints": 19,
      "iscrowd": 0,
      "segmentation": []
    }
  ]
}