{
  "categories": [
    {
      "supercategory": "person",
      "id": 1,
      "name": "person",
      "keypoints": [
        "nose",
        "left_eye",
        "right_eye",
        "left_ear",
        "right_ear",
        "left_shoulder",
        "right_shoulder",
        "left_elbow",
        "right_elbow",
        "left_wrist",
        "right_wrist",
        "left_hip",
        "right_hip",
        "left_knee",
        "right_knee",
        "left_ankle",
        "right_ankle",
        "left_heel",
        "right_heel",
        "left_foot",
        "right_foot"
      ],
      "skeleton": [
        [
          1,
          2
        ],
        [
          0,
          1
        ],
        [
          0,
          2
        ],
        [
          1,
          3
        ],
        [
          2,
          4
        ],
        [
          5,
          6
        ],
        [
          5,
          7
        ],
        [
          7,
          9
        ],
        [
          6,
          8
        ],
        [
          8,
          10
        ],
        [
          5,
          11
        ],
        [
          6,
          12
        ],
        [
          11,
          12
        ],
        [
          11,
          13
        ],
        [
          13,
          15
        ],
        [
          12,
          14
        ],
        [
          14,
          16
        ],
        [
          16,
          18
        ],
        [
          16,
          20
        ],
        [
          20,
          18
        ],
        [
          15,
          17
        ],
        [
          15,
          19
        ],
        [
          19,
          17
        ]
      ]
    }
  ],
  "images": [
    {
      "file_name": "000000000587.jpg",
      "height": 1200,
      "width": 1600,
      "id": 0
    }
  ],
  "annotations": [
    {
      "category_id": 1,
      "image_id": 0,
      "id": 0,
      "bbox": [
        947.5516407170772,
        239.25501345072146,
        169.80584330996805,
        589.2846661775495
      ],
      "area": 100063.97968991181,
      "keypoints": [
        982.3529411764706,
        315.6862745098039,
        1,
        990.948275862069,
        301.7241379310345,
        2,
        974.1379310344827,
        302.58620689655174,
        2,
        1022.8448275862069,
        288.36206896551727,
        2,
        976.9679300291544,
        290.3790087463557,
        0,
        1075.801749271137,
        350.43731778425655,
        2,
        964.7230320699708,
        337.90087463556847,
        2,
        1093.5860058309038,
        445.18950437317784,
        2,
        969.9708454810495,
        431.77842565597666,
        2,
        1103.206997084548,
        524.198250728863,
        2,
        962.6822157434402,
        508.1632653061224,
        1,
        1073.1778425655975,
        497.95918367346934,
        2,
        992.3076923076922,
        491.025641025641,
        2,
        1025.6410256410256,
        614.1025641025641,
        2,
        975.6410256410256,
        620.5128205128206,
        2,
        1021.7948717948718,
        734.6153846153846,
        2,
        975.6410256410256,
        741.025641025641,
        2,
        1026.2411347517732,
        758.1560283687944,
        1,
        989.3617021276597,
        750.354609929078,
        2,
        1009.2198581560284,
        768.7943262411347,
        2,
        961.7021276595746,
        779.4326241134752,
        2
      ],
      "num_keypoints": 20,
      "iscrowd": 0,
      "segmentation": []
    },
    {
      "category_id": 1,
      "image_id": 0,
      "id": 1,
      "bbox": [
        787.2316636851521,
        312.6159301691217,
        176.2969588550984,
        589.0343698854336
      ],
      "area": 103844.96807193111,
      "keypoints": [
        881.5602836879433,
        372.3404255319149,
        2,
        886.1702127659574,
        361.7021276595745,
        2,
        873.758865248227,
        361.7021276595745,
        2,
        863.8297872340426,
        363.4751773049646,
        0,
        840.4255319148937,
        363.82978723404256,
        2,
        884.0425531914894,
        400.0,
        2,
        819.1860465116279,
        425.0,
        2,
        928.4883720930233,
        473.25581395348837,
        2,
        854.6511627906976,
        522.6744186046511,
        2,
        948.8372093023256,
        449.4186046511628,
        2,
        926.7441860465117,
        502.90697674418607,
        2,
        899.4186046511628,
        568.6046511627907,
        2,
        853.8461538461538,
        584.6153846153846,
        2,
        897.4358974358975,
        691.025641025641,
        2,
        864.102564102564,
        710.2564102564103,
        2,
        862.8205128205127,
        780.7692307692307,
        1,
        820.6896551724137,
        838.7931034482759,
        2,
        853.8461538461538,
        799.3589743589744,
        0,
        801.9230769230769,
        852.5641025641025,
        2,
        880.1282051282051,
        800.6410256410256,
        2,
        840.3846153846154,
        849.3589743589744,
        2
      ],
      "num_keypoints": 19,
      "iscrowd": 0,
      "segmentation": []
    }
  ]
}