{
  "categories": [
    {
      "supercategory": "person",
      "id": 1,
      "name": "person",
      "keypoints": [
        "nose",
        "left_eye",
        "right_eye",
        "left_ear",
        "right_ear",
        "left_shoulder",
        "right_shoulder",
        "left_elbow",
        "right_elbow",
        "left_wrist",
        "right_wrist",
        "left_hip",
        "right_hip",
        "left_knee",
        "right_knee",
        "left_ankle",
        "right_ankle",
        "left_heel",
        "right_heel",
        "left_foot",
        "right_foot"
      ],
      "skeleton": [
        [
          1,
          2
        ],
        [
          0,
          1
        ],
        [
          0,
          2
        ],
        [
          1,
          3
        ],
        [
          2,
          4
        ],
        [
          5,
          6
        ],
        [
          5,
          7
        ],
        [
          7,
          9
        ],
        [
          6,
          8
        ],
        [
          8,
          10
        ],
        [
          5,
          11
        ],
        [
          6,
          12
        ],
        [
          11,
          12
        ],
        [
          11,
          13
        ],
        [
          13,
          15
        ],
        [
          12,
          14
        ],
        [
          14,
          16
        ],
        [
          16,
          18
        ],
        [
          16,
          20
        ],
        [
          20,
          18
        ],
        [
          15,
          17
        ],
        [
          15,
          19
        ],
        [
          19,
          17
        ]
      ]
    }
  ],
  "images": [
    {
      "file_name": "000000001028.jpg",
      "height": 1200,
      "width": 1600,
      "id": 0
    }
  ],
  "annotations": [
    {
      "category_id": 1,
      "image_id": 0,
      "id": 0,
      "bbox": [
        444.69566774078055,
        312.87510532114845,
        271.81525241675615,
        728.95197355629
      ],
      "area": 198140.2646918955,
      "keypoints": [
        558.1967213114754,
        380.327868852459,
        0,
        555.8752997601919,
        373.621103117506,
        1,
        555.6354916067146,
        367.86570743405275,
        0,
        588.1266490765172,
        384.43271767810023,
        2,
        609.4986807387862,
        376.2532981530343,
        0,
        651.0204081632654,
        452.0408163265306,
        2,
        585.7142857142858,
        458.1632653061224,
        1,
        600.0000000000001,
        560.204081632653,
        2,
        546.9387755102041,
        519.3877551020408,
        2,
        477.55102040816325,
        607.1428571428571,
        2,
        467.34693877551024,
        539.7959183673469,
        2,
        625.974025974026,
        694.8051948051948,
        2,
        583.7662337662338,
        676.6233766233767,
        2,
        614.9350649350649,
        818.1818181818181,
        2,
        594.1558441558442,
        810.3896103896104,
        2,
        674.6753246753246,
        938.961038961039,
        2,
        626.3157894736842,
        924.561403508772,
        2,
        693.859649122807,
        956.140350877193,
        1,
        641.1764705882352,
        948.5294117647059,
        2,
        654.9549549549549,
        981.081081081081,
        2,
        613.5135135135134,
        954.9549549549548,
        2
      ],
      "num_keypoints": 18,
      "iscrowd": 0,
      "segmentation": []
    },
    {
      "category_id": 1,
      "image_id": 0,
      "id": 1,
      "bbox": [
        1108.2125603864736,
        272.85024154589377,
        156.52173913043475,
        372.1739130434783
      ],
      "area": 58253.30812854442,
      "keypoints": [
        1223.6220472440946,
        309.4488188976378,
        2,
        1228.985507246377,
        303.86473429951695,
        2,
        1217.3913043478262,
        303.86473429951695,
        2,
        1234.7826086956522,
        307.72946859903385,
        0,
        1203.864734299517,
        305.7971014492754,
        1,
        1238.647342995169,
        339.61352657004835,
        2,
        1177.2946859903382,
        340.57971014492756,
        2,
        1251.6908212560388,
        406.76328502415464,
        2,
        1145.8937198067633,
        407.24637681159425,
        2,
        1247.8260869565217,
        449.7584541062802,
        1,
        1150.7246376811595,
        450.72463768115944,
        1,
        1221.7391304347827,
        450.72463768115944,
        2,
        1184.0579710144928,
        453.1400966183575,
        2,
        1217.874396135266,
        532.3671497584542,
        2,
        1158.4541062801934,
        524.1545893719807,
        1,
        1207.729468599034,
        586.9565217391305,
        2,
        1140.096618357488,
        564.2512077294687,
        2,
        1196.6183574879228,
        605.7971014492754,
        2,
        1137.68115942029,
        581.1594202898551,
        0,
        1220.7729468599034,
        614.0096618357488,
        2,
        1121.256038647343,
        583.0917874396135,
        2
      ],
      "num_keypoints": 19,
      "iscrowd": 0,
      "segmentation": []
    },
    {
      "category_id": 1,
      "image_id": 0,
      "id": 2,
      "bbox": [
        1354.188438722706,
        311.27098321342925,
        223.42294585384298,
        460.43165467625903
      ],
      "area": 102870.99665212915,
      "keypoints": [
        1489.9280575539567,
        357.55395683453236,
        2,
        1496.4028776978416,
        349.64028776978415,
        2,
        1476.2589928057553,
        351.7985611510791,
        2,
        1502.1582733812947,
        362.58992805755395,
        0,
        1466.1870503597122,
        357.55395683453236,
        1,
        1506.4748201438847,
        394.9640287769784,
        1,
        1436.6906474820144,
        397.841726618705,
        2,
        1530.2158273381294,
        467.6258992805755,
        2,
        1392.8057553956833,
        469.78417266187046,
        2,
        1558.9928057553955,
        515.1079136690647,
        1,
        1392.8057553956833,
        525.8992805755395,
        2,
        1458.2733812949639,
        548.2014388489208,
        1,
        1433.093525179856,
        535.2517985611511,
        2,
        1429.4964028776976,
        605.7553956834532,
        2,
        1462.2807017543857,
        624.5614035087721,
        2,
        1385.0877192982455,
        649.1228070175439,
        2,
        1476.315789473684,
        703.5087719298247,
        1,
        1372.8070175438595,
        670.1754385964913,
        1,
        1479.8245614035086,
        715.7894736842106,
        1,
        1404.3859649122805,
        680.7017543859649,
        1,
        1478.0701754385964,
        733.3333333333334,
        2
      ],
      "num_keypoints": 20,
      "iscrowd": 0,
      "segmentation": []
    }
  ]
}