{
  "categories": [
    {
      "supercategory": "person",
      "id": 1,
      "name": "person",
      "keypoints": [
        "nose",
        "left_eye",
        "right_eye",
        "left_ear",
        "right_ear",
        "left_shoulder",
        "right_shoulder",
        "left_elbow",
        "right_elbow",
        "left_wrist",
        "right_wrist",
        "left_hip",
        "right_hip",
        "left_knee",
        "right_knee",
        "left_ankle",
        "right_ankle",
        "left_heel",
        "right_heel",
        "left_foot",
        "right_foot"
      ],
      "skeleton": [
        [
          1,
          2
        ],
        [
          0,
          1
        ],
        [
          0,
          2
        ],
        [
          1,
          3
        ],
        [
          2,
          4
        ],
        [
          5,
          6
        ],
        [
          5,
          7
        ],
        [
          7,
          9
        ],
        [
          6,
          8
        ],
        [
          8,
          10
        ],
        [
          5,
          11
        ],
        [
          6,
          12
        ],
        [
          11,
          12
        ],
        [
          11,
          13
        ],
        [
          13,
          15
        ],
        [
          12,
          14
        ],
        [
          14,
          16
        ],
        [
          16,
          18
        ],
        [
          16,
          20
        ],
        [
          20,
          18
        ],
        [
          15,
          17
        ],
        [
          15,
          19
        ],
        [
          19,
          17
        ]
      ]
    }
  ],
  "images": [
    {
      "file_name": "000000001039.jpg",
      "height": 1200,
      "width": 1600,
      "id": 0
    }
  ],
  "annotations": [
    {
      "category_id": 1,
      "image_id": 0,
      "id": 0,
      "bbox": [
        771.2755102040816,
        219.20745920745918,
        262.87569573283884,
        707.972027972028
      ],
      "area": 186108.63941253567,
      "keypoints": [
        855.8823529411765,
        305.88235294117646,
        2,
        863.6627906976744,
        289.24418604651163,
        2,
        841.5697674418604,
        292.7325581395349,
        2,
        908.3333333333333,
        278.2051282051282,
        2,
        841.7808219178082,
        282.87671232876716,
        0,
        973.4693877551022,
        305.1020408163265,
        2,
        848.7135506003431,
        316.9811320754717,
        1,
        1006.6666666666667,
        428.3333333333333,
        2,
        863.265306122449,
        437.75510204081627,
        2,
        1012.2448979591838,
        558.1632653061224,
        2,
        851.0204081632654,
        545.9183673469388,
        2,
        994.8051948051948,
        532.4675324675325,
        2,
        891.5584415584416,
        511.68831168831167,
        2,
        896.7532467532468,
        625.974025974026,
        2,
        873.3766233766233,
        624.6753246753246,
        2,
        865.5844155844155,
        818.1818181818181,
        2,
        831.1688311688312,
        812.9870129870129,
        1,
        875.3246753246754,
        851.9480519480519,
        2,
        837.1212121212121,
        837.8787878787879,
        1,
        831.0606060606061,
        868.1818181818181,
        2,
        793.1818181818181,
        859.0909090909091,
        2
      ],
      "num_keypoints": 20,
      "iscrowd": 0,
      "segmentation": []
    },
    {
      "category_id": 1,
      "image_id": 0,
      "id": 1,
      "bbox": [
        717.2567783094099,
        283.42105263157896,
        161.3397129186602,
        689.8564593301435
      ],
      "area": 111301.24310340875,
      "keypoints": [
        771.9696969696969,
        357.57575757575756,
        2,
        790.1515151515151,
        340.90909090909093,
        2,
        760.3703703703703,
        342.59259259259255,
        0,
        792.5925925925925,
        344.8148148148148,
        2,
        734.4444444444443,
        347.77777777777777,
        2,
        805.9259259259259,
        395.9259259259259,
        2,
        730.7407407407406,
        411.85185185185185,
        2,
        865.1515151515151,
        493.93939393939394,
        1,
        795.4545454545455,
        477.27272727272725,
        0,
        869.2982456140351,
        457.8947368421053,
        0,
        846.4912280701753,
        382.45614035087726,
        2,
        823.6842105263158,
        610.5263157894738,
        2,
        750.0,
        631.578947368421,
        2,
        814.9122807017544,
        735.0877192982456,
        2,
        750.0,
        764.9122807017544,
        2,
        809.6491228070175,
        850.8771929824561,
        2,
        741.2280701754386,
        873.6842105263158,
        2,
        792.1052631578947,
        873.6842105263158,
        1,
        730.7017543859649,
        900.0,
        2,
        825.438596491228,
        878.9473684210526,
        2,
        753.5087719298245,
        915.7894736842105,
        2
      ],
      "num_keypoints": 18,
      "iscrowd": 0,
      "segmentation": []
    }
  ]
}