{
  "categories": [
    {
      "supercategory": "person",
      "id": 1,
      "name": "person",
      "keypoints": [
        "nose",
        "left_eye",
        "right_eye",
        "left_ear",
        "right_ear",
        "left_shoulder",
        "right_shoulder",
        "left_elbow",
        "right_elbow",
        "left_wrist",
        "right_wrist",
        "left_hip",
        "right_hip",
        "left_knee",
        "right_knee",
        "left_ankle",
        "right_ankle",
        "left_heel",
        "right_heel",
        "left_foot",
        "right_foot"
      ],
      "skeleton": [
        [
          1,
          2
        ],
        [
          0,
          1
        ],
        [
          0,
          2
        ],
        [
          1,
          3
        ],
        [
          2,
          4
        ],
        [
          5,
          6
        ],
        [
          5,
          7
        ],
        [
          7,
          9
        ],
        [
          6,
          8
        ],
        [
          8,
          10
        ],
        [
          5,
          11
        ],
        [
          6,
          12
        ],
        [
          11,
          12
        ],
        [
          11,
          13
        ],
        [
          13,
          15
        ],
        [
          12,
          14
        ],
        [
          14,
          16
        ],
        [
          16,
          18
        ],
        [
          16,
          20
        ],
        [
          20,
          18
        ],
        [
          15,
          17
        ],
        [
          15,
          19
        ],
        [
          19,
          17
        ]
      ]
    }
  ],
  "images": [
    {
      "file_name": "000000000444.jpg",
      "height": 1200,
      "width": 1600,
      "id": 0
    }
  ],
  "annotations": [
    {
      "category_id": 1,
      "image_id": 0,
      "id": 0,
      "bbox": [
        608.7254901960785,
        342.78918918918913,
        177.64705882352928,
        699.5027027027029
      ],
      "area": 124264.59777424477,
      "keypoints": [
        741.5929203539822,
        415.929203539823,
        2,
        753.5135135135134,
        401.08108108108104,
        2,
        723.7837837837837,
        404.3243243243243,
        2,
        759.7826086956521,
        414.1304347826087,
        0,
        686.2745098039215,
        410.78431372549016,
        2,
        759.8039215686274,
        463.7254901960784,
        1,
        658.4070796460177,
        493.80530973451323,
        2,
        760.7843137254902,
        537.2549019607843,
        0,
        623.5294117647059,
        604.9019607843137,
        2,
        771.5686274509803,
        553.9215686274509,
        1,
        701.9607843137255,
        576.4705882352941,
        1,
        744.53125,
        700.0,
        2,
        682.03125,
        717.1875,
        1,
        722.5490196078431,
        808.8235294117646,
        2,
        667.6470588235294,
        842.156862745098,
        2,
        715.6626506024096,
        889.156626506024,
        2,
        653.9823008849556,
        919.4690265486724,
        1,
        701.7699115044247,
        921.2389380530973,
        2,
        649.1891891891892,
        966.4864864864865,
        1,
        764.8648648648648,
        925.9459459459459,
        2,
        675.1111111111111,
        984.0,
        2
      ],
      "num_keypoints": 19,
      "iscrowd": 0,
      "segmentation": []
    }
  ]
}