{
  "categories": [
    {
      "supercategory": "person",
      "id": 1,
      "name": "person",
      "keypoints": [
        "nose",
        "left_eye",
        "right_eye",
        "left_ear",
        "right_ear",
        "left_shoulder",
        "right_shoulder",
        "left_elbow",
        "right_elbow",
        "left_wrist",
        "right_wrist",
        "left_hip",
        "right_hip",
        "left_knee",
        "right_knee",
        "left_ankle",
        "right_ankle",
        "left_heel",
        "right_heel",
        "left_foot",
        "right_foot"
      ],
      "skeleton": [
        [
          1,
          2
        ],
        [
          0,
          1
        ],
        [
          0,
          2
        ],
        [
          1,
          3
        ],
        [
          2,
          4
        ],
        [
          5,
          6
        ],
        [
          5,
          7
        ],
        [
          7,
          9
        ],
        [
          6,
          8
        ],
        [
          8,
          10
        ],
        [
          5,
          11
        ],
        [
          6,
          12
        ],
        [
          11,
          12
        ],
        [
          11,
          13
        ],
        [
          13,
          15
        ],
        [
          12,
          14
        ],
        [
          14,
          16
        ],
        [
          16,
          18
        ],
        [
          16,
          20
        ],
        [
          20,
          18
        ],
        [
          15,
          17
        ],
        [
          15,
          19
        ],
        [
          19,
          17
        ]
      ]
    }
  ],
  "images": [
    {
      "file_name": "000000001663.jpg",
      "height": 1200,
      "width": 1600,
      "id": 0
    }
  ],
  "annotations": [
    {
      "category_id": 1,
      "image_id": 0,
      "id": 0,
      "bbox": [
        592.7777777777778,
        255.55555555555554,
        245.0,
        650.0
      ],
      "area": 159250.0,
      "keypoints": [
        718.0,
        412.0,
        2,
        732.6388888888889,
        404.1666666666667,
        2,
        709.0277777777778,
        404.1666666666667,
        2,
        759.0277777777778,
        401.3888888888889,
        1,
        695.1388888888889,
        402.77777777777777,
        1,
        765.9722222222223,
        447.22222222222223,
        2,
        700.6944444444445,
        441.6666666666667,
        2,
        795.1388888888889,
        409.72222222222223,
        2,
        656.2500000000001,
        386.11111111111114,
        2,
        817.3611111111112,
        333.33333333333337,
        2,
        613.1944444444445,
        309.72222222222223,
        2,
        754.8611111111112,
        602.7777777777778,
        2,
        706.2500000000001,
        595.8333333333334,
        1,
        763.1944444444446,
        719.4444444444445,
        2,
        717.3611111111112,
        723.6111111111111,
        1,
        757.6388888888889,
        809.7222222222223,
        2,
        727.0833333333334,
        806.9444444444445,
        2,
        772.9166666666667,
        837.5,
        2,
        734.0277777777778,
        830.5555555555557,
        1,
        747.9166666666667,
        851.3888888888889,
        2,
        718.7500000000001,
        845.8333333333334,
        2
      ],
      "num_keypoints": 21,
      "iscrowd": 0,
      "segmentation": []
    },
    {
      "category_id": 1,
      "image_id": 0,
      "id": 1,
      "bbox": [
        343.2467532467532,
        357.04761904761904,
        190.12987012987014,
        577.7662337662339
      ],
      "area": 109850.61899139824,
      "keypoints": [
        455.19480519480516,
        419.4805194805195,
        2,
        464.2857142857142,
        405.1948051948052,
        2,
        438.3116883116883,
        406.49350649350646,
        2,
        429.2207792207792,
        407.79220779220776,
        0,
        403.24675324675326,
        407.79220779220776,
        2,
        472.07792207792204,
        463.6363636363636,
        2,
        388.9610389610389,
        485.7142857142857,
        2,
        504.5454545454545,
        545.4545454545455,
        2,
        359.09090909090907,
        575.3246753246754,
        2,
        517.5324675324675,
        594.8051948051948,
        2,
        404.5454545454545,
        631.1688311688312,
        2,
        485.06493506493507,
        650.6493506493506,
        1,
        440.9090909090909,
        664.9350649350649,
        2,
        475.3246753246753,
        751.9480519480519,
        2,
        435.064935064935,
        774.025974025974,
        2,
        477.5,
        840.0000000000001,
        1,
        435.83333333333337,
        853.3333333333334,
        1,
        465.83333333333337,
        866.6666666666667,
        1,
        435.83333333333337,
        880.0000000000001,
        1,
        499.16666666666674,
        858.3333333333334,
        2,
        455.83333333333337,
        886.6666666666667,
        2
      ],
      "num_keypoints": 20,
      "iscrowd": 0,
      "segmentation": []
    }
  ]
}