{
  "categories": [
    {
      "supercategory": "person",
      "id": 1,
      "name": "person",
      "keypoints": [
        "nose",
        "left_eye",
        "right_eye",
        "left_ear",
        "right_ear",
        "left_shoulder",
        "right_shoulder",
        "left_elbow",
        "right_elbow",
        "left_wrist",
        "right_wrist",
        "left_hip",
        "right_hip",
        "left_knee",
        "right_knee",
        "left_ankle",
        "right_ankle",
        "left_heel",
        "right_heel",
        "left_foot",
        "right_foot"
      ],
      "skeleton": [
        [
          1,
          2
        ],
        [
          0,
          1
        ],
        [
          0,
          2
        ],
        [
          1,
          3
        ],
        [
          2,
          4
        ],
        [
          5,
          6
        ],
        [
          5,
          7
        ],
        [
          7,
          9
        ],
        [
          6,
          8
        ],
        [
          8,
          10
        ],
        [
          5,
          11
        ],
        [
          6,
          12
        ],
        [
          11,
          12
        ],
        [
          11,
          13
        ],
        [
          13,
          15
        ],
        [
          12,
          14
        ],
        [
          14,
          16
        ],
        [
          16,
          18
        ],
        [
          16,
          20
        ],
        [
          20,
          18
        ],
        [
          15,
          17
        ],
        [
          15,
          19
        ],
        [
          19,
          17
        ]
      ]
    }
  ],
  "images": [
    {
      "file_name": "000000001816.jpg",
      "height": 1200,
      "width": 1600,
      "id": 0
    }
  ],
  "annotations": [
    {
      "category_id": 1,
      "image_id": 0,
      "id": 0,
      "bbox": [
        603.714826839827,
        349.7637085137085,
        230.42207792207773,
        519.5021645021645
      ],
      "area": 119704.7682296058,
      "keypoints": [
        693.7500000000001,
        405.55555555555554,
        2,
        704.8611111111112,
        397.22222222222223,
        2,
        685.4166666666667,
        393.05555555555554,
        2,
        736.8055555555557,
        401.3888888888889,
        2,
        693.7500000000001,
        397.22222222222223,
        0,
        770.1388888888889,
        473.61111111111114,
        1,
        677.0833333333334,
        436.11111111111114,
        2,
        785.4166666666667,
        495.83333333333337,
        0,
        622.9166666666667,
        437.5,
        2,
        810.4166666666667,
        519.4444444444445,
        0,
        654.8611111111112,
        395.83333333333337,
        2,
        724.3055555555557,
        625.0,
        1,
        700.6944444444445,
        615.2777777777778,
        0,
        704.8611111111112,
        719.4444444444445,
        1,
        746.5277777777778,
        718.0555555555555,
        1,
        709.0277777777778,
        808.3333333333334,
        2,
        809.0277777777778,
        754.1666666666667,
        1,
        731.8181818181818,
        825.974025974026,
        2,
        814.9350649350649,
        736.3636363636364,
        1,
        692.8571428571429,
        823.3766233766233,
        1,
        813.6363636363636,
        777.922077922078,
        1
      ],
      "num_keypoints": 17,
      "iscrowd": 0,
      "segmentation": []
    },
    {
      "category_id": 1,
      "image_id": 0,
      "id": 1,
      "bbox": [
        728.051948051948,
        343.4285714285714,
        154.28571428571433,
        585.3506493506495
      ],
      "area": 90311.24304267167,
      "keypoints": [
        804.5454545454545,
        392.2077922077922,
        0,
        794.1558441558441,
        376.6233766233766,
        0,
        816.2337662337662,
        376.6233766233766,
        0,
        777.2727272727273,
        392.2077922077922,
        0,
        830.5194805194805,
        392.2077922077922,
        1,
        752.5974025974026,
        464.93506493506493,
        2,
        862.9870129870129,
        459.7402597402597,
        2,
        742.2077922077922,
        557.1428571428571,
        2,
        869.4805194805194,
        554.5454545454545,
        1,
        740.9090909090909,
        615.5844155844155,
        1,
        868.1818181818181,
        623.3766233766233,
        1,
        769.4805194805194,
        635.0649350649351,
        2,
        834.4155844155844,
        636.3636363636364,
        2,
        761.038961038961,
        759.7402597402597,
        2,
        831.1688311688312,
        728.5714285714286,
        2,
        762.5,
        860.0000000000001,
        2,
        837.5,
        850.0000000000001,
        2,
        747.5,
        880.0000000000001,
        2,
        842.5,
        878.3333333333334,
        2,
        775.8333333333335,
        865.0000000000001,
        2,
        820.8333333333335,
        861.6666666666667,
        1
      ],
      "num_keypoints": 17,
      "iscrowd": 0,
      "segmentation": []
    }
  ]
}