{
  "categories": [
    {
      "supercategory": "person",
      "id": 1,
      "name": "person",
      "keypoints": [
        "nose",
        "left_eye",
        "right_eye",
        "left_ear",
        "right_ear",
        "left_shoulder",
        "right_shoulder",
        "left_elbow",
        "right_elbow",
        "left_wrist",
        "right_wrist",
        "left_hip",
        "right_hip",
        "left_knee",
        "right_knee",
        "left_ankle",
        "right_ankle",
        "left_heel",
        "right_heel",
        "left_foot",
        "right_foot"
      ],
      "skeleton": [
        [
          1,
          2
        ],
        [
          0,
          1
        ],
        [
          0,
          2
        ],
        [
          1,
          3
        ],
        [
          2,
          4
        ],
        [
          5,
          6
        ],
        [
          5,
          7
        ],
        [
          7,
          9
        ],
        [
          6,
          8
        ],
        [
          8,
          10
        ],
        [
          5,
          11
        ],
        [
          6,
          12
        ],
        [
          11,
          12
        ],
        [
          11,
          13
        ],
        [
          13,
          15
        ],
        [
          12,
          14
        ],
        [
          14,
          16
        ],
        [
          16,
          18
        ],
        [
          16,
          20
        ],
        [
          20,
          18
        ],
        [
          15,
          17
        ],
        [
          15,
          19
        ],
        [
          19,
          17
        ]
      ]
    }
  ],
  "images": [
    {
      "file_name": "000000001813.jpg",
      "height": 1200,
      "width": 1600,
      "id": 0
    }
  ],
  "annotations": [
    {
      "category_id": 1,
      "image_id": 0,
      "id": 0,
      "bbox": [
        807.3611111111111,
        477.180735930736,
        153.3333333333336,
        323.83116883116884
      ],
      "area": 49654.11255411264,
      "keypoints": [
        790.9722222222223,
        511.11111111111114,
        0,
        803.4722222222223,
        508.33333333333337,
        0,
        782.6388888888889,
        501.3888888888889,
        0,
        817.3611111111112,
        500.0,
        0,
        774.3055555555557,
        512.5,
        0,
        854.8611111111112,
        519.4444444444445,
        2,
        778.4722222222223,
        537.5,
        0,
        920.138888888889,
        504.1666666666667,
        2,
        779.8611111111112,
        584.7222222222223,
        0,
        947.9166666666669,
        512.5,
        1,
        752.0833333333334,
        622.2222222222223,
        0,
        884.0277777777778,
        616.6666666666667,
        1,
        838.1944444444446,
        619.4444444444445,
        1,
        861.8055555555557,
        698.6111111111111,
        2,
        820.1388888888889,
        688.8888888888889,
        1,
        881.2500000000001,
        750.0,
        2,
        839.5833333333334,
        751.3888888888889,
        2,
        890.2597402597403,
        757.1428571428571,
        1,
        850.0,
        772.7272727272727,
        2,
        886.3636363636364,
        772.7272727272727,
        2,
        833.1168831168831,
        774.025974025974,
        1
      ],
      "num_keypoints": 13,
      "iscrowd": 0,
      "segmentation": []
    },
    {
      "category_id": 1,
      "image_id": 0,
      "id": 1,
      "bbox": [
        677.7922077922078,
        353.35714285714283,
        165.1948051948051,
        590.883116883117
      ],
      "area": 97610.82138640578,
      "keypoints": [
        764.2857142857142,
        416.8831168831169,
        0,
        752.5974025974026,
        392.2077922077922,
        0,
        765.5844155844155,
        392.2077922077922,
        0,
        734.4155844155844,
        393.5064935064935,
        0,
        781.1688311688312,
        402.5974025974026,
        2,
        696.7532467532467,
        480.5194805194805,
        2,
        807.1428571428571,
        470.12987012987014,
        2,
        691.5584415584416,
        571.4285714285714,
        2,
        818.8311688311688,
        581.8181818181818,
        1,
        698.051948051948,
        631.1688311688312,
        2,
        829.2207792207791,
        645.4545454545455,
        1,
        714.9350649350649,
        657.1428571428571,
        2,
        785.0649350649351,
        648.051948051948,
        1,
        748.051948051948,
        783.1168831168831,
        2,
        801.2987012987013,
        758.4415584415584,
        2,
        752.5,
        853.3333333333334,
        1,
        762.5,
        866.6666666666667,
        2,
        740.8333333333334,
        883.3333333333334,
        1,
        737.5,
        895.0000000000001,
        2,
        782.5,
        861.6666666666667,
        1,
        790.8333333333335,
        895.0000000000001,
        2
      ],
      "num_keypoints": 17,
      "iscrowd": 0,
      "segmentation": []
    }
  ]
}