{
  "categories": [
    {
      "supercategory": "person",
      "id": 1,
      "name": "person",
      "keypoints": [
        "nose",
        "left_eye",
        "right_eye",
        "left_ear",
        "right_ear",
        "left_shoulder",
        "right_shoulder",
        "left_elbow",
        "right_elbow",
        "left_wrist",
        "right_wrist",
        "left_hip",
        "right_hip",
        "left_knee",
        "right_knee",
        "left_ankle",
        "right_ankle",
        "left_heel",
        "right_heel",
        "left_foot",
        "right_foot"
      ],
      "skeleton": [
        [
          1,
          2
        ],
        [
          0,
          1
        ],
        [
          0,
          2
        ],
        [
          1,
          3
        ],
        [
          2,
          4
        ],
        [
          5,
          6
        ],
        [
          5,
          7
        ],
        [
          7,
          9
        ],
        [
          6,
          8
        ],
        [
          8,
          10
        ],
        [
          5,
          11
        ],
        [
          6,
          12
        ],
        [
          11,
          12
        ],
        [
          11,
          13
        ],
        [
          13,
          15
        ],
        [
          12,
          14
        ],
        [
          14,
          16
        ],
        [
          16,
          18
        ],
        [
          16,
          20
        ],
        [
          20,
          18
        ],
        [
          15,
          17
        ],
        [
          15,
          19
        ],
        [
          19,
          17
        ]
      ]
    }
  ],
  "images": [
    {
      "file_name": "000000001951.jpg",
      "height": 1200,
      "width": 1600,
      "id": 0
    }
  ],
  "annotations": [
    {
      "category_id": 1,
      "image_id": 0,
      "id": 0,
      "bbox": [
        745.2083333333333,
        189.16486291486294,
        384.7727272727275,
        513.3549783549782
      ],
      "area": 197524.99508067695,
      "keypoints": [
        1009.0,
        255.0,
        2,
        1022.9166666666669,
        231.94444444444446,
        2,
        997.9166666666669,
        238.88888888888889,
        2,
        1061.8055555555554,
        236.11111111111111,
        2,
        992.3611111111112,
        236.11111111111111,
        0,
        1088.1944444444443,
        311.11111111111114,
        2,
        982.638888888889,
        308.33333333333337,
        2,
        1096.5277777777778,
        416.6666666666667,
        2,
        967.3611111111112,
        400.0,
        2,
        1097.9166666666667,
        520.8333333333334,
        2,
        936.8055555555555,
        504.1666666666667,
        1,
        1039.5833333333333,
        463.8888888888889,
        2,
        963.1944444444445,
        463.8888888888889,
        2,
        960.4166666666669,
        526.3888888888889,
        2,
        915.9722222222223,
        531.9444444444445,
        2,
        875.6944444444446,
        609.7222222222223,
        2,
        842.3611111111112,
        630.5555555555555,
        1,
        842.2077922077922,
        659.7402597402597,
        1,
        808.4415584415584,
        659.7402597402597,
        2,
        846.1038961038961,
        597.4025974025974,
        2,
        777.2727272727273,
        614.2857142857142,
        1
      ],
      "num_keypoints": 20,
      "iscrowd": 0,
      "segmentation": []
    },
    {
      "category_id": 1,
      "image_id": 0,
      "id": 1,
      "bbox": [
        807.7716450216451,
        256.4285714285714,
        136.7402597402596,
        647.5324675324678
      ],
      "area": 88543.75780064086,
      "keypoints": [
        881.1688311688312,
        328.57142857142856,
        2,
        891.5584415584416,
        310.38961038961037,
        2,
        869.4805194805194,
        315.5844155844156,
        2,
        898.051948051948,
        323.37662337662334,
        0,
        842.2077922077922,
        329.87012987012986,
        2,
        905.8441558441558,
        372.7272727272727,
        1,
        825.3246753246754,
        390.9090909090909,
        2,
        933.1168831168831,
        467.53246753246754,
        1,
        840.9090909090909,
        481.8181818181818,
        2,
        962.9870129870129,
        455.8441558441558,
        0,
        903.2467532467532,
        418.1818181818182,
        2,
        920.1298701298701,
        592.2077922077922,
        1,
        869.4805194805194,
        580.5194805194805,
        1,
        902.5974025974026,
        657.1428571428571,
        2,
        833.7662337662338,
        684.4155844155844,
        1,
        892.5,
        781.6666666666667,
        2,
        830.8333333333335,
        813.3333333333334,
        2,
        884.1666666666667,
        806.6666666666667,
        2,
        819.1666666666667,
        831.6666666666667,
        2,
        915.8333333333335,
        805.0000000000001,
        2,
        840.8333333333335,
        850.0000000000001,
        2
      ],
      "num_keypoints": 19,
      "iscrowd": 0,
      "segmentation": []
    }
  ]
}