{
  "categories": [
    {
      "supercategory": "person",
      "id": 1,
      "name": "person",
      "keypoints": [
        "nose",
        "left_eye",
        "right_eye",
        "left_ear",
        "right_ear",
        "left_shoulder",
        "right_shoulder",
        "left_elbow",
        "right_elbow",
        "left_wrist",
        "right_wrist",
        "left_hip",
        "right_hip",
        "left_knee",
        "right_knee",
        "left_ankle",
        "right_ankle",
        "left_heel",
        "right_heel",
        "left_foot",
        "right_foot"
      ],
      "skeleton": [
        [
          1,
          2
        ],
        [
          0,
          1
        ],
        [
          0,
          2
        ],
        [
          1,
          3
        ],
        [
          2,
          4
        ],
        [
          5,
          6
        ],
        [
          5,
          7
        ],
        [
          7,
          9
        ],
        [
          6,
          8
        ],
        [
          8,
          10
        ],
        [
          5,
          11
        ],
        [
          6,
          12
        ],
        [
          11,
          12
        ],
        [
          11,
          13
        ],
        [
          13,
          15
        ],
        [
          12,
          14
        ],
        [
          14,
          16
        ],
        [
          16,
          18
        ],
        [
          16,
          20
        ],
        [
          20,
          18
        ],
        [
          15,
          17
        ],
        [
          15,
          19
        ],
        [
          19,
          17
        ]
      ]
    }
  ],
  "images": [
    {
      "file_name": "000000000331.jpg",
      "height": 1200,
      "width": 1600,
      "id": 0
    }
  ],
  "annotations": [
    {
      "category_id": 1,
      "image_id": 0,
      "id": 0,
      "bbox": [
        972.6661946902653,
        191.5365571007164,
        285.52778761061984,
        322.98988621997466
      ],
      "area": 92222.5876329952,
      "keypoints": [
        1035.2459016393443,
        232.78688524590163,
        2,
        1054.1666666666667,
        222.02380952380952,
        2,
        1028.5714285714287,
        218.45238095238096,
        2,
        1087.6811594202898,
        236.9565217391304,
        2,
        1024.5098039215686,
        229.90196078431373,
        1,
        1125.9803921568628,
        314.2156862745098,
        2,
        1008.8235294117646,
        305.88235294117646,
        1,
        1150.442477876106,
        413.2743362831858,
        2,
        1003.5398230088495,
        398.23008849557516,
        2,
        1164.6017699115043,
        487.6106194690265,
        2,
        996.4601769911503,
        467.25663716814154,
        2,
        1142.1568627450981,
        447.05882352941177,
        1,
        1110.7843137254902,
        442.156862745098,
        0,
        1186.2745098039215,
        435.29411764705884,
        1,
        1149.0196078431372,
        425.4901960784314,
        0,
        1216.8141592920354,
        369.91150442477874,
        2,
        1173.4513274336282,
        367.25663716814154,
        2,
        1218.4782608695652,
        329.3478260869565,
        2,
        1184.782608695652,
        330.4347826086956,
        2,
        1234.4,
        348.8,
        2,
        1197.0588235294117,
        342.156862745098,
        0
      ],
      "num_keypoints": 18,
      "iscrowd": 0,
      "segmentation": []
    },
    {
      "category_id": 1,
      "image_id": 0,
      "id": 1,
      "bbox": [
        825.563074787437,
        249.20610491214563,
        181.73867777199382,
        644.3093497499038
      ],
      "area": 117095.92929968065,
      "keypoints": [
        949.0196078431372,
        315.6862745098039,
        1,
        954.3478260869564,
        302.89855072463763,
        1,
        938.2222222222222,
        303.1111111111111,
        2,
        925.3333333333334,
        302.6666666666667,
        0,
        899.1111111111111,
        308.0,
        2,
        962.5,
        380.2631578947368,
        0,
        875.6578947368421,
        367.10526315789474,
        2,
        996.3768115942028,
        448.5507246376811,
        0,
        936.2318840579709,
        399.99999999999994,
        2,
        1020.2898550724636,
        418.1159420289855,
        0,
        992.156862745098,
        321.5686274509804,
        2,
        937.2549019607843,
        578.4313725490196,
        1,
        887.7049180327868,
        578.688524590164,
        2,
        914.4578313253011,
        691.5662650602409,
        1,
        886.7469879518071,
        706.0240963855421,
        2,
        869.9115044247786,
        756.6371681415928,
        0,
        865.6862745098039,
        809.8039215686274,
        2,
        851.9607843137255,
        793.1372549019608,
        0,
        840.7079646017698,
        838.0530973451326,
        2,
        909.7345132743362,
        800.8849557522124,
        2,
        896.4601769911503,
        839.8230088495575,
        2
      ],
      "num_keypoints": 15,
      "iscrowd": 0,
      "segmentation": []
    }
  ]
}