{
  "categories": [
    {
      "supercategory": "person",
      "id": 1,
      "name": "person",
      "keypoints": [
        "nose",
        "left_eye",
        "right_eye",
        "left_ear",
        "right_ear",
        "left_shoulder",
        "right_shoulder",
        "left_elbow",
        "right_elbow",
        "left_wrist",
        "right_wrist",
        "left_hip",
        "right_hip",
        "left_knee",
        "right_knee",
        "left_ankle",
        "right_ankle",
        "left_heel",
        "right_heel",
        "left_foot",
        "right_foot"
      ],
      "skeleton": [
        [
          1,
          2
        ],
        [
          0,
          1
        ],
        [
          0,
          2
        ],
        [
          1,
          3
        ],
        [
          2,
          4
        ],
        [
          5,
          6
        ],
        [
          5,
          7
        ],
        [
          7,
          9
        ],
        [
          6,
          8
        ],
        [
          8,
          10
        ],
        [
          5,
          11
        ],
        [
          6,
          12
        ],
        [
          11,
          12
        ],
        [
          11,
          13
        ],
        [
          13,
          15
        ],
        [
          12,
          14
        ],
        [
          14,
          16
        ],
        [
          16,
          18
        ],
        [
          16,
          20
        ],
        [
          20,
          18
        ],
        [
          15,
          17
        ],
        [
          15,
          19
        ],
        [
          19,
          17
        ]
      ]
    }
  ],
  "images": [
    {
      "file_name": "000000001581.jpg",
      "height": 1200,
      "width": 1600,
      "id": 0
    }
  ],
  "annotations": [
    {
      "category_id": 1,
      "image_id": 0,
      "id": 0,
      "bbox": [
        754.0916666666667,
        358.75,
        406.89999999999986,
        228.33333333333337
      ],
      "area": 92908.83333333331,
      "keypoints": [
        800.6944444444446,
        412.5,
        1,
        809.0,
        398.0,
        2,
        788.0,
        399.0,
        1,
        850.6944444444446,
        377.77777777777777,
        2,
        784.0277777777778,
        394.44444444444446,
        0,
        914.5833333333334,
        409.72222222222223,
        2,
        832.6388888888889,
        408.33333333333337,
        1,
        970.138888888889,
        476.3888888888889,
        2,
        850.6944444444446,
        462.5,
        1,
        1010.4166666666669,
        568.0555555555555,
        2,
        871.5277777777778,
        536.1111111111111,
        1,
        1031.25,
        413.8888888888889,
        2,
        1007.638888888889,
        431.94444444444446,
        1,
        1077.0833333333333,
        473.61111111111114,
        2,
        1046.5277777777778,
        479.1666666666667,
        1,
        1111.8055555555554,
        505.5555555555556,
        2,
        1081.25,
        504.1666666666667,
        1,
        1127.0833333333333,
        506.94444444444446,
        2,
        1100.6944444444443,
        497.22222222222223,
        1,
        1117.361111111111,
        545.8333333333334,
        1,
        1092.361111111111,
        531.9444444444445,
        1
      ],
      "num_keypoints": 20,
      "iscrowd": 0,
      "segmentation": []
    },
    {
      "category_id": 1,
      "image_id": 0,
      "id": 1,
      "bbox": [
        678.5984848484849,
        351.0952380952381,
        206.81818181818176,
        602.4415584415585
      ],
      "area": 124595.86776859502,
      "keypoints": [
        775.974025974026,
        416.8831168831169,
        1,
        778.5714285714286,
        401.2987012987013,
        1,
        769.4805194805194,
        406.49350649350646,
        1,
        757.7922077922078,
        410.38961038961037,
        0,
        729.2207792207791,
        412.987012987013,
        2,
        778.5714285714286,
        448.05194805194805,
        2,
        711.038961038961,
        483.1168831168831,
        2,
        848.7012987012987,
        494.8051948051948,
        1,
        774.6753246753246,
        558.4415584415584,
        2,
        868.1818181818181,
        459.7402597402597,
        1,
        835.7142857142857,
        535.0649350649351,
        2,
        785.0649350649351,
        644.1558441558442,
        2,
        729.2207792207791,
        653.2467532467532,
        2,
        766.2337662337662,
        763.6363636363636,
        2,
        714.2857142857142,
        772.7272727272727,
        2,
        752.5,
        840.0000000000001,
        2,
        714.1666666666667,
        871.6666666666667,
        2,
        730.8333333333334,
        856.6666666666667,
        1,
        695.8333333333334,
        886.6666666666667,
        1,
        775.8333333333335,
        861.6666666666667,
        2,
        729.1666666666667,
        903.3333333333334,
        2
      ],
      "num_keypoints": 20,
      "iscrowd": 0,
      "segmentation": []
    }
  ]
}