{
  "categories": [
    {
      "supercategory": "person",
      "id": 1,
      "name": "person",
      "keypoints": [
        "nose",
        "left_eye",
        "right_eye",
        "left_ear",
        "right_ear",
        "left_shoulder",
        "right_shoulder",
        "left_elbow",
        "right_elbow",
        "left_wrist",
        "right_wrist",
        "left_hip",
        "right_hip",
        "left_knee",
        "right_knee",
        "left_ankle",
        "right_ankle",
        "left_heel",
        "right_heel",
        "left_foot",
        "right_foot"
      ],
      "skeleton": [
        [
          1,
          2
        ],
        [
          0,
          1
        ],
        [
          0,
          2
        ],
        [
          1,
          3
        ],
        [
          2,
          4
        ],
        [
          5,
          6
        ],
        [
          5,
          7
        ],
        [
          7,
          9
        ],
        [
          6,
          8
        ],
        [
          8,
          10
        ],
        [
          5,
          11
        ],
        [
          6,
          12
        ],
        [
          11,
          12
        ],
        [
          11,
          13
        ],
        [
          13,
          15
        ],
        [
          12,
          14
        ],
        [
          14,
          16
        ],
        [
          16,
          18
        ],
        [
          16,
          20
        ],
        [
          20,
          18
        ],
        [
          15,
          17
        ],
        [
          15,
          19
        ],
        [
          19,
          17
        ]
      ]
    }
  ],
  "images": [
    {
      "file_name": "000000001026.jpg",
      "height": 1200,
      "width": 1600,
      "id": 0
    }
  ],
  "annotations": [
    {
      "category_id": 1,
      "image_id": 0,
      "id": 0,
      "bbox": [
        488.8918725384891,
        311.7052999417589,
        231.2567132116004,
        731.6156086196853
      ],
      "area": 169191.02098369304,
      "keypoints": [
        567.391304347826,
        383.695652173913,
        0,
        570.6930693069307,
        372.6732673267327,
        1,
        557.0297029702971,
        372.0792079207921,
        0,
        578.8918205804749,
        390.23746701846966,
        2,
        597.6253298153034,
        377.83641160949867,
        0,
        671.4285714285714,
        443.8775510204082,
        2,
        589.795918367347,
        443.8775510204082,
        2,
        669.3877551020408,
        547.9591836734694,
        2,
        559.1836734693878,
        552.0408163265306,
        0,
        585.7142857142858,
        590.8163265306123,
        2,
        508.16326530612247,
        623.469387755102,
        2,
        664.9350649350649,
        681.8181818181818,
        2,
        583.7662337662338,
        668.8311688311688,
        2,
        642.2077922077922,
        815.5844155844155,
        2,
        599.3506493506494,
        815.5844155844155,
        2,
        657.7922077922078,
        948.051948051948,
        2,
        631.578947368421,
        922.8070175438597,
        2,
        700.8771929824561,
        968.421052631579,
        1,
        641.1764705882352,
        948.5294117647059,
        2,
        654.4117647058823,
        982.3529411764705,
        2,
        609.0,
        968.0,
        2
      ],
      "num_keypoints": 17,
      "iscrowd": 0,
      "segmentation": []
    },
    {
      "category_id": 1,
      "image_id": 0,
      "id": 1,
      "bbox": [
        1104.3529411764707,
        270.3529411764706,
        124.23529411764684,
        369.88235294117646
      ],
      "area": 45952.44290657432,
      "keypoints": [
        1171.3043478260868,
        308.695652173913,
        2,
        1178.8235294117646,
        302.94117647058823,
        2,
        1165.8823529411766,
        301.1764705882353,
        2,
        1182.9411764705883,
        308.2352941176471,
        1,
        1156.4705882352941,
        307.6470588235294,
        1,
        1199.4117647058824,
        331.1764705882353,
        2,
        1137.6470588235295,
        335.29411764705884,
        2,
        1213.5294117647059,
        399.4117647058824,
        2,
        1116.4705882352941,
        405.88235294117646,
        2,
        1218.235294117647,
        442.94117647058823,
        1,
        1114.7058823529412,
        448.2352941176471,
        1,
        1190.5882352941176,
        448.2352941176471,
        2,
        1151.1764705882354,
        448.8235294117647,
        2,
        1196.4705882352941,
        527.6470588235294,
        2,
        1141.764705882353,
        520.0,
        1,
        1201.1764705882354,
        580.5882352941177,
        2,
        1135.2941176470588,
        572.9411764705883,
        2,
        1194.7058823529412,
        600.0,
        2,
        1140.0,
        589.4117647058823,
        1,
        1216.4705882352941,
        609.4117647058823,
        2,
        1121.764705882353,
        589.4117647058823,
        2
      ],
      "num_keypoints": 21,
      "iscrowd": 0,
      "segmentation": []
    },
    {
      "category_id": 1,
      "image_id": 0,
      "id": 2,
      "bbox": [
        1304.242424242424,
        301.390977443609,
        149.09090909090924,
        411.87969924812035
      ],
      "area": 61407.51879699255,
      "keypoints": [
        1424.0384615384614,
        344.2307692307692,
        2,
        1435.064935064935,
        337.6623376623377,
        2,
        1418.1818181818182,
        335.7142857142857,
        2,
        1433.7662337662337,
        347.4025974025974,
        0,
        1403.2467532467533,
        339.6103896103896,
        1,
        1440.9090909090908,
        379.2207792207792,
        1,
        1372.7272727272727,
        385.06493506493507,
        2,
        1438.9610389610389,
        461.68831168831167,
        1,
        1348.051948051948,
        451.2987012987013,
        2,
        1436.3636363636363,
        501.94805194805195,
        0,
        1353.8961038961038,
        507.1428571428571,
        2,
        1412.987012987013,
        530.5194805194805,
        1,
        1381.8181818181818,
        533.1168831168831,
        2,
        1410.3896103896104,
        596.1038961038961,
        2,
        1379.8245614035086,
        594.7368421052632,
        2,
        1381.5789473684208,
        652.6315789473684,
        2,
        1330.7017543859647,
        635.0877192982457,
        1,
        1369.2982456140348,
        675.4385964912282,
        2,
        1316.6666666666665,
        635.0877192982457,
        1,
        1400.8771929824559,
        678.9473684210527,
        2,
        1328.9473684210525,
        666.6666666666667,
        2
      ],
      "num_keypoints": 19,
      "iscrowd": 0,
      "segmentation": []
    }
  ]
}