{
  "categories": [
    {
      "supercategory": "person",
      "id": 1,
      "name": "person",
      "keypoints": [
        "nose",
        "left_eye",
        "right_eye",
        "left_ear",
        "right_ear",
        "left_shoulder",
        "right_shoulder",
        "left_elbow",
        "right_elbow",
        "left_wrist",
        "right_wrist",
        "left_hip",
        "right_hip",
        "left_knee",
        "right_knee",
        "left_ankle",
        "right_ankle",
        "left_heel",
        "right_heel",
        "left_foot",
        "right_foot"
      ],
      "skeleton": [
        [
          1,
          2
        ],
        [
          0,
          1
        ],
        [
          0,
          2
        ],
        [
          1,
          3
        ],
        [
          2,
          4
        ],
        [
          5,
          6
        ],
        [
          5,
          7
        ],
        [
          7,
          9
        ],
        [
          6,
          8
        ],
        [
          8,
          10
        ],
        [
          5,
          11
        ],
        [
          6,
          12
        ],
        [
          11,
          12
        ],
        [
          11,
          13
        ],
        [
          13,
          15
        ],
        [
          12,
          14
        ],
        [
          14,
          16
        ],
        [
          16,
          18
        ],
        [
          16,
          20
        ],
        [
          20,
          18
        ],
        [
          15,
          17
        ],
        [
          15,
          19
        ],
        [
          19,
          17
        ]
      ]
    }
  ],
  "images": [
    {
      "file_name": "000000001110.jpg",
      "height": 1200,
      "width": 1600,
      "id": 0
    }
  ],
  "annotations": [
    {
      "category_id": 1,
      "image_id": 0,
      "id": 0,
      "bbox": [
        793.226654298083,
        230.8163265306123,
        375.15769944341343,
        339.29499072356214
      ],
      "area": 127289.12815252587,
      "keypoints": [
        839.2156862745098,
        313.72549019607845,
        2,
        854.0697674418604,
        296.22093023255815,
        2,
        830.5232558139535,
        298.25581395348837,
        2,
        897.9057591623036,
        297.90575916230364,
        2,
        832.3333333333334,
        309.6666666666667,
        0,
        938.7755102040817,
        329.59183673469386,
        2,
        824.4897959183675,
        345.9183673469388,
        2,
        1008.1632653061225,
        441.8367346938776,
        2,
        851.0204081632654,
        443.8775510204082,
        2,
        1016.326530612245,
        541.8367346938776,
        2,
        854.2857142857142,
        508.1632653061224,
        2,
        1032.4675324675325,
        377.9220779220779,
        2,
        943.5064935064935,
        420.7792207792208,
        2,
        1074.6753246753246,
        366.23376623376623,
        2,
        1016.2337662337662,
        329.87012987012986,
        2,
        1117.5324675324673,
        306.49350649350646,
        2,
        1071.4285714285713,
        285.7142857142857,
        2,
        1109.090909090909,
        274.025974025974,
        2,
        1078.030303030303,
        259.0909090909091,
        2,
        1137.121212121212,
        301.5151515151515,
        2,
        1093.181818181818,
        290.90909090909093,
        1
      ],
      "num_keypoints": 20,
      "iscrowd": 0,
      "segmentation": []
    },
    {
      "category_id": 1,
      "image_id": 0,
      "id": 1,
      "bbox": [
        627.827941413166,
        300.4010025062656,
        238.54176726219202,
        680.9022556390978
      ],
      "area": 162423.62739296324,
      "keypoints": [
        695.4545454545455,
        375.3246753246753,
        2,
        693.5064935064935,
        357.1428571428571,
        1,
        681.1111111111111,
        374.0740740740741,
        2,
        674.9235474006116,
        342.81345565749234,
        0,
        650.2777777777777,
        385.0,
        2,
        706.7278287461774,
        427.82874617737,
        2,
        647.7064220183486,
        446.7889908256881,
        2,
        792.6666666666666,
        471.3333333333333,
        1,
        772.6666666666666,
        483.3333333333333,
        2,
        828.9473684210527,
        461.40350877192986,
        2,
        846.4912280701753,
        398.2456140350878,
        2,
        695.6140350877193,
        624.561403508772,
        0,
        692.1052631578947,
        647.3684210526316,
        2,
        713.1578947368421,
        754.3859649122807,
        1,
        714.9122807017544,
        791.2280701754386,
        2,
        672.8070175438596,
        838.5964912280701,
        1,
        667.5438596491229,
        900.0,
        2,
        657.0175438596491,
        861.4035087719299,
        1,
        648.2456140350877,
        919.2982456140351,
        2,
        697.3684210526316,
        863.1578947368421,
        1,
        679.8245614035088,
        924.561403508772,
        1
      ],
      "num_keypoints": 19,
      "iscrowd": 0,
      "segmentation": []
    }
  ]
}