{
  "categories": [
    {
      "supercategory": "person",
      "id": 1,
      "name": "person",
      "keypoints": [
        "nose",
        "left_eye",
        "right_eye",
        "left_ear",
        "right_ear",
        "left_shoulder",
        "right_shoulder",
        "left_elbow",
        "right_elbow",
        "left_wrist",
        "right_wrist",
        "left_hip",
        "right_hip",
        "left_knee",
        "right_knee",
        "left_ankle",
        "right_ankle",
        "left_heel",
        "right_heel",
        "left_foot",
        "right_foot"
      ],
      "skeleton": [
        [
          1,
          2
        ],
        [
          0,
          1
        ],
        [
          0,
          2
        ],
        [
          1,
          3
        ],
        [
          2,
          4
        ],
        [
          5,
          6
        ],
        [
          5,
          7
        ],
        [
          7,
          9
        ],
        [
          6,
          8
        ],
        [
          8,
          10
        ],
        [
          5,
          11
        ],
        [
          6,
          12
        ],
        [
          11,
          12
        ],
        [
          11,
          13
        ],
        [
          13,
          15
        ],
        [
          12,
          14
        ],
        [
          14,
          16
        ],
        [
          16,
          18
        ],
        [
          16,
          20
        ],
        [
          20,
          18
        ],
        [
          15,
          17
        ],
        [
          15,
          19
        ],
        [
          19,
          17
        ]
      ]
    }
  ],
  "images": [
    {
      "file_name": "000000002010.jpg",
      "height": 1200,
      "width": 1600,
      "id": 0
    }
  ],
  "annotations": [
    {
      "category_id": 1,
      "image_id": 0,
      "id": 0,
      "bbox": [
        694.2364532019703,
        320.2549985511446,
        222.8571428571429,
        495.85627354390044
      ],
      "area": 110505.11238978355,
      "keypoints": [
        848.4149855907781,
        383.57348703170027,
        1,
        858.1,
        382.2,
        1,
        844.0922190201728,
        372.62247838616713,
        2,
        869.4524495677233,
        391.06628242074925,
        1,
        830.835734870317,
        376.0806916426513,
        1,
        865.4178674351584,
        425.36023054755043,
        2,
        809.221902017291,
        420.7492795389049,
        2,
        892.1182266009852,
        421.1822660098522,
        2,
        739.9014778325122,
        412.80788177339895,
        2,
        898.5221674876847,
        382.2660098522167,
        2,
        712.8078817733989,
        361.57635467980293,
        2,
        844.334975369458,
        580.295566502463,
        2,
        802.463054187192,
        581.7733990147783,
        1,
        831.527093596059,
        678.8177339901476,
        2,
        798.5221674876847,
        669.9507389162561,
        1,
        834.2465753424658,
        758.9041095890411,
        2,
        804.7945205479452,
        752.7397260273973,
        2,
        852.5210084033614,
        772.6890756302521,
        2,
        818.0672268907564,
        760.0840336134454,
        1,
        822.6890756302521,
        774.7899159663866,
        2,
        791.1764705882352,
        770.0980392156863,
        2
      ],
      "num_keypoints": 21,
      "iscrowd": 0,
      "segmentation": []
    },
    {
      "category_id": 1,
      "image_id": 0,
      "id": 1,
      "bbox": [
        326.17647058823525,
        381.09580719896024,
        326.21848739495806,
        607.2537718257331
      ],
      "area": 198097.40690987365,
      "keypoints": [
        504.0345821325648,
        446.97406340057637,
        2,
        510.3,
        434.5,
        2,
        490.50847457627117,
        435.08474576271186,
        2,
        502.0172910662824,
        434.58213256484146,
        0,
        455.043227665706,
        431.700288184438,
        2,
        513.8328530259365,
        486.7435158501441,
        2,
        433.14121037463974,
        488.1844380403458,
        2,
        542.3645320197044,
        579.3103448275862,
        2,
        402.4630541871921,
        599.0147783251231,
        2,
        580.295566502463,
        660.0985221674877,
        1,
        413.3004926108374,
        691.1330049261082,
        1,
        513.3004926108374,
        671.9211822660097,
        1,
        442.36453201970437,
        672.4137931034481,
        2,
        551.7241379310344,
        756.6502463054186,
        2,
        426.1083743842364,
        789.1625615763546,
        2,
        593.1506849315068,
        815.068493150685,
        2,
        373.28767123287673,
        901.3698630136987,
        2,
        576.4705882352941,
        826.890756302521,
        2,
        353.3613445378151,
        913.0252100840337,
        2,
        625.2100840336135,
        834.0336134453781,
        2,
        390.19607843137254,
        937.7450980392157,
        2
      ],
      "num_keypoints": 20,
      "iscrowd": 0,
      "segmentation": []
    }
  ]
}