{
  "categories": [
    {
      "supercategory": "person",
      "id": 1,
      "name": "person",
      "keypoints": [
        "nose",
        "left_eye",
        "right_eye",
        "left_ear",
        "right_ear",
        "left_shoulder",
        "right_shoulder",
        "left_elbow",
        "right_elbow",
        "left_wrist",
        "right_wrist",
        "left_hip",
        "right_hip",
        "left_knee",
        "right_knee",
        "left_ankle",
        "right_ankle",
        "left_heel",
        "right_heel",
        "left_foot",
        "right_foot"
      ],
      "skeleton": [
        [
          1,
          2
        ],
        [
          0,
          1
        ],
        [
          0,
          2
        ],
        [
          1,
          3
        ],
        [
          2,
          4
        ],
        [
          5,
          6
        ],
        [
          5,
          7
        ],
        [
          7,
          9
        ],
        [
          6,
          8
        ],
        [
          8,
          10
        ],
        [
          5,
          11
        ],
        [
          6,
          12
        ],
        [
          11,
          12
        ],
        [
          11,
          13
        ],
        [
          13,
          15
        ],
        [
          12,
          14
        ],
        [
          14,
          16
        ],
        [
          16,
          18
        ],
        [
          16,
          20
        ],
        [
          20,
          18
        ],
        [
          15,
          17
        ],
        [
          15,
          19
        ],
        [
          19,
          17
        ]
      ]
    }
  ],
  "images": [
    {
      "file_name": "000000000792.jpg",
      "height": 1200,
      "width": 1600,
      "id": 0
    }
  ],
  "annotations": [
    {
      "category_id": 1,
      "image_id": 0,
      "id": 0,
      "bbox": [
        764.776400862069,
        279.8781651929261,
        300.80818965517244,
        515.417001607717
      ],
      "area": 155041.65517111446,
      "keypoints": [
        944.8,
        342.4,
        0,
        955.9485530546624,
        332.475884244373,
        1,
        934.4051446945338,
        332.15434083601286,
        1,
        986.8167202572348,
        322.82958199356915,
        2,
        946.5517241379309,
        320.68965517241384,
        0,
        1027.5862068965519,
        365.948275862069,
        2,
        926.2931034482758,
        362.0689655172414,
        2,
        1028.448275862069,
        470.25862068965523,
        2,
        913.3620689655172,
        454.7413793103449,
        2,
        1040.5172413793105,
        543.1034482758621,
        2,
        886.2068965517241,
        528.448275862069,
        2,
        1002.5862068965516,
        531.0344827586207,
        2,
        925.6410256410256,
        515.3846153846154,
        2,
        919.230769230769,
        606.4102564102564,
        2,
        878.2051282051282,
        603.8461538461538,
        2,
        846.1538461538462,
        717.9487179487179,
        2,
        815.3846153846154,
        707.6923076923077,
        1,
        835.15625,
        752.34375,
        2,
        814.0625,
        750.78125,
        1,
        813.28125,
        731.25,
        2,
        789.84375,
        742.1875,
        1
      ],
      "num_keypoints": 19,
      "iscrowd": 0,
      "segmentation": []
    },
    {
      "category_id": 1,
      "image_id": 0,
      "id": 1,
      "bbox": [
        762.9022556390977,
        310.1537828947368,
        123.06766917293237,
        618.7796052631579
      ],
      "area": 76151.763751484,
      "keypoints": [
        840.625,
        374.21875,
        2,
        844.140625,
        361.71875,
        2,
        828.90625,
        364.84375,
        2,
        827.734375,
        357.03125,
        0,
        790.625,
        364.84375,
        2,
        848.0952380952381,
        420.0,
        2,
        785.2380952380952,
        436.66666666666663,
        2,
        915.7142857142857,
        501.4285714285714,
        0,
        803.3333333333333,
        544.2857142857142,
        2,
        932.3809523809523,
        432.85714285714283,
        0,
        875.7142857142857,
        502.85714285714283,
        2,
        853.8095238095237,
        610.952380952381,
        1,
        802.5641025641025,
        606.4102564102564,
        2,
        838.4615384615383,
        721.7948717948718,
        0,
        806.4102564102564,
        760.2564102564103,
        1,
        816.3157894736842,
        830.5263157894736,
        2,
        778.9473684210526,
        859.9999999999999,
        2,
        806.8421052631578,
        847.3684210526316,
        2,
        773.1578947368421,
        875.2631578947368,
        2,
        829.9999999999999,
        847.3684210526316,
        2,
        797.8947368421052,
        877.3684210526316,
        2
      ],
      "num_keypoints": 17,
      "iscrowd": 0,
      "segmentation": []
    }
  ]
}