{
  "categories": [
    {
      "supercategory": "person",
      "id": 1,
      "name": "person",
      "keypoints": [
        "nose",
        "left_eye",
        "right_eye",
        "left_ear",
        "right_ear",
        "left_shoulder",
        "right_shoulder",
        "left_elbow",
        "right_elbow",
        "left_wrist",
        "right_wrist",
        "left_hip",
        "right_hip",
        "left_knee",
        "right_knee",
        "left_ankle",
        "right_ankle",
        "left_heel",
        "right_heel",
        "left_foot",
        "right_foot"
      ],
      "skeleton": [
        [
          1,
          2
        ],
        [
          0,
          1
        ],
        [
          0,
          2
        ],
        [
          1,
          3
        ],
        [
          2,
          4
        ],
        [
          5,
          6
        ],
        [
          5,
          7
        ],
        [
          7,
          9
        ],
        [
          6,
          8
        ],
        [
          8,
          10
        ],
        [
          5,
          11
        ],
        [
          6,
          12
        ],
        [
          11,
          12
        ],
        [
          11,
          13
        ],
        [
          13,
          15
        ],
        [
          12,
          14
        ],
        [
          14,
          16
        ],
        [
          16,
          18
        ],
        [
          16,
          20
        ],
        [
          20,
          18
        ],
        [
          15,
          17
        ],
        [
          15,
          19
        ],
        [
          19,
          17
        ]
      ]
    }
  ],
  "images": [
    {
      "file_name": "000000000707.jpg",
      "height": 1200,
      "width": 1600,
      "id": 0
    }
  ],
  "annotations": [
    {
      "category_id": 1,
      "image_id": 0,
      "id": 0,
      "bbox": [
        839.8477564102565,
        264.8818108974359,
        297.7884615384613,
        355.79326923076917
      ],
      "area": 105951.13026997032,
      "keypoints": [
        889.3805309734512,
        308.84955752212386,
        2,
        903.515625,
        298.4375,
        2,
        880.078125,
        294.921875,
        2,
        946.875,
        294.53125,
        2,
        893.9903846153846,
        293.75,
        0,
        991.3461538461538,
        368.75,
        2,
        864.6634615384615,
        357.6923076923077,
        2,
        1011.5384615384615,
        475.4807692307692,
        2,
        871.3942307692307,
        463.2211538461538,
        2,
        1022.5961538461538,
        553.3653846153846,
        2,
        873.5576923076923,
        528.125,
        2,
        1031.7307692307693,
        514.1826923076923,
        2,
        938.4615384615383,
        519.2307692307692,
        2,
        1057.6923076923076,
        575.6410256410256,
        1,
        1011.5384615384614,
        583.3333333333334,
        1,
        1100.0,
        555.1282051282051,
        1,
        1069.230769230769,
        561.5384615384615,
        1,
        1102.5641025641025,
        541.025641025641,
        1,
        1075.6410256410256,
        545.5128205128204,
        1,
        1112.8205128205127,
        574.3589743589744,
        2,
        1080.128205128205,
        591.025641025641,
        2
      ],
      "num_keypoints": 20,
      "iscrowd": 0,
      "segmentation": []
    },
    {
      "category_id": 1,
      "image_id": 0,
      "id": 1,
      "bbox": [
        752.7430786267995,
        309.68023255813955,
        106.61794019933564,
        633.8372093023256
      ],
      "area": 67578.41767750913,
      "keypoints": [
        817.2413793103448,
        375.43103448275866,
        2,
        822.4137931034483,
        362.5,
        2,
        806.8965517241379,
        364.65517241379314,
        2,
        812.4999999999999,
        362.93103448275866,
        0,
        767.6724137931034,
        368.1034482758621,
        2,
        836.1904761904761,
        417.1428571428571,
        2,
        764.2857142857142,
        437.6190476190476,
        2,
        887.6190476190476,
        481.4285714285714,
        0,
        774.2857142857142,
        553.3333333333333,
        2,
        904.7619047619047,
        453.8095238095238,
        0,
        850.4761904761905,
        510.0,
        2,
        834.7619047619047,
        599.047619047619,
        2,
        788.4615384615383,
        614.1025641025641,
        2,
        824.3589743589743,
        738.4615384615385,
        2,
        799.9999999999999,
        751.2820512820513,
        2,
        806.3953488372093,
        833.1395348837209,
        2,
        772.6744186046511,
        866.8604651162791,
        2,
        802.9069767441861,
        850.5813953488372,
        2,
        761.6279069767442,
        883.7209302325582,
        2,
        827.3255813953489,
        850.5813953488372,
        2,
        792.4418604651163,
        890.6976744186047,
        2
      ],
      "num_keypoints": 18,
      "iscrowd": 0,
      "segmentation": []
    }
  ]
}