{
  "categories": [
    {
      "supercategory": "person",
      "id": 1,
      "name": "person",
      "keypoints": [
        "nose",
        "left_eye",
        "right_eye",
        "left_ear",
        "right_ear",
        "left_shoulder",
        "right_shoulder",
        "left_elbow",
        "right_elbow",
        "left_wrist",
        "right_wrist",
        "left_hip",
        "right_hip",
        "left_knee",
        "right_knee",
        "left_ankle",
        "right_ankle",
        "left_heel",
        "right_heel",
        "left_foot",
        "right_foot"
      ],
      "skeleton": [
        [
          1,
          2
        ],
        [
          0,
          1
        ],
        [
          0,
          2
        ],
        [
          1,
          3
        ],
        [
          2,
          4
        ],
        [
          5,
          6
        ],
        [
          5,
          7
        ],
        [
          7,
          9
        ],
        [
          6,
          8
        ],
        [
          8,
          10
        ],
        [
          5,
          11
        ],
        [
          6,
          12
        ],
        [
          11,
          12
        ],
        [
          11,
          13
        ],
        [
          13,
          15
        ],
        [
          12,
          14
        ],
        [
          14,
          16
        ],
        [
          16,
          18
        ],
        [
          16,
          20
        ],
        [
          20,
          18
        ],
        [
          15,
          17
        ],
        [
          15,
          19
        ],
        [
          19,
          17
        ]
      ]
    }
  ],
  "images": [
    {
      "file_name": "000000002006.jpg",
      "height": 1200,
      "width": 1600,
      "id": 0
    }
  ],
  "annotations": [
    {
      "category_id": 1,
      "image_id": 0,
      "id": 0,
      "bbox": [
        846.1139896373057,
        361.99164163510517,
        183.41968911917104,
        282.92542771320353
      ],
      "area": 51894.09399506429,
      "keypoints": [
        865.53480475382,
        415.1103565365026,
        0,
        877.6073619631901,
        412.5766871165644,
        0,
        855.1782682512734,
        413.07300509337864,
        0,
        904.5840407470289,
        400.679117147708,
        2,
        854.1595925297114,
        398.6417657045841,
        0,
        948.3870967741937,
        385.56876061120545,
        2,
        867.062818336163,
        398.1324278438031,
        0,
        988.860103626943,
        486.7875647668394,
        2,
        876.1658031088083,
        485.4922279792746,
        2,
        1014.2487046632125,
        560.1036269430052,
        2,
        861.39896373057,
        532.6424870466321,
        2,
        949.4818652849741,
        476.9430051813472,
        1,
        902.3316062176166,
        477.4611398963731,
        1,
        927.4611398963731,
        527.720207253886,
        1,
        894.8186528497409,
        532.3834196891191,
        1,
        899.7409326424871,
        635.2331606217617,
        0,
        892.4870466321244,
        611.6580310880829,
        0,
        911.39896373057,
        638.860103626943,
        0,
        882.4719101123595,
        596.629213483146,
        1,
        897.1428571428571,
        650.4761904761905,
        0,
        882.8784119106699,
        621.3399503722084,
        1
      ],
      "num_keypoints": 12,
      "iscrowd": 0,
      "segmentation": []
    },
    {
      "category_id": 1,
      "image_id": 0,
      "id": 1,
      "bbox": [
        617.6989884036516,
        348.50855426407213,
        261.897853441895,
        571.0382656392843
      ],
      "area": 149553.69600411117,
      "keypoints": [
        724.2784380305603,
        408.31918505942275,
        2,
        722.8031145717464,
        392.3248053392658,
        0,
        715.1103565365025,
        396.09507640067915,
        2,
        702.8862478777589,
        395.07640067911717,
        0,
        683.0220713073005,
        403.9049235993209,
        2,
        721.2224108658744,
        428.69269949066216,
        2,
        670.2886247877759,
        444.4821731748727,
        2,
        790.6735751295337,
        451.8134715025907,
        2,
        763.2124352331606,
        489.119170984456,
        2,
        857.7720207253886,
        461.91709844559585,
        1,
        842.7461139896374,
        500.7772020725389,
        2,
        731.0880829015545,
        620.4663212435233,
        2,
        684.9740932642487,
        629.7927461139897,
        2,
        735.4922279792746,
        711.6580310880829,
        1,
        677.2020725388601,
        722.020725388601,
        1,
        747.9274611398964,
        808.0310880829015,
        2,
        658.8082901554404,
        842.2279792746115,
        2,
        729.5336787564767,
        821.5025906735751,
        2,
        639.5238095238095,
        853.3333333333333,
        2,
        771.9047619047619,
        843.8095238095237,
        2,
        673.9454094292804,
        871.9602977667494,
        2
      ],
      "num_keypoints": 19,
      "iscrowd": 0,
      "segmentation": []
    }
  ]
}