{
  "categories": [
    {
      "supercategory": "person",
      "id": 1,
      "name": "person",
      "keypoints": [
        "nose",
        "left_eye",
        "right_eye",
        "left_ear",
        "right_ear",
        "left_shoulder",
        "right_shoulder",
        "left_elbow",
        "right_elbow",
        "left_wrist",
        "right_wrist",
        "left_hip",
        "right_hip",
        "left_knee",
        "right_knee",
        "left_ankle",
        "right_ankle",
        "left_heel",
        "right_heel",
        "left_foot",
        "right_foot"
      ],
      "skeleton": [
        [
          1,
          2
        ],
        [
          0,
          1
        ],
        [
          0,
          2
        ],
        [
          1,
          3
        ],
        [
          2,
          4
        ],
        [
          5,
          6
        ],
        [
          5,
          7
        ],
        [
          7,
          9
        ],
        [
          6,
          8
        ],
        [
          8,
          10
        ],
        [
          5,
          11
        ],
        [
          6,
          12
        ],
        [
          11,
          12
        ],
        [
          11,
          13
        ],
        [
          13,
          15
        ],
        [
          12,
          14
        ],
        [
          14,
          16
        ],
        [
          16,
          18
        ],
        [
          16,
          20
        ],
        [
          20,
          18
        ],
        [
          15,
          17
        ],
        [
          15,
          19
        ],
        [
          19,
          17
        ]
      ]
    }
  ],
  "images": [
    {
      "file_name": "000000001833.jpg",
      "height": 1200,
      "width": 1600,
      "id": 0
    }
  ],
  "annotations": [
    {
      "category_id": 1,
      "image_id": 0,
      "id": 0,
      "bbox": [
        880.2480158730159,
        298.8888888888889,
        278.69047619047615,
        280.0
      ],
      "area": 78033.33333333331,
      "keypoints": [
        913.1944444444446,
        336.11111111111114,
        2,
        931.2500000000001,
        323.61111111111114,
        2,
        907.6388888888889,
        322.22222222222223,
        2,
        961.8055555555555,
        325.0,
        1,
        895.1388888888889,
        318.05555555555554,
        0,
        1034.0277777777778,
        387.5,
        2,
        903.4722222222223,
        375.0,
        2,
        1045.138888888889,
        472.22222222222223,
        2,
        910.4166666666667,
        463.8888888888889,
        2,
        1060.4166666666667,
        555.5555555555555,
        2,
        903.4722222222223,
        525.0,
        2,
        1027.0833333333333,
        519.4444444444445,
        1,
        978.4722222222223,
        526.3888888888889,
        1,
        1078.4722222222222,
        520.8333333333334,
        1,
        1017.3611111111112,
        511.11111111111114,
        0,
        1121.5277777777778,
        531.9444444444445,
        1,
        1096.5277777777778,
        525.0,
        1,
        1135.7142857142858,
        519.4805194805194,
        1,
        1086.3636363636365,
        511.68831168831167,
        0,
        1129.2207792207794,
        546.7532467532467,
        1,
        1081.1688311688313,
        541.5584415584416,
        0
      ],
      "num_keypoints": 17,
      "iscrowd": 0,
      "segmentation": []
    },
    {
      "category_id": 1,
      "image_id": 0,
      "id": 1,
      "bbox": [
        755.8733766233767,
        312.5952380952381,
        139.51948051948045,
        628.0779220779222
      ],
      "area": 87629.10541406642,
      "keypoints": [
        839.6103896103896,
        387.012987012987,
        2,
        843.5064935064935,
        364.93506493506493,
        1,
        827.9220779220778,
        366.23376623376623,
        2,
        812.3376623376623,
        371.42857142857144,
        0,
        788.961038961039,
        370.12987012987014,
        2,
        848.7012987012987,
        420.7792207792208,
        2,
        781.1688311688312,
        461.038961038961,
        2,
        899.3506493506493,
        472.7272727272727,
        0,
        820.1298701298701,
        544.1558441558442,
        2,
        957.7922077922078,
        448.05194805194805,
        0,
        883.7662337662338,
        505.19480519480516,
        2,
        837.012987012987,
        612.9870129870129,
        1,
        803.2467532467532,
        610.3896103896104,
        2,
        836.3636363636364,
        727.2727272727273,
        0,
        800.0,
        742.8571428571429,
        2,
        799.1666666666667,
        841.6666666666667,
        1,
        782.5,
        855.0000000000001,
        2,
        790.8333333333335,
        848.3333333333334,
        1,
        767.5,
        876.6666666666667,
        2,
        829.1666666666667,
        853.3333333333334,
        2,
        814.1666666666667,
        888.3333333333334,
        2
      ],
      "num_keypoints": 17,
      "iscrowd": 0,
      "segmentation": []
    }
  ]
}