{
  "categories": [
    {
      "supercategory": "person",
      "id": 1,
      "name": "person",
      "keypoints": [
        "nose",
        "left_eye",
        "right_eye",
        "left_ear",
        "right_ear",
        "left_shoulder",
        "right_shoulder",
        "left_elbow",
        "right_elbow",
        "left_wrist",
        "right_wrist",
        "left_hip",
        "right_hip",
        "left_knee",
        "right_knee",
        "left_ankle",
        "right_ankle",
        "left_heel",
        "right_heel",
        "left_foot",
        "right_foot"
      ],
      "skeleton": [
        [
          1,
          2
        ],
        [
          0,
          1
        ],
        [
          0,
          2
        ],
        [
          1,
          3
        ],
        [
          2,
          4
        ],
        [
          5,
          6
        ],
        [
          5,
          7
        ],
        [
          7,
          9
        ],
        [
          6,
          8
        ],
        [
          8,
          10
        ],
        [
          5,
          11
        ],
        [
          6,
          12
        ],
        [
          11,
          12
        ],
        [
          11,
          13
        ],
        [
          13,
          15
        ],
        [
          12,
          14
        ],
        [
          14,
          16
        ],
        [
          16,
          18
        ],
        [
          16,
          20
        ],
        [
          20,
          18
        ],
        [
          15,
          17
        ],
        [
          15,
          19
        ],
        [
          19,
          17
        ]
      ]
    }
  ],
  "images": [
    {
      "file_name": "000000000699.jpg",
      "height": 1200,
      "width": 1600,
      "id": 0
    }
  ],
  "annotations": [
    {
      "category_id": 1,
      "image_id": 0,
      "id": 0,
      "bbox": [
        856.1382630813953,
        220.6563059033989,
        191.45712209302337,
        669.4320214669052
      ],
      "area": 128167.52826696871,
      "keypoints": [
        939.1304347826086,
        286.95652173913044,
        2,
        956.4903846153845,
        277.16346153846155,
        2,
        934.1346153846154,
        276.4423076923077,
        2,
        991.8269230769231,
        287.25961538461536,
        2,
        941.40625,
        280.078125,
        0,
        1031.640625,
        364.453125,
        2,
        913.671875,
        339.84375,
        2,
        1024.609375,
        477.734375,
        2,
        890.234375,
        458.59375,
        2,
        1023.828125,
        552.734375,
        2,
        876.953125,
        524.609375,
        2,
        996.875,
        544.921875,
        2,
        923.0769230769231,
        521.7948717948718,
        2,
        950.0,
        653.8461538461538,
        2,
        905.1282051282051,
        653.8461538461538,
        1,
        930.7692307692307,
        801.2820512820513,
        2,
        889.7435897435896,
        785.8974358974359,
        2,
        943.6046511627907,
        830.8139534883721,
        2,
        901.1627906976744,
        806.9767441860465,
        1,
        908.7209302325582,
        834.3023255813954,
        2,
        872.0930232558139,
        830.8139534883721,
        2
      ],
      "num_keypoints": 20,
      "iscrowd": 0,
      "segmentation": []
    },
    {
      "category_id": 1,
      "image_id": 0,
      "id": 1,
      "bbox": [
        754.4230769230769,
        304.95127353266884,
        123.84615384615381,
        637.7275747508306
      ],
      "area": 78980.10733452592,
      "keypoints": [
        814.7619047619047,
        367.1428571428571,
        2,
        816.6666666666666,
        358.0952380952381,
        2,
        802.3809523809523,
        358.0952380952381,
        2,
        793.3333333333333,
        360.4761904761905,
        0,
        768.0952380952381,
        368.0952380952381,
        2,
        832.3809523809523,
        419.04761904761904,
        2,
        764.7435897435897,
        432.05128205128204,
        2,
        867.9487179487179,
        499.35897435897436,
        1,
        781.4102564102564,
        538.4615384615385,
        2,
        890.3846153846154,
        482.6923076923077,
        0,
        853.2051282051282,
        508.97435897435895,
        2,
        835.8974358974359,
        596.1538461538462,
        2,
        788.4615384615383,
        607.6923076923077,
        2,
        829.4871794871794,
        741.025641025641,
        2,
        789.7435897435897,
        741.025641025641,
        2,
        809.3023255813954,
        834.3023255813954,
        2,
        770.9302325581396,
        862.7906976744187,
        2,
        805.232558139535,
        848.8372093023256,
        2,
        768.6046511627907,
        881.3953488372093,
        2,
        827.3255813953489,
        849.4186046511628,
        2,
        785.4651162790698,
        889.5348837209302,
        2
      ],
      "num_keypoints": 19,
      "iscrowd": 0,
      "segmentation": []
    }
  ]
}