{
  "categories": [
    {
      "supercategory": "person",
      "id": 1,
      "name": "person",
      "keypoints": [
        "nose",
        "left_eye",
        "right_eye",
        "left_ear",
        "right_ear",
        "left_shoulder",
        "right_shoulder",
        "left_elbow",
        "right_elbow",
        "left_wrist",
        "right_wrist",
        "left_hip",
        "right_hip",
        "left_knee",
        "right_knee",
        "left_ankle",
        "right_ankle",
        "left_heel",
        "right_heel",
        "left_foot",
        "right_foot"
      ],
      "skeleton": [
        [
          1,
          2
        ],
        [
          0,
          1
        ],
        [
          0,
          2
        ],
        [
          1,
          3
        ],
        [
          2,
          4
        ],
        [
          5,
          6
        ],
        [
          5,
          7
        ],
        [
          7,
          9
        ],
        [
          6,
          8
        ],
        [
          8,
          10
        ],
        [
          5,
          11
        ],
        [
          6,
          12
        ],
        [
          11,
          12
        ],
        [
          11,
          13
        ],
        [
          13,
          15
        ],
        [
          12,
          14
        ],
        [
          14,
          16
        ],
        [
          16,
          18
        ],
        [
          16,
          20
        ],
        [
          20,
          18
        ],
        [
          15,
          17
        ],
        [
          15,
          19
        ],
        [
          19,
          17
        ]
      ]
    }
  ],
  "images": [
    {
      "file_name": "000000000671.jpg",
      "height": 1200,
      "width": 1600,
      "id": 0
    }
  ],
  "annotations": [
    {
      "category_id": 1,
      "image_id": 0,
      "id": 0,
      "bbox": [
        836.4917775145773,
        214.33048691860466,
        194.91116982507288,
        685.8466569767443
      ],
      "area": 133679.1742319527,
      "keypoints": [
        865.0602409638553,
        313.2530120481928,
        2,
        875.390625,
        292.578125,
        2,
        852.734375,
        293.359375,
        2,
        913.671875,
        271.484375,
        2,
        857.7259475218658,
        281.92419825072886,
        0,
        985.7142857142857,
        327.1137026239067,
        2,
        867.0553935860058,
        325.36443148688045,
        2,
        1002.0408163265306,
        445.7725947521866,
        2,
        870.2623906705539,
        424.19825072886294,
        1,
        1015.1603498542273,
        544.0233236151603,
        2,
        876.9679300291544,
        517.201166180758,
        2,
        986.5889212827988,
        529.1545189504373,
        2,
        906.4102564102564,
        523.0769230769231,
        2,
        938.4615384615383,
        647.4358974358975,
        2,
        894.8717948717947,
        647.4358974358975,
        2,
        937.1794871794871,
        801.2820512820513,
        2,
        897.4358974358975,
        788.4615384615385,
        2,
        945.9302325581396,
        829.0697674418604,
        2,
        913.3720930232558,
        818.6046511627907,
        1,
        904.6511627906976,
        843.0232558139535,
        2,
        883.7209302325582,
        836.6279069767442,
        2
      ],
      "num_keypoints": 20,
      "iscrowd": 0,
      "segmentation": []
    },
    {
      "category_id": 1,
      "image_id": 0,
      "id": 1,
      "bbox": [
        699.1025641025641,
        321.59213362068965,
        164.61538461538464,
        594.3426724137931
      ],
      "area": 97837.94761273211,
      "keypoints": [
        778.0172413793102,
        382.7586206896552,
        2,
        781.0344827586206,
        371.12068965517244,
        2,
        765.0862068965516,
        373.7068965517242,
        2,
        758.6206896551723,
        366.8103448275862,
        0,
        724.5689655172413,
        371.9827586206897,
        2,
        778.0172413793102,
        415.08620689655174,
        2,
        712.8205128205128,
        450.0,
        2,
        847.4358974358975,
        469.87179487179486,
        2,
        772.4358974358975,
        536.5384615384615,
        2,
        896.7948717948717,
        406.4102564102564,
        0,
        850.0,
        504.48717948717945,
        2,
        787.8205128205128,
        613.4615384615385,
        2,
        738.4615384615383,
        611.5384615384615,
        2,
        776.9230769230769,
        707.6923076923077,
        2,
        738.4615384615383,
        729.4871794871794,
        2,
        775.6410256410255,
        800.0,
        2,
        725.0,
        840.625,
        2,
        763.28125,
        828.125,
        2,
        715.625,
        866.40625,
        2,
        789.0625,
        817.1875,
        2,
        741.40625,
        862.5,
        2
      ],
      "num_keypoints": 19,
      "iscrowd": 0,
      "segmentation": []
    }
  ]
}