{
  "categories": [
    {
      "supercategory": "person",
      "id": 1,
      "name": "person",
      "keypoints": [
        "nose",
        "left_eye",
        "right_eye",
        "left_ear",
        "right_ear",
        "left_shoulder",
        "right_shoulder",
        "left_elbow",
        "right_elbow",
        "left_wrist",
        "right_wrist",
        "left_hip",
        "right_hip",
        "left_knee",
        "right_knee",
        "left_ankle",
        "right_ankle",
        "left_heel",
        "right_heel",
        "left_foot",
        "right_foot"
      ],
      "skeleton": [
        [
          1,
          2
        ],
        [
          0,
          1
        ],
        [
          0,
          2
        ],
        [
          1,
          3
        ],
        [
          2,
          4
        ],
        [
          5,
          6
        ],
        [
          5,
          7
        ],
        [
          7,
          9
        ],
        [
          6,
          8
        ],
        [
          8,
          10
        ],
        [
          5,
          11
        ],
        [
          6,
          12
        ],
        [
          11,
          12
        ],
        [
          11,
          13
        ],
        [
          13,
          15
        ],
        [
          12,
          14
        ],
        [
          14,
          16
        ],
        [
          16,
          18
        ],
        [
          16,
          20
        ],
        [
          20,
          18
        ],
        [
          15,
          17
        ],
        [
          15,
          19
        ],
        [
          19,
          17
        ]
      ]
    }
  ],
  "images": [
    {
      "file_name": "000000001710.jpg",
      "height": 1200,
      "width": 1600,
      "id": 0
    }
  ],
  "annotations": [
    {
      "category_id": 1,
      "image_id": 0,
      "id": 0,
      "bbox": [
        653.2467532467532,
        313.07142857142856,
        210.38961038961043,
        591.1948051948053
      ],
      "area": 124381.24472929673,
      "keypoints": [
        726.6233766233767,
        372.7272727272727,
        2,
        743.5064935064935,
        363.6363636363636,
        2,
        718.8311688311688,
        362.3376623376623,
        2,
        777.2727272727273,
        370.12987012987014,
        2,
        709.7402597402597,
        374.025974025974,
        0,
        799.3506493506493,
        437.6623376623377,
        2,
        682.4675324675325,
        438.9610389610389,
        2,
        838.3116883116883,
        535.0649350649351,
        1,
        670.7792207792207,
        527.2727272727273,
        2,
        846.1038961038961,
        522.077922077922,
        1,
        678.5714285714286,
        600.0,
        1,
        777.2727272727273,
        629.8701298701299,
        2,
        708.4415584415584,
        627.2727272727273,
        2,
        771.4285714285714,
        723.3766233766233,
        2,
        703.8961038961039,
        748.051948051948,
        1,
        765.8333333333334,
        823.3333333333334,
        2,
        705.8333333333334,
        825.0000000000001,
        2,
        752.5,
        843.3333333333334,
        2,
        709.1666666666667,
        833.3333333333334,
        1,
        797.5,
        841.6666666666667,
        2,
        710.8333333333334,
        855.0000000000001,
        2
      ],
      "num_keypoints": 20,
      "iscrowd": 0,
      "segmentation": []
    }
  ]
}