{
  "categories": [
    {
      "supercategory": "person",
      "id": 1,
      "name": "person",
      "keypoints": [
        "nose",
        "left_eye",
        "right_eye",
        "left_ear",
        "right_ear",
        "left_shoulder",
        "right_shoulder",
        "left_elbow",
        "right_elbow",
        "left_wrist",
        "right_wrist",
        "left_hip",
        "right_hip",
        "left_knee",
        "right_knee",
        "left_ankle",
        "right_ankle",
        "left_heel",
        "right_heel",
        "left_foot",
        "right_foot"
      ],
      "skeleton": [
        [
          1,
          2
        ],
        [
          0,
          1
        ],
        [
          0,
          2
        ],
        [
          1,
          3
        ],
        [
          2,
          4
        ],
        [
          5,
          6
        ],
        [
          5,
          7
        ],
        [
          7,
          9
        ],
        [
          6,
          8
        ],
        [
          8,
          10
        ],
        [
          5,
          11
        ],
        [
          6,
          12
        ],
        [
          11,
          12
        ],
        [
          11,
          13
        ],
        [
          13,
          15
        ],
        [
          12,
          14
        ],
        [
          14,
          16
        ],
        [
          16,
          18
        ],
        [
          16,
          20
        ],
        [
          20,
          18
        ],
        [
          15,
          17
        ],
        [
          15,
          19
        ],
        [
          19,
          17
        ]
      ]
    }
  ],
  "images": [
    {
      "file_name": "000000001090.jpg",
      "height": 1200,
      "width": 1600,
      "id": 0
    }
  ],
  "annotations": [
    {
      "category_id": 1,
      "image_id": 0,
      "id": 0,
      "bbox": [
        629.0646258503401,
        152.08880125110488,
        460.31539888682744,
        662.8925001699871
      ],
      "area": 305139.62563483394,
      "keypoints": [
        942.391304347826,
        217.39130434782606,
        2,
        961.2565445026178,
        207.85340314136124,
        2,
        939.2670157068062,
        207.32984293193715,
        2,
        993.5622317596566,
        232.18884120171674,
        2,
        936.4806866952789,
        225.32188841201716,
        0,
        1006.1224489795919,
        309.1836734693877,
        2,
        893.8775510204082,
        309.1836734693877,
        2,
        1051.0204081632653,
        437.75510204081627,
        2,
        871.4285714285714,
        443.8775510204082,
        2,
        1024.4897959183675,
        513.2653061224489,
        2,
        858.108108108108,
        523.4234234234234,
        0,
        948.051948051948,
        522.077922077922,
        2,
        859.0909090909091,
        501.2987012987013,
        2,
        827.9220779220778,
        592.2077922077922,
        2,
        807.1428571428572,
        568.8311688311688,
        2,
        752.5974025974025,
        710.3896103896104,
        1,
        715.5844155844155,
        690.9090909090909,
        1,
        758.4415584415584,
        759.7402597402597,
        2,
        715.9090909090909,
        737.8787878787879,
        1,
        705.3030303030303,
        756.060606060606,
        2,
        667.4242424242424,
        733.3333333333334,
        2
      ],
      "num_keypoints": 19,
      "iscrowd": 0,
      "segmentation": []
    },
    {
      "category_id": 1,
      "image_id": 0,
      "id": 1,
      "bbox": [
        650.5263157894738,
        305.56390977443607,
        246.31578947368405,
        665.7006151742994
      ],
      "area": 163972.57257977469,
      "keypoints": [
        721.4285714285714,
        384.4155844155844,
        2,
        724.6753246753246,
        361.038961038961,
        2,
        706.3888888888889,
        382.77777777777777,
        2,
        708.6111111111111,
        357.22222222222223,
        0,
        680.2777777777777,
        402.5,
        2,
        741.5800415800416,
        430.1455301455301,
        2,
        690.3703703703703,
        445.18518518518516,
        2,
        806.0606060606061,
        501.5151515151515,
        2,
        818.1818181818181,
        478.7878787878788,
        2,
        841.2280701754387,
        478.94736842105266,
        1,
        876.3157894736842,
        387.7192982456141,
        1,
        739.4736842105264,
        622.8070175438596,
        0,
        730.7017543859649,
        649.1228070175439,
        1,
        744.7368421052631,
        749.1228070175439,
        0,
        739.4736842105264,
        778.9473684210526,
        1,
        693.859649122807,
        829.8245614035088,
        1,
        716.6666666666666,
        891.2280701754386,
        1,
        671.0526315789474,
        854.3859649122807,
        1,
        711.4035087719299,
        915.7894736842105,
        1,
        716.6666666666666,
        854.3859649122807,
        1,
        742.9824561403509,
        915.7894736842105,
        2
      ],
      "num_keypoints": 18,
      "iscrowd": 0,
      "segmentation": []
    }
  ]
}