{
  "categories": [
    {
      "supercategory": "person",
      "id": 1,
      "name": "person",
      "keypoints": [
        "nose",
        "left_eye",
        "right_eye",
        "left_ear",
        "right_ear",
        "left_shoulder",
        "right_shoulder",
        "left_elbow",
        "right_elbow",
        "left_wrist",
        "right_wrist",
        "left_hip",
        "right_hip",
        "left_knee",
        "right_knee",
        "left_ankle",
        "right_ankle",
        "left_heel",
        "right_heel",
        "left_foot",
        "right_foot"
      ],
      "skeleton": [
        [
          1,
          2
        ],
        [
          0,
          1
        ],
        [
          0,
          2
        ],
        [
          1,
          3
        ],
        [
          2,
          4
        ],
        [
          5,
          6
        ],
        [
          5,
          7
        ],
        [
          7,
          9
        ],
        [
          6,
          8
        ],
        [
          8,
          10
        ],
        [
          5,
          11
        ],
        [
          6,
          12
        ],
        [
          11,
          12
        ],
        [
          11,
          13
        ],
        [
          13,
          15
        ],
        [
          12,
          14
        ],
        [
          14,
          16
        ],
        [
          16,
          18
        ],
        [
          16,
          20
        ],
        [
          20,
          18
        ],
        [
          15,
          17
        ],
        [
          15,
          19
        ],
        [
          19,
          17
        ]
      ]
    }
  ],
  "images": [
    {
      "file_name": "000000001314.jpg",
      "height": 1200,
      "width": 1600,
      "id": 0
    }
  ],
  "annotations": [
    {
      "category_id": 1,
      "image_id": 0,
      "id": 0,
      "bbox": [
        368.8204081632653,
        140.74848484848485,
        350.1551020408164,
        939.0181818181818
      ],
      "area": 328802.0072727274,
      "keypoints": [
        542.156862745098,
        357.84313725490193,
        2,
        555.5755395683452,
        346.2230215827338,
        2,
        536.046511627907,
        345.0581395348837,
        2,
        604.9418604651163,
        355.8139534883721,
        2,
        547.3333333333334,
        334.0,
        0,
        622.6666666666666,
        404.6666666666667,
        2,
        524.0,
        388.6666666666667,
        2,
        673.3333333333334,
        360.6666666666667,
        2,
        479.5918367346939,
        350.0,
        2,
        689.795918367347,
        241.83673469387756,
        2,
        398.0,
        219.0,
        2,
        635.7142857142857,
        689.6103896103896,
        2,
        529.2207792207793,
        659.7402597402597,
        2,
        618.8311688311688,
        844.1558441558442,
        2,
        578.5714285714286,
        846.7532467532467,
        2,
        635.7142857142857,
        935.0649350649351,
        2,
        616.8831168831168,
        924.6753246753246,
        2,
        651.948051948052,
        966.2337662337662,
        2,
        609.8484848484849,
        965.1515151515151,
        2,
        617.4242424242424,
        1001.5151515151515,
        2,
        576.5151515151515,
        981.8181818181818,
        2
      ],
      "num_keypoints": 20,
      "iscrowd": 0,
      "segmentation": []
    },
    {
      "category_id": 1,
      "image_id": 0,
      "id": 1,
      "bbox": [
        690.9333333333333,
        271.05225225225223,
        163.34545454545457,
        644.6702702702703
      ],
      "area": 105303.95832923835,
      "keypoints": [
        727.922077922078,
        340.2597402597402,
        2,
        737.1428571428571,
        326.93877551020404,
        2,
        714.6938775510204,
        325.71428571428567,
        2,
        781.9819819819819,
        324.77477477477476,
        2,
        725.7142857142857,
        311.4285714285714,
        0,
        816.2162162162161,
        391.4414414414414,
        2,
        712.8787878787879,
        396.969696969697,
        2,
        818.1818181818181,
        501.5151515151515,
        2,
        704.5454545454545,
        487.8787878787879,
        2,
        731.3333333333333,
        499.3333333333333,
        2,
        715.3333333333333,
        498.0,
        2,
        818.0,
        604.6666666666666,
        2,
        756.6666666666666,
        604.6666666666666,
        2,
        800.6666666666666,
        714.0,
        2,
        762.0,
        715.3333333333334,
        2,
        823.3333333333333,
        807.3333333333334,
        2,
        783.3333333333333,
        803.3333333333334,
        2,
        840.6666666666666,
        828.6666666666666,
        2,
        795.3333333333333,
        820.6666666666666,
        2,
        804.6666666666666,
        862.0,
        2,
        772.6666666666666,
        847.3333333333334,
        2
      ],
      "num_keypoints": 20,
      "iscrowd": 0,
      "segmentation": []
    }
  ]
}