{
  "categories": [
    {
      "supercategory": "person",
      "id": 1,
      "name": "person",
      "keypoints": [
        "nose",
        "left_eye",
        "right_eye",
        "left_ear",
        "right_ear",
        "left_shoulder",
        "right_shoulder",
        "left_elbow",
        "right_elbow",
        "left_wrist",
        "right_wrist",
        "left_hip",
        "right_hip",
        "left_knee",
        "right_knee",
        "left_ankle",
        "right_ankle",
        "left_heel",
        "right_heel",
        "left_foot",
        "right_foot"
      ],
      "skeleton": [
        [
          1,
          2
        ],
        [
          0,
          1
        ],
        [
          0,
          2
        ],
        [
          1,
          3
        ],
        [
          2,
          4
        ],
        [
          5,
          6
        ],
        [
          5,
          7
        ],
        [
          7,
          9
        ],
        [
          6,
          8
        ],
        [
          8,
          10
        ],
        [
          5,
          11
        ],
        [
          6,
          12
        ],
        [
          11,
          12
        ],
        [
          11,
          13
        ],
        [
          13,
          15
        ],
        [
          12,
          14
        ],
        [
          14,
          16
        ],
        [
          16,
          18
        ],
        [
          16,
          20
        ],
        [
          20,
          18
        ],
        [
          15,
          17
        ],
        [
          15,
          19
        ],
        [
          19,
          17
        ]
      ]
    }
  ],
  "images": [
    {
      "file_name": "000000001181.jpg",
      "height": 1200,
      "width": 1600,
      "id": 0
    }
  ],
  "annotations": [
    {
      "category_id": 1,
      "image_id": 0,
      "id": 0,
      "bbox": [
        958.3843537414966,
        228.61867704280155,
        290.2968460111317,
        459.68871595330745
      ],
      "area": 133446.18438815215,
      "keypoints": [
        1127.1739130434783,
        291.30434782608694,
        1,
        1137.1024734982332,
        281.2720848056537,
        2,
        1110.4166666666667,
        286.45833333333337,
        1,
        1157.5875486381324,
        266.9260700389105,
        2,
        1116.7315175097276,
        266.9260700389105,
        0,
        1187.7551020408164,
        282.65306122448976,
        2,
        1095.151515151515,
        284.2424242424242,
        1,
        1216.3636363636363,
        378.78787878787875,
        2,
        1085.7142857142858,
        396.9387755102041,
        0,
        1224.4897959183675,
        474.48979591836735,
        2,
        1079.6747967479675,
        458.5365853658537,
        0,
        1160.3896103896104,
        459.7402597402597,
        2,
        1085.064935064935,
        444.15584415584414,
        2,
        1099.3506493506493,
        492.2077922077922,
        2,
        1068.181818181818,
        492.2077922077922,
        2,
        1048.7012987012986,
        597.4025974025974,
        2,
        1028.5714285714284,
        577.922077922078,
        2,
        1031.168831168831,
        633.7662337662338,
        2,
        1000.7575757575756,
        650.0,
        1,
        1003.7878787878786,
        613.6363636363636,
        2,
        982.5757575757576,
        633.3333333333334,
        1
      ],
      "num_keypoints": 18,
      "iscrowd": 0,
      "segmentation": []
    },
    {
      "category_id": 1,
      "image_id": 0,
      "id": 1,
      "bbox": [
        912.4561403508771,
        245.8336068862384,
        176.84210526315792,
        545.2150125834338
      ],
      "area": 96416.97064633358,
      "keypoints": [
        995.4545454545454,
        314.2857142857143,
        2,
        1006.4935064935065,
        303.8961038961039,
        2,
        988.329519450801,
        304.5766590389016,
        2,
        1007.9002079002078,
        291.26819126819123,
        2,
        972.17125382263,
        303.6697247706422,
        2,
        1033.9449541284403,
        344.0366972477064,
        2,
        965.7492354740061,
        351.98776758409787,
        2,
        1056.060606060606,
        428.7878787878788,
        0,
        1022.7272727272726,
        389.3939393939394,
        2,
        1074.561403508772,
        412.28070175438603,
        2,
        1071.0526315789473,
        333.33333333333337,
        2,
        1023.6842105263158,
        515.7894736842105,
        2,
        965.7894736842104,
        528.0701754385965,
        2,
        1007.8947368421052,
        607.0175438596491,
        1,
        951.7543859649122,
        610.5263157894738,
        1,
        1013.1578947368421,
        692.9824561403509,
        1,
        937.719298245614,
        717.5438596491229,
        2,
        1007.8947368421052,
        714.0350877192983,
        1,
        927.1929824561403,
        738.5964912280701,
        2,
        1025.438596491228,
        721.0526315789474,
        1,
        944.7368421052631,
        745.6140350877193,
        2
      ],
      "num_keypoints": 20,
      "iscrowd": 0,
      "segmentation": []
    }
  ]
}