{
  "categories": [
    {
      "supercategory": "person",
      "id": 1,
      "name": "person",
      "keypoints": [
        "nose",
        "left_eye",
        "right_eye",
        "left_ear",
        "right_ear",
        "left_shoulder",
        "right_shoulder",
        "left_elbow",
        "right_elbow",
        "left_wrist",
        "right_wrist",
        "left_hip",
        "right_hip",
        "left_knee",
        "right_knee",
        "left_ankle",
        "right_ankle",
        "left_heel",
        "right_heel",
        "left_foot",
        "right_foot"
      ],
      "skeleton": [
        [
          1,
          2
        ],
        [
          0,
          1
        ],
        [
          0,
          2
        ],
        [
          1,
          3
        ],
        [
          2,
          4
        ],
        [
          5,
          6
        ],
        [
          5,
          7
        ],
        [
          7,
          9
        ],
        [
          6,
          8
        ],
        [
          8,
          10
        ],
        [
          5,
          11
        ],
        [
          6,
          12
        ],
        [
          11,
          12
        ],
        [
          11,
          13
        ],
        [
          13,
          15
        ],
        [
          12,
          14
        ],
        [
          14,
          16
        ],
        [
          16,
          18
        ],
        [
          16,
          20
        ],
        [
          20,
          18
        ],
        [
          15,
          17
        ],
        [
          15,
          19
        ],
        [
          19,
          17
        ]
      ]
    }
  ],
  "images": [
    {
      "file_name": "000000000409.jpg",
      "height": 1200,
      "width": 1600,
      "id": 0
    }
  ],
  "annotations": [
    {
      "category_id": 1,
      "image_id": 0,
      "id": 0,
      "bbox": [
        512.3019511675018,
        502.6600519725962,
        266.53587802537584,
        474.10347271438707
      ],
      "area": 126365.58537480897,
      "keypoints": [
        540.1639344262295,
        637.7049180327868,
        1,
        551.3274336283185,
        621.2389380530973,
        1,
        534.5132743362831,
        624.7787610619469,
        2,
        581.5217391304348,
        610.8695652173913,
        2,
        539.1304347826086,
        609.4202898550724,
        0,
        661.5942028985506,
        576.0869565217391,
        2,
        555.7522123893805,
        666.3716814159292,
        2,
        732.5301204819276,
        542.1686746987951,
        1,
        512.0481927710842,
        791.5662650602409,
        0,
        756.6265060240963,
        546.9879518072289,
        2,
        518.0722891566264,
        803.6144578313252,
        0,
        730.0884955752211,
        730.0884955752211,
        2,
        638.0530973451326,
        717.6991150442477,
        2,
        605.3097345132743,
        830.9734513274335,
        1,
        567.2566371681415,
        822.1238938053096,
        2,
        649.0196078431372,
        892.156862745098,
        1,
        611.7647058823529,
        883.3333333333334,
        2,
        676.4705882352941,
        912.7450980392157,
        2,
        628.4313725490196,
        905.8823529411765,
        1,
        626.4705882352941,
        937.2549019607843,
        1,
        586.9565217391304,
        923.9130434782609,
        2
      ],
      "num_keypoints": 18,
      "iscrowd": 0,
      "segmentation": []
    },
    {
      "category_id": 1,
      "image_id": 0,
      "id": 1,
      "bbox": [
        689.4690265486724,
        326.6873015873016,
        253.80530973451334,
        538.4190476190477
      ],
      "area": 136653.6131479141,
      "keypoints": [
        755.7522123893805,
        381.4159292035398,
        1,
        771.0144927536231,
        373.18840579710144,
        2,
        747.1111111111111,
        371.55555555555554,
        2,
        795.5555555555555,
        377.3333333333333,
        2,
        756.0,
        365.77777777777777,
        0,
        819.4690265486724,
        414.1592920353982,
        2,
        720.3539823008849,
        423.8938053097345,
        2,
        879.646017699115,
        479.646017699115,
        2,
        710.6194690265486,
        530.9734513274336,
        2,
        922.1238938053096,
        486.7256637168141,
        1,
        721.7391304347826,
        575.0,
        0,
        818.4782608695651,
        602.1739130434783,
        2,
        759.2,
        613.6,
        2,
        812.8,
        691.2,
        2,
        768.8,
        699.2,
        0,
        801.6,
        777.6,
        2,
        780.0,
        752.8,
        1,
        785.4054054054054,
        805.9459459459459,
        2,
        797.3451327433628,
        761.9469026548671,
        0,
        805.952380952381,
        820.2380952380953,
        2,
        764.8809523809524,
        782.7380952380953,
        2
      ],
      "num_keypoints": 17,
      "iscrowd": 0,
      "segmentation": []
    }
  ]
}