{
  "categories": [
    {
      "supercategory": "person",
      "id": 1,
      "name": "person",
      "keypoints": [
        "nose",
        "left_eye",
        "right_eye",
        "left_ear",
        "right_ear",
        "left_shoulder",
        "right_shoulder",
        "left_elbow",
        "right_elbow",
        "left_wrist",
        "right_wrist",
        "left_hip",
        "right_hip",
        "left_knee",
        "right_knee",
        "left_ankle",
        "right_ankle",
        "left_heel",
        "right_heel",
        "left_foot",
        "right_foot"
      ],
      "skeleton": [
        [
          1,
          2
        ],
        [
          0,
          1
        ],
        [
          0,
          2
        ],
        [
          1,
          3
        ],
        [
          2,
          4
        ],
        [
          5,
          6
        ],
        [
          5,
          7
        ],
        [
          7,
          9
        ],
        [
          6,
          8
        ],
        [
          8,
          10
        ],
        [
          5,
          11
        ],
        [
          6,
          12
        ],
        [
          11,
          12
        ],
        [
          11,
          13
        ],
        [
          13,
          15
        ],
        [
          12,
          14
        ],
        [
          14,
          16
        ],
        [
          16,
          18
        ],
        [
          16,
          20
        ],
        [
          20,
          18
        ],
        [
          15,
          17
        ],
        [
          15,
          19
        ],
        [
          19,
          17
        ]
      ]
    }
  ],
  "images": [
    {
      "file_name": "000000001550.jpg",
      "height": 1200,
      "width": 1600,
      "id": 0
    }
  ],
  "annotations": [
    {
      "category_id": 1,
      "image_id": 0,
      "id": 0,
      "bbox": [
        815.4166666666667,
        263.47222222222223,
        306.66666666666674,
        555.0
      ],
      "area": 170200.00000000003,
      "keypoints": [
        849.3055555555557,
        348.61111111111114,
        2,
        864.5833333333334,
        331.94444444444446,
        2,
        840.9722222222223,
        333.33333333333337,
        1,
        899.3055555555557,
        309.72222222222223,
        2,
        840.9722222222223,
        320.83333333333337,
        0,
        981.2500000000001,
        363.8888888888889,
        2,
        861.8055555555557,
        354.1666666666667,
        1,
        1000.6944444444445,
        462.5,
        2,
        859.0277777777778,
        450.0,
        1,
        1029.861111111111,
        558.3333333333334,
        2,
        860.4166666666667,
        551.3888888888889,
        2,
        979.8611111111112,
        556.9444444444445,
        2,
        913.1944444444446,
        559.7222222222223,
        2,
        1013.1944444444445,
        686.1111111111111,
        2,
        961.8055555555555,
        687.5,
        2,
        1072.9166666666667,
        720.8333333333334,
        2,
        1032.638888888889,
        729.1666666666667,
        1,
        1096.5277777777778,
        722.2222222222223,
        2,
        1053.4722222222222,
        729.1666666666667,
        1,
        1079.861111111111,
        772.2222222222223,
        2,
        1035.4166666666667,
        769.4444444444445,
        2
      ],
      "num_keypoints": 20,
      "iscrowd": 0,
      "segmentation": []
    },
    {
      "category_id": 1,
      "image_id": 0,
      "id": 1,
      "bbox": [
        690.7521645021645,
        285.30952380952374,
        160.97402597402584,
        690.5714285714287
      ],
      "area": 111164.06307977729,
      "keypoints": [
        827.0833333333334,
        354.1666666666667,
        2,
        808.4415584415584,
        333.76623376623377,
        0,
        818.8311688311688,
        342.85714285714283,
        2,
        801.9480519480519,
        345.45454545454544,
        0,
        777.2727272727273,
        348.05194805194805,
        2,
        820.1298701298701,
        415.5844155844156,
        1,
        739.6103896103896,
        425.97402597402595,
        2,
        857.7922077922078,
        502.5974025974026,
        0,
        777.2727272727273,
        489.6103896103896,
        2,
        861.6883116883116,
        444.15584415584414,
        0,
        835.7142857142857,
        410.38961038961037,
        2,
        838.3116883116883,
        650.6493506493506,
        2,
        777.2727272727273,
        657.1428571428571,
        2,
        810.3896103896103,
        753.2467532467532,
        2,
        762.3376623376623,
        784.4155844155844,
        2,
        805.8333333333335,
        846.6666666666667,
        2,
        729.1666666666667,
        873.3333333333334,
        2,
        779.1666666666667,
        876.6666666666667,
        2,
        704.1666666666667,
        903.3333333333334,
        2,
        822.5,
        878.3333333333334,
        2,
        744.1666666666667,
        918.3333333333334,
        2
      ],
      "num_keypoints": 17,
      "iscrowd": 0,
      "segmentation": []
    }
  ]
}