{
  "categories": [
    {
      "supercategory": "person",
      "id": 1,
      "name": "person",
      "keypoints": [
        "nose",
        "left_eye",
        "right_eye",
        "left_ear",
        "right_ear",
        "left_shoulder",
        "right_shoulder",
        "left_elbow",
        "right_elbow",
        "left_wrist",
        "right_wrist",
        "left_hip",
        "right_hip",
        "left_knee",
        "right_knee",
        "left_ankle",
        "right_ankle",
        "left_heel",
        "right_heel",
        "left_foot",
        "right_foot"
      ],
      "skeleton": [
        [
          1,
          2
        ],
        [
          0,
          1
        ],
        [
          0,
          2
        ],
        [
          1,
          3
        ],
        [
          2,
          4
        ],
        [
          5,
          6
        ],
        [
          5,
          7
        ],
        [
          7,
          9
        ],
        [
          6,
          8
        ],
        [
          8,
          10
        ],
        [
          5,
          11
        ],
        [
          6,
          12
        ],
        [
          11,
          12
        ],
        [
          11,
          13
        ],
        [
          13,
          15
        ],
        [
          12,
          14
        ],
        [
          14,
          16
        ],
        [
          16,
          18
        ],
        [
          16,
          20
        ],
        [
          20,
          18
        ],
        [
          15,
          17
        ],
        [
          15,
          19
        ],
        [
          19,
          17
        ]
      ]
    }
  ],
  "images": [
    {
      "file_name": "000000000809.jpg",
      "height": 1200,
      "width": 1600,
      "id": 0
    }
  ],
  "annotations": [
    {
      "category_id": 1,
      "image_id": 0,
      "id": 0,
      "bbox": [
        869.6276595744681,
        303.28696126568474,
        224.04255319148922,
        424.38625204582644
      ],
      "area": 95080.57944771383,
      "keypoints": [
        915.9292035398229,
        368.14159292035396,
        1,
        928.3687943262412,
        356.3829787234043,
        1,
        904.6099290780143,
        358.15602836879435,
        1,
        960.6382978723404,
        338.6524822695036,
        2,
        907.8014184397164,
        343.97163120567376,
        0,
        1005.6737588652483,
        377.6595744680851,
        2,
        904.6099290780143,
        375.177304964539,
        2,
        1028.0141843971633,
        475.53191489361706,
        2,
        903.9007092198582,
        471.2765957446809,
        2,
        1039.7163120567377,
        549.290780141844,
        2,
        888.2978723404256,
        525.886524822695,
        2,
        1010.6382978723404,
        537.2340425531916,
        2,
        955.1282051282051,
        535.8974358974359,
        2,
        1034.6153846153845,
        621.7948717948718,
        2,
        992.3076923076922,
        620.5128205128206,
        2,
        1058.974358974359,
        657.6923076923077,
        2,
        1051.2820512820513,
        635.8974358974359,
        1,
        1075.0,
        660.8974358974359,
        2,
        1064.7435897435896,
        626.9230769230769,
        0,
        1063.4615384615383,
        692.3076923076923,
        2,
        1050.6410256410256,
        671.1538461538461,
        1
      ],
      "num_keypoints": 19,
      "iscrowd": 0,
      "segmentation": []
    },
    {
      "category_id": 1,
      "image_id": 0,
      "id": 1,
      "bbox": [
        767.1453634085212,
        302.5513784461153,
        116.36090225563908,
        632.2406015037593
      ],
      "area": 73568.08683362539,
      "keypoints": [
        840.0,
        366.66666666666663,
        2,
        840.0,
        357.1428571428571,
        2,
        828.0952380952381,
        355.23809523809524,
        2,
        826.1904761904761,
        360.4761904761905,
        0,
        792.8571428571428,
        360.0,
        2,
        837.1428571428571,
        409.04761904761904,
        2,
        784.7619047619047,
        437.6190476190476,
        2,
        900.952380952381,
        487.6190476190476,
        0,
        802.3809523809523,
        550.4761904761905,
        2,
        923.3333333333333,
        451.4285714285714,
        0,
        873.8095238095237,
        501.90476190476187,
        2,
        845.2380952380952,
        596.1904761904761,
        2,
        810.2564102564102,
        607.6923076923077,
        2,
        839.7435897435896,
        732.051282051282,
        2,
        810.2564102564102,
        751.2820512820513,
        2,
        818.9473684210526,
        828.9473684210526,
        2,
        783.1578947368421,
        856.3157894736842,
        2,
        809.4736842105262,
        849.4736842105262,
        2,
        776.8421052631578,
        871.0526315789473,
        2,
        835.7894736842105,
        847.3684210526316,
        2,
        799.4736842105262,
        882.1052631578947,
        2
      ],
      "num_keypoints": 18,
      "iscrowd": 0,
      "segmentation": []
    }
  ]
}