{
  "categories": [
    {
      "supercategory": "person",
      "id": 1,
      "name": "person",
      "keypoints": [
        "nose",
        "left_eye",
        "right_eye",
        "left_ear",
        "right_ear",
        "left_shoulder",
        "right_shoulder",
        "left_elbow",
        "right_elbow",
        "left_wrist",
        "right_wrist",
        "left_hip",
        "right_hip",
        "left_knee",
        "right_knee",
        "left_ankle",
        "right_ankle",
        "left_heel",
        "right_heel",
        "left_foot",
        "right_foot"
      ],
      "skeleton": [
        [
          1,
          2
        ],
        [
          0,
          1
        ],
        [
          0,
          2
        ],
        [
          1,
          3
        ],
        [
          2,
          4
        ],
        [
          5,
          6
        ],
        [
          5,
          7
        ],
        [
          7,
          9
        ],
        [
          6,
          8
        ],
        [
          8,
          10
        ],
        [
          5,
          11
        ],
        [
          6,
          12
        ],
        [
          11,
          12
        ],
        [
          11,
          13
        ],
        [
          13,
          15
        ],
        [
          12,
          14
        ],
        [
          14,
          16
        ],
        [
          16,
          18
        ],
        [
          16,
          20
        ],
        [
          20,
          18
        ],
        [
          15,
          17
        ],
        [
          15,
          19
        ],
        [
          19,
          17
        ]
      ]
    }
  ],
  "images": [
    {
      "file_name": "000000000951.jpg",
      "height": 1200,
      "width": 1600,
      "id": 0
    }
  ],
  "annotations": [
    {
      "category_id": 1,
      "image_id": 0,
      "id": 0,
      "bbox": [
        605.4400895856663,
        408.85815602836874,
        445.35722284434473,
        573.7021276595746
      ],
      "area": 255502.38631435984,
      "keypoints": [
        721.7391304347826,
        483.695652173913,
        2,
        731.4285714285714,
        471.90476190476187,
        2,
        714.2857142857142,
        470.9523809523809,
        2,
        771.4285714285714,
        456.66666666666663,
        2,
        735.7894736842105,
        456.84210526315786,
        0,
        830.5263157894736,
        467.8947368421052,
        2,
        748.9473684210526,
        475.2631578947368,
        0,
        927.8947368421052,
        492.1052631578947,
        2,
        786.8421052631578,
        532.1052631578947,
        0,
        1013.6842105263157,
        536.3157894736842,
        2,
        811.0526315789473,
        554.7368421052631,
        0,
        776.8421052631578,
        618.9473684210526,
        2,
        720.5128205128204,
        602.5641025641025,
        1,
        675.6410256410255,
        803.8461538461538,
        2,
        647.4358974358973,
        778.2051282051282,
        2,
        699.9999999999999,
        915.3846153846154,
        2,
        671.7948717948717,
        894.8717948717948,
        1,
        713.4751773049646,
        926.2411347517731,
        2,
        678.0141843971631,
        913.4751773049646,
        1,
        677.3049645390072,
        934.7517730496454,
        2,
        642.5531914893618,
        914.8936170212767,
        2
      ],
      "num_keypoints": 17,
      "iscrowd": 0,
      "segmentation": []
    },
    {
      "category_id": 1,
      "image_id": 0,
      "id": 1,
      "bbox": [
        783.525641025641,
        348.1134301270417,
        143.8461538461538,
        508.95462794918336
      ],
      "area": 73211.1657126902,
      "keypoints": [
        821.578947368421,
        407.89473684210526,
        1,
        831.0526315789473,
        394.2105263157894,
        1,
        811.578947368421,
        395.7894736842105,
        1,
        855.7894736842105,
        391.05263157894734,
        1,
        801.0526315789473,
        390.52631578947364,
        1,
        883.3333333333333,
        433.3333333333333,
        2,
        795.5128205128204,
        433.97435897435895,
        1,
        915.3846153846154,
        513.4615384615385,
        1,
        798.0769230769231,
        503.8461538461538,
        0,
        932.6923076923076,
        501.28205128205127,
        0,
        810.8974358974359,
        528.2051282051282,
        0,
        869.230769230769,
        587.1794871794872,
        2,
        814.1025641025641,
        588.4615384615385,
        1,
        866.6666666666665,
        694.8717948717948,
        2,
        816.6666666666666,
        710.2564102564103,
        2,
        871.5517241379309,
        794.8275862068966,
        2,
        820.6896551724137,
        775.8620689655173,
        2,
        886.2068965517241,
        789.6551724137931,
        1,
        819.8275862068965,
        793.1034482758621,
        1,
        865.5172413793102,
        814.6551724137931,
        2,
        814.655172413793,
        804.3103448275863,
        2
      ],
      "num_keypoints": 18,
      "iscrowd": 0,
      "segmentation": []
    }
  ]
}