{
  "categories": [
    {
      "supercategory": "person",
      "id": 1,
      "name": "person",
      "keypoints": [
        "nose",
        "left_eye",
        "right_eye",
        "left_ear",
        "right_ear",
        "left_shoulder",
        "right_shoulder",
        "left_elbow",
        "right_elbow",
        "left_wrist",
        "right_wrist",
        "left_hip",
        "right_hip",
        "left_knee",
        "right_knee",
        "left_ankle",
        "right_ankle",
        "left_heel",
        "right_heel",
        "left_foot",
        "right_foot"
      ],
      "skeleton": [
        [
          1,
          2
        ],
        [
          0,
          1
        ],
        [
          0,
          2
        ],
        [
          1,
          3
        ],
        [
          2,
          4
        ],
        [
          5,
          6
        ],
        [
          5,
          7
        ],
        [
          7,
          9
        ],
        [
          6,
          8
        ],
        [
          8,
          10
        ],
        [
          5,
          11
        ],
        [
          6,
          12
        ],
        [
          11,
          12
        ],
        [
          11,
          13
        ],
        [
          13,
          15
        ],
        [
          12,
          14
        ],
        [
          14,
          16
        ],
        [
          16,
          18
        ],
        [
          16,
          20
        ],
        [
          20,
          18
        ],
        [
          15,
          17
        ],
        [
          15,
          19
        ],
        [
          19,
          17
        ]
      ]
    }
  ],
  "images": [
    {
      "file_name": "000000000795.jpg",
      "height": 1200,
      "width": 1600,
      "id": 0
    }
  ],
  "annotations": [
    {
      "category_id": 1,
      "image_id": 0,
      "id": 0,
      "bbox": [
        699.9109738372093,
        290.16102786629597,
        370.83575581395337,
        285.99769475896676
      ],
      "area": 106058.17129698976,
      "keypoints": [
        941.1764705882352,
        332.3529411764706,
        0,
        951.8950437317784,
        325.0728862973761,
        1,
        930.3206997084548,
        321.28279883381924,
        2,
        986.0058309037901,
        313.9941690962099,
        2,
        951.953125,
        313.28125,
        0,
        1025.390625,
        361.71875,
        2,
        931.25,
        354.6875,
        2,
        1030.078125,
        467.96875,
        2,
        928.90625,
        476.171875,
        0,
        1039.84375,
        540.234375,
        2,
        900.390625,
        517.96875,
        0,
        982.03125,
        500.0,
        2,
        902.5641025641025,
        474.35897435897436,
        2,
        892.3076923076922,
        498.71794871794873,
        2,
        867.9487179487178,
        496.15384615384613,
        1,
        803.8461538461538,
        512.8205128205128,
        2,
        769.2307692307692,
        523.0769230769231,
        1,
        775.0,
        536.046511627907,
        2,
        730.8139534883721,
        552.3255813953489,
        2,
        770.3488372093024,
        479.6511627906977,
        2,
        731.3953488372093,
        500.0,
        1
      ],
      "num_keypoints": 17,
      "iscrowd": 0,
      "segmentation": []
    },
    {
      "category_id": 1,
      "image_id": 0,
      "id": 1,
      "bbox": [
        767.4028340080971,
        307.6842105263158,
        88.00809716599201,
        621.4736842105262
      ],
      "area": 54694.71638610703,
      "keypoints": [
        842.6315789473683,
        371.57894736842104,
        2,
        844.7368421052631,
        360.52631578947364,
        2,
        829.4736842105262,
        359.4736842105263,
        2,
        821.578947368421,
        359.4736842105263,
        0,
        795.7894736842105,
        360.0,
        2,
        848.0769230769231,
        420.5128205128205,
        2,
        783.9743589743589,
        437.8205128205128,
        2,
        896.1538461538461,
        494.87179487179486,
        0,
        804.4871794871794,
        552.5641025641025,
        1,
        921.1538461538461,
        443.5897435897436,
        0,
        881.4102564102564,
        504.48717948717945,
        0,
        839.7435897435897,
        605.1282051282051,
        2,
        799.9999999999999,
        619.2307692307692,
        2,
        834.6153846153845,
        729.4871794871794,
        2,
        802.5641025641025,
        755.1282051282051,
        2,
        818.4210526315788,
        829.9999999999999,
        2,
        780.0,
        857.8947368421052,
        2,
        813.1578947368421,
        846.8421052631578,
        2,
        774.7368421052631,
        873.6842105263157,
        2,
        838.4210526315788,
        847.8947368421052,
        2,
        794.2105263157894,
        877.3684210526316,
        2
      ],
      "num_keypoints": 17,
      "iscrowd": 0,
      "segmentation": []
    }
  ]
}