{
  "categories": [
    {
      "supercategory": "person",
      "id": 1,
      "name": "person",
      "keypoints": [
        "nose",
        "left_eye",
        "right_eye",
        "left_ear",
        "right_ear",
        "left_shoulder",
        "right_shoulder",
        "left_elbow",
        "right_elbow",
        "left_wrist",
        "right_wrist",
        "left_hip",
        "right_hip",
        "left_knee",
        "right_knee",
        "left_ankle",
        "right_ankle",
        "left_heel",
        "right_heel",
        "left_foot",
        "right_foot"
      ],
      "skeleton": [
        [
          1,
          2
        ],
        [
          0,
          1
        ],
        [
          0,
          2
        ],
        [
          1,
          3
        ],
        [
          2,
          4
        ],
        [
          5,
          6
        ],
        [
          5,
          7
        ],
        [
          7,
          9
        ],
        [
          6,
          8
        ],
        [
          8,
          10
        ],
        [
          5,
          11
        ],
        [
          6,
          12
        ],
        [
          11,
          12
        ],
        [
          11,
          13
        ],
        [
          13,
          15
        ],
        [
          12,
          14
        ],
        [
          14,
          16
        ],
        [
          16,
          18
        ],
        [
          16,
          20
        ],
        [
          20,
          18
        ],
        [
          15,
          17
        ],
        [
          15,
          19
        ],
        [
          19,
          17
        ]
      ]
    }
  ],
  "images": [
    {
      "file_name": "000000001326.jpg",
      "height": 1200,
      "width": 1600,
      "id": 0
    }
  ],
  "annotations": [
    {
      "category_id": 1,
      "image_id": 0,
      "id": 0,
      "bbox": [
        866.5256346441016,
        200.00571755288735,
        196.8143354902935,
        747.1012006861065
      ],
      "area": 147040.22635703644,
      "keypoints": [
        928.7637698898409,
        280.0489596083231,
        2,
        944.4308445532436,
        266.95226438188496,
        2,
        918.8679245283018,
        268.8679245283019,
        2,
        976.4150943396227,
        262.2641509433962,
        2,
        927.4774774774774,
        259.009009009009,
        0,
        1022.5225225225224,
        317.56756756756755,
        2,
        896.3963963963963,
        315.3153153153153,
        2,
        1044.5945945945946,
        426.1261261261261,
        2,
        883.6734693877552,
        443.8775510204082,
        2,
        1046.938775510204,
        541.8367346938776,
        2,
        882.9268292682927,
        525.2032520325204,
        2,
        1008.4415584415584,
        566.2337662337662,
        2,
        896.7532467532468,
        531.1688311688312,
        2,
        972.0779220779222,
        693.5064935064935,
        2,
        909.7402597402598,
        693.5064935064935,
        2,
        959.7402597402597,
        824.6753246753246,
        2,
        909.0909090909091,
        820.7792207792207,
        2,
        971.4285714285714,
        849.3506493506493,
        2,
        920.4545454545454,
        840.9090909090909,
        2,
        947.7272727272726,
        884.8484848484849,
        2,
        890.1515151515151,
        869.6969696969696,
        2
      ],
      "num_keypoints": 20,
      "iscrowd": 0,
      "segmentation": []
    },
    {
      "category_id": 1,
      "image_id": 0,
      "id": 1,
      "bbox": [
        686.8465318465318,
        325.6788710907704,
        207.73766773766783,
        644.7139588100687
      ],
      "area": 133931.3741611225,
      "keypoints": [
        751.2987012987013,
        394.8051948051948,
        2,
        754.6938775510204,
        381.63265306122446,
        1,
        743.4511434511434,
        386.90228690228685,
        2,
        745.5377574370709,
        379.4050343249428,
        2,
        710.8108108108107,
        400.20790020790014,
        0,
        784.1995841995841,
        447.40124740124736,
        2,
        704.1580041580041,
        461.3305613305613,
        2,
        877.2727272727273,
        486.3636363636364,
        1,
        768.1818181818182,
        534.8484848484849,
        1,
        883.3333333333334,
        435.3333333333333,
        0,
        843.3333333333333,
        487.3333333333333,
        2,
        792.6666666666666,
        627.3333333333334,
        2,
        752.6666666666666,
        640.6666666666666,
        2,
        804.6666666666666,
        743.3333333333334,
        2,
        739.3333333333333,
        770.0,
        2,
        775.3333333333333,
        838.0,
        2,
        727.3333333333333,
        870.0,
        2,
        754.0,
        860.6666666666666,
        2,
        718.0,
        888.6666666666666,
        2,
        824.6666666666666,
        872.6666666666666,
        2,
        740.6666666666666,
        916.6666666666666,
        2
      ],
      "num_keypoints": 19,
      "iscrowd": 0,
      "segmentation": []
    }
  ]
}