{
  "categories": [
    {
      "supercategory": "person",
      "id": 1,
      "name": "person",
      "keypoints": [
        "nose",
        "left_eye",
        "right_eye",
        "left_ear",
        "right_ear",
        "left_shoulder",
        "right_shoulder",
        "left_elbow",
        "right_elbow",
        "left_wrist",
        "right_wrist",
        "left_hip",
        "right_hip",
        "left_knee",
        "right_knee",
        "left_ankle",
        "right_ankle",
        "left_heel",
        "right_heel",
        "left_foot",
        "right_foot"
      ],
      "skeleton": [
        [
          1,
          2
        ],
        [
          0,
          1
        ],
        [
          0,
          2
        ],
        [
          1,
          3
        ],
        [
          2,
          4
        ],
        [
          5,
          6
        ],
        [
          5,
          7
        ],
        [
          7,
          9
        ],
        [
          6,
          8
        ],
        [
          8,
          10
        ],
        [
          5,
          11
        ],
        [
          6,
          12
        ],
        [
          11,
          12
        ],
        [
          11,
          13
        ],
        [
          13,
          15
        ],
        [
          12,
          14
        ],
        [
          14,
          16
        ],
        [
          16,
          18
        ],
        [
          16,
          20
        ],
        [
          20,
          18
        ],
        [
          15,
          17
        ],
        [
          15,
          19
        ],
        [
          19,
          17
        ]
      ]
    }
  ],
  "images": [
    {
      "file_name": "000000001389.jpg",
      "height": 1200,
      "width": 1600,
      "id": 0
    }
  ],
  "annotations": [
    {
      "category_id": 1,
      "image_id": 0,
      "id": 0,
      "bbox": [
        901.2432900432901,
        276.96069606960697,
        289.08051948051923,
        335.87758775877586
      ],
      "area": 97095.66755117061,
      "keypoints": [
        947.2222222222222,
        341.1764705882353,
        2,
        952.4509803921568,
        325.98039215686276,
        2,
        935.6435643564357,
        328.11881188118815,
        2,
        994.8514851485149,
        304.950495049505,
        2,
        941.3333333333334,
        308.6666666666667,
        0,
        1036.6666666666667,
        327.3333333333333,
        2,
        925.3333333333334,
        341.3333333333333,
        2,
        1107.3333333333333,
        418.6666666666667,
        2,
        932.6530612244899,
        413.2653061224489,
        2,
        1106.0,
        521.0,
        2,
        929.090909090909,
        493.3333333333333,
        2,
        1112.3376623376626,
        466.23376623376623,
        2,
        1027.9220779220777,
        498.7012987012987,
        2,
        1126.6233766233768,
        515.5844155844155,
        2,
        1077.2727272727275,
        527.2727272727273,
        2,
        1148.051948051948,
        531.1688311688312,
        1,
        1111.6883116883116,
        545.4545454545455,
        0,
        1166.2337662337661,
        533.7662337662338,
        2,
        1129.5454545454545,
        548.4848484848485,
        1,
        1162.878787878788,
        568.1818181818181,
        2,
        1131.060606060606,
        584.8484848484849,
        2
      ],
      "num_keypoints": 19,
      "iscrowd": 0,
      "segmentation": []
    },
    {
      "category_id": 1,
      "image_id": 0,
      "id": 1,
      "bbox": [
        742.0,
        288.3629629629629,
        176.0,
        637.4222222222222
      ],
      "area": 112186.3111111111,
      "keypoints": [
        830.5194805194805,
        353.24675324675326,
        2,
        836.2962962962962,
        346.29629629629625,
        1,
        825.5555555555555,
        341.48148148148147,
        2,
        811.1111111111111,
        337.4074074074074,
        0,
        778.8888888888888,
        344.8148148148148,
        2,
        831.1111111111111,
        401.48148148148147,
        2,
        771.8518518518518,
        415.9259259259259,
        2,
        896.969696969697,
        468.1818181818182,
        2,
        857.5757575757576,
        493.93939393939394,
        2,
        927.3333333333334,
        426.0,
        0,
        903.3333333333334,
        426.0,
        2,
        839.3333333333333,
        586.0,
        2,
        802.0,
        596.6666666666666,
        2,
        862.0,
        702.0,
        2,
        808.6666666666666,
        716.6666666666666,
        2,
        840.6666666666666,
        784.6666666666666,
        2,
        774.0,
        826.0,
        2,
        818.0,
        812.6666666666666,
        2,
        756.6666666666666,
        851.3333333333334,
        2,
        893.9999999999999,
        822.0,
        2,
        808.6666666666666,
        872.6666666666666,
        2
      ],
      "num_keypoints": 19,
      "iscrowd": 0,
      "segmentation": []
    }
  ]
}