{
  "categories": [
    {
      "supercategory": "person",
      "id": 1,
      "name": "person",
      "keypoints": [
        "nose",
        "left_eye",
        "right_eye",
        "left_ear",
        "right_ear",
        "left_shoulder",
        "right_shoulder",
        "left_elbow",
        "right_elbow",
        "left_wrist",
        "right_wrist",
        "left_hip",
        "right_hip",
        "left_knee",
        "right_knee",
        "left_ankle",
        "right_ankle",
        "left_heel",
        "right_heel",
        "left_foot",
        "right_foot"
      ],
      "skeleton": [
        [
          1,
          2
        ],
        [
          0,
          1
        ],
        [
          0,
          2
        ],
        [
          1,
          3
        ],
        [
          2,
          4
        ],
        [
          5,
          6
        ],
        [
          5,
          7
        ],
        [
          7,
          9
        ],
        [
          6,
          8
        ],
        [
          8,
          10
        ],
        [
          5,
          11
        ],
        [
          6,
          12
        ],
        [
          11,
          12
        ],
        [
          11,
          13
        ],
        [
          13,
          15
        ],
        [
          12,
          14
        ],
        [
          14,
          16
        ],
        [
          16,
          18
        ],
        [
          16,
          20
        ],
        [
          20,
          18
        ],
        [
          15,
          17
        ],
        [
          15,
          19
        ],
        [
          19,
          17
        ]
      ]
    }
  ],
  "images": [
    {
      "file_name": "000000000836.jpg",
      "height": 1200,
      "width": 1600,
      "id": 0
    }
  ],
  "annotations": [
    {
      "category_id": 1,
      "image_id": 0,
      "id": 0,
      "bbox": [
        416.265664160401,
        435.3483709273183,
        279.0977443609022,
        581.5338345864661
      ],
      "area": 162304.7815026287,
      "keypoints": [
        445.65217391304344,
        494.5652173913043,
        2,
        462.38095238095235,
        486.19047619047615,
        2,
        439.5238095238095,
        483.8095238095238,
        2,
        503.3333333333333,
        485.71428571428567,
        2,
        453.515625,
        480.078125,
        0,
        545.703125,
        543.75,
        2,
        457.8125,
        537.890625,
        2,
        597.65625,
        650.78125,
        1,
        497.65625,
        635.9375,
        0,
        598.046875,
        703.90625,
        2,
        524.609375,
        703.125,
        0,
        558.59375,
        688.28125,
        2,
        510.25641025641016,
        684.6153846153846,
        1,
        523.076923076923,
        830.7692307692307,
        1,
        584.6153846153845,
        824.3589743589744,
        1,
        535.8974358974358,
        939.7435897435897,
        2,
        649.9999999999999,
        841.025641025641,
        1,
        557.3684210526316,
        961.578947368421,
        2,
        672.1052631578947,
        836.3157894736842,
        2,
        506.84210526315786,
        968.4210526315788,
        2,
        657.3684210526316,
        875.2631578947368,
        1
      ],
      "num_keypoints": 18,
      "iscrowd": 0,
      "segmentation": []
    },
    {
      "category_id": 1,
      "image_id": 0,
      "id": 1,
      "bbox": [
        668.8461538461538,
        304.66920609462716,
        120.0,
        554.3143544506817
      ],
      "area": 66517.7225340818,
      "keypoints": [
        718.103448275862,
        362.93103448275866,
        2,
        727.5862068965516,
        350.86206896551727,
        2,
        707.3275862068965,
        353.448275862069,
        2,
        740.5172413793102,
        356.89655172413796,
        2,
        690.948275862069,
        358.18965517241384,
        2,
        773.7179487179487,
        419.2307692307692,
        2,
        679.4871794871794,
        416.025641025641,
        2,
        778.8461538461538,
        502.56410256410254,
        2,
        678.8461538461538,
        510.89743589743586,
        2,
        737.8205128205128,
        487.8205128205128,
        2,
        700.0,
        490.38461538461536,
        2,
        760.2564102564103,
        556.4102564102564,
        2,
        702.5641025641025,
        560.2564102564103,
        2,
        737.1794871794871,
        674.3589743589744,
        2,
        723.076923076923,
        669.2307692307692,
        1,
        724.4186046511628,
        786.6279069767442,
        2,
        759.3023255813954,
        747.0930232558139,
        2,
        724.4186046511628,
        798.2558139534884,
        1,
        765.1162790697674,
        764.5348837209302,
        2,
        719.1860465116279,
        812.7906976744187,
        2,
        751.1627906976744,
        770.9302325581396,
        2
      ],
      "num_keypoints": 21,
      "iscrowd": 0,
      "segmentation": []
    }
  ]
}