{
  "categories": [
    {
      "supercategory": "person",
      "id": 1,
      "name": "person",
      "keypoints": [
        "nose",
        "left_eye",
        "right_eye",
        "left_ear",
        "right_ear",
        "left_shoulder",
        "right_shoulder",
        "left_elbow",
        "right_elbow",
        "left_wrist",
        "right_wrist",
        "left_hip",
        "right_hip",
        "left_knee",
        "right_knee",
        "left_ankle",
        "right_ankle",
        "left_heel",
        "right_heel",
        "left_foot",
        "right_foot"
      ],
      "skeleton": [
        [
          1,
          2
        ],
        [
          0,
          1
        ],
        [
          0,
          2
        ],
        [
          1,
          3
        ],
        [
          2,
          4
        ],
        [
          5,
          6
        ],
        [
          5,
          7
        ],
        [
          7,
          9
        ],
        [
          6,
          8
        ],
        [
          8,
          10
        ],
        [
          5,
          11
        ],
        [
          6,
          12
        ],
        [
          11,
          12
        ],
        [
          11,
          13
        ],
        [
          13,
          15
        ],
        [
          12,
          14
        ],
        [
          14,
          16
        ],
        [
          16,
          18
        ],
        [
          16,
          20
        ],
        [
          20,
          18
        ],
        [
          15,
          17
        ],
        [
          15,
          19
        ],
        [
          19,
          17
        ]
      ]
    }
  ],
  "images": [
    {
      "file_name": "000000001652.jpg",
      "height": 1200,
      "width": 1600,
      "id": 0
    }
  ],
  "annotations": [
    {
      "category_id": 1,
      "image_id": 0,
      "id": 0,
      "bbox": [
        534.0277777777778,
        300.0,
        433.33333333333337,
        483.33333333333337
      ],
      "area": 209444.44444444447,
      "keypoints": [
        786.8055555555557,
        354.1666666666667,
        2,
        800.0,
        341.0,
        2,
        779.8611111111112,
        340.27777777777777,
        1,
        836.8055555555557,
        341.6666666666667,
        1,
        793.7500000000001,
        327.77777777777777,
        0,
        910.4166666666667,
        369.44444444444446,
        2,
        795.1388888888889,
        391.6666666666667,
        2,
        920.138888888889,
        484.72222222222223,
        2,
        789.5833333333334,
        454.1666666666667,
        2,
        931.2500000000001,
        580.5555555555555,
        2,
        779.8611111111112,
        556.9444444444445,
        1,
        859.0277777777778,
        534.7222222222223,
        2,
        800.6944444444446,
        531.9444444444445,
        2,
        777.0833333333334,
        625.0,
        2,
        725.6944444444445,
        600.0,
        2,
        661.8055555555557,
        691.6666666666667,
        2,
        627.0833333333334,
        666.6666666666667,
        2,
        642.3611111111112,
        743.0555555555555,
        1,
        596.5277777777778,
        736.1111111111112,
        2,
        614.5833333333334,
        701.3888888888889,
        2,
        570.1388888888889,
        688.8888888888889,
        1
      ],
      "num_keypoints": 20,
      "iscrowd": 0,
      "segmentation": []
    },
    {
      "category_id": 1,
      "image_id": 0,
      "id": 1,
      "bbox": [
        539.189393939394,
        364.71428571428567,
        259.72727272727263,
        594.857142857143
      ],
      "area": 154500.62337662335,
      "keypoints": [
        640.9090909090909,
        429.87012987012986,
        2,
        644.8051948051948,
        414.2857142857143,
        2,
        627.9220779220778,
        416.8831168831169,
        2,
        614.9350649350649,
        422.0779220779221,
        0,
        583.7662337662338,
        422.0779220779221,
        2,
        647.4025974025974,
        454.54545454545456,
        2,
        578.5714285714286,
        479.2207792207792,
        2,
        713.6363636363636,
        446.75324675324674,
        2,
        695.4545454545454,
        494.8051948051948,
        2,
        777.2727272727273,
        431.16883116883116,
        2,
        766.8831168831168,
        490.9090909090909,
        2,
        668.1818181818181,
        657.1428571428571,
        1,
        616.2337662337662,
        664.9350649350649,
        1,
        648.051948051948,
        753.2467532467532,
        1,
        593.5064935064935,
        787.012987012987,
        1,
        655.8333333333334,
        851.6666666666667,
        2,
        590.8333333333334,
        870.0000000000001,
        2,
        642.5,
        876.6666666666667,
        2,
        560.8333333333334,
        881.6666666666667,
        1,
        682.5,
        883.3333333333334,
        2,
        592.5,
        910.0000000000001,
        2
      ],
      "num_keypoints": 20,
      "iscrowd": 0,
      "segmentation": []
    }
  ]
}