{
  "categories": [
    {
      "supercategory": "person",
      "id": 1,
      "name": "person",
      "keypoints": [
        "nose",
        "left_eye",
        "right_eye",
        "left_ear",
        "right_ear",
        "left_shoulder",
        "right_shoulder",
        "left_elbow",
        "right_elbow",
        "left_wrist",
        "right_wrist",
        "left_hip",
        "right_hip",
        "left_knee",
        "right_knee",
        "left_ankle",
        "right_ankle",
        "left_heel",
        "right_heel",
        "left_foot",
        "right_foot"
      ],
      "skeleton": [
        [
          1,
          2
        ],
        [
          0,
          1
        ],
        [
          0,
          2
        ],
        [
          1,
          3
        ],
        [
          2,
          4
        ],
        [
          5,
          6
        ],
        [
          5,
          7
        ],
        [
          7,
          9
        ],
        [
          6,
          8
        ],
        [
          8,
          10
        ],
        [
          5,
          11
        ],
        [
          6,
          12
        ],
        [
          11,
          12
        ],
        [
          11,
          13
        ],
        [
          13,
          15
        ],
        [
          12,
          14
        ],
        [
          14,
          16
        ],
        [
          16,
          18
        ],
        [
          16,
          20
        ],
        [
          20,
          18
        ],
        [
          15,
          17
        ],
        [
          15,
          19
        ],
        [
          19,
          17
        ]
      ]
    }
  ],
  "images": [
    {
      "file_name": "000000000537.jpg",
      "height": 1200,
      "width": 1600,
      "id": 0
    }
  ],
  "annotations": [
    {
      "category_id": 1,
      "image_id": 0,
      "id": 0,
      "bbox": [
        830.9258028792913,
        258.1478405315615,
        284.70431893687714,
        341.7607973421927
      ],
      "area": 97300.77504663306,
      "keypoints": [
        866.3043478260869,
        310.8695652173913,
        2,
        877.9069767441861,
        294.7674418604651,
        2,
        854.6511627906976,
        294.1860465116279,
        2,
        920.9302325581396,
        286.6279069767442,
        2,
        853.5460992907801,
        282.2695035460993,
        0,
        1005.3191489361702,
        361.34751773049646,
        2,
        854.9645390070923,
        344.68085106382983,
        2,
        1042.5531914893618,
        444.68085106382983,
        2,
        873.758865248227,
        431.9148936170213,
        1,
        1043.6170212765958,
        544.6808510638298,
        2,
        882.6241134751774,
        512.0567375886525,
        2,
        1013.8297872340426,
        495.39007092198585,
        2,
        939.2241379310344,
        496.12068965517244,
        2,
        1050.4310344827586,
        534.9137931034483,
        1,
        1000.0,
        537.0689655172414,
        1,
        1083.974358974359,
        543.5897435897435,
        1,
        1062.8205128205127,
        520.5128205128206,
        0,
        1091.904761904762,
        526.1904761904761,
        1,
        1066.6666666666665,
        507.1428571428571,
        2,
        1090.4761904761904,
        571.4285714285714,
        2,
        1068.5714285714284,
        553.3333333333333,
        1
      ],
      "num_keypoints": 19,
      "iscrowd": 0,
      "segmentation": []
    },
    {
      "category_id": 1,
      "image_id": 0,
      "id": 1,
      "bbox": [
        651.5697674418604,
        345.4468864468864,
        225.34883720930225,
        620.3516483516484
      ],
      "area": 139795.5226169179,
      "keypoints": [
        729.047619047619,
        402.85714285714283,
        2,
        728.0952380952381,
        392.38095238095235,
        0,
        722.3809523809523,
        397.1428571428571,
        2,
        700.4761904761905,
        391.90476190476187,
        0,
        684.7619047619047,
        403.3333333333333,
        2,
        717.6190476190476,
        431.4285714285714,
        2,
        670.3488372093024,
        468.60465116279073,
        2,
        776.7441860465117,
        464.5348837209302,
        2,
        784.3023255813954,
        500.5813953488372,
        2,
        847.6744186046511,
        467.4418604651163,
        2,
        858.1395348837209,
        419.7674418604651,
        2,
        728.4883720930233,
        612.7906976744187,
        0,
        716.6666666666666,
        625.6410256410256,
        2,
        720.5128205128204,
        750.0,
        0,
        742.9487179487179,
        802.5641025641025,
        2,
        681.4102564102564,
        830.7692307692307,
        1,
        723.7179487179487,
        904.4871794871794,
        2,
        675.0,
        860.8974358974359,
        1,
        707.051282051282,
        911.5384615384615,
        1,
        704.4871794871794,
        844.8717948717948,
        0,
        754.4871794871794,
        914.1025641025641,
        2
      ],
      "num_keypoints": 16,
      "iscrowd": 0,
      "segmentation": []
    }
  ]
}