{
  "categories": [
    {
      "supercategory": "person",
      "id": 1,
      "name": "person",
      "keypoints": [
        "nose",
        "left_eye",
        "right_eye",
        "left_ear",
        "right_ear",
        "left_shoulder",
        "right_shoulder",
        "left_elbow",
        "right_elbow",
        "left_wrist",
        "right_wrist",
        "left_hip",
        "right_hip",
        "left_knee",
        "right_knee",
        "left_ankle",
        "right_ankle",
        "left_heel",
        "right_heel",
        "left_foot",
        "right_foot"
      ],
      "skeleton": [
        [
          1,
          2
        ],
        [
          0,
          1
        ],
        [
          0,
          2
        ],
        [
          1,
          3
        ],
        [
          2,
          4
        ],
        [
          5,
          6
        ],
        [
          5,
          7
        ],
        [
          7,
          9
        ],
        [
          6,
          8
        ],
        [
          8,
          10
        ],
        [
          5,
          11
        ],
        [
          6,
          12
        ],
        [
          11,
          12
        ],
        [
          11,
          13
        ],
        [
          13,
          15
        ],
        [
          12,
          14
        ],
        [
          14,
          16
        ],
        [
          16,
          18
        ],
        [
          16,
          20
        ],
        [
          20,
          18
        ],
        [
          15,
          17
        ],
        [
          15,
          19
        ],
        [
          19,
          17
        ]
      ]
    }
  ],
  "images": [
    {
      "file_name": "000000000022.jpg",
      "height": 1200,
      "width": 1600,
      "id": 0
    }
  ],
  "annotations": [
    {
      "category_id": 1,
      "image_id": 0,
      "id": 0,
      "bbox": [
        844.3087084776196,
        244.72063161547806,
        294.3824547903039,
        369.2347735554398
      ],
      "area": 108696.23903319235,
      "keypoints": [
        884.0,
        305.3333333333333,
        2,
        896.078431372549,
        290.19607843137254,
        2,
        873.5294117647059,
        294.11764705882354,
        1,
        934.313725490196,
        275.4901960784314,
        2,
        873.1884057971014,
        302.89855072463763,
        1,
        1005.7971014492753,
        321.0144927536232,
        2,
        868.8405797101449,
        342.0289855072464,
        2,
        1043.1372549019607,
        433.3333333333333,
        2,
        898.0392156862745,
        429.4117647058823,
        1,
        1051.9607843137255,
        522.5490196078431,
        2,
        899.0196078431372,
        495.09803921568624,
        2,
        1054.9019607843138,
        472.54901960784315,
        1,
        993.1372549019608,
        481.37254901960785,
        2,
        1084.8,
        516.8,
        1,
        1034.4,
        537.6,
        1,
        1114.159292035398,
        539.8230088495575,
        1,
        1062.8318584070796,
        552.2123893805309,
        0,
        1119.6078431372548,
        533.3333333333334,
        0,
        1081.3725490196077,
        544.1176470588235,
        1,
        1111.764705882353,
        582.3529411764706,
        2,
        1071.6814159292035,
        583.1858407079645,
        2
      ],
      "num_keypoints": 19,
      "iscrowd": 0,
      "segmentation": []
    },
    {
      "category_id": 1,
      "image_id": 0,
      "id": 1,
      "bbox": [
        709.4250572082381,
        321.2112010796221,
        147.42562929061774,
        607.004048582996
      ],
      "area": 89487.9538443009,
      "keypoints": [
        787.2549019607843,
        382.3529411764706,
        1,
        792.3076923076923,
        371.7948717948718,
        2,
        774.7252747252747,
        372.5274725274725,
        2,
        787.5457875457876,
        366.6666666666667,
        0,
        741.025641025641,
        373.992673992674,
        2,
        806.1946902654867,
        421.2389380530973,
        1,
        730.0884955752211,
        442.4778761061946,
        2,
        859.7826086956521,
        451.0869565217391,
        0,
        766.3043478260869,
        495.65217391304344,
        2,
        885.8695652173913,
        416.30434782608694,
        0,
        844.5652173913043,
        436.95652173913044,
        2,
        815.9420289855071,
        602.8985507246376,
        2,
        771.7391304347825,
        609.4202898550724,
        2,
        799.9999999999999,
        743.362831858407,
        2,
        765.4867256637167,
        742.4778761061946,
        2,
        774.3362831858407,
        825.6637168141592,
        2,
        743.1372549019608,
        833.3333333333334,
        2,
        761.7647058823529,
        850.0,
        0,
        721.7105263157895,
        860.5263157894736,
        2,
        806.578947368421,
        848.6842105263157,
        2,
        759.8684210526316,
        877.6315789473684,
        2
      ],
      "num_keypoints": 17,
      "iscrowd": 0,
      "segmentation": []
    }
  ]
}