{
  "categories": [
    {
      "supercategory": "person",
      "id": 1,
      "name": "person",
      "keypoints": [
        "nose",
        "left_eye",
        "right_eye",
        "left_ear",
        "right_ear",
        "left_shoulder",
        "right_shoulder",
        "left_elbow",
        "right_elbow",
        "left_wrist",
        "right_wrist",
        "left_hip",
        "right_hip",
        "left_knee",
        "right_knee",
        "left_ankle",
        "right_ankle",
        "left_heel",
        "right_heel",
        "left_foot",
        "right_foot"
      ],
      "skeleton": [
        [
          1,
          2
        ],
        [
          0,
          1
        ],
        [
          0,
          2
        ],
        [
          1,
          3
        ],
        [
          2,
          4
        ],
        [
          5,
          6
        ],
        [
          5,
          7
        ],
        [
          7,
          9
        ],
        [
          6,
          8
        ],
        [
          8,
          10
        ],
        [
          5,
          11
        ],
        [
          6,
          12
        ],
        [
          11,
          12
        ],
        [
          11,
          13
        ],
        [
          13,
          15
        ],
        [
          12,
          14
        ],
        [
          14,
          16
        ],
        [
          16,
          18
        ],
        [
          16,
          20
        ],
        [
          20,
          18
        ],
        [
          15,
          17
        ],
        [
          15,
          19
        ],
        [
          19,
          17
        ]
      ]
    }
  ],
  "images": [
    {
      "file_name": "000000000890.jpg",
      "height": 1200,
      "width": 1600,
      "id": 0
    }
  ],
  "annotations": [
    {
      "category_id": 1,
      "image_id": 0,
      "id": 0,
      "bbox": [
        912.3167067307693,
        242.71477450737905,
        213.13701923076906,
        436.6188473905514
      ],
      "area": 93059.63967279618,
      "keypoints": [
        965.6862745098039,
        317.6470588235294,
        2,
        979.0996784565917,
        307.7170418006431,
        2,
        956.2700964630226,
        309.967845659164,
        2,
        1012.540192926045,
        279.0996784565917,
        2,
        946.875,
        286.328125,
        0,
        1066.796875,
        312.5,
        2,
        930.078125,
        301.953125,
        2,
        1093.75,
        418.359375,
        2,
        936.328125,
        397.65625,
        2,
        1085.546875,
        511.71875,
        2,
        934.765625,
        489.453125,
        2,
        1055.46875,
        476.5625,
        2,
        976.9230769230769,
        473.0769230769231,
        2,
        1065.3846153846152,
        579.4871794871794,
        2,
        1024.3589743589744,
        585.8974358974359,
        2,
        1100.0,
        612.8205128205128,
        2,
        1060.2564102564102,
        611.5384615384615,
        2,
        1107.6923076923076,
        603.2051282051282,
        1,
        1079.4871794871794,
        610.8974358974359,
        1,
        1098.7179487179487,
        642.9487179487179,
        2,
        1067.3076923076924,
        642.9487179487179,
        2
      ],
      "num_keypoints": 20,
      "iscrowd": 0,
      "segmentation": []
    },
    {
      "category_id": 1,
      "image_id": 0,
      "id": 1,
      "bbox": [
        714.5147783251232,
        323.2017780172414,
        208.5812807881773,
        579.3911637931035
      ],
      "area": 120850.15102131815,
      "keypoints": [
        791.796875,
        385.546875,
        2,
        796.484375,
        376.953125,
        2,
        783.984375,
        374.21875,
        2,
        773.828125,
        370.703125,
        0,
        750.390625,
        371.484375,
        2,
        796.6666666666666,
        415.23809523809524,
        2,
        734.7619047619047,
        424.2857142857143,
        2,
        852.3809523809523,
        435.23809523809524,
        2,
        805.2380952380952,
        441.4285714285714,
        2,
        905.7142857142857,
        405.23809523809524,
        1,
        878.5714285714286,
        389.5238095238095,
        2,
        812.8205128205127,
        583.3333333333334,
        2,
        770.5128205128204,
        596.1538461538462,
        2,
        798.7179487179486,
        726.9230769230769,
        2,
        771.7948717948717,
        728.2051282051282,
        2,
        785.3448275862069,
        812.9310344827587,
        2,
        742.2413793103448,
        842.2413793103449,
        2,
        773.2758620689655,
        830.1724137931035,
        2,
        731.8965517241379,
        850.8620689655173,
        2,
        801.7241379310344,
        829.3103448275863,
        2,
        756.8965517241379,
        854.3103448275863,
        2
      ],
      "num_keypoints": 20,
      "iscrowd": 0,
      "segmentation": []
    }
  ]
}