{
  "categories": [
    {
      "supercategory": "person",
      "id": 1,
      "name": "person",
      "keypoints": [
        "nose",
        "left_eye",
        "right_eye",
        "left_ear",
        "right_ear",
        "left_shoulder",
        "right_shoulder",
        "left_elbow",
        "right_elbow",
        "left_wrist",
        "right_wrist",
        "left_hip",
        "right_hip",
        "left_knee",
        "right_knee",
        "left_ankle",
        "right_ankle",
        "left_heel",
        "right_heel",
        "left_foot",
        "right_foot"
      ],
      "skeleton": [
        [
          1,
          2
        ],
        [
          0,
          1
        ],
        [
          0,
          2
        ],
        [
          1,
          3
        ],
        [
          2,
          4
        ],
        [
          5,
          6
        ],
        [
          5,
          7
        ],
        [
          7,
          9
        ],
        [
          6,
          8
        ],
        [
          8,
          10
        ],
        [
          5,
          11
        ],
        [
          6,
          12
        ],
        [
          11,
          12
        ],
        [
          11,
          13
        ],
        [
          13,
          15
        ],
        [
          12,
          14
        ],
        [
          14,
          16
        ],
        [
          16,
          18
        ],
        [
          16,
          20
        ],
        [
          20,
          18
        ],
        [
          15,
          17
        ],
        [
          15,
          19
        ],
        [
          19,
          17
        ]
      ]
    }
  ],
  "images": [
    {
      "file_name": "000000001018.jpg",
      "height": 1200,
      "width": 1600,
      "id": 0
    }
  ],
  "annotations": [
    {
      "category_id": 1,
      "image_id": 0,
      "id": 0,
      "bbox": [
        368.58843537414964,
        174.8485845951284,
        713.3024118738406,
        384.7662936142199
      ],
      "area": 274454.72524278134,
      "keypoints": [
        868.4782608695651,
        218.47826086956522,
        1,
        885.2534562211982,
        208.7557603686636,
        2,
        864.516129032258,
        206.91244239631337,
        2,
        921.9081272084806,
        233.92226148409893,
        2,
        874.2049469964664,
        230.03533568904592,
        0,
        942.8571428571429,
        301.0204081632653,
        2,
        836.7346938775511,
        296.9387755102041,
        2,
        981.6326530612246,
        423.46938775510205,
        2,
        848.9795918367348,
        468.36734693877554,
        0,
        1022.4489795918369,
        527.5510204081633,
        2,
        851.0204081632654,
        519.3877551020408,
        1,
        803.8961038961039,
        437.6623376623377,
        2,
        787.6623376623376,
        451.94805194805195,
        0,
        687.6623376623377,
        325.97402597402595,
        2,
        659.0909090909091,
        355.84415584415586,
        0,
        517.5324675324675,
        261.038961038961,
        2,
        492.98245614035096,
        256.14035087719304,
        2,
        478.0701754385965,
        282.45614035087726,
        2,
        432.5757575757576,
        271.21212121212125,
        1,
        467.4242424242424,
        221.2121212121212,
        2,
        428.030303030303,
        215.15151515151513,
        2
      ],
      "num_keypoints": 17,
      "iscrowd": 0,
      "segmentation": []
    },
    {
      "category_id": 1,
      "image_id": 0,
      "id": 1,
      "bbox": [
        621.9856459330144,
        399.34726522187816,
        167.75119617224868,
        590.185758513932
      ],
      "area": 99004.366954538,
      "keypoints": [
        675.0,
        400.735294117647,
        0,
        685.2941176470588,
        383.0882352941176,
        0,
        669.1176470588235,
        387.5,
        0,
        654.4117647058823,
        374.2647058823529,
        0,
        638.970588235294,
        385.2941176470588,
        0,
        711.0294117647059,
        419.85294117647055,
        0,
        642.6470588235294,
        448.52941176470586,
        2,
        775.7575757575758,
        495.45454545454544,
        2,
        727.2727272727273,
        492.42424242424244,
        2,
        816.6666666666666,
        484.21052631578954,
        0,
        753.5087719298245,
        410.52631578947376,
        0,
        695.6140350877193,
        638.5964912280702,
        1,
        678.0701754385965,
        654.3859649122808,
        2,
        727.1929824561404,
        749.1228070175439,
        1,
        737.719298245614,
        778.9473684210526,
        2,
        660.5263157894736,
        808.7719298245614,
        2,
        693.859649122807,
        907.0175438596491,
        1,
        635.9649122807018,
        824.561403508772,
        2,
        681.578947368421,
        933.3333333333334,
        1,
        678.0701754385965,
        831.578947368421,
        1,
        727.1929824561404,
        940.3508771929825,
        2
      ],
      "num_keypoints": 13,
      "iscrowd": 0,
      "segmentation": []
    },
    {
      "category_id": 1,
      "image_id": 0,
      "id": 2,
      "bbox": [
        1126.606498194946,
        265.33580983274913,
        113.93501805054143,
        357.99926751425727
      ],
      "area": 40788.65300631751,
      "keypoints": [
        1190.0,
        299.99999999999994,
        2,
        1199.033816425121,
        295.1690821256039,
        2,
        1184.0579710144928,
        295.1690821256039,
        2,
        1210.144927536232,
        300.48309178743966,
        1,
        1181.5884476534295,
        300.3610108303249,
        0,
        1223.1046931407943,
        333.9350180505415,
        2,
        1160.28880866426,
        330.3249097472924,
        2,
        1231.0469314079423,
        402.52707581227435,
        2,
        1144.043321299639,
        397.8339350180505,
        0,
        1218.7725631768953,
        441.8772563176895,
        1,
        1138.6281588447653,
        435.01805054151623,
        0,
        1195.667870036101,
        446.57039711191334,
        2,
        1163.1768953068593,
        441.1552346570397,
        2,
        1190.9747292418772,
        524.5487364620939,
        2,
        1143.682310469314,
        519.4945848375452,
        1,
        1182.3104693140795,
        574.0072202166065,
        2,
        1136.101083032491,
        567.870036101083,
        2,
        1169.6750902527076,
        584.8375451263538,
        0,
        1141.5162454873646,
        584.8375451263538,
        0,
        1181.2274368231047,
        593.5018050541516,
        2,
        1124.9097472924188,
        587.0036101083033,
        0
      ],
      "num_keypoints": 15,
      "iscrowd": 0,
      "segmentation": []
    },
    {
      "category_id": 1,
      "image_id": 0,
      "id": 3,
      "bbox": [
        1001.5652173913043,
        286.677637276979,
        148.17391304347825,
        375.00779490732725
      ],
      "area": 55566.37239322483,
      "keypoints": [
        1121.4285714285713,
        323.57142857142856,
        2,
        1126.6932270916334,
        319.1235059760956,
        1,
        1113.9442231075695,
        317.9282868525896,
        2,
        1120.3187250996016,
        319.92031872509955,
        0,
        1097.211155378486,
        322.70916334661354,
        1,
        1128.6852589641433,
        354.1832669322709,
        2,
        1073.3067729083664,
        355.3784860557769,
        2,
        1130.6772908366534,
        430.67729083665336,
        2,
        1045.019920318725,
        415.53784860557766,
        1,
        1122.7091633466134,
        469.3227091633466,
        1,
        1050.996015936255,
        465.3386454183267,
        0,
        1098.00796812749,
        486.4541832669322,
        2,
        1068.9243027888444,
        486.85258964143424,
        0,
        1120.7171314741036,
        553.7848605577689,
        0,
        1045.2173913043478,
        539.1304347826086,
        0,
        1117.391304347826,
        608.695652173913,
        2,
        1024.3478260869565,
        593.9130434782608,
        1,
        1108.695652173913,
        624.3478260869565,
        1,
        1013.9130434782608,
        602.6086956521739,
        1,
        1137.391304347826,
        630.4347826086956,
        2,
        1022.6086956521738,
        611.3043478260869,
        2
      ],
      "num_keypoints": 16,
      "iscrowd": 0,
      "segmentation": []
    }
  ]
}