{
  "categories": [
    {
      "supercategory": "person",
      "id": 1,
      "name": "person",
      "keypoints": [
        "nose",
        "left_eye",
        "right_eye",
        "left_ear",
        "right_ear",
        "left_shoulder",
        "right_shoulder",
        "left_elbow",
        "right_elbow",
        "left_wrist",
        "right_wrist",
        "left_hip",
        "right_hip",
        "left_knee",
        "right_knee",
        "left_ankle",
        "right_ankle",
        "left_heel",
        "right_heel",
        "left_foot",
        "right_foot"
      ],
      "skeleton": [
        [
          1,
          2
        ],
        [
          0,
          1
        ],
        [
          0,
          2
        ],
        [
          1,
          3
        ],
        [
          2,
          4
        ],
        [
          5,
          6
        ],
        [
          5,
          7
        ],
        [
          7,
          9
        ],
        [
          6,
          8
        ],
        [
          8,
          10
        ],
        [
          5,
          11
        ],
        [
          6,
          12
        ],
        [
          11,
          12
        ],
        [
          11,
          13
        ],
        [
          13,
          15
        ],
        [
          12,
          14
        ],
        [
          14,
          16
        ],
        [
          16,
          18
        ],
        [
          16,
          20
        ],
        [
          20,
          18
        ],
        [
          15,
          17
        ],
        [
          15,
          19
        ],
        [
          19,
          17
        ]
      ]
    }
  ],
  "images": [
    {
      "file_name": "000000000358.jpg",
      "height": 1200,
      "width": 1600,
      "id": 0
    }
  ],
  "annotations": [
    {
      "category_id": 1,
      "image_id": 0,
      "id": 0,
      "bbox": [
        794.1092727972296,
        232.80369843527737,
        357.41439015005767,
        397.7069701280227
      ],
      "area": 142146.19418673444,
      "keypoints": [
        1046.987951807229,
        273.49397590361446,
        2,
        1063.2432432432431,
        265.94594594594594,
        2,
        1038.918918918919,
        267.02702702702703,
        2,
        1086.1842105263158,
        275.6578947368421,
        0,
        1034.2222222222222,
        278.22222222222223,
        1,
        1120.888888888889,
        324.44444444444446,
        2,
        1023.8938053097344,
        325.6637168141593,
        2,
        1117.391304347826,
        430.4347826086956,
        2,
        1001.0869565217391,
        426.0869565217391,
        2,
        1121.7391304347825,
        511.95652173913044,
        2,
        979.3478260869565,
        485.86956521739125,
        0,
        1073.4513274336282,
        476.9911504424778,
        2,
        1007.9646017699114,
        461.9469026548672,
        2,
        989.2156862745098,
        498.0392156862745,
        2,
        958.8235294117646,
        500.0,
        1,
        911.504424778761,
        541.5929203539822,
        2,
        881.4159292035397,
        553.0973451327433,
        2,
        876.4705882352941,
        581.3725490196078,
        2,
        851.9736842105264,
        597.3684210526316,
        2,
        865.7894736842105,
        523.0263157894736,
        1,
        823.8938053097344,
        533.6283185840707,
        1
      ],
      "num_keypoints": 19,
      "iscrowd": 0,
      "segmentation": []
    },
    {
      "category_id": 1,
      "image_id": 0,
      "id": 1,
      "bbox": [
        830.2221586575132,
        344.39561300430864,
        115.59496567505732,
        498.6039952996474
      ],
      "area": 57636.111722109184,
      "keypoints": [
        907.843137254902,
        393.1372549019608,
        2,
        916.7567567567567,
        385.94594594594594,
        2,
        898.6710963455149,
        388.3720930232558,
        2,
        927.906976744186,
        389.3687707641196,
        0,
        879.7342192691029,
        389.03654485049833,
        1,
        936.1842105263157,
        435.5263157894737,
        1,
        865.7894736842105,
        436.84210526315786,
        2,
        970.6521739130434,
        470.65217391304344,
        0,
        894.5652173913043,
        496.73913043478257,
        1,
        981.5217391304348,
        473.9130434782609,
        0,
        943.4782608695651,
        498.9130434782609,
        0,
        921.0144927536231,
        598.5507246376811,
        2,
        877.4509803921568,
        600.0,
        2,
        922.463768115942,
        687.6811594202898,
        2,
        865.9420289855071,
        695.6521739130434,
        2,
        913.0434782608695,
        752.8985507246376,
        2,
        858.4070796460176,
        774.3362831858407,
        2,
        907.1428571428572,
        775.5952380952381,
        1,
        839.855072463768,
        792.7536231884058,
        2,
        929.7101449275361,
        778.2608695652174,
        2,
        874.6376811594203,
        801.4492753623188,
        2
      ],
      "num_keypoints": 17,
      "iscrowd": 0,
      "segmentation": []
    }
  ]
}