{
  "categories": [
    {
      "supercategory": "person",
      "id": 1,
      "name": "person",
      "keypoints": [
        "nose",
        "left_eye",
        "right_eye",
        "left_ear",
        "right_ear",
        "left_shoulder",
        "right_shoulder",
        "left_elbow",
        "right_elbow",
        "left_wrist",
        "right_wrist",
        "left_hip",
        "right_hip",
        "left_knee",
        "right_knee",
        "left_ankle",
        "right_ankle",
        "left_heel",
        "right_heel",
        "left_foot",
        "right_foot"
      ],
      "skeleton": [
        [
          1,
          2
        ],
        [
          0,
          1
        ],
        [
          0,
          2
        ],
        [
          1,
          3
        ],
        [
          2,
          4
        ],
        [
          5,
          6
        ],
        [
          5,
          7
        ],
        [
          7,
          9
        ],
        [
          6,
          8
        ],
        [
          8,
          10
        ],
        [
          5,
          11
        ],
        [
          6,
          12
        ],
        [
          11,
          12
        ],
        [
          11,
          13
        ],
        [
          13,
          15
        ],
        [
          12,
          14
        ],
        [
          14,
          16
        ],
        [
          16,
          18
        ],
        [
          16,
          20
        ],
        [
          20,
          18
        ],
        [
          15,
          17
        ],
        [
          15,
          19
        ],
        [
          19,
          17
        ]
      ]
    }
  ],
  "images": [
    {
      "file_name": "000000001818.jpg",
      "height": 1200,
      "width": 1600,
      "id": 0
    }
  ],
  "annotations": [
    {
      "category_id": 1,
      "image_id": 0,
      "id": 0,
      "bbox": [
        482.32593795093794,
        362.711038961039,
        253.75541125541122,
        597.4675324675325
      ],
      "area": 151610.61941305446,
      "keypoints": [
        547.9166666666667,
        426.3888888888889,
        2,
        567.3611111111112,
        416.6666666666667,
        2,
        538.1944444444445,
        412.5,
        2,
        593.7500000000001,
        423.61111111111114,
        2,
        549.3055555555557,
        416.6666666666667,
        0,
        604.8611111111112,
        501.3888888888889,
        2,
        534.0277777777778,
        465.27777777777777,
        2,
        606.2500000000001,
        588.8888888888889,
        2,
        503.47222222222223,
        483.33333333333337,
        2,
        581.2500000000001,
        651.3888888888889,
        1,
        506.25000000000006,
        437.5,
        2,
        603.4722222222223,
        672.2222222222223,
        1,
        545.1388888888889,
        663.8888888888889,
        1,
        632.6388888888889,
        754.1666666666667,
        1,
        552.0833333333334,
        765.2777777777778,
        1,
        696.5277777777778,
        798.6111111111111,
        1,
        546.5277777777778,
        873.6111111111112,
        1,
        714.9350649350649,
        784.4155844155844,
        2,
        559.0909090909091,
        902.5974025974026,
        2,
        688.961038961039,
        824.6753246753246,
        1,
        530.5194805194805,
        910.3896103896104,
        2
      ],
      "num_keypoints": 20,
      "iscrowd": 0,
      "segmentation": []
    },
    {
      "category_id": 1,
      "image_id": 0,
      "id": 1,
      "bbox": [
        721.0,
        341.49999999999994,
        138.0,
        592.909090909091
      ],
      "area": 81821.45454545456,
      "keypoints": [
        739.6103896103896,
        412.987012987013,
        0,
        733.1168831168831,
        394.8051948051948,
        0,
        740.9090909090909,
        390.9090909090909,
        1,
        749.0,
        397.0,
        2,
        762.0,
        396.0,
        0,
        752.0,
        472.0,
        2,
        770.0,
        453.0,
        0,
        755.1948051948052,
        568.8311688311688,
        2,
        796.7532467532467,
        570.1298701298701,
        0,
        738.3116883116883,
        632.4675324675325,
        2,
        803.2467532467532,
        635.0649350649351,
        0,
        775.974025974026,
        644.1558441558442,
        2,
        818.8311688311688,
        641.5584415584416,
        2,
        742.8571428571428,
        757.1428571428571,
        2,
        809.090909090909,
        723.3766233766233,
        2,
        759.1666666666667,
        855.0000000000001,
        2,
        832.5,
        855.0000000000001,
        2,
        775.8333333333335,
        881.6666666666667,
        2,
        847.5,
        876.6666666666667,
        2,
        732.5,
        885.0000000000001,
        2,
        820.8333333333335,
        860.0000000000001,
        1
      ],
      "num_keypoints": 15,
      "iscrowd": 0,
      "segmentation": []
    }
  ]
}