{
  "categories": [
    {
      "supercategory": "person",
      "id": 1,
      "name": "person",
      "keypoints": [
        "nose",
        "left_eye",
        "right_eye",
        "left_ear",
        "right_ear",
        "left_shoulder",
        "right_shoulder",
        "left_elbow",
        "right_elbow",
        "left_wrist",
        "right_wrist",
        "left_hip",
        "right_hip",
        "left_knee",
        "right_knee",
        "left_ankle",
        "right_ankle",
        "left_heel",
        "right_heel",
        "left_foot",
        "right_foot"
      ],
      "skeleton": [
        [
          1,
          2
        ],
        [
          0,
          1
        ],
        [
          0,
          2
        ],
        [
          1,
          3
        ],
        [
          2,
          4
        ],
        [
          5,
          6
        ],
        [
          5,
          7
        ],
        [
          7,
          9
        ],
        [
          6,
          8
        ],
        [
          8,
          10
        ],
        [
          5,
          11
        ],
        [
          6,
          12
        ],
        [
          11,
          12
        ],
        [
          11,
          13
        ],
        [
          13,
          15
        ],
        [
          12,
          14
        ],
        [
          14,
          16
        ],
        [
          16,
          18
        ],
        [
          16,
          20
        ],
        [
          20,
          18
        ],
        [
          15,
          17
        ],
        [
          15,
          19
        ],
        [
          19,
          17
        ]
      ]
    }
  ],
  "images": [
    {
      "file_name": "000000000550.jpg",
      "height": 1200,
      "width": 1600,
      "id": 0
    }
  ],
  "annotations": [
    {
      "category_id": 1,
      "image_id": 0,
      "id": 0,
      "bbox": [
        682.3860398860398,
        167.76556776556777,
        395.9829059829059,
        558.2417582417582
      ],
      "area": 221054.19366957824,
      "keypoints": [
        923.5294117647059,
        228.4313725490196,
        2,
        940.4761904761905,
        216.19047619047618,
        2,
        918.5714285714286,
        214.28571428571428,
        2,
        981.9047619047618,
        225.23809523809524,
        2,
        923.6790606653619,
        220.35225048923678,
        0,
        1032.876712328767,
        317.8082191780822,
        2,
        905.4794520547945,
        297.06457925636005,
        2,
        1045.3703703703702,
        430.86419753086415,
        2,
        880.5555555555555,
        397.2222222222222,
        1,
        1043.2098765432097,
        540.1234567901234,
        2,
        896.2962962962962,
        503.39506172839504,
        0,
        989.5061728395061,
        479.0123456790123,
        2,
        886.6666666666666,
        466.19047619047615,
        2,
        895.2380952380952,
        530.4761904761905,
        2,
        853.8095238095237,
        522.8571428571429,
        2,
        791.025641025641,
        633.3333333333334,
        2,
        756.4102564102564,
        621.7948717948718,
        1,
        767.9487179487179,
        674.3589743589744,
        1,
        733.9743589743589,
        679.4871794871794,
        1,
        755.7692307692307,
        639.7435897435897,
        2,
        715.3846153846154,
        651.2820512820513,
        2
      ],
      "num_keypoints": 19,
      "iscrowd": 0,
      "segmentation": []
    },
    {
      "category_id": 1,
      "image_id": 0,
      "id": 1,
      "bbox": [
        638.3720930232558,
        325.84603047313556,
        258.1395348837209,
        641.5717722534082
      ],
      "area": 165615.0388840193,
      "keypoints": [
        740.948275862069,
        393.5344827586207,
        2,
        746.5517241379309,
        379.3103448275862,
        2,
        727.5862068965516,
        385.7758620689655,
        2,
        724.1379310344827,
        374.5689655172414,
        0,
        689.655172413793,
        390.948275862069,
        2,
        748.2758620689655,
        425.00000000000006,
        2,
        696.1538461538461,
        453.8461538461538,
        2,
        811.5384615384615,
        471.15384615384613,
        1,
        821.1538461538461,
        475.0,
        2,
        853.2051282051282,
        464.7435897435897,
        2,
        875.0,
        391.66666666666663,
        2,
        758.3333333333333,
        591.025641025641,
        0,
        730.7692307692307,
        612.8205128205128,
        0,
        729.4871794871794,
        724.3589743589744,
        0,
        758.1395348837209,
        783.7209302325582,
        2,
        667.4418604651163,
        802.9069767441861,
        2,
        730.232558139535,
        900.0,
        2,
        659.8837209302326,
        827.9069767441861,
        2,
        716.2790697674419,
        913.953488372093,
        1,
        694.1860465116279,
        816.2790697674419,
        0,
        748.2558139534884,
        913.953488372093,
        2
      ],
      "num_keypoints": 16,
      "iscrowd": 0,
      "segmentation": []
    }
  ]
}