{
  "categories": [
    {
      "supercategory": "person",
      "id": 1,
      "name": "person",
      "keypoints": [
        "nose",
        "left_eye",
        "right_eye",
        "left_ear",
        "right_ear",
        "left_shoulder",
        "right_shoulder",
        "left_elbow",
        "right_elbow",
        "left_wrist",
        "right_wrist",
        "left_hip",
        "right_hip",
        "left_knee",
        "right_knee",
        "left_ankle",
        "right_ankle",
        "left_heel",
        "right_heel",
        "left_foot",
        "right_foot"
      ],
      "skeleton": [
        [
          1,
          2
        ],
        [
          0,
          1
        ],
        [
          0,
          2
        ],
        [
          1,
          3
        ],
        [
          2,
          4
        ],
        [
          5,
          6
        ],
        [
          5,
          7
        ],
        [
          7,
          9
        ],
        [
          6,
          8
        ],
        [
          8,
          10
        ],
        [
          5,
          11
        ],
        [
          6,
          12
        ],
        [
          11,
          12
        ],
        [
          11,
          13
        ],
        [
          13,
          15
        ],
        [
          12,
          14
        ],
        [
          14,
          16
        ],
        [
          16,
          18
        ],
        [
          16,
          20
        ],
        [
          20,
          18
        ],
        [
          15,
          17
        ],
        [
          15,
          19
        ],
        [
          19,
          17
        ]
      ]
    }
  ],
  "images": [
    {
      "file_name": "000000001621.jpg",
      "height": 1200,
      "width": 1600,
      "id": 0
    }
  ],
  "annotations": [
    {
      "category_id": 1,
      "image_id": 0,
      "id": 0,
      "bbox": [
        844.7222222222223,
        307.7777777777778,
        238.33333333333314,
        490.0
      ],
      "area": 116783.33333333324,
      "keypoints": [
        942.3611111111112,
        368.05555555555554,
        2,
        960.4166666666669,
        359.72222222222223,
        2,
        935.4166666666669,
        348.61111111111114,
        2,
        977.0833333333334,
        356.94444444444446,
        1,
        918.7500000000001,
        347.22222222222223,
        0,
        996.5277777777779,
        397.22222222222223,
        2,
        886.8055555555557,
        387.5,
        1,
        1063.1944444444443,
        434.72222222222223,
        2,
        899.3055555555557,
        473.61111111111114,
        1,
        1036.8055555555554,
        486.11111111111114,
        2,
        935.4166666666669,
        495.83333333333337,
        1,
        949.3055555555555,
        545.8333333333334,
        2,
        896.5277777777778,
        554.1666666666667,
        1,
        931.2500000000001,
        619.4444444444445,
        1,
        881.2500000000001,
        637.5,
        1,
        935.4166666666669,
        712.5,
        2,
        864.5833333333334,
        715.2777777777778,
        1,
        939.5833333333334,
        727.7777777777778,
        2,
        874.3055555555557,
        731.9444444444445,
        0,
        910.4166666666667,
        756.9444444444445,
        2,
        859.0277777777778,
        744.4444444444445,
        0
      ],
      "num_keypoints": 18,
      "iscrowd": 0,
      "segmentation": []
    },
    {
      "category_id": 1,
      "image_id": 0,
      "id": 1,
      "bbox": [
        778.667748917749,
        259.35714285714283,
        125.9870129870128,
        627.9740259740261
      ],
      "area": 79116.57176589634,
      "keypoints": [
        847.4025974025974,
        328.57142857142856,
        2,
        829.2207792207791,
        315.5844155844156,
        0,
        840.9090909090909,
        311.68831168831167,
        2,
        814.9350649350649,
        315.5844155844156,
        0,
        804.5454545454545,
        315.5844155844156,
        2,
        804.5454545454545,
        398.7012987012987,
        0,
        809.7402597402597,
        400.0,
        2,
        837.012987012987,
        492.2077922077922,
        0,
        883.7662337662338,
        454.54545454545456,
        2,
        857.7922077922078,
        497.4025974025974,
        1,
        894.1558441558441,
        396.1038961038961,
        2,
        862.9870129870129,
        592.2077922077922,
        2,
        824.025974025974,
        597.4025974025974,
        2,
        890.9090909090909,
        696.1038961038961,
        2,
        824.6753246753246,
        692.2077922077922,
        1,
        832.5,
        778.3333333333334,
        1,
        815.8333333333335,
        805.0000000000001,
        2,
        800.8333333333335,
        770.0000000000001,
        1,
        789.1666666666667,
        818.3333333333334,
        2,
        855.8333333333335,
        791.6666666666667,
        1,
        832.5,
        835.0000000000001,
        2
      ],
      "num_keypoints": 17,
      "iscrowd": 0,
      "segmentation": []
    }
  ]
}