{
  "categories": [
    {
      "supercategory": "person",
      "id": 1,
      "name": "person",
      "keypoints": [
        "nose",
        "left_eye",
        "right_eye",
        "left_ear",
        "right_ear",
        "left_shoulder",
        "right_shoulder",
        "left_elbow",
        "right_elbow",
        "left_wrist",
        "right_wrist",
        "left_hip",
        "right_hip",
        "left_knee",
        "right_knee",
        "left_ankle",
        "right_ankle",
        "left_heel",
        "right_heel",
        "left_foot",
        "right_foot"
      ],
      "skeleton": [
        [
          1,
          2
        ],
        [
          0,
          1
        ],
        [
          0,
          2
        ],
        [
          1,
          3
        ],
        [
          2,
          4
        ],
        [
          5,
          6
        ],
        [
          5,
          7
        ],
        [
          7,
          9
        ],
        [
          6,
          8
        ],
        [
          8,
          10
        ],
        [
          5,
          11
        ],
        [
          6,
          12
        ],
        [
          11,
          12
        ],
        [
          11,
          13
        ],
        [
          13,
          15
        ],
        [
          12,
          14
        ],
        [
          14,
          16
        ],
        [
          16,
          18
        ],
        [
          16,
          20
        ],
        [
          20,
          18
        ],
        [
          15,
          17
        ],
        [
          15,
          19
        ],
        [
          19,
          17
        ]
      ]
    }
  ],
  "images": [
    {
      "file_name": "000000001502.jpg",
      "height": 1200,
      "width": 1600,
      "id": 0
    }
  ],
  "annotations": [
    {
      "category_id": 1,
      "image_id": 0,
      "id": 0,
      "bbox": [
        502.3611111111112,
        284.30555555555554,
        480.0,
        338.33333333333337
      ],
      "area": 162400.00000000003,
      "keypoints": [
        831.2500000000001,
        329.1666666666667,
        2,
        847.0,
        313.0,
        2,
        824.3055555555557,
        312.5,
        2,
        884.0277777777778,
        315.27777777777777,
        2,
        836.8055555555557,
        311.11111111111114,
        0,
        918.7500000000001,
        388.8888888888889,
        2,
        811.8055555555557,
        368.05555555555554,
        2,
        925.6944444444445,
        480.5555555555556,
        2,
        793.7500000000001,
        459.72222222222223,
        1,
        942.3611111111112,
        594.4444444444445,
        2,
        771.5277777777778,
        579.1666666666667,
        1,
        854.8611111111112,
        551.3888888888889,
        2,
        809.0277777777778,
        581.9444444444445,
        1,
        771.5277777777778,
        494.44444444444446,
        2,
        720.1388888888889,
        511.11111111111114,
        1,
        664.5833333333334,
        513.8888888888889,
        2,
        590.9722222222223,
        511.11111111111114,
        1,
        624.3055555555557,
        540.2777777777778,
        2,
        565.9722222222223,
        533.3333333333334,
        2,
        624.3055555555557,
        470.8333333333333,
        2,
        542.3611111111112,
        447.22222222222223,
        1
      ],
      "num_keypoints": 20,
      "iscrowd": 0,
      "segmentation": []
    },
    {
      "category_id": 1,
      "image_id": 0,
      "id": 1,
      "bbox": [
        652.4512987012987,
        320.57142857142856,
        120.58441558441552,
        719.3766233766236
      ],
      "area": 86745.60971496034,
      "keypoints": [
        738.1944444444445,
        398.6111111111111,
        2,
        742.2077922077922,
        380.5194805194805,
        1,
        726.6233766233767,
        384.4155844155844,
        2,
        746.1038961038961,
        384.4155844155844,
        0,
        687.6623376623377,
        385.7142857142857,
        2,
        734.4155844155844,
        448.05194805194805,
        2,
        670.7792207792207,
        481.8181818181818,
        1,
        777.2727272727273,
        512.987012987013,
        0,
        698.051948051948,
        588.3116883116883,
        2,
        820.1298701298701,
        494.8051948051948,
        0,
        762.9870129870129,
        528.5714285714286,
        1,
        747.4025974025974,
        651.9480519480519,
        2,
        705.8441558441558,
        667.5324675324675,
        2,
        738.3116883116883,
        798.7012987012987,
        2,
        697.4025974025974,
        805.1948051948052,
        2,
        720.8333333333334,
        901.6666666666667,
        2,
        670.8333333333334,
        940.0000000000001,
        2,
        697.5,
        921.6666666666667,
        1,
        662.5,
        963.3333333333334,
        2,
        745.8333333333334,
        918.3333333333334,
        2,
        714.1666666666667,
        980.0000000000001,
        2
      ],
      "num_keypoints": 18,
      "iscrowd": 0,
      "segmentation": []
    }
  ]
}