{
  "categories": [
    {
      "supercategory": "person",
      "id": 1,
      "name": "person",
      "keypoints": [
        "nose",
        "left_eye",
        "right_eye",
        "left_ear",
        "right_ear",
        "left_shoulder",
        "right_shoulder",
        "left_elbow",
        "right_elbow",
        "left_wrist",
        "right_wrist",
        "left_hip",
        "right_hip",
        "left_knee",
        "right_knee",
        "left_ankle",
        "right_ankle",
        "left_heel",
        "right_heel",
        "left_foot",
        "right_foot"
      ],
      "skeleton": [
        [
          1,
          2
        ],
        [
          0,
          1
        ],
        [
          0,
          2
        ],
        [
          1,
          3
        ],
        [
          2,
          4
        ],
        [
          5,
          6
        ],
        [
          5,
          7
        ],
        [
          7,
          9
        ],
        [
          6,
          8
        ],
        [
          8,
          10
        ],
        [
          5,
          11
        ],
        [
          6,
          12
        ],
        [
          11,
          12
        ],
        [
          11,
          13
        ],
        [
          13,
          15
        ],
        [
          12,
          14
        ],
        [
          14,
          16
        ],
        [
          16,
          18
        ],
        [
          16,
          20
        ],
        [
          20,
          18
        ],
        [
          15,
          17
        ],
        [
          15,
          19
        ],
        [
          19,
          17
        ]
      ]
    }
  ],
  "images": [
    {
      "file_name": "000000000532.jpg",
      "height": 1200,
      "width": 1600,
      "id": 0
    }
  ],
  "annotations": [
    {
      "category_id": 1,
      "image_id": 0,
      "id": 0,
      "bbox": [
        790.8115232184252,
        184.6311773255814,
        284.68032603006054,
        756.3008720930234
      ],
      "area": 215303.978844261,
      "keypoints": [
        917.6470588235294,
        266.6666666666667,
        2,
        935.546875,
        253.90625,
        2,
        913.671875,
        252.734375,
        2,
        973.828125,
        247.65625,
        2,
        910.9324758842444,
        243.40836012861737,
        0,
        1040.5144694533763,
        314.79099678456595,
        2,
        899.3569131832797,
        301.2861736334405,
        2,
        1051.7684887459807,
        433.4405144694534,
        2,
        892.2829581993569,
        423.1511254019293,
        1,
        1042.4437299035371,
        541.1575562700965,
        2,
        883.6012861736335,
        510.6109324758843,
        1,
        986.4951768488746,
        539.871382636656,
        2,
        889.655172413793,
        520.6896551724138,
        2,
        920.6896551724137,
        669.8275862068966,
        2,
        862.0689655172413,
        663.7931034482759,
        2,
        869.230769230769,
        825.6410256410256,
        2,
        833.3333333333333,
        819.2307692307692,
        2,
        881.3953488372093,
        853.4883720930233,
        2,
        838.953488372093,
        850.5813953488372,
        1,
        845.9302325581396,
        877.9069767441861,
        2,
        814.5348837209302,
        875.5813953488372,
        2
      ],
      "num_keypoints": 20,
      "iscrowd": 0,
      "segmentation": []
    },
    {
      "category_id": 1,
      "image_id": 0,
      "id": 1,
      "bbox": [
        648.9705292702486,
        307.53205128205127,
        255.4570970328789,
        659.6153846153846
      ],
      "area": 168503.43131207203,
      "keypoints": [
        724.5689655172413,
        378.448275862069,
        2,
        723.7068965517241,
        362.5,
        2,
        709.4827586206895,
        371.55172413793105,
        2,
        703.448275862069,
        357.7586206896552,
        0,
        670.2586206896551,
        386.6379310344828,
        2,
        736.6379310344827,
        420.2586206896552,
        2,
        686.6279069767442,
        447.6744186046512,
        2,
        805.232558139535,
        491.27906976744185,
        2,
        789.5348837209302,
        462.2093023255814,
        2,
        857.5581395348837,
        476.74418604651163,
        2,
        883.1395348837209,
        406.9767441860465,
        2,
        733.1395348837209,
        598.2558139534884,
        0,
        716.6666666666666,
        610.2564102564103,
        2,
        723.076923076923,
        739.7435897435897,
        0,
        732.7586206896551,
        768.9655172413794,
        2,
        677.5862068965516,
        835.344827586207,
        1,
        723.7179487179487,
        892.3076923076923,
        2,
        676.9230769230769,
        859.6153846153846,
        1,
        720.5128205128204,
        912.1794871794872,
        1,
        713.4615384615385,
        849.3589743589744,
        0,
        741.6666666666666,
        907.051282051282,
        2
      ],
      "num_keypoints": 17,
      "iscrowd": 0,
      "segmentation": []
    }
  ]
}