{
  "categories": [
    {
      "supercategory": "person",
      "id": 1,
      "name": "person",
      "keypoints": [
        "nose",
        "left_eye",
        "right_eye",
        "left_ear",
        "right_ear",
        "left_shoulder",
        "right_shoulder",
        "left_elbow",
        "right_elbow",
        "left_wrist",
        "right_wrist",
        "left_hip",
        "right_hip",
        "left_knee",
        "right_knee",
        "left_ankle",
        "right_ankle",
        "left_heel",
        "right_heel",
        "left_foot",
        "right_foot"
      ],
      "skeleton": [
        [
          1,
          2
        ],
        [
          0,
          1
        ],
        [
          0,
          2
        ],
        [
          1,
          3
        ],
        [
          2,
          4
        ],
        [
          5,
          6
        ],
        [
          5,
          7
        ],
        [
          7,
          9
        ],
        [
          6,
          8
        ],
        [
          8,
          10
        ],
        [
          5,
          11
        ],
        [
          6,
          12
        ],
        [
          11,
          12
        ],
        [
          11,
          13
        ],
        [
          13,
          15
        ],
        [
          12,
          14
        ],
        [
          14,
          16
        ],
        [
          16,
          18
        ],
        [
          16,
          20
        ],
        [
          20,
          18
        ],
        [
          15,
          17
        ],
        [
          15,
          19
        ],
        [
          19,
          17
        ]
      ]
    }
  ],
  "images": [
    {
      "file_name": "000000001517.jpg",
      "height": 1200,
      "width": 1600,
      "id": 0
    }
  ],
  "annotations": [
    {
      "category_id": 1,
      "image_id": 0,
      "id": 0,
      "bbox": [
        664.0277777777778,
        466.66666666666663,
        173.33333333333337,
        433.33333333333337
      ],
      "area": 75111.11111111114,
      "keypoints": [
        718.7500000000001,
        515.2777777777778,
        2,
        732.0,
        503.0,
        2,
        711.8055555555557,
        502.77777777777777,
        2,
        757.6388888888889,
        504.1666666666667,
        2,
        706.2500000000001,
        498.61111111111114,
        0,
        775.6944444444446,
        544.4444444444445,
        2,
        697.9166666666667,
        555.5555555555555,
        2,
        822.9166666666667,
        530.5555555555555,
        2,
        693.7500000000001,
        623.6111111111111,
        1,
        809.0277777777778,
        558.3333333333334,
        1,
        678.4722222222223,
        700.0,
        2,
        777.0833333333334,
        695.8333333333334,
        1,
        718.7500000000001,
        680.5555555555555,
        2,
        740.9722222222223,
        793.0555555555555,
        2,
        690.9722222222223,
        788.8888888888889,
        2,
        771.5277777777778,
        830.5555555555555,
        2,
        721.5277777777778,
        831.9444444444445,
        2,
        804.8611111111112,
        841.6666666666667,
        2,
        743.7500000000001,
        844.4444444444446,
        1,
        768.7500000000001,
        863.8888888888889,
        2,
        700.6944444444445,
        854.1666666666667,
        2
      ],
      "num_keypoints": 20,
      "iscrowd": 0,
      "segmentation": []
    },
    {
      "category_id": 1,
      "image_id": 0,
      "id": 1,
      "bbox": [
        308.79761904761904,
        434.07142857142856,
        338.58441558441564,
        666.4675324675326
      ],
      "area": 225655.51998650708,
      "keypoints": [
        464.5833333333333,
        502.77777777777777,
        0,
        443.5064935064935,
        484.4155844155844,
        0,
        488.961038961039,
        487.012987012987,
        0,
        430.5194805194805,
        496.1038961038961,
        0,
        474.67532467532465,
        489.6103896103896,
        2,
        381.16883116883116,
        551.9480519480519,
        1,
        466.8831168831168,
        576.6233766233767,
        2,
        378.57142857142856,
        680.5194805194805,
        0,
        470.77922077922074,
        705.1948051948052,
        1,
        422.7272727272727,
        718.1818181818181,
        0,
        487.6623376623377,
        781.8181818181818,
        2,
        337.012987012987,
        766.2337662337662,
        2,
        399.35064935064935,
        779.2207792207791,
        1,
        421.4285714285714,
        903.8961038961039,
        1,
        519.4805194805194,
        857.1428571428571,
        2,
        420.83333333333337,
        1025.0,
        2,
        579.1666666666667,
        978.3333333333334,
        2,
        407.5,
        1045.0,
        2,
        577.5,
        1015.0000000000001,
        2,
        444.16666666666674,
        1021.6666666666667,
        1,
        619.1666666666667,
        976.6666666666667,
        2
      ],
      "num_keypoints": 15,
      "iscrowd": 0,
      "segmentation": []
    }
  ]
}