{
  "categories": [
    {
      "supercategory": "person",
      "id": 1,
      "name": "person",
      "keypoints": [
        "nose",
        "left_eye",
        "right_eye",
        "left_ear",
        "right_ear",
        "left_shoulder",
        "right_shoulder",
        "left_elbow",
        "right_elbow",
        "left_wrist",
        "right_wrist",
        "left_hip",
        "right_hip",
        "left_knee",
        "right_knee",
        "left_ankle",
        "right_ankle",
        "left_heel",
        "right_heel",
        "left_foot",
        "right_foot"
      ],
      "skeleton": [
        [
          1,
          2
        ],
        [
          0,
          1
        ],
        [
          0,
          2
        ],
        [
          1,
          3
        ],
        [
          2,
          4
        ],
        [
          5,
          6
        ],
        [
          5,
          7
        ],
        [
          7,
          9
        ],
        [
          6,
          8
        ],
        [
          8,
          10
        ],
        [
          5,
          11
        ],
        [
          6,
          12
        ],
        [
          11,
          12
        ],
        [
          11,
          13
        ],
        [
          13,
          15
        ],
        [
          12,
          14
        ],
        [
          14,
          16
        ],
        [
          16,
          18
        ],
        [
          16,
          20
        ],
        [
          20,
          18
        ],
        [
          15,
          17
        ],
        [
          15,
          19
        ],
        [
          19,
          17
        ]
      ]
    }
  ],
  "images": [
    {
      "file_name": "000000001330.jpg",
      "height": 1200,
      "width": 1600,
      "id": 0
    }
  ],
  "annotations": [
    {
      "category_id": 1,
      "image_id": 0,
      "id": 0,
      "bbox": [
        770.1363636363635,
        173.83888388838884,
        312.909090909091,
        777.2997299729973
      ],
      "area": 243224.15186973248,
      "keypoints": [
        954.4554455445544,
        251.2871287128713,
        2,
        970.0990099009902,
        238.6138613861386,
        2,
        946.8023255813954,
        240.98837209302326,
        2,
        1007.5581395348837,
        249.12790697674419,
        2,
        973.9393939393939,
        255.75757575757575,
        0,
        1030.9090909090908,
        318.18181818181813,
        2,
        908.4848484848484,
        314.5454545454545,
        2,
        1056.969696969697,
        429.09090909090907,
        2,
        893.8775510204082,
        433.67346938775506,
        2,
        1044.8979591836735,
        533.6734693877551,
        2,
        884.6666666666666,
        517.3333333333334,
        2,
        987.6623376623376,
        549.3506493506493,
        2,
        883.7662337662338,
        525.974025974026,
        2,
        918.8311688311688,
        681.8181818181818,
        2,
        856.4935064935065,
        676.6233766233767,
        2,
        879.2207792207791,
        831.1688311688312,
        2,
        824.6753246753246,
        805.1948051948052,
        2,
        877.922077922078,
        868.8311688311688,
        2,
        828.0303030303029,
        846.969696969697,
        2,
        856.8181818181819,
        886.3636363636364,
        2,
        796.2121212121211,
        863.6363636363636,
        2
      ],
      "num_keypoints": 20,
      "iscrowd": 0,
      "segmentation": []
    },
    {
      "category_id": 1,
      "image_id": 0,
      "id": 1,
      "bbox": [
        679.6066433566434,
        324.05031446540886,
        202.4125874125873,
        646.4905660377358
      ],
      "area": 130857.82820952624,
      "keypoints": [
        747.4025974025974,
        402.5974025974026,
        2,
        744.6969696969696,
        384.8484848484849,
        1,
        731.3207547169811,
        388.6792452830189,
        2,
        718.3018867924528,
        377.9245283018868,
        2,
        698.1693363844394,
        398.39816933638446,
        0,
        762.5,
        441.3461538461538,
        2,
        696.474358974359,
        471.47435897435895,
        2,
        865.1515151515151,
        468.1818181818182,
        1,
        768.1818181818182,
        534.8484848484849,
        1,
        900.6666666666666,
        431.3333333333333,
        0,
        858.0,
        488.6666666666667,
        2,
        795.3333333333333,
        623.3333333333334,
        2,
        760.6666666666666,
        640.6666666666666,
        2,
        807.3333333333333,
        747.3333333333334,
        2,
        746.0,
        770.0,
        2,
        782.0,
        839.3333333333334,
        2,
        727.3333333333333,
        870.0,
        2,
        754.0,
        860.6666666666666,
        2,
        720.6666666666666,
        888.6666666666666,
        2,
        824.6666666666666,
        872.6666666666666,
        2,
        740.6666666666666,
        916.6666666666666,
        2
      ],
      "num_keypoints": 19,
      "iscrowd": 0,
      "segmentation": []
    }
  ]
}