{
  "categories": [
    {
      "supercategory": "person",
      "id": 1,
      "name": "person",
      "keypoints": [
        "nose",
        "left_eye",
        "right_eye",
        "left_ear",
        "right_ear",
        "left_shoulder",
        "right_shoulder",
        "left_elbow",
        "right_elbow",
        "left_wrist",
        "right_wrist",
        "left_hip",
        "right_hip",
        "left_knee",
        "right_knee",
        "left_ankle",
        "right_ankle",
        "left_heel",
        "right_heel",
        "left_foot",
        "right_foot"
      ],
      "skeleton": [
        [
          1,
          2
        ],
        [
          0,
          1
        ],
        [
          0,
          2
        ],
        [
          1,
          3
        ],
        [
          2,
          4
        ],
        [
          5,
          6
        ],
        [
          5,
          7
        ],
        [
          7,
          9
        ],
        [
          6,
          8
        ],
        [
          8,
          10
        ],
        [
          5,
          11
        ],
        [
          6,
          12
        ],
        [
          11,
          12
        ],
        [
          11,
          13
        ],
        [
          13,
          15
        ],
        [
          12,
          14
        ],
        [
          14,
          16
        ],
        [
          16,
          18
        ],
        [
          16,
          20
        ],
        [
          20,
          18
        ],
        [
          15,
          17
        ],
        [
          15,
          19
        ],
        [
          19,
          17
        ]
      ]
    }
  ],
  "images": [
    {
      "file_name": "000000000060.jpg",
      "height": 1200,
      "width": 1600,
      "id": 0
    }
  ],
  "annotations": [
    {
      "category_id": 1,
      "image_id": 0,
      "id": 0,
      "bbox": [
        541.9565217391304,
        141.6304347826087,
        226.9565217391305,
        896.086956521739
      ],
      "area": 203372.77882797734,
      "keypoints": [
        612.295081967213,
        378.6885245901639,
        2,
        630.8108108108108,
        369.18918918918916,
        2,
        607.5675675675675,
        367.02702702702703,
        2,
        659.29203539823,
        378.7610619469026,
        2,
        600.7246376811594,
        376.8115942028985,
        0,
        678.9855072463768,
        411.5942028985507,
        2,
        590.5797101449275,
        412.3188405797101,
        1,
        728.2608695652174,
        357.6086956521739,
        0,
        561.9565217391304,
        326.0869565217391,
        1,
        750.0,
        267.39130434782606,
        2,
        560.8695652173913,
        216.30434782608694,
        2,
        686.0655737704918,
        637.7049180327868,
        2,
        595.9016393442623,
        637.7049180327868,
        2,
        689.344262295082,
        798.360655737705,
        0,
        645.0980392156863,
        794.1176470588235,
        2,
        707.3770491803278,
        891.8032786885246,
        1,
        668.0327868852459,
        886.8852459016393,
        0,
        727.5362318840579,
        931.8840579710144,
        2,
        689.855072463768,
        915.2173913043478,
        0,
        681.8840579710144,
        963.0434782608695,
        1,
        650.0,
        939.8809523809524,
        2
      ],
      "num_keypoints": 16,
      "iscrowd": 0,
      "segmentation": []
    },
    {
      "category_id": 1,
      "image_id": 0,
      "id": 1,
      "bbox": [
        715.6133333333332,
        326.7261904761905,
        110.24000000000001,
        579.2857142857143
      ],
      "area": 63860.45714285715,
      "keypoints": [
        771.5686274509803,
        386.27450980392155,
        2,
        785.7142857142858,
        375.59523809523813,
        2,
        761.9047619047619,
        375.0,
        2,
        794.047619047619,
        378.5714285714286,
        1,
        741.0714285714286,
        379.1666666666667,
        1,
        792.0,
        429.6,
        2,
        724.8,
        437.6,
        2,
        816.6666666666666,
        535.2941176470588,
        1,
        699.0196078431372,
        536.2745098039215,
        0,
        817.6470588235294,
        618.6274509803922,
        0,
        688.2352941176471,
        620.5882352941177,
        0,
        789.2156862745098,
        627.4509803921569,
        2,
        740.1960784313725,
        626.4705882352941,
        1,
        793.1372549019608,
        731.3725490196078,
        2,
        742.156862745098,
        739.2156862745098,
        2,
        773.1884057971014,
        818.8405797101449,
        2,
        743.1372549019608,
        813.7254901960785,
        0,
        763.7254901960785,
        842.156862745098,
        1,
        722.1238938053096,
        841.5929203539822,
        0,
        795.2380952380953,
        845.8333333333334,
        2,
        745.8333333333334,
        857.7380952380953,
        2
      ],
      "num_keypoints": 16,
      "iscrowd": 0,
      "segmentation": []
    }
  ]
}