{
  "categories": [
    {
      "supercategory": "person",
      "id": 1,
      "name": "person",
      "keypoints": [
        "nose",
        "left_eye",
        "right_eye",
        "left_ear",
        "right_ear",
        "left_shoulder",
        "right_shoulder",
        "left_elbow",
        "right_elbow",
        "left_wrist",
        "right_wrist",
        "left_hip",
        "right_hip",
        "left_knee",
        "right_knee",
        "left_ankle",
        "right_ankle",
        "left_heel",
        "right_heel",
        "left_foot",
        "right_foot"
      ],
      "skeleton": [
        [
          1,
          2
        ],
        [
          0,
          1
        ],
        [
          0,
          2
        ],
        [
          1,
          3
        ],
        [
          2,
          4
        ],
        [
          5,
          6
        ],
        [
          5,
          7
        ],
        [
          7,
          9
        ],
        [
          6,
          8
        ],
        [
          8,
          10
        ],
        [
          5,
          11
        ],
        [
          6,
          12
        ],
        [
          11,
          12
        ],
        [
          11,
          13
        ],
        [
          13,
          15
        ],
        [
          12,
          14
        ],
        [
          14,
          16
        ],
        [
          16,
          18
        ],
        [
          16,
          20
        ],
        [
          20,
          18
        ],
        [
          15,
          17
        ],
        [
          15,
          19
        ],
        [
          19,
          17
        ]
      ]
    }
  ],
  "images": [
    {
      "file_name": "000000001645.jpg",
      "height": 1200,
      "width": 1600,
      "id": 0
    }
  ],
  "annotations": [
    {
      "category_id": 1,
      "image_id": 0,
      "id": 0,
      "bbox": [
        498.8888888888889,
        264.8611111111111,
        471.66666666666674,
        421.66666666666674
      ],
      "area": 198886.11111111118,
      "keypoints": [
        817.3611111111112,
        316.6666666666667,
        2,
        836.0,
        300.0,
        2,
        811.8055555555557,
        305.55555555555554,
        1,
        875.6944444444446,
        311.11111111111114,
        1,
        814.5833333333334,
        298.61111111111114,
        0,
        927.0833333333334,
        375.0,
        2,
        822.9166666666667,
        363.8888888888889,
        2,
        931.2500000000001,
        477.77777777777777,
        2,
        800.6944444444446,
        456.94444444444446,
        2,
        931.2500000000001,
        587.5,
        2,
        782.6388888888889,
        565.2777777777778,
        1,
        863.1944444444446,
        534.7222222222223,
        2,
        797.9166666666667,
        508.33333333333337,
        2,
        767.3611111111112,
        565.2777777777778,
        2,
        728.4722222222223,
        547.2222222222223,
        2,
        647.9166666666667,
        580.5555555555555,
        2,
        596.5277777777778,
        611.1111111111111,
        1,
        610.4166666666667,
        643.0555555555555,
        2,
        568.7500000000001,
        651.3888888888889,
        2,
        577.0833333333334,
        576.3888888888889,
        1,
        538.1944444444445,
        590.2777777777778,
        1
      ],
      "num_keypoints": 20,
      "iscrowd": 0,
      "segmentation": []
    },
    {
      "category_id": 1,
      "image_id": 0,
      "id": 1,
      "bbox": [
        552.9469696969697,
        370.3333333333333,
        254.63636363636363,
        574.1818181818182
      ],
      "area": 146207.57024793388,
      "keypoints": [
        647.4025974025974,
        429.87012987012986,
        2,
        659.0909090909091,
        418.1818181818182,
        2,
        635.7142857142857,
        420.7792207792208,
        2,
        624.025974025974,
        425.97402597402595,
        0,
        592.8571428571429,
        423.37662337662334,
        2,
        664.2857142857142,
        457.1428571428571,
        2,
        587.6623376623377,
        480.5194805194805,
        2,
        717.5324675324675,
        450.64935064935065,
        2,
        688.961038961039,
        497.4025974025974,
        2,
        786.3636363636364,
        433.76623376623377,
        2,
        765.5844155844155,
        492.2077922077922,
        2,
        673.3766233766233,
        672.7272727272727,
        2,
        631.8181818181818,
        663.6363636363636,
        2,
        654.5454545454545,
        751.9480519480519,
        1,
        596.1038961038961,
        783.1168831168831,
        1,
        652.5,
        853.3333333333334,
        2,
        589.1666666666667,
        865.0000000000001,
        2,
        652.5,
        880.0000000000001,
        2,
        574.1666666666667,
        890.0000000000001,
        1,
        679.1666666666667,
        881.6666666666667,
        2,
        599.1666666666667,
        896.6666666666667,
        2
      ],
      "num_keypoints": 20,
      "iscrowd": 0,
      "segmentation": []
    }
  ]
}