{
  "categories": [
    {
      "supercategory": "person",
      "id": 1,
      "name": "person",
      "keypoints": [
        "nose",
        "left_eye",
        "right_eye",
        "left_ear",
        "right_ear",
        "left_shoulder",
        "right_shoulder",
        "left_elbow",
        "right_elbow",
        "left_wrist",
        "right_wrist",
        "left_hip",
        "right_hip",
        "left_knee",
        "right_knee",
        "left_ankle",
        "right_ankle",
        "left_heel",
        "right_heel",
        "left_foot",
        "right_foot"
      ],
      "skeleton": [
        [
          1,
          2
        ],
        [
          0,
          1
        ],
        [
          0,
          2
        ],
        [
          1,
          3
        ],
        [
          2,
          4
        ],
        [
          5,
          6
        ],
        [
          5,
          7
        ],
        [
          7,
          9
        ],
        [
          6,
          8
        ],
        [
          8,
          10
        ],
        [
          5,
          11
        ],
        [
          6,
          12
        ],
        [
          11,
          12
        ],
        [
          11,
          13
        ],
        [
          13,
          15
        ],
        [
          12,
          14
        ],
        [
          14,
          16
        ],
        [
          16,
          18
        ],
        [
          16,
          20
        ],
        [
          20,
          18
        ],
        [
          15,
          17
        ],
        [
          15,
          19
        ],
        [
          19,
          17
        ]
      ]
    }
  ],
  "images": [
    {
      "file_name": "000000000511.jpg",
      "height": 1200,
      "width": 1600,
      "id": 0
    }
  ],
  "annotations": [
    {
      "category_id": 1,
      "image_id": 0,
      "id": 0,
      "bbox": [
        871.1538461538461,
        306.76486633933445,
        250.96153846153868,
        595.417348608838
      ],
      "area": 149426.85383356427,
      "keypoints": [
        1011.7647058823529,
        373.52941176470586,
        2,
        1024.2105263157894,
        363.6842105263158,
        2,
        1004.6099290780143,
        362.4113475177305,
        2,
        1058.8652482269504,
        356.3829787234043,
        2,
        1000.4807692307692,
        351.20192307692304,
        0,
        1101.201923076923,
        403.6057692307692,
        2,
        990.625,
        390.38461538461536,
        2,
        1078.8461538461538,
        483.65384615384613,
        2,
        943.0288461538461,
        460.33653846153845,
        2,
        1044.951923076923,
        525.2403846153846,
        2,
        892.0673076923076,
        504.08653846153845,
        2,
        1092.6666666666667,
        590.6666666666666,
        2,
        1005.7692307692307,
        594.2307692307692,
        2,
        1057.051282051282,
        728.8461538461538,
        2,
        1015.3846153846154,
        718.5897435897435,
        2,
        1071.7948717948718,
        820.5128205128204,
        2,
        1033.3333333333333,
        812.8205128205128,
        2,
        1084.6153846153845,
        833.9743589743589,
        2,
        1048.7179487179487,
        832.6923076923076,
        2,
        1058.974358974359,
        852.5641025641025,
        2,
        1028.8461538461538,
        848.7179487179487,
        2
      ],
      "num_keypoints": 20,
      "iscrowd": 0,
      "segmentation": []
    },
    {
      "category_id": 1,
      "image_id": 0,
      "id": 1,
      "bbox": [
        683.215717722534,
        297.12015086206895,
        89.78348035284682,
        644.9030172413793
      ],
      "area": 57901.63737798302,
      "keypoints": [
        765.5172413793102,
        364.22413793103453,
        2,
        763.3620689655172,
        350.86206896551727,
        1,
        753.0172413793102,
        356.46551724137936,
        2,
        739.655172413793,
        357.7586206896552,
        0,
        717.6724137931034,
        360.7758620689655,
        2,
        746.1206896551723,
        430.6034482758621,
        1,
        704.6511627906976,
        439.5348837209302,
        2,
        738.3720930232558,
        537.7906976744187,
        0,
        690.6976744186046,
        539.5348837209302,
        2,
        762.2093023255815,
        602.3255813953489,
        1,
        716.8604651162791,
        629.0697674418604,
        2,
        750.5813953488372,
        592.4418604651163,
        1,
        734.6153846153845,
        605.1282051282051,
        2,
        734.6153846153845,
        738.4615384615385,
        0,
        726.9230769230769,
        756.4102564102564,
        2,
        714.1025641025641,
        846.1538461538462,
        0,
        719.53125,
        867.1875,
        2,
        692.1875,
        860.15625,
        0,
        710.15625,
        885.9375,
        1,
        742.1875,
        850.78125,
        1,
        732.8125,
        888.28125,
        2
      ],
      "num_keypoints": 16,
      "iscrowd": 0,
      "segmentation": []
    }
  ]
}