{
  "categories": [
    {
      "supercategory": "person",
      "id": 1,
      "name": "person",
      "keypoints": [
        "nose",
        "left_eye",
        "right_eye",
        "left_ear",
        "right_ear",
        "left_shoulder",
        "right_shoulder",
        "left_elbow",
        "right_elbow",
        "left_wrist",
        "right_wrist",
        "left_hip",
        "right_hip",
        "left_knee",
        "right_knee",
        "left_ankle",
        "right_ankle",
        "left_heel",
        "right_heel",
        "left_foot",
        "right_foot"
      ],
      "skeleton": [
        [
          1,
          2
        ],
        [
          0,
          1
        ],
        [
          0,
          2
        ],
        [
          1,
          3
        ],
        [
          2,
          4
        ],
        [
          5,
          6
        ],
        [
          5,
          7
        ],
        [
          7,
          9
        ],
        [
          6,
          8
        ],
        [
          8,
          10
        ],
        [
          5,
          11
        ],
        [
          6,
          12
        ],
        [
          11,
          12
        ],
        [
          11,
          13
        ],
        [
          13,
          15
        ],
        [
          12,
          14
        ],
        [
          14,
          16
        ],
        [
          16,
          18
        ],
        [
          16,
          20
        ],
        [
          20,
          18
        ],
        [
          15,
          17
        ],
        [
          15,
          19
        ],
        [
          19,
          17
        ]
      ]
    }
  ],
  "images": [
    {
      "file_name": "000000001465.jpg",
      "height": 1200,
      "width": 1600,
      "id": 0
    }
  ],
  "annotations": [
    {
      "category_id": 1,
      "image_id": 0,
      "id": 0,
      "bbox": [
        851.8106893106892,
        290.8175714730337,
        307.942057942058,
        272.28064559156985
      ],
      "area": 83846.66234126016,
      "keypoints": [
        892.8909952606635,
        334.1232227488152,
        2,
        906.1611374407584,
        327.4881516587678,
        2,
        882.3529411764706,
        327.45098039215685,
        2,
        942.0479302832244,
        313.50762527233115,
        2,
        884.6153846153846,
        309.34065934065933,
        0,
        978.5714285714286,
        342.3076923076923,
        2,
        877.4725274725274,
        353.8461538461538,
        2,
        1027.4725274725274,
        461.53846153846155,
        2,
        887.7551020408164,
        460.204081632653,
        2,
        1042.4489795918366,
        540.408163265306,
        2,
        887.6623376623376,
        533.7662337662338,
        2,
        1057.7922077922076,
        505.19480519480516,
        2,
        983.7662337662338,
        532.4675324675325,
        0,
        1077.2727272727275,
        537.6623376623377,
        0,
        1060.3896103896104,
        533.7662337662338,
        0,
        1114.0350877192982,
        507.01754385964915,
        2,
        1073.6842105263156,
        496.49122807017545,
        0,
        1116.6666666666667,
        480.701754385965,
        2,
        1087.121212121212,
        484.8484848484849,
        1,
        1134.090909090909,
        509.0909090909091,
        2,
        1097.7272727272725,
        527.2727272727273,
        1
      ],
      "num_keypoints": 16,
      "iscrowd": 0,
      "segmentation": []
    },
    {
      "category_id": 1,
      "image_id": 0,
      "id": 1,
      "bbox": [
        771.9151515151515,
        338.93395638629283,
        105.0181818181818,
        519.7084112149533
      ],
      "area": 54578.83242141036,
      "keypoints": [
        838.3116883116883,
        401.2987012987013,
        2,
        843.9252336448599,
        382.398753894081,
        2,
        825.8566978193146,
        382.2429906542056,
        2,
        849.245283018868,
        388.3018867924528,
        0,
        798.992443324937,
        384.8866498740554,
        2,
        855.0943396226415,
        412.07547169811323,
        2,
        786.0377358490566,
        426.0377358490566,
        2,
        868.1818181818181,
        427.27272727272725,
        1,
        827.2727272727273,
        465.1515151515152,
        2,
        883.3333333333334,
        431.3333333333333,
        0,
        867.3333333333334,
        476.6666666666667,
        2,
        852.6666666666666,
        587.3333333333334,
        2,
        795.3333333333333,
        592.6666666666666,
        1,
        846.0,
        686.0,
        2,
        795.3333333333333,
        686.0,
        2,
        852.6666666666666,
        766.0,
        2,
        802.0,
        759.3333333333334,
        2,
        847.3333333333333,
        795.3333333333334,
        2,
        808.6666666666666,
        786.0,
        2,
        840.6666666666666,
        815.3333333333334,
        2,
        780.6666666666666,
        804.6666666666666,
        2
      ],
      "num_keypoints": 19,
      "iscrowd": 0,
      "segmentation": []
    }
  ]
}