{
  "categories": [
    {
      "supercategory": "person",
      "id": 1,
      "name": "person",
      "keypoints": [
        "nose",
        "left_eye",
        "right_eye",
        "left_ear",
        "right_ear",
        "left_shoulder",
        "right_shoulder",
        "left_elbow",
        "right_elbow",
        "left_wrist",
        "right_wrist",
        "left_hip",
        "right_hip",
        "left_knee",
        "right_knee",
        "left_ankle",
        "right_ankle",
        "left_heel",
        "right_heel",
        "left_foot",
        "right_foot"
      ],
      "skeleton": [
        [
          1,
          2
        ],
        [
          0,
          1
        ],
        [
          0,
          2
        ],
        [
          1,
          3
        ],
        [
          2,
          4
        ],
        [
          5,
          6
        ],
        [
          5,
          7
        ],
        [
          7,
          9
        ],
        [
          6,
          8
        ],
        [
          8,
          10
        ],
        [
          5,
          11
        ],
        [
          6,
          12
        ],
        [
          11,
          12
        ],
        [
          11,
          13
        ],
        [
          13,
          15
        ],
        [
          12,
          14
        ],
        [
          14,
          16
        ],
        [
          16,
          18
        ],
        [
          16,
          20
        ],
        [
          20,
          18
        ],
        [
          15,
          17
        ],
        [
          15,
          19
        ],
        [
          19,
          17
        ]
      ]
    }
  ],
  "images": [
    {
      "file_name": "000000001527.jpg",
      "height": 1200,
      "width": 1600,
      "id": 0
    }
  ],
  "annotations": [
    {
      "category_id": 1,
      "image_id": 0,
      "id": 0,
      "bbox": [
        872.3611111111112,
        287.63888888888886,
        223.33333333333314,
        665.0
      ],
      "area": 148516.66666666654,
      "keypoints": [
        965.9722222222223,
        365.27777777777777,
        2,
        981.0,
        354.0,
        2,
        956.2500000000001,
        351.3888888888889,
        2,
        1018.7500000000001,
        343.05555555555554,
        2,
        946.5277777777779,
        354.1666666666667,
        0,
        1054.861111111111,
        405.55555555555554,
        2,
        946.5277777777779,
        401.3888888888889,
        2,
        1077.0833333333333,
        506.94444444444446,
        2,
        917.3611111111112,
        481.94444444444446,
        2,
        1046.5277777777778,
        543.0555555555555,
        2,
        890.9722222222223,
        526.3888888888889,
        2,
        1015.9722222222223,
        616.6666666666667,
        2,
        956.2500000000001,
        611.1111111111111,
        1,
        1006.2500000000001,
        750.0,
        2,
        929.8611111111112,
        743.0555555555555,
        2,
        1011.8055555555555,
        840.2777777777778,
        2,
        964.5833333333334,
        815.2777777777778,
        2,
        1017.3611111111112,
        870.8333333333334,
        1,
        982.638888888889,
        834.7222222222223,
        1,
        993.7500000000001,
        897.2222222222223,
        2,
        956.2500000000001,
        863.8888888888889,
        2
      ],
      "num_keypoints": 20,
      "iscrowd": 0,
      "segmentation": []
    },
    {
      "category_id": 1,
      "image_id": 0,
      "id": 1,
      "bbox": [
        628.8235930735932,
        293.45238095238096,
        244.11688311688295,
        670.7792207792209
      ],
      "area": 163748.53263619487,
      "keypoints": [
        752.0833333333334,
        362.5,
        2,
        757.7922077922078,
        348.05194805194805,
        0,
        740.9090909090909,
        349.35064935064935,
        2,
        729.2207792207791,
        355.84415584415586,
        0,
        705.8441558441558,
        358.4415584415584,
        2,
        748.7012987012987,
        407.79220779220776,
        2,
        668.1818181818181,
        440.2597402597402,
        2,
        794.1558441558441,
        498.7012987012987,
        1,
        688.961038961039,
        546.7532467532467,
        2,
        852.5974025974026,
        490.9090909090909,
        2,
        775.974025974026,
        514.2857142857142,
        2,
        752.5974025974026,
        629.8701298701299,
        2,
        698.051948051948,
        633.7662337662338,
        1,
        790.9090909090909,
        736.3636363636364,
        2,
        675.3246753246752,
        771.4285714285714,
        1,
        787.5,
        843.3333333333334,
        2,
        665.8333333333334,
        876.6666666666667,
        1,
        769.1666666666667,
        856.6666666666667,
        2,
        649.1666666666667,
        891.6666666666667,
        2,
        802.5,
        861.6666666666667,
        2,
        697.5,
        908.3333333333334,
        1
      ],
      "num_keypoints": 19,
      "iscrowd": 0,
      "segmentation": []
    }
  ]
}