{
  "categories": [
    {
      "supercategory": "person",
      "id": 1,
      "name": "person",
      "keypoints": [
        "nose",
        "left_eye",
        "right_eye",
        "left_ear",
        "right_ear",
        "left_shoulder",
        "right_shoulder",
        "left_elbow",
        "right_elbow",
        "left_wrist",
        "right_wrist",
        "left_hip",
        "right_hip",
        "left_knee",
        "right_knee",
        "left_ankle",
        "right_ankle",
        "left_heel",
        "right_heel",
        "left_foot",
        "right_foot"
      ],
      "skeleton": [
        [
          1,
          2
        ],
        [
          0,
          1
        ],
        [
          0,
          2
        ],
        [
          1,
          3
        ],
        [
          2,
          4
        ],
        [
          5,
          6
        ],
        [
          5,
          7
        ],
        [
          7,
          9
        ],
        [
          6,
          8
        ],
        [
          8,
          10
        ],
        [
          5,
          11
        ],
        [
          6,
          12
        ],
        [
          11,
          12
        ],
        [
          11,
          13
        ],
        [
          13,
          15
        ],
        [
          12,
          14
        ],
        [
          14,
          16
        ],
        [
          16,
          18
        ],
        [
          16,
          20
        ],
        [
          20,
          18
        ],
        [
          15,
          17
        ],
        [
          15,
          19
        ],
        [
          19,
          17
        ]
      ]
    }
  ],
  "images": [
    {
      "file_name": "000000000812.jpg",
      "height": 1200,
      "width": 1600,
      "id": 0
    }
  ],
  "annotations": [
    {
      "category_id": 1,
      "image_id": 0,
      "id": 0,
      "bbox": [
        858.2324058919804,
        341.03917331560285,
        322.4877250409164,
        226.67885638297867
      ],
      "area": 73101.1487098234,
      "keypoints": [
        895.0980392156863,
        386.27450980392155,
        1,
        907.4468085106383,
        378.36879432624113,
        1,
        885.1063829787234,
        374.82269503546104,
        1,
        940.0709219858156,
        359.9290780141844,
        2,
        891.796875,
        362.5,
        0,
        989.84375,
        397.65625,
        2,
        891.40625,
        403.125,
        1,
        1017.96875,
        473.046875,
        2,
        899.609375,
        466.015625,
        2,
        1037.890625,
        548.828125,
        2,
        889.0625,
        523.828125,
        2,
        1071.875,
        461.328125,
        2,
        982.051282051282,
        471.79487179487177,
        0,
        1083.3333333333333,
        479.4871794871795,
        2,
        1056.4102564102564,
        432.05128205128204,
        1,
        1139.7435897435896,
        420.5128205128205,
        2,
        1105.128205128205,
        416.6666666666667,
        1,
        1142.948717948718,
        399.35897435897436,
        2,
        1106.4102564102564,
        395.5128205128205,
        2,
        1153.8461538461538,
        438.46153846153845,
        1,
        1123.7179487179487,
        421.15384615384613,
        1
      ],
      "num_keypoints": 19,
      "iscrowd": 0,
      "segmentation": []
    },
    {
      "category_id": 1,
      "image_id": 0,
      "id": 1,
      "bbox": [
        764.0879120879121,
        309.10989010989005,
        156.65934065934061,
        627.8241758241759
      ],
      "area": 98354.52143460933,
      "keypoints": [
        825.7142857142857,
        372.85714285714283,
        2,
        828.5714285714286,
        361.4285714285714,
        2,
        813.3333333333333,
        364.2857142857143,
        2,
        818.5714285714286,
        359.04761904761904,
        0,
        777.1428571428571,
        370.0,
        2,
        835.2564102564103,
        412.1794871794872,
        2,
        781.4102564102564,
        446.15384615384613,
        2,
        907.6923076923076,
        478.8461538461538,
        1,
        800.0,
        553.2051282051282,
        2,
        916.6666666666666,
        425.0,
        0,
        858.9743589743589,
        510.89743589743586,
        2,
        841.6666666666666,
        596.7948717948718,
        2,
        803.8461538461538,
        601.2820512820513,
        2,
        837.1794871794871,
        730.7692307692307,
        2,
        801.2820512820512,
        746.1538461538462,
        2,
        816.6666666666666,
        830.7692307692307,
        2,
        780.7692307692307,
        861.5384615384615,
        2,
        811.5384615384615,
        847.4358974358975,
        2,
        778.2051282051282,
        875.0,
        2,
        834.6153846153846,
        848.0769230769231,
        2,
        803.2051282051282,
        884.6153846153846,
        2
      ],
      "num_keypoints": 19,
      "iscrowd": 0,
      "segmentation": []
    }
  ]
}