{
  "categories": [
    {
      "supercategory": "person",
      "id": 1,
      "name": "person",
      "keypoints": [
        "nose",
        "left_eye",
        "right_eye",
        "left_ear",
        "right_ear",
        "left_shoulder",
        "right_shoulder",
        "left_elbow",
        "right_elbow",
        "left_wrist",
        "right_wrist",
        "left_hip",
        "right_hip",
        "left_knee",
        "right_knee",
        "left_ankle",
        "right_ankle",
        "left_heel",
        "right_heel",
        "left_foot",
        "right_foot"
      ],
      "skeleton": [
        [
          1,
          2
        ],
        [
          0,
          1
        ],
        [
          0,
          2
        ],
        [
          1,
          3
        ],
        [
          2,
          4
        ],
        [
          5,
          6
        ],
        [
          5,
          7
        ],
        [
          7,
          9
        ],
        [
          6,
          8
        ],
        [
          8,
          10
        ],
        [
          5,
          11
        ],
        [
          6,
          12
        ],
        [
          11,
          12
        ],
        [
          11,
          13
        ],
        [
          13,
          15
        ],
        [
          12,
          14
        ],
        [
          14,
          16
        ],
        [
          16,
          18
        ],
        [
          16,
          20
        ],
        [
          20,
          18
        ],
        [
          15,
          17
        ],
        [
          15,
          19
        ],
        [
          19,
          17
        ]
      ]
    }
  ],
  "images": [
    {
      "file_name": "000000000309.jpg",
      "height": 1200,
      "width": 1600,
      "id": 0
    }
  ],
  "annotations": [
    {
      "category_id": 1,
      "image_id": 0,
      "id": 0,
      "bbox": [
        632.1391835422693,
        330.8698412698413,
        155.31340405014475,
        600.9904761904763
      ],
      "area": 93341.87665886035,
      "keypoints": [
        645.0819672131147,
        393.44262295081967,
        2,
        655.952380952381,
        384.5238095238095,
        1,
        647.0238095238095,
        380.95238095238096,
        1,
        693.4782608695651,
        394.5652173913043,
        2,
        662.3188405797101,
        389.85507246376807,
        0,
        741.3043478260869,
        454.3478260869565,
        2,
        650.0,
        452.17391304347825,
        2,
        774.5098039215686,
        542.156862745098,
        2,
        642.156862745098,
        561.7647058823529,
        0,
        768.6274509803922,
        560.7843137254902,
        2,
        643.1372549019608,
        640.1960784313725,
        0,
        740.2173913043478,
        648.9130434782609,
        0,
        672.8260869565217,
        652.1739130434783,
        2,
        727.4509803921568,
        769.6078431372549,
        2,
        699.0196078431372,
        769.6078431372549,
        2,
        741.5929203539822,
        836.2831858407079,
        2,
        719.4690265486724,
        830.0884955752211,
        2,
        764.4736842105264,
        869.7368421052631,
        2,
        729.6052631578947,
        864.4736842105264,
        1,
        728.8888888888889,
        881.7777777777778,
        2,
        698.4,
        874.4,
        2
      ],
      "num_keypoints": 17,
      "iscrowd": 0,
      "segmentation": []
    },
    {
      "category_id": 1,
      "image_id": 0,
      "id": 1,
      "bbox": [
        826.8356553147574,
        344.3548387096774,
        125.03095975232202,
        498.3870967741936
      ],
      "area": 62313.81703785082,
      "keypoints": [
        859.29203539823,
        394.69026548672565,
        2,
        870.8108108108107,
        388.10810810810807,
        2,
        850.4032258064516,
        385.88709677419354,
        2,
        893.1451612903226,
        388.30645161290323,
        2,
        850.4032258064516,
        388.7096774193548,
        0,
        921.5686274509803,
        430.3921568627451,
        2,
        837.2549019607843,
        429.4117647058823,
        2,
        941.4473684210526,
        529.6052631578947,
        1,
        837.5,
        523.6842105263158,
        0,
        941.4473684210526,
        584.2105263157895,
        2,
        836.2745098039215,
        585.2941176470588,
        0,
        906.8627450980392,
        597.0588235294117,
        2,
        851.639344262295,
        601.6393442622951,
        2,
        889.1304347826086,
        681.5217391304348,
        2,
        866.3043478260869,
        688.0434782608695,
        2,
        905.921052631579,
        768.421052631579,
        2,
        869.8795180722891,
        750.6024096385541,
        2,
        916.8,
        787.2,
        2,
        885.1190476190477,
        777.3809523809524,
        1,
        895.5645161290323,
        801.2096774193549,
        2,
        856.8106312292358,
        786.046511627907,
        2
      ],
      "num_keypoints": 18,
      "iscrowd": 0,
      "segmentation": []
    }
  ]
}