{
  "categories": [
    {
      "supercategory": "person",
      "id": 1,
      "name": "person",
      "keypoints": [
        "nose",
        "left_eye",
        "right_eye",
        "left_ear",
        "right_ear",
        "left_shoulder",
        "right_shoulder",
        "left_elbow",
        "right_elbow",
        "left_wrist",
        "right_wrist",
        "left_hip",
        "right_hip",
        "left_knee",
        "right_knee",
        "left_ankle",
        "right_ankle",
        "left_heel",
        "right_heel",
        "left_foot",
        "right_foot"
      ],
      "skeleton": [
        [
          1,
          2
        ],
        [
          0,
          1
        ],
        [
          0,
          2
        ],
        [
          1,
          3
        ],
        [
          2,
          4
        ],
        [
          5,
          6
        ],
        [
          5,
          7
        ],
        [
          7,
          9
        ],
        [
          6,
          8
        ],
        [
          8,
          10
        ],
        [
          5,
          11
        ],
        [
          6,
          12
        ],
        [
          11,
          12
        ],
        [
          11,
          13
        ],
        [
          13,
          15
        ],
        [
          12,
          14
        ],
        [
          14,
          16
        ],
        [
          16,
          18
        ],
        [
          16,
          20
        ],
        [
          20,
          18
        ],
        [
          15,
          17
        ],
        [
          15,
          19
        ],
        [
          19,
          17
        ]
      ]
    }
  ],
  "images": [
    {
      "file_name": "000000001226.jpg",
      "height": 1200,
      "width": 1600,
      "id": 0
    }
  ],
  "annotations": [
    {
      "category_id": 1,
      "image_id": 0,
      "id": 0,
      "bbox": [
        851.9627851140456,
        238.0338266384778,
        188.2112845138056,
        618.0126849894292
      ],
      "area": 116316.96128768637,
      "keypoints": [
        891.3043478260869,
        300.0,
        2,
        900.0,
        289.5348837209302,
        2,
        879.1519434628975,
        290.4593639575972,
        2,
        940.9893992932862,
        290.1060070671378,
        2,
        878.8990825688073,
        302.4464831804281,
        0,
        963.265306122449,
        341.8367346938776,
        2,
        879.591836734694,
        354.0816326530612,
        2,
        1006.1224489795919,
        470.40816326530614,
        2,
        881.6326530612246,
        464.2857142857142,
        2,
        1024.4897959183675,
        562.2448979591836,
        2,
        867.6470588235294,
        529.4117647058823,
        2,
        1004.5454545454546,
        541.5584415584416,
        2,
        914.935064935065,
        532.4675324675325,
        2,
        969.4805194805195,
        648.051948051948,
        2,
        934.4155844155845,
        653.2467532467532,
        2,
        990.2597402597402,
        761.038961038961,
        2,
        948.051948051948,
        751.9480519480519,
        2,
        1000.0,
        768.8311688311688,
        2,
        964.3939393939394,
        765.1515151515151,
        2,
        978.0303030303029,
        804.5454545454545,
        2,
        949.2424242424241,
        793.9393939393939,
        2
      ],
      "num_keypoints": 20,
      "iscrowd": 0,
      "segmentation": []
    },
    {
      "category_id": 1,
      "image_id": 0,
      "id": 1,
      "bbox": [
        740.0493305144466,
        346.74727358937884,
        161.26849894291774,
        563.3570412517781
      ],
      "area": 90851.74441159765,
      "keypoints": [
        822.7272727272726,
        405.1948051948052,
        2,
        815.3153153153153,
        387.61261261261257,
        0,
        813.0630630630629,
        393.69369369369366,
        2,
        808.6378737541528,
        372.4252491694352,
        0,
        775.2252252252251,
        394.36936936936934,
        2,
        838.5382059800664,
        451.8272425249169,
        2,
        753.4883720930231,
        448.83720930232556,
        2,
        887.8787878787879,
        500.0,
        1,
        772.7272727272727,
        546.969696969697,
        2,
        872.8070175438597,
        468.42105263157896,
        0,
        846.4912280701753,
        524.561403508772,
        2,
        832.4561403508771,
        631.578947368421,
        2,
        779.8245614035087,
        650.8771929824561,
        2,
        821.9298245614034,
        726.3157894736843,
        2,
        778.0701754385965,
        749.1228070175439,
        2,
        806.140350877193,
        807.0175438596491,
        2,
        767.5438596491229,
        835.0877192982456,
        2,
        793.859649122807,
        840.3508771929825,
        2,
        757.0175438596491,
        863.1578947368421,
        2,
        827.1929824561403,
        833.3333333333334,
        2,
        783.3333333333334,
        856.140350877193,
        2
      ],
      "num_keypoints": 18,
      "iscrowd": 0,
      "segmentation": []
    }
  ]
}