{
  "categories": [
    {
      "supercategory": "person",
      "id": 1,
      "name": "person",
      "keypoints": [
        "nose",
        "left_eye",
        "right_eye",
        "left_ear",
        "right_ear",
        "left_shoulder",
        "right_shoulder",
        "left_elbow",
        "right_elbow",
        "left_wrist",
        "right_wrist",
        "left_hip",
        "right_hip",
        "left_knee",
        "right_knee",
        "left_ankle",
        "right_ankle",
        "left_heel",
        "right_heel",
        "left_foot",
        "right_foot"
      ],
      "skeleton": [
        [
          1,
          2
        ],
        [
          0,
          1
        ],
        [
          0,
          2
        ],
        [
          1,
          3
        ],
        [
          2,
          4
        ],
        [
          5,
          6
        ],
        [
          5,
          7
        ],
        [
          7,
          9
        ],
        [
          6,
          8
        ],
        [
          8,
          10
        ],
        [
          5,
          11
        ],
        [
          6,
          12
        ],
        [
          11,
          12
        ],
        [
          11,
          13
        ],
        [
          13,
          15
        ],
        [
          12,
          14
        ],
        [
          14,
          16
        ],
        [
          16,
          18
        ],
        [
          16,
          20
        ],
        [
          20,
          18
        ],
        [
          15,
          17
        ],
        [
          15,
          19
        ],
        [
          19,
          17
        ]
      ]
    }
  ],
  "images": [
    {
      "file_name": "000000000142.jpg",
      "height": 1200,
      "width": 1600,
      "id": 0
    }
  ],
  "annotations": [
    {
      "category_id": 1,
      "image_id": 0,
      "id": 0,
      "bbox": [
        679.4032395566923,
        181.5686274509804,
        508.0306905370843,
        338.8235294117647
      ],
      "area": 172132.7516172709,
      "keypoints": [
        1015.5737704918033,
        231.14754098360655,
        2,
        1022.3684210526316,
        215.1315789473684,
        2,
        1010.5263157894736,
        216.44736842105263,
        0,
        1067.6470588235295,
        209.80392156862746,
        2,
        1010.5263157894736,
        205.92105263157893,
        0,
        1100.657894736842,
        297.36842105263156,
        2,
        1001.3157894736842,
        272.36842105263156,
        2,
        1115.5737704918033,
        414.75409836065575,
        2,
        1002.4590163934427,
        395.08196721311475,
        2,
        1145.0980392156862,
        492.156862745098,
        2,
        975.4901960784314,
        473.52941176470586,
        2,
        1040.1639344262294,
        462.29508196721315,
        2,
        994.2622950819673,
        447.5409836065574,
        0,
        915.5737704918033,
        421.3114754098361,
        2,
        893.4782608695651,
        431.52173913043475,
        0,
        815.2173913043478,
        422.82608695652175,
        2,
        797.8260869565217,
        406.52173913043475,
        0,
        763.8554216867469,
        445.78313253012044,
        2,
        730.4,
        417.6,
        2,
        768.0,
        372.8,
        0,
        721.7391304347826,
        331.52173913043475,
        1
      ],
      "num_keypoints": 15,
      "iscrowd": 0,
      "segmentation": []
    },
    {
      "category_id": 1,
      "image_id": 0,
      "id": 1,
      "bbox": [
        796.936545240893,
        281.2972972972973,
        185.9506462984724,
        594.1621621621622
      ],
      "area": 110484.83806015183,
      "keypoints": [
        903.2608695652174,
        343.4782608695652,
        2,
        908.108108108108,
        332.4324324324324,
        1,
        890.8108108108107,
        330.8108108108108,
        2,
        897.2972972972973,
        317.8378378378378,
        0,
        853.5135135135134,
        332.97297297297297,
        2,
        903.5714285714286,
        396.42857142857144,
        0,
        847.0238095238095,
        402.3809523809524,
        0,
        951.0869565217391,
        438.04347826086956,
        0,
        928.2608695652174,
        416.30434782608694,
        0,
        970.6521739130434,
        403.2608695652174,
        0,
        967.391304347826,
        363.04347826086956,
        1,
        896.4601769911503,
        584.0707964601769,
        2,
        846.9026548672565,
        590.2654867256637,
        2,
        882.6086956521739,
        688.0434782608695,
        2,
        842.391304347826,
        700.0,
        2,
        876.0869565217391,
        763.0434782608695,
        2,
        827.4509803921568,
        789.2156862745098,
        2,
        859.8684210526316,
        787.5,
        2,
        812.4324324324324,
        815.6756756756756,
        2,
        914.0540540540541,
        788.1081081081081,
        2,
        850.2702702702702,
        825.9459459459459,
        2
      ],
      "num_keypoints": 15,
      "iscrowd": 0,
      "segmentation": []
    }
  ]
}