{
  "categories": [
    {
      "supercategory": "person",
      "id": 1,
      "name": "person",
      "keypoints": [
        "nose",
        "left_eye",
        "right_eye",
        "left_ear",
        "right_ear",
        "left_shoulder",
        "right_shoulder",
        "left_elbow",
        "right_elbow",
        "left_wrist",
        "right_wrist",
        "left_hip",
        "right_hip",
        "left_knee",
        "right_knee",
        "left_ankle",
        "right_ankle",
        "left_heel",
        "right_heel",
        "left_foot",
        "right_foot"
      ],
      "skeleton": [
        [
          1,
          2
        ],
        [
          0,
          1
        ],
        [
          0,
          2
        ],
        [
          1,
          3
        ],
        [
          2,
          4
        ],
        [
          5,
          6
        ],
        [
          5,
          7
        ],
        [
          7,
          9
        ],
        [
          6,
          8
        ],
        [
          8,
          10
        ],
        [
          5,
          11
        ],
        [
          6,
          12
        ],
        [
          11,
          12
        ],
        [
          11,
          13
        ],
        [
          13,
          15
        ],
        [
          12,
          14
        ],
        [
          14,
          16
        ],
        [
          16,
          18
        ],
        [
          16,
          20
        ],
        [
          20,
          18
        ],
        [
          15,
          17
        ],
        [
          15,
          19
        ],
        [
          19,
          17
        ]
      ]
    }
  ],
  "images": [
    {
      "file_name": "000000001993.jpg",
      "height": 1200,
      "width": 1600,
      "id": 0
    }
  ],
  "annotations": [
    {
      "category_id": 1,
      "image_id": 0,
      "id": 0,
      "bbox": [
        728.8392857142858,
        274.96392496392497,
        316.2662337662339,
        567.0995670995671
      ],
      "area": 179354.44425704173,
      "keypoints": [
        918.7500000000001,
        344.44444444444446,
        1,
        932.638888888889,
        331.94444444444446,
        2,
        900.6944444444446,
        334.72222222222223,
        2,
        964.5833333333334,
        322.22222222222223,
        1,
        903.4722222222223,
        318.05555555555554,
        0,
        1000.6944444444445,
        387.5,
        2,
        895.1388888888889,
        373.61111111111114,
        2,
        1003.4722222222223,
        465.27777777777777,
        2,
        890.9722222222223,
        469.44444444444446,
        2,
        1018.7500000000001,
        555.5555555555555,
        2,
        857.6388888888889,
        540.2777777777778,
        2,
        957.638888888889,
        562.5,
        2,
        902.0833333333334,
        554.1666666666667,
        2,
        900.6944444444446,
        650.0,
        1,
        847.9166666666667,
        627.7777777777778,
        2,
        836.8055555555557,
        741.6666666666667,
        2,
        793.7500000000001,
        720.8333333333334,
        2,
        825.3246753246754,
        794.8051948051948,
        2,
        796.7532467532467,
        777.922077922078,
        1,
        801.9480519480519,
        766.2337662337662,
        2,
        755.1948051948052,
        754.5454545454545,
        2
      ],
      "num_keypoints": 20,
      "iscrowd": 0,
      "segmentation": []
    },
    {
      "category_id": 1,
      "image_id": 0,
      "id": 1,
      "bbox": [
        680.8214285714286,
        351.3095238095238,
        200.1428571428571,
        553.1168831168832
      ],
      "area": 110702.39332096474,
      "keypoints": [
        760.3896103896103,
        411.68831168831167,
        2,
        762.9870129870129,
        398.7012987012987,
        2,
        750.0,
        400.0,
        2,
        730.5194805194805,
        401.2987012987013,
        0,
        709.7402597402597,
        397.4025974025974,
        2,
        765.5844155844155,
        444.15584415584414,
        2,
        701.9480519480519,
        450.64935064935065,
        2,
        813.6363636363636,
        445.45454545454544,
        2,
        779.8701298701299,
        483.1168831168831,
        2,
        864.2857142857142,
        457.1428571428571,
        2,
        857.7922077922078,
        501.2987012987013,
        2,
        774.6753246753246,
        629.8701298701299,
        2,
        721.4285714285714,
        624.6753246753246,
        1,
        757.1428571428571,
        712.9870129870129,
        1,
        703.8961038961039,
        754.5454545454545,
        1,
        750.8333333333334,
        808.3333333333334,
        2,
        697.5,
        831.6666666666667,
        1,
        732.5,
        828.3333333333334,
        2,
        705.8333333333334,
        831.6666666666667,
        1,
        762.5,
        838.3333333333334,
        2,
        699.1666666666667,
        858.3333333333334,
        1
      ],
      "num_keypoints": 20,
      "iscrowd": 0,
      "segmentation": []
    }
  ]
}