{
  "categories": [
    {
      "supercategory": "person",
      "id": 1,
      "name": "person",
      "keypoints": [
        "nose",
        "left_eye",
        "right_eye",
        "left_ear",
        "right_ear",
        "left_shoulder",
        "right_shoulder",
        "left_elbow",
        "right_elbow",
        "left_wrist",
        "right_wrist",
        "left_hip",
        "right_hip",
        "left_knee",
        "right_knee",
        "left_ankle",
        "right_ankle",
        "left_heel",
        "right_heel",
        "left_foot",
        "right_foot"
      ],
      "skeleton": [
        [
          1,
          2
        ],
        [
          0,
          1
        ],
        [
          0,
          2
        ],
        [
          1,
          3
        ],
        [
          2,
          4
        ],
        [
          5,
          6
        ],
        [
          5,
          7
        ],
        [
          7,
          9
        ],
        [
          6,
          8
        ],
        [
          8,
          10
        ],
        [
          5,
          11
        ],
        [
          6,
          12
        ],
        [
          11,
          12
        ],
        [
          11,
          13
        ],
        [
          13,
          15
        ],
        [
          12,
          14
        ],
        [
          14,
          16
        ],
        [
          16,
          18
        ],
        [
          16,
          20
        ],
        [
          20,
          18
        ],
        [
          15,
          17
        ],
        [
          15,
          19
        ],
        [
          19,
          17
        ]
      ]
    }
  ],
  "images": [
    {
      "file_name": "000000001692.jpg",
      "height": 1200,
      "width": 1600,
      "id": 0
    }
  ],
  "annotations": [
    {
      "category_id": 1,
      "image_id": 0,
      "id": 0,
      "bbox": [
        663.7500000000001,
        197.3611111111111,
        276.66666666666663,
        615.0000000000001
      ],
      "area": 170150.0,
      "keypoints": [
        796.0,
        332.0,
        2,
        807.6388888888889,
        318.05555555555554,
        2,
        789.5833333333334,
        319.44444444444446,
        1,
        845.1388888888889,
        322.22222222222223,
        2,
        796.5277777777778,
        327.77777777777777,
        0,
        860.4166666666667,
        368.05555555555554,
        2,
        778.4722222222223,
        355.55555555555554,
        2,
        893.7500000000001,
        333.33333333333337,
        2,
        729.8611111111112,
        304.1666666666667,
        2,
        917.3611111111112,
        268.05555555555554,
        2,
        686.8055555555557,
        248.61111111111111,
        2,
        842.3611111111112,
        556.9444444444445,
        2,
        795.1388888888889,
        569.4444444444445,
        1,
        861.8055555555557,
        658.3333333333334,
        2,
        790.9722222222223,
        665.2777777777778,
        1,
        877.0833333333334,
        730.5555555555555,
        2,
        829.8611111111112,
        731.9444444444445,
        2,
        888.1944444444446,
        736.1111111111111,
        1,
        853.4722222222223,
        741.6666666666667,
        2,
        871.5277777777778,
        761.1111111111112,
        2,
        809.0277777777778,
        756.9444444444445,
        2
      ],
      "num_keypoints": 20,
      "iscrowd": 0,
      "segmentation": []
    },
    {
      "category_id": 1,
      "image_id": 0,
      "id": 1,
      "bbox": [
        499.42099567099575,
        333.95238095238096,
        356.9480519480517,
        621.1428571428572
      ],
      "area": 221715.73283858987,
      "keypoints": [
        673.3766233766233,
        400.0,
        0,
        652.5974025974026,
        389.6103896103896,
        0,
        690.2597402597403,
        381.8181818181818,
        0,
        643.5064935064935,
        383.1168831168831,
        0,
        678.5714285714286,
        385.7142857142857,
        2,
        586.3636363636364,
        457.1428571428571,
        2,
        685.0649350649351,
        475.3246753246753,
        2,
        564.2857142857142,
        558.4415584415584,
        2,
        751.2987012987013,
        546.7532467532467,
        2,
        542.2077922077922,
        644.1558441558442,
        1,
        826.6233766233765,
        525.974025974026,
        2,
        560.3896103896104,
        642.8571428571429,
        2,
        626.6233766233767,
        654.5454545454545,
        2,
        559.7402597402597,
        735.0649350649351,
        2,
        624.6753246753246,
        767.5324675324675,
        1,
        549.1666666666667,
        806.6666666666667,
        1,
        629.1666666666667,
        868.3333333333334,
        1,
        529.1666666666667,
        838.3333333333334,
        1,
        617.5,
        903.3333333333334,
        1,
        580.8333333333334,
        845.0000000000001,
        2,
        669.1666666666667,
        890.0000000000001,
        2
      ],
      "num_keypoints": 17,
      "iscrowd": 0,
      "segmentation": []
    }
  ]
}