{
  "categories": [
    {
      "supercategory": "person",
      "id": 1,
      "name": "person",
      "keypoints": [
        "nose",
        "left_eye",
        "right_eye",
        "left_ear",
        "right_ear",
        "left_shoulder",
        "right_shoulder",
        "left_elbow",
        "right_elbow",
        "left_wrist",
        "right_wrist",
        "left_hip",
        "right_hip",
        "left_knee",
        "right_knee",
        "left_ankle",
        "right_ankle",
        "left_heel",
        "right_heel",
        "left_foot",
        "right_foot"
      ],
      "skeleton": [
        [
          1,
          2
        ],
        [
          0,
          1
        ],
        [
          0,
          2
        ],
        [
          1,
          3
        ],
        [
          2,
          4
        ],
        [
          5,
          6
        ],
        [
          5,
          7
        ],
        [
          7,
          9
        ],
        [
          6,
          8
        ],
        [
          8,
          10
        ],
        [
          5,
          11
        ],
        [
          6,
          12
        ],
        [
          11,
          12
        ],
        [
          11,
          13
        ],
        [
          13,
          15
        ],
        [
          12,
          14
        ],
        [
          14,
          16
        ],
        [
          16,
          18
        ],
        [
          16,
          20
        ],
        [
          20,
          18
        ],
        [
          15,
          17
        ],
        [
          15,
          19
        ],
        [
          19,
          17
        ]
      ]
    }
  ],
  "images": [
    {
      "file_name": "000000000636.jpg",
      "height": 1200,
      "width": 1600,
      "id": 0
    }
  ],
  "annotations": [
    {
      "category_id": 1,
      "image_id": 0,
      "id": 0,
      "bbox": [
        446.8026315789473,
        386.1960072595282,
        188.36842105263156,
        600.130671506352
      ],
      "area": 113045.66701690703,
      "keypoints": [
        466.6666666666667,
        449.01960784313724,
        1,
        481.89655172413785,
        436.2068965517242,
        2,
        462.49999999999994,
        438.36206896551727,
        2,
        520.2586206896551,
        443.5344827586207,
        2,
        479.6296296296296,
        445.2380952380952,
        0,
        561.3756613756614,
        525.3968253968253,
        2,
        473.28042328042324,
        508.2010582010582,
        2,
        596.8253968253968,
        643.3862433862433,
        1,
        466.66666666666663,
        639.6825396825396,
        2,
        604.7619047619047,
        727.5132275132274,
        2,
        463.7566137566137,
        694.7089947089946,
        1,
        556.0846560846561,
        697.8835978835979,
        2,
        488.46153846153845,
        694.8717948717948,
        1,
        555.1282051282051,
        832.051282051282,
        2,
        483.33333333333326,
        811.5384615384615,
        1,
        601.2820512820513,
        901.2820512820513,
        2,
        582.051282051282,
        843.5897435897435,
        1,
        619.4736842105262,
        925.7894736842104,
        2,
        610.0,
        838.4210526315788,
        2,
        581.0526315789473,
        936.3157894736842,
        2,
        584.7368421052631,
        872.1052631578947,
        1
      ],
      "num_keypoints": 20,
      "iscrowd": 0,
      "segmentation": []
    },
    {
      "category_id": 1,
      "image_id": 0,
      "id": 1,
      "bbox": [
        708.6315789473684,
        295.37728937728934,
        123.7894736842104,
        518.3296703296703
      ],
      "area": 64163.75708502018,
      "keypoints": [
        765.7142857142857,
        350.0,
        2,
        777.1428571428571,
        338.57142857142856,
        2,
        755.2380952380952,
        341.4285714285714,
        2,
        792.8571428571428,
        345.23809523809524,
        2,
        742.3809523809523,
        348.57142857142856,
        2,
        817.6190476190476,
        394.76190476190476,
        2,
        726.8421052631578,
        405.2631578947368,
        2,
        822.1052631578947,
        481.05263157894734,
        2,
        718.9473684210526,
        494.7368421052631,
        2,
        791.0526315789473,
        496.84210526315786,
        2,
        752.6315789473683,
        499.99999999999994,
        2,
        810.5263157894736,
        552.1052631578947,
        1,
        743.5897435897435,
        555.1282051282051,
        2,
        799.9999999999999,
        657.6923076923077,
        1,
        757.6923076923076,
        665.3846153846154,
        2,
        799.3589743589744,
        727.5641025641025,
        2,
        769.2307692307692,
        744.8717948717948,
        2,
        789.7435897435897,
        739.7435897435897,
        2,
        776.9230769230769,
        761.5384615384615,
        2,
        803.2051282051282,
        743.5897435897435,
        2,
        762.1794871794872,
        770.5128205128204,
        2
      ],
      "num_keypoints": 21,
      "iscrowd": 0,
      "segmentation": []
    },
    {
      "category_id": 1,
      "image_id": 0,
      "id": 2,
      "bbox": [
        235.86924219910847,
        255.61664190193162,
        102.70430906389302,
        240.1783060921248
      ],
      "area": 24667.346979327885,
      "keypoints": [
        280.1587301587302,
        278.1746031746032,
        0,
        276.96879643387814,
        273.9970282317979,
        0,
        283.0609212481426,
        274.14561664190194,
        0,
        267.6077265973254,
        276.3744427934621,
        1,
        288.26151560178306,
        275.631500742942,
        2,
        255.57206537890042,
        298.21693907875186,
        2,
        302.8231797919762,
        296.43387815750367,
        2,
        248.43982169390787,
        341.01040118870725,
        2,
        317.08766716196135,
        339.9702823179792,
        2,
        244.42793462109955,
        370.4309063893016,
        2,
        298.9598811292719,
        326.15156017830606,
        0,
        268.0534918276374,
        362.852897473997,
        2,
        304.30906389301634,
        362.40713224368494,
        2,
        283.8038632986627,
        417.9791976225854,
        2,
        312.18424962852896,
        415.3046062407132,
        2,
        293.46210995542344,
        464.3387815750371,
        2,
        323.62555720653785,
        459.2867756315007,
        2,
        297.32540861812777,
        475.78008915304605,
        2,
        324.66567607726597,
        466.12184249628524,
        2,
        288.26151560178306,
        473.25408618127784,
        2,
        330.0148588410104,
        463.44725111441306,
        2
      ],
      "num_keypoints": 17,
      "iscrowd": 0,
      "segmentation": []
    }
  ]
}