{
  "categories": [
    {
      "supercategory": "person",
      "id": 1,
      "name": "person",
      "keypoints": [
        "nose",
        "left_eye",
        "right_eye",
        "left_ear",
        "right_ear",
        "left_shoulder",
        "right_shoulder",
        "left_elbow",
        "right_elbow",
        "left_wrist",
        "right_wrist",
        "left_hip",
        "right_hip",
        "left_knee",
        "right_knee",
        "left_ankle",
        "right_ankle",
        "left_heel",
        "right_heel",
        "left_foot",
        "right_foot"
      ],
      "skeleton": [
        [
          1,
          2
        ],
        [
          0,
          1
        ],
        [
          0,
          2
        ],
        [
          1,
          3
        ],
        [
          2,
          4
        ],
        [
          5,
          6
        ],
        [
          5,
          7
        ],
        [
          7,
          9
        ],
        [
          6,
          8
        ],
        [
          8,
          10
        ],
        [
          5,
          11
        ],
        [
          6,
          12
        ],
        [
          11,
          12
        ],
        [
          11,
          13
        ],
        [
          13,
          15
        ],
        [
          12,
          14
        ],
        [
          14,
          16
        ],
        [
          16,
          18
        ],
        [
          16,
          20
        ],
        [
          20,
          18
        ],
        [
          15,
          17
        ],
        [
          15,
          19
        ],
        [
          19,
          17
        ]
      ]
    }
  ],
  "images": [
    {
      "file_name": "000000001426.jpg",
      "height": 1200,
      "width": 1600,
      "id": 0
    }
  ],
  "annotations": [
    {
      "category_id": 1,
      "image_id": 0,
      "id": 0,
      "bbox": [
        814.313725490196,
        125.40521494009866,
        310.0534759358288,
        853.276955602537
      ],
      "area": 264561.4860205085,
      "keypoints": [
        983.442265795207,
        215.46840958605665,
        2,
        1003.0501089324619,
        198.2570806100218,
        2,
        973.8372093023256,
        196.51162790697674,
        2,
        1039.2441860465117,
        209.88372093023256,
        2,
        972.7941176470588,
        213.23529411764704,
        0,
        1067.6470588235293,
        283.0882352941176,
        2,
        928.6764705882352,
        278.67647058823525,
        2,
        1098.5294117647059,
        437.49999999999994,
        2,
        918.3673469387755,
        421.42857142857144,
        2,
        1076.8261964735516,
        539.0428211586901,
        2,
        896.3302752293578,
        499.99999999999994,
        2,
        1025.3246753246754,
        546.7532467532467,
        2,
        908.4415584415584,
        516.8831168831168,
        2,
        959.0909090909091,
        711.6883116883117,
        2,
        866.8831168831169,
        703.8961038961039,
        2,
        926.6233766233767,
        838.961038961039,
        2,
        870.1298701298701,
        835.0649350649351,
        2,
        924.6753246753248,
        866.2337662337662,
        2,
        882.5757575757576,
        868.1818181818181,
        2,
        903.7878787878789,
        907.5757575757575,
        2,
        840.1515151515151,
        887.8787878787879,
        2
      ],
      "num_keypoints": 20,
      "iscrowd": 0,
      "segmentation": []
    },
    {
      "category_id": 1,
      "image_id": 0,
      "id": 1,
      "bbox": [
        672.6666666666666,
        279.8666666666667,
        256.0000000000001,
        696.1454545454545
      ],
      "area": 178213.23636363645,
      "keypoints": [
        817.5324675324674,
        350.64935064935065,
        2,
        821.9696969696969,
        337.8787878787879,
        1,
        812.121212121212,
        342.7609427609427,
        2,
        781.8181818181818,
        325.25252525252523,
        0,
        763.6363636363636,
        343.77104377104376,
        2,
        811.4478114478114,
        408.7542087542087,
        2,
        757.5757575757575,
        419.19191919191917,
        2,
        884.8484848484849,
        477.27272727272725,
        1,
        839.3939393939394,
        437.8787878787879,
        2,
        912.6666666666666,
        408.6666666666667,
        0,
        907.3333333333334,
        350.0,
        2,
        807.3333333333333,
        611.3333333333334,
        2,
        756.6666666666666,
        612.6666666666666,
        1,
        814.0,
        730.0,
        2,
        758.0,
        747.3333333333334,
        2,
        795.3333333333333,
        818.0,
        2,
        715.3333333333333,
        860.6666666666666,
        2,
        771.3333333333333,
        840.6666666666666,
        2,
        694.0,
        879.3333333333334,
        2,
        856.6666666666666,
        852.6666666666666,
        2,
        755.3333333333333,
        918.0,
        2
      ],
      "num_keypoints": 19,
      "iscrowd": 0,
      "segmentation": []
    }
  ]
}