{
  "categories": [
    {
      "supercategory": "person",
      "id": 1,
      "name": "person",
      "keypoints": [
        "nose",
        "left_eye",
        "right_eye",
        "left_ear",
        "right_ear",
        "left_shoulder",
        "right_shoulder",
        "left_elbow",
        "right_elbow",
        "left_wrist",
        "right_wrist",
        "left_hip",
        "right_hip",
        "left_knee",
        "right_knee",
        "left_ankle",
        "right_ankle",
        "left_heel",
        "right_heel",
        "left_foot",
        "right_foot"
      ],
      "skeleton": [
        [
          1,
          2
        ],
        [
          0,
          1
        ],
        [
          0,
          2
        ],
        [
          1,
          3
        ],
        [
          2,
          4
        ],
        [
          5,
          6
        ],
        [
          5,
          7
        ],
        [
          7,
          9
        ],
        [
          6,
          8
        ],
        [
          8,
          10
        ],
        [
          5,
          11
        ],
        [
          6,
          12
        ],
        [
          11,
          12
        ],
        [
          11,
          13
        ],
        [
          13,
          15
        ],
        [
          12,
          14
        ],
        [
          14,
          16
        ],
        [
          16,
          18
        ],
        [
          16,
          20
        ],
        [
          20,
          18
        ],
        [
          15,
          17
        ],
        [
          15,
          19
        ],
        [
          19,
          17
        ]
      ]
    }
  ],
  "images": [
    {
      "file_name": "000000000960.jpg",
      "height": 1200,
      "width": 1600,
      "id": 0
    }
  ],
  "annotations": [
    {
      "category_id": 1,
      "image_id": 0,
      "id": 0,
      "bbox": [
        367.2585825027685,
        350.9768266534719,
        301.468438538206,
        635.0865907966353
      ],
      "area": 191458.5628640142,
      "keypoints": [
        453.2786885245902,
        414.75409836065575,
        2,
        471.63120567375887,
        409.2198581560284,
        2,
        445.39007092198585,
        403.9007092198582,
        2,
        484.0425531914894,
        414.1843971631206,
        1,
        416.19047619047615,
        408.57142857142856,
        2,
        516.6666666666666,
        474.2857142857143,
        2,
        392.38095238095235,
        479.5238095238095,
        2,
        533.8095238095237,
        571.4285714285714,
        2,
        398.57142857142856,
        587.6190476190476,
        2,
        558.0952380952381,
        668.0952380952381,
        1,
        417.1428571428571,
        687.6190476190476,
        2,
        522.3809523809524,
        672.3809523809524,
        1,
        433.33333333333326,
        650.0,
        2,
        538.4615384615385,
        806.4102564102564,
        1,
        432.051282051282,
        797.4358974358975,
        2,
        620.5128205128204,
        884.6153846153846,
        2,
        424.35897435897425,
        892.3076923076923,
        2,
        643.6046511627907,
        884.3023255813954,
        2,
        436.6279069767442,
        913.3720930232558,
        2,
        640.6976744186046,
        918.0232558139535,
        2,
        426.74418604651163,
        933.1395348837209,
        2
      ],
      "num_keypoints": 21,
      "iscrowd": 0,
      "segmentation": []
    },
    {
      "category_id": 1,
      "image_id": 0,
      "id": 1,
      "bbox": [
        279.3640988372093,
        376.1853448275862,
        116.38081395348831,
        523.7068965517242
      ],
      "area": 60949.43489374496,
      "keypoints": [
        317.2413793103447,
        438.36206896551727,
        2,
        328.4482758620689,
        426.2931034482759,
        2,
        310.3448275862068,
        427.15517241379314,
        2,
        359.9137931034482,
        419.82758620689657,
        2,
        324.5689655172413,
        423.7068965517242,
        0,
        377.90697674418607,
        476.16279069767444,
        1,
        315.1162790697675,
        468.60465116279073,
        2,
        386.04651162790697,
        567.4418604651163,
        1,
        294.7674418604651,
        561.046511627907,
        2,
        330.2325581395349,
        536.046511627907,
        2,
        305.2325581395349,
        533.1395348837209,
        2,
        384.6153846153845,
        621.7948717948718,
        2,
        325.64102564102564,
        614.1025641025641,
        2,
        405.1282051282051,
        728.2051282051282,
        0,
        319.23076923076917,
        706.4102564102564,
        2,
        418.75,
        789.84375,
        0,
        312.5,
        844.53125,
        2,
        441.40625,
        823.4375,
        0,
        324.21875,
        854.6875,
        2,
        417.1875,
        814.84375,
        0,
        289.0625,
        856.25,
        2
      ],
      "num_keypoints": 16,
      "iscrowd": 0,
      "segmentation": []
    }
  ]
}