{
  "categories": [
    {
      "supercategory": "person",
      "id": 1,
      "name": "person",
      "keypoints": [
        "nose",
        "left_eye",
        "right_eye",
        "left_ear",
        "right_ear",
        "left_shoulder",
        "right_shoulder",
        "left_elbow",
        "right_elbow",
        "left_wrist",
        "right_wrist",
        "left_hip",
        "right_hip",
        "left_knee",
        "right_knee",
        "left_ankle",
        "right_ankle",
        "left_heel",
        "right_heel",
        "left_foot",
        "right_foot"
      ],
      "skeleton": [
        [
          1,
          2
        ],
        [
          0,
          1
        ],
        [
          0,
          2
        ],
        [
          1,
          3
        ],
        [
          2,
          4
        ],
        [
          5,
          6
        ],
        [
          5,
          7
        ],
        [
          7,
          9
        ],
        [
          6,
          8
        ],
        [
          8,
          10
        ],
        [
          5,
          11
        ],
        [
          6,
          12
        ],
        [
          11,
          12
        ],
        [
          11,
          13
        ],
        [
          13,
          15
        ],
        [
          12,
          14
        ],
        [
          14,
          16
        ],
        [
          16,
          18
        ],
        [
          16,
          20
        ],
        [
          20,
          18
        ],
        [
          15,
          17
        ],
        [
          15,
          19
        ],
        [
          19,
          17
        ]
      ]
    }
  ],
  "images": [
    {
      "file_name": "000000001206.jpg",
      "height": 1200,
      "width": 1600,
      "id": 0
    }
  ],
  "annotations": [
    {
      "category_id": 1,
      "image_id": 0,
      "id": 0,
      "bbox": [
        776.6867656153372,
        289.3977591036415,
        328.73840445269,
        315.4621848739495
      ],
      "area": 103704.5353206217,
      "keypoints": [
        816.6666666666666,
        332.3529411764706,
        2,
        829.7385620915032,
        315.6862745098039,
        2,
        807.3439412484701,
        317.2582619339045,
        2,
        871.4810281517748,
        320.07343941248473,
        2,
        808.4175084175083,
        327.27272727272725,
        0,
        914.2857142857143,
        380.61224489795916,
        2,
        804.0816326530613,
        394.8979591836735,
        2,
        944.8979591836735,
        488.77551020408157,
        2,
        810.2040816326531,
        462.2448979591836,
        2,
        987.7551020408164,
        578.5714285714286,
        2,
        822.5274725274725,
        534.065934065934,
        2,
        990.2597402597402,
        522.077922077922,
        2,
        946.1038961038961,
        540.2597402597403,
        2,
        1018.8311688311688,
        546.7532467532467,
        2,
        998.051948051948,
        536.3636363636364,
        0,
        1053.8961038961038,
        529.8701298701299,
        2,
        1024.6753246753246,
        505.19480519480516,
        2,
        1055.844155844156,
        500.0,
        2,
        1031.060606060606,
        480.3030303030303,
        1,
        1078.030303030303,
        530.3030303030303,
        2,
        1040.151515151515,
        518.1818181818181,
        1
      ],
      "num_keypoints": 19,
      "iscrowd": 0,
      "segmentation": []
    },
    {
      "category_id": 1,
      "image_id": 0,
      "id": 1,
      "bbox": [
        663.2034632034631,
        311.1104684788895,
        155.84415584415603,
        627.113938692886
      ],
      "area": 97732.04239369664,
      "keypoints": [
        752.5974025974025,
        375.3246753246753,
        2,
        755.8441558441559,
        363.6363636363636,
        1,
        743.9560439560439,
        363.3699633699634,
        2,
        736.2745098039215,
        343.1372549019608,
        0,
        706.959706959707,
        371.06227106227107,
        2,
        752.014652014652,
        416.8498168498169,
        2,
        676.1904761904761,
        441.75824175824175,
        2,
        806.0606060606061,
        512.1212121212121,
        1,
        712.1212121212121,
        550.0,
        2,
        811.4035087719299,
        494.7368421052632,
        0,
        793.859649122807,
        538.5964912280702,
        2,
        758.7719298245614,
        614.0350877192983,
        2,
        692.1052631578947,
        633.3333333333334,
        2,
        728.9473684210526,
        736.8421052631579,
        2,
        706.140350877193,
        743.859649122807,
        2,
        718.421052631579,
        826.3157894736842,
        2,
        685.0877192982456,
        847.3684210526316,
        2,
        711.4035087719299,
        852.6315789473684,
        2,
        678.0701754385965,
        871.9298245614035,
        2,
        746.4912280701755,
        856.140350877193,
        2,
        699.1228070175439,
        885.9649122807017,
        2
      ],
      "num_keypoints": 19,
      "iscrowd": 0,
      "segmentation": []
    }
  ]
}