{
  "categories": [
    {
      "supercategory": "person",
      "id": 1,
      "name": "person",
      "keypoints": [
        "nose",
        "left_eye",
        "right_eye",
        "left_ear",
        "right_ear",
        "left_shoulder",
        "right_shoulder",
        "left_elbow",
        "right_elbow",
        "left_wrist",
        "right_wrist",
        "left_hip",
        "right_hip",
        "left_knee",
        "right_knee",
        "left_ankle",
        "right_ankle",
        "left_heel",
        "right_heel",
        "left_foot",
        "right_foot"
      ],
      "skeleton": [
        [
          1,
          2
        ],
        [
          0,
          1
        ],
        [
          0,
          2
        ],
        [
          1,
          3
        ],
        [
          2,
          4
        ],
        [
          5,
          6
        ],
        [
          5,
          7
        ],
        [
          7,
          9
        ],
        [
          6,
          8
        ],
        [
          8,
          10
        ],
        [
          5,
          11
        ],
        [
          6,
          12
        ],
        [
          11,
          12
        ],
        [
          11,
          13
        ],
        [
          13,
          15
        ],
        [
          12,
          14
        ],
        [
          14,
          16
        ],
        [
          16,
          18
        ],
        [
          16,
          20
        ],
        [
          20,
          18
        ],
        [
          15,
          17
        ],
        [
          15,
          19
        ],
        [
          19,
          17
        ]
      ]
    }
  ],
  "images": [
    {
      "file_name": "000000000688.jpg",
      "height": 1200,
      "width": 1600,
      "id": 0
    }
  ],
  "annotations": [
    {
      "category_id": 1,
      "image_id": 0,
      "id": 0,
      "bbox": [
        537.0599438652766,
        198.808758040574,
        378.53648757016833,
        665.3587333003463
      ],
      "area": 251862.5578776495,
      "keypoints": [
        769.6078431372549,
        271.5686274509804,
        2,
        785.1063829787234,
        256.73758865248226,
        2,
        770.5673758865248,
        254.2553191489362,
        2,
        831.5602836879433,
        260.2836879432624,
        2,
        797.8448275862069,
        259.05172413793105,
        0,
        884.0517241379309,
        348.7068965517242,
        2,
        798.7068965517241,
        326.7241379310345,
        2,
        875.0,
        445.68965517241384,
        2,
        843.103448275862,
        447.8448275862069,
        0,
        882.3275862068965,
        496.55172413793105,
        2,
        851.7241379310344,
        532.7586206896552,
        1,
        787.4999999999999,
        503.8793103448276,
        2,
        776.9230769230769,
        489.7435897435897,
        0,
        648.7179487179486,
        602.5641025641025,
        1,
        667.9487179487179,
        630.7692307692307,
        1,
        596.1538461538461,
        766.6666666666666,
        1,
        684.6153846153845,
        755.1282051282051,
        2,
        612.2093023255815,
        798.2558139534884,
        1,
        694.7674418604652,
        779.6511627906976,
        2,
        568.6046511627907,
        808.7209302325582,
        2,
        661.046511627907,
        797.0930232558139,
        2
      ],
      "num_keypoints": 18,
      "iscrowd": 0,
      "segmentation": []
    },
    {
      "category_id": 1,
      "image_id": 0,
      "id": 1,
      "bbox": [
        702.8205128205128,
        305.6480654761905,
        243.0769230769231,
        526.5089285714286
      ],
      "area": 127982.17032967033,
      "keypoints": [
        781.9047619047619,
        361.4285714285714,
        1,
        792.3809523809523,
        350.4761904761905,
        1,
        772.3809523809523,
        349.5238095238095,
        2,
        809.047619047619,
        352.38095238095235,
        1,
        760.0,
        350.4761904761905,
        2,
        839.047619047619,
        403.8095238095238,
        0,
        733.3333333333333,
        414.1025641025641,
        2,
        855.7692307692307,
        473.07692307692304,
        0,
        723.0769230769231,
        519.2307692307692,
        1,
        925.6410256410256,
        476.9230769230769,
        2,
        746.1538461538461,
        564.1025641025641,
        0,
        824.3589743589744,
        578.2051282051282,
        2,
        758.9743589743589,
        587.1794871794872,
        1,
        808.9743589743589,
        688.4615384615385,
        2,
        744.8717948717948,
        658.974358974359,
        2,
        788.4615384615383,
        764.1025641025641,
        2,
        745.3125,
        757.03125,
        2,
        778.90625,
        788.28125,
        2,
        757.03125,
        767.96875,
        2,
        804.6875,
        786.71875,
        2,
        737.5,
        782.03125,
        2
      ],
      "num_keypoints": 18,
      "iscrowd": 0,
      "segmentation": []
    }
  ]
}