{
  "categories": [
    {
      "supercategory": "person",
      "id": 1,
      "name": "person",
      "keypoints": [
        "nose",
        "left_eye",
        "right_eye",
        "left_ear",
        "right_ear",
        "left_shoulder",
        "right_shoulder",
        "left_elbow",
        "right_elbow",
        "left_wrist",
        "right_wrist",
        "left_hip",
        "right_hip",
        "left_knee",
        "right_knee",
        "left_ankle",
        "right_ankle",
        "left_heel",
        "right_heel",
        "left_foot",
        "right_foot"
      ],
      "skeleton": [
        [
          1,
          2
        ],
        [
          0,
          1
        ],
        [
          0,
          2
        ],
        [
          1,
          3
        ],
        [
          2,
          4
        ],
        [
          5,
          6
        ],
        [
          5,
          7
        ],
        [
          7,
          9
        ],
        [
          6,
          8
        ],
        [
          8,
          10
        ],
        [
          5,
          11
        ],
        [
          6,
          12
        ],
        [
          11,
          12
        ],
        [
          11,
          13
        ],
        [
          13,
          15
        ],
        [
          12,
          14
        ],
        [
          14,
          16
        ],
        [
          16,
          18
        ],
        [
          16,
          20
        ],
        [
          20,
          18
        ],
        [
          15,
          17
        ],
        [
          15,
          19
        ],
        [
          19,
          17
        ]
      ]
    }
  ],
  "images": [
    {
      "file_name": "000000001361.jpg",
      "height": 1200,
      "width": 1600,
      "id": 0
    }
  ],
  "annotations": [
    {
      "category_id": 1,
      "image_id": 0,
      "id": 0,
      "bbox": [
        853.265306122449,
        205.64071205326812,
        217.95918367346928,
        631.8630248675092
      ],
      "area": 137720.34909357133,
      "keypoints": [
        915.686274509804,
        276.25272331154684,
        2,
        927.2997032640949,
        260.6824925816024,
        2,
        903.9451114922813,
        260.548885077187,
        2,
        966.3677130044844,
        258.29596412556054,
        2,
        908.9430894308944,
        248.78048780487805,
        0,
        996.7479674796748,
        321.9512195121951,
        2,
        889.4308943089432,
        321.9512195121951,
        2,
        1026.8292682926829,
        444.7154471544716,
        2,
        891.8367346938776,
        443.8775510204082,
        2,
        1053.061224489796,
        535.7142857142857,
        2,
        871.4285714285714,
        527.5510204081633,
        2,
        1014.935064935065,
        554.5454545454545,
        2,
        943.5064935064935,
        544.1558441558442,
        2,
        1034.4155844155844,
        640.2597402597403,
        2,
        983.7662337662338,
        637.6623376623377,
        2,
        1035.064935064935,
        733.7662337662338,
        2,
        993.5064935064935,
        724.6753246753246,
        2,
        1046.7532467532467,
        746.7532467532467,
        2,
        1006.8181818181819,
        745.4545454545455,
        2,
        1034.090909090909,
        784.8484848484849,
        2,
        991.6666666666666,
        775.7575757575758,
        2
      ],
      "num_keypoints": 20,
      "iscrowd": 0,
      "segmentation": []
    },
    {
      "category_id": 1,
      "image_id": 0,
      "id": 1,
      "bbox": [
        652.2666666666667,
        314.7333333333333,
        244.79999999999995,
        659.5636363636365
      ],
      "area": 161461.1781818182,
      "keypoints": [
        750.0000000000001,
        387.012987012987,
        2,
        752.2727272727271,
        369.6969696969697,
        1,
        745.4716981132076,
        377.7358490566038,
        2,
        719.6296296296296,
        363.3333333333333,
        0,
        706.2962962962963,
        379.6296296296296,
        2,
        754.7169811320755,
        426.0377358490566,
        0,
        693.3333333333333,
        438.88888888888886,
        2,
        843.939393939394,
        457.57575757575756,
        2,
        763.6363636363636,
        457.57575757575756,
        2,
        876.6666666666666,
        440.6666666666667,
        2,
        840.6666666666666,
        400.6666666666667,
        2,
        744.6666666666666,
        627.3333333333334,
        2,
        711.3333333333333,
        628.6666666666666,
        2,
        755.3333333333333,
        739.3333333333334,
        2,
        726.0,
        764.6666666666666,
        2,
        732.6666666666666,
        846.0,
        2,
        695.3333333333333,
        875.3333333333334,
        2,
        704.6666666666666,
        866.0,
        2,
        672.6666666666666,
        896.6666666666666,
        2,
        787.3333333333333,
        858.0,
        2,
        739.3333333333333,
        919.3333333333334,
        2
      ],
      "num_keypoints": 19,
      "iscrowd": 0,
      "segmentation": []
    }
  ]
}