{
  "categories": [
    {
      "supercategory": "person",
      "id": 1,
      "name": "person",
      "keypoints": [
        "nose",
        "left_eye",
        "right_eye",
        "left_ear",
        "right_ear",
        "left_shoulder",
        "right_shoulder",
        "left_elbow",
        "right_elbow",
        "left_wrist",
        "right_wrist",
        "left_hip",
        "right_hip",
        "left_knee",
        "right_knee",
        "left_ankle",
        "right_ankle",
        "left_heel",
        "right_heel",
        "left_foot",
        "right_foot"
      ],
      "skeleton": [
        [
          1,
          2
        ],
        [
          0,
          1
        ],
        [
          0,
          2
        ],
        [
          1,
          3
        ],
        [
          2,
          4
        ],
        [
          5,
          6
        ],
        [
          5,
          7
        ],
        [
          7,
          9
        ],
        [
          6,
          8
        ],
        [
          8,
          10
        ],
        [
          5,
          11
        ],
        [
          6,
          12
        ],
        [
          11,
          12
        ],
        [
          11,
          13
        ],
        [
          13,
          15
        ],
        [
          12,
          14
        ],
        [
          14,
          16
        ],
        [
          16,
          18
        ],
        [
          16,
          20
        ],
        [
          20,
          18
        ],
        [
          15,
          17
        ],
        [
          15,
          19
        ],
        [
          19,
          17
        ]
      ]
    }
  ],
  "images": [
    {
      "file_name": "000000001402.jpg",
      "height": 1200,
      "width": 1600,
      "id": 0
    }
  ],
  "annotations": [
    {
      "category_id": 1,
      "image_id": 0,
      "id": 0,
      "bbox": [
        907.4084249084249,
        252.08746230073245,
        273.73626373626394,
        404.3343386471348
      ],
      "area": 110680.97116153996,
      "keypoints": [
        955.6379821958457,
        326.4094955489614,
        2,
        960.5341246290801,
        316.02373887240356,
        2,
        946.9194312796209,
        318.4834123222749,
        2,
        1006.1611374407584,
        285.78199052132703,
        2,
        948.3516483516484,
        295.05494505494505,
        0,
        1060.989010989011,
        307.6923076923077,
        2,
        930.2197802197802,
        314.83516483516485,
        2,
        1103.8461538461538,
        417.032967032967,
        2,
        948.9795918367348,
        415.3061224489795,
        2,
        1108.148148148148,
        520.7407407407408,
        2,
        932.2834645669291,
        496.06299212598424,
        2,
        1088.9610389610389,
        490.9090909090909,
        2,
        998.051948051948,
        485.7142857142857,
        2,
        1064.2857142857142,
        606.4935064935065,
        2,
        1035.7142857142858,
        598.7012987012987,
        2,
        1145.4545454545455,
        583.1168831168831,
        2,
        1116.8831168831168,
        583.1168831168831,
        0,
        1150.6493506493505,
        562.3376623376623,
        2,
        1125.0,
        589.3939393939394,
        1,
        1158.3333333333335,
        609.0909090909091,
        2,
        1118.939393939394,
        622.7272727272727,
        2
      ],
      "num_keypoints": 19,
      "iscrowd": 0,
      "segmentation": []
    },
    {
      "category_id": 1,
      "image_id": 0,
      "id": 1,
      "bbox": [
        739.7333333333333,
        285.9333333333334,
        203.19999999999982,
        641.5272727272727
      ],
      "area": 130358.3418181817,
      "keypoints": [
        846.1038961038961,
        354.54545454545456,
        2,
        850.7575757575756,
        339.39393939393943,
        1,
        839.5604395604395,
        341.75824175824175,
        2,
        818.3823529411765,
        330.1470588235294,
        0,
        804.0816326530612,
        341.63265306122446,
        2,
        844.8275862068965,
        408.62068965517244,
        2,
        788.7931034482758,
        414.65517241379314,
        2,
        910.6060606060606,
        463.6363636363636,
        2,
        857.5757575757576,
        472.72727272727275,
        2,
        940.6666666666666,
        406.0,
        0,
        925.9999999999999,
        394.0,
        2,
        838.0,
        592.6666666666666,
        2,
        798.0,
        607.3333333333334,
        2,
        858.0,
        698.0,
        2,
        803.3333333333333,
        718.0,
        2,
        840.6666666666666,
        784.6666666666666,
        2,
        771.3333333333333,
        823.3333333333334,
        2,
        818.0,
        812.6666666666666,
        2,
        756.6666666666666,
        851.3333333333334,
        2,
        897.9999999999999,
        823.3333333333334,
        2,
        802.0,
        874.0,
        2
      ],
      "num_keypoints": 19,
      "iscrowd": 0,
      "segmentation": []
    }
  ]
}