{
  "categories": [
    {
      "supercategory": "person",
      "id": 1,
      "name": "person",
      "keypoints": [
        "nose",
        "left_eye",
        "right_eye",
        "left_ear",
        "right_ear",
        "left_shoulder",
        "right_shoulder",
        "left_elbow",
        "right_elbow",
        "left_wrist",
        "right_wrist",
        "left_hip",
        "right_hip",
        "left_knee",
        "right_knee",
        "left_ankle",
        "right_ankle",
        "left_heel",
        "right_heel",
        "left_foot",
        "right_foot"
      ],
      "skeleton": [
        [
          1,
          2
        ],
        [
          0,
          1
        ],
        [
          0,
          2
        ],
        [
          1,
          3
        ],
        [
          2,
          4
        ],
        [
          5,
          6
        ],
        [
          5,
          7
        ],
        [
          7,
          9
        ],
        [
          6,
          8
        ],
        [
          8,
          10
        ],
        [
          5,
          11
        ],
        [
          6,
          12
        ],
        [
          11,
          12
        ],
        [
          11,
          13
        ],
        [
          13,
          15
        ],
        [
          12,
          14
        ],
        [
          14,
          16
        ],
        [
          16,
          18
        ],
        [
          16,
          20
        ],
        [
          20,
          18
        ],
        [
          15,
          17
        ],
        [
          15,
          19
        ],
        [
          19,
          17
        ]
      ]
    }
  ],
  "images": [
    {
      "file_name": "000000001482.jpg",
      "height": 1200,
      "width": 1600,
      "id": 0
    }
  ],
  "annotations": [
    {
      "category_id": 1,
      "image_id": 0,
      "id": 0,
      "bbox": [
        804.4489795918366,
        414.26024955436725,
        191.51020408163265,
        440.64171122994645
      ],
      "area": 84387.38404452689,
      "keypoints": [
        852.4509803921568,
        459.47712418300654,
        2,
        864.5424836601308,
        450.98039215686276,
        2,
        845.5525606469002,
        451.07816711590294,
        2,
        886.1185983827494,
        452.4258760107817,
        2,
        843.6734693877551,
        444.89795918367344,
        0,
        913.0612244897959,
        471.4285714285714,
        2,
        820.408163265306,
        477.55102040816325,
        2,
        979.9999999999999,
        492.2448979591836,
        2,
        828.5714285714287,
        535.7142857142857,
        2,
        952.6315789473684,
        508.46681922196797,
        2,
        869.4805194805195,
        544.1558441558442,
        1,
        907.1428571428572,
        640.2597402597403,
        1,
        826.6233766233767,
        622.077922077922,
        2,
        878.5714285714286,
        720.7792207792207,
        2,
        834.4155844155845,
        719.4805194805194,
        2,
        887.719298245614,
        784.2105263157895,
        2,
        836.8421052631579,
        766.6666666666667,
        2,
        895.6140350877195,
        785.9649122807018,
        2,
        846.2121212121211,
        786.3636363636364,
        2,
        894.6969696969696,
        818.1818181818181,
        2,
        831.0606060606061,
        812.1212121212121,
        2
      ],
      "num_keypoints": 20,
      "iscrowd": 0,
      "segmentation": []
    },
    {
      "category_id": 1,
      "image_id": 0,
      "id": 1,
      "bbox": [
        566.6666666666666,
        598.8666666666666,
        200.0,
        268.14545454545464
      ],
      "area": 53629.090909090926,
      "keypoints": [
        712.3376623376623,
        636.3636363636364,
        2,
        714.5454545454545,
        621.2121212121211,
        1,
        707.462686567164,
        624.8756218905472,
        2,
        683.3333333333334,
        751.5151515151515,
        0,
        681.5920398009949,
        623.8805970149253,
        2,
        712.9353233830846,
        652.7363184079601,
        2,
        648.2587064676616,
        657.2139303482586,
        2,
        730.3030303030303,
        710.6060606060606,
        2,
        647.7272727272727,
        787.8787878787879,
        2,
        750.0,
        767.3333333333334,
        2,
        666.0,
        827.3333333333334,
        2,
        612.6666666666666,
        735.3333333333334,
        1,
        583.3333333333333,
        738.0,
        1,
        724.6666666666666,
        775.3333333333334,
        2,
        698.0,
        772.6666666666666,
        0,
        650.0,
        794.0,
        0,
        622.0,
        810.0,
        2,
        626.0,
        804.6666666666666,
        2,
        590.0,
        824.6666666666666,
        2,
        676.6666666666666,
        814.0,
        2,
        623.3333333333333,
        844.6666666666666,
        2
      ],
      "num_keypoints": 18,
      "iscrowd": 0,
      "segmentation": []
    }
  ]
}