{
  "categories": [
    {
      "supercategory": "person",
      "id": 1,
      "name": "person",
      "keypoints": [
        "nose",
        "left_eye",
        "right_eye",
        "left_ear",
        "right_ear",
        "left_shoulder",
        "right_shoulder",
        "left_elbow",
        "right_elbow",
        "left_wrist",
        "right_wrist",
        "left_hip",
        "right_hip",
        "left_knee",
        "right_knee",
        "left_ankle",
        "right_ankle",
        "left_heel",
        "right_heel",
        "left_foot",
        "right_foot"
      ],
      "skeleton": [
        [
          1,
          2
        ],
        [
          0,
          1
        ],
        [
          0,
          2
        ],
        [
          1,
          3
        ],
        [
          2,
          4
        ],
        [
          5,
          6
        ],
        [
          5,
          7
        ],
        [
          7,
          9
        ],
        [
          6,
          8
        ],
        [
          8,
          10
        ],
        [
          5,
          11
        ],
        [
          6,
          12
        ],
        [
          11,
          12
        ],
        [
          11,
          13
        ],
        [
          13,
          15
        ],
        [
          12,
          14
        ],
        [
          14,
          16
        ],
        [
          16,
          18
        ],
        [
          16,
          20
        ],
        [
          20,
          18
        ],
        [
          15,
          17
        ],
        [
          15,
          19
        ],
        [
          19,
          17
        ]
      ]
    }
  ],
  "images": [
    {
      "file_name": "000000000839.jpg",
      "height": 1200,
      "width": 1600,
      "id": 0
    }
  ],
  "annotations": [
    {
      "category_id": 1,
      "image_id": 0,
      "id": 0,
      "bbox": [
        929.9645390070923,
        232.1484375,
        257.4468085106382,
        706.40625
      ],
      "area": 181862.03457446804,
      "keypoints": [
        1054.2168674698794,
        310.8433734939759,
        2,
        1069.140625,
        295.703125,
        2,
        1042.1875,
        298.4375,
        2,
        1098.4375,
        291.015625,
        2,
        1025.177304964539,
        291.1347517730497,
        2,
        1142.9078014184397,
        361.34751773049646,
        2,
        1017.3758865248227,
        342.5531914893617,
        2,
        1165.9574468085107,
        480.49645390070924,
        2,
        983.6879432624114,
        443.97163120567376,
        2,
        1129.7872340425533,
        507.44680851063833,
        2,
        951.4184397163122,
        485.81560283687946,
        1,
        1094.6808510638298,
        591.1347517730496,
        2,
        1005.1282051282051,
        566.6666666666666,
        2,
        1066.6666666666665,
        741.025641025641,
        2,
        998.7179487179487,
        729.4871794871794,
        2,
        1065.3846153846152,
        844.8717948717948,
        2,
        1010.2564102564102,
        830.7692307692307,
        2,
        1077.34375,
        867.1875,
        2,
        1024.21875,
        851.5625,
        2,
        1053.90625,
        879.6875,
        2,
        980.46875,
        863.28125,
        2
      ],
      "num_keypoints": 21,
      "iscrowd": 0,
      "segmentation": []
    },
    {
      "category_id": 1,
      "image_id": 0,
      "id": 1,
      "bbox": [
        738.1615245009075,
        291.72413793103453,
        183.44101633393825,
        626.896551724138
      ],
      "area": 114998.54058451716,
      "keypoints": [
        854.3103448275862,
        357.7586206896552,
        2,
        859.9137931034483,
        345.68965517241384,
        2,
        849.1379310344827,
        347.4137931034483,
        2,
        832.3275862068965,
        340.948275862069,
        0,
        804.7413793103448,
        343.96551724137936,
        2,
        851.0526315789473,
        402.1052631578947,
        2,
        789.4736842105262,
        419.4736842105263,
        2,
        905.7894736842104,
        482.1052631578947,
        1,
        834.2105263157894,
        522.6315789473684,
        2,
        996.8421052631578,
        437.89473684210526,
        0,
        906.3157894736842,
        489.4736842105263,
        2,
        859.9999999999999,
        603.6842105263157,
        2,
        810.2564102564102,
        593.5897435897435,
        2,
        844.8717948717947,
        714.1025641025641,
        2,
        793.5897435897435,
        737.1794871794872,
        2,
        833.6206896551723,
        800.0,
        2,
        774.9999999999999,
        837.0689655172414,
        2,
        828.448275862069,
        821.551724137931,
        2,
        753.448275862069,
        851.7241379310345,
        2,
        867.2413793103448,
        820.6896551724138,
        2,
        779.3103448275862,
        866.3793103448277,
        2
      ],
      "num_keypoints": 19,
      "iscrowd": 0,
      "segmentation": []
    }
  ]
}