{
  "categories": [
    {
      "supercategory": "person",
      "id": 1,
      "name": "person",
      "keypoints": [
        "nose",
        "left_eye",
        "right_eye",
        "left_ear",
        "right_ear",
        "left_shoulder",
        "right_shoulder",
        "left_elbow",
        "right_elbow",
        "left_wrist",
        "right_wrist",
        "left_hip",
        "right_hip",
        "left_knee",
        "right_knee",
        "left_ankle",
        "right_ankle",
        "left_heel",
        "right_heel",
        "left_foot",
        "right_foot"
      ],
      "skeleton": [
        [
          1,
          2
        ],
        [
          0,
          1
        ],
        [
          0,
          2
        ],
        [
          1,
          3
        ],
        [
          2,
          4
        ],
        [
          5,
          6
        ],
        [
          5,
          7
        ],
        [
          7,
          9
        ],
        [
          6,
          8
        ],
        [
          8,
          10
        ],
        [
          5,
          11
        ],
        [
          6,
          12
        ],
        [
          11,
          12
        ],
        [
          11,
          13
        ],
        [
          13,
          15
        ],
        [
          12,
          14
        ],
        [
          14,
          16
        ],
        [
          16,
          18
        ],
        [
          16,
          20
        ],
        [
          20,
          18
        ],
        [
          15,
          17
        ],
        [
          15,
          19
        ],
        [
          19,
          17
        ]
      ]
    }
  ],
  "images": [
    {
      "file_name": "000000000778.jpg",
      "height": 1200,
      "width": 1600,
      "id": 0
    }
  ],
  "annotations": [
    {
      "category_id": 1,
      "image_id": 0,
      "id": 0,
      "bbox": [
        877.1276595744681,
        426.6612111292963,
        223.404255319149,
        475.81014729950897
      ],
      "area": 106298.0116307414,
      "keypoints": [
        1010.6194690265486,
        475.22123893805303,
        2,
        1024.113475177305,
        467.73049645390074,
        2,
        1004.2553191489362,
        466.3120567375887,
        2,
        1049.645390070922,
        471.63120567375887,
        2,
        1007.0921985815603,
        461.7021276595745,
        0,
        1081.9148936170213,
        505.3191489361702,
        2,
        998.22695035461,
        500.0,
        2,
        1058.1560283687943,
        537.9432624113475,
        2,
        960.2836879432625,
        518.4397163120568,
        2,
        1047.163120567376,
        543.2624113475177,
        2,
        895.7446808510639,
        527.3049645390071,
        2,
        1076.950354609929,
        649.290780141844,
        2,
        1016.6666666666665,
        647.4358974358975,
        2,
        1028.2051282051282,
        755.1282051282051,
        2,
        997.4358974358975,
        752.5641025641025,
        2,
        1033.3333333333333,
        843.5897435897435,
        2,
        1005.1282051282051,
        833.3333333333334,
        2,
        1048.076923076923,
        855.7692307692307,
        2,
        1017.3076923076923,
        845.5128205128204,
        1,
        1027.5641025641025,
        862.8205128205128,
        2,
        989.1025641025641,
        854.4871794871794,
        2
      ],
      "num_keypoints": 20,
      "iscrowd": 0,
      "segmentation": []
    },
    {
      "category_id": 1,
      "image_id": 0,
      "id": 1,
      "bbox": [
        760.5470136014192,
        309.78536184210526,
        157.64636309875823,
        623.2006578947367
      ],
      "area": 98245.31719785866,
      "keypoints": [
        849.609375,
        374.21875,
        2,
        847.265625,
        361.71875,
        1,
        840.234375,
        362.890625,
        2,
        824.21875,
        365.234375,
        0,
        802.734375,
        364.84375,
        2,
        834.7368421052631,
        423.6842105263158,
        2,
        793.1578947368421,
        431.05263157894734,
        2,
        856.3157894736842,
        513.6842105263157,
        0,
        845.2631578947368,
        515.2631578947368,
        2,
        932.1052631578947,
        508.9473684210526,
        0,
        905.0561797752808,
        510.1123595505618,
        2,
        835.5670103092784,
        613.9175257731958,
        2,
        802.5641025641025,
        607.6923076923077,
        2,
        835.8974358974358,
        720.5128205128206,
        2,
        808.9743589743589,
        743.5897435897435,
        2,
        816.3157894736842,
        833.1578947368421,
        2,
        780.0,
        858.9473684210526,
        2,
        813.6842105263157,
        845.2631578947368,
        2,
        773.6842105263157,
        881.0526315789473,
        2,
        837.8947368421052,
        846.3157894736842,
        2,
        801.578947368421,
        879.9999999999999,
        2
      ],
      "num_keypoints": 18,
      "iscrowd": 0,
      "segmentation": []
    }
  ]
}