{
  "categories": [
    {
      "supercategory": "person",
      "id": 1,
      "name": "person",
      "keypoints": [
        "nose",
        "left_eye",
        "right_eye",
        "left_ear",
        "right_ear",
        "left_shoulder",
        "right_shoulder",
        "left_elbow",
        "right_elbow",
        "left_wrist",
        "right_wrist",
        "left_hip",
        "right_hip",
        "left_knee",
        "right_knee",
        "left_ankle",
        "right_ankle",
        "left_heel",
        "right_heel",
        "left_foot",
        "right_foot"
      ],
      "skeleton": [
        [
          1,
          2
        ],
        [
          0,
          1
        ],
        [
          0,
          2
        ],
        [
          1,
          3
        ],
        [
          2,
          4
        ],
        [
          5,
          6
        ],
        [
          5,
          7
        ],
        [
          7,
          9
        ],
        [
          6,
          8
        ],
        [
          8,
          10
        ],
        [
          5,
          11
        ],
        [
          6,
          12
        ],
        [
          11,
          12
        ],
        [
          11,
          13
        ],
        [
          13,
          15
        ],
        [
          12,
          14
        ],
        [
          14,
          16
        ],
        [
          16,
          18
        ],
        [
          16,
          20
        ],
        [
          20,
          18
        ],
        [
          15,
          17
        ],
        [
          15,
          19
        ],
        [
          19,
          17
        ]
      ]
    }
  ],
  "images": [
    {
      "file_name": "000000000661.jpg",
      "height": 1200,
      "width": 1600,
      "id": 0
    }
  ],
  "annotations": [
    {
      "category_id": 1,
      "image_id": 0,
      "id": 0,
      "bbox": [
        871.058201058201,
        357.5411892331683,
        261.58730158730157,
        554.9867787646621
      ],
      "area": 145177.49387367666,
      "keypoints": [
        957.6086956521739,
        429.3478260869565,
        2,
        973.469387755102,
        414.86880466472303,
        2,
        949.5626822157434,
        412.536443148688,
        2,
        1006.9970845481049,
        403.79008746355686,
        2,
        951.8518518518517,
        406.3492063492063,
        0,
        1070.6349206349205,
        428.3068783068783,
        2,
        940.4761904761904,
        427.5132275132275,
        2,
        1110.8465608465608,
        489.68253968253964,
        2,
        923.0158730158729,
        466.40211640211635,
        1,
        1079.100529100529,
        525.6613756613756,
        2,
        892.8571428571428,
        501.3227513227513,
        2,
        1054.7619047619046,
        601.8518518518518,
        2,
        973.0769230769231,
        601.2820512820513,
        2,
        1016.6666666666665,
        729.4871794871794,
        2,
        971.7948717948718,
        730.7692307692307,
        2,
        1028.2051282051282,
        830.7692307692307,
        2,
        997.4358974358975,
        812.8205128205128,
        1,
        1038.3720930232557,
        845.9302325581396,
        2,
        1009.3023255813954,
        827.9069767441861,
        1,
        1018.6046511627907,
        866.2790697674419,
        2,
        986.6279069767442,
        847.6744186046511,
        2
      ],
      "num_keypoints": 20,
      "iscrowd": 0,
      "segmentation": []
    },
    {
      "category_id": 1,
      "image_id": 0,
      "id": 1,
      "bbox": [
        746.4403044871794,
        322.39955357142856,
        145.8413461538462,
        588.3482142857143
      ],
      "area": 85805.49557864014,
      "keypoints": [
        840.4761904761905,
        383.3333333333333,
        2,
        843.8095238095237,
        371.4285714285714,
        2,
        830.952380952381,
        377.6190476190476,
        2,
        819.5238095238095,
        367.6190476190476,
        0,
        789.047619047619,
        378.57142857142856,
        2,
        838.5714285714286,
        415.7142857142857,
        2,
        769.2307692307692,
        433.3333333333333,
        2,
        880.1282051282051,
        465.38461538461536,
        2,
        794.2307692307692,
        526.9230769230769,
        2,
        978.8461538461538,
        426.9230769230769,
        0,
        862.1794871794872,
        502.56410256410254,
        2,
        832.6923076923076,
        591.6666666666666,
        2,
        801.2820512820512,
        598.7179487179487,
        2,
        829.4871794871794,
        702.5641025641025,
        2,
        798.7179487179486,
        715.3846153846154,
        2,
        810.2564102564102,
        801.2820512820513,
        2,
        771.875,
        839.0625,
        2,
        801.5625,
        824.21875,
        2,
        758.59375,
        861.71875,
        2,
        820.3125,
        815.625,
        2,
        788.28125,
        861.71875,
        2
      ],
      "num_keypoints": 19,
      "iscrowd": 0,
      "segmentation": []
    }
  ]
}