{
  "categories": [
    {
      "supercategory": "person",
      "id": 1,
      "name": "person",
      "keypoints": [
        "nose",
        "left_eye",
        "right_eye",
        "left_ear",
        "right_ear",
        "left_shoulder",
        "right_shoulder",
        "left_elbow",
        "right_elbow",
        "left_wrist",
        "right_wrist",
        "left_hip",
        "right_hip",
        "left_knee",
        "right_knee",
        "left_ankle",
        "right_ankle",
        "left_heel",
        "right_heel",
        "left_foot",
        "right_foot"
      ],
      "skeleton": [
        [
          1,
          2
        ],
        [
          0,
          1
        ],
        [
          0,
          2
        ],
        [
          1,
          3
        ],
        [
          2,
          4
        ],
        [
          5,
          6
        ],
        [
          5,
          7
        ],
        [
          7,
          9
        ],
        [
          6,
          8
        ],
        [
          8,
          10
        ],
        [
          5,
          11
        ],
        [
          6,
          12
        ],
        [
          11,
          12
        ],
        [
          11,
          13
        ],
        [
          13,
          15
        ],
        [
          12,
          14
        ],
        [
          14,
          16
        ],
        [
          16,
          18
        ],
        [
          16,
          20
        ],
        [
          20,
          18
        ],
        [
          15,
          17
        ],
        [
          15,
          19
        ],
        [
          19,
          17
        ]
      ]
    }
  ],
  "images": [
    {
      "file_name": "000000001296.jpg",
      "height": 1200,
      "width": 1600,
      "id": 0
    }
  ],
  "annotations": [
    {
      "category_id": 1,
      "image_id": 0,
      "id": 0,
      "bbox": [
        803.6711711711711,
        175.91503267973854,
        255.94594594594594,
        826.2745098039215
      ],
      "area": 211481.6110227875,
      "keypoints": [
        926.4705882352941,
        259.80392156862746,
        2,
        940.6976744186047,
        247.09302325581396,
        2,
        915.359477124183,
        244.77124183006535,
        2,
        979.5751633986928,
        246.078431372549,
        2,
        923.4234234234233,
        240.54054054054052,
        0,
        1029.7297297297296,
        323.87387387387383,
        2,
        895.9459459459458,
        309.4594594594594,
        2,
        1038.2882882882882,
        428.8288288288288,
        2,
        867.3469387755102,
        454.0816326530612,
        2,
        1024.4897959183675,
        582.6530612244898,
        2,
        850.5494505494505,
        549.4505494505495,
        2,
        986.3636363636364,
        583.1168831168831,
        2,
        868.1818181818181,
        559.7402597402597,
        2,
        912.3376623376624,
        716.8831168831168,
        2,
        856.4935064935065,
        707.7922077922078,
        2,
        899.3506493506494,
        853.2467532467532,
        2,
        845.4545454545454,
        842.8571428571429,
        2,
        906.4935064935065,
        890.9090909090909,
        2,
        852.2727272727271,
        892.4242424242424,
        2,
        888.6363636363636,
        933.3333333333334,
        2,
        824.9999999999999,
        906.060606060606,
        2
      ],
      "num_keypoints": 20,
      "iscrowd": 0,
      "segmentation": []
    },
    {
      "category_id": 1,
      "image_id": 0,
      "id": 1,
      "bbox": [
        655.0666666666667,
        287.90090090090087,
        179.19999999999982,
        664.1081081081081
      ],
      "area": 119008.17297297285,
      "keypoints": [
        751.8918918918919,
        366.48648648648646,
        2,
        752.2727272727271,
        356.06060606060606,
        1,
        744.8648648648648,
        355.1351351351351,
        2,
        726.6666666666666,
        334.6666666666667,
        0,
        702.7027027027026,
        343.2432432432432,
        2,
        749.7267759562841,
        396.448087431694,
        2,
        671.6216216216216,
        412.61261261261257,
        2,
        810.6060606060606,
        480.3030303030303,
        2,
        721.2121212121212,
        537.8787878787879,
        2,
        862.0,
        443.3333333333333,
        0,
        819.3333333333333,
        558.0,
        2,
        756.6666666666666,
        602.0,
        2,
        714.0,
        614.0,
        2,
        756.6666666666666,
        739.3333333333334,
        2,
        730.0,
        751.3333333333334,
        2,
        720.6666666666666,
        844.6666666666666,
        1,
        703.3333333333333,
        852.6666666666666,
        2,
        699.3333333333333,
        874.0,
        1,
        670.0,
        882.0,
        2,
        766.0,
        884.6666666666666,
        2,
        743.3333333333333,
        896.6666666666666,
        2
      ],
      "num_keypoints": 19,
      "iscrowd": 0,
      "segmentation": []
    }
  ]
}