{
  "categories": [
    {
      "supercategory": "person",
      "id": 1,
      "name": "person",
      "keypoints": [
        "nose",
        "left_eye",
        "right_eye",
        "left_ear",
        "right_ear",
        "left_shoulder",
        "right_shoulder",
        "left_elbow",
        "right_elbow",
        "left_wrist",
        "right_wrist",
        "left_hip",
        "right_hip",
        "left_knee",
        "right_knee",
        "left_ankle",
        "right_ankle",
        "left_heel",
        "right_heel",
        "left_foot",
        "right_foot"
      ],
      "skeleton": [
        [
          1,
          2
        ],
        [
          0,
          1
        ],
        [
          0,
          2
        ],
        [
          1,
          3
        ],
        [
          2,
          4
        ],
        [
          5,
          6
        ],
        [
          5,
          7
        ],
        [
          7,
          9
        ],
        [
          6,
          8
        ],
        [
          8,
          10
        ],
        [
          5,
          11
        ],
        [
          6,
          12
        ],
        [
          11,
          12
        ],
        [
          11,
          13
        ],
        [
          13,
          15
        ],
        [
          12,
          14
        ],
        [
          14,
          16
        ],
        [
          16,
          18
        ],
        [
          16,
          20
        ],
        [
          20,
          18
        ],
        [
          15,
          17
        ],
        [
          15,
          19
        ],
        [
          19,
          17
        ]
      ]
    }
  ],
  "images": [
    {
      "file_name": "000000001723.jpg",
      "height": 1200,
      "width": 1600,
      "id": 0
    }
  ],
  "annotations": [
    {
      "category_id": 1,
      "image_id": 0,
      "id": 0,
      "bbox": [
        788.6111111111112,
        281.38888888888886,
        178.33333333333326,
        590.0
      ],
      "area": 105216.66666666663,
      "keypoints": [
        872.9166666666667,
        358.33333333333337,
        2,
        886.8055555555557,
        343.05555555555554,
        2,
        863.1944444444446,
        340.27777777777777,
        2,
        918.7500000000001,
        330.55555555555554,
        2,
        857.6388888888889,
        331.94444444444446,
        0,
        946.5277777777779,
        386.11111111111114,
        2,
        846.5277777777778,
        376.3888888888889,
        2,
        950.6944444444445,
        491.6666666666667,
        2,
        834.0277777777778,
        456.94444444444446,
        2,
        952.0833333333334,
        573.6111111111111,
        2,
        803.4722222222223,
        547.2222222222223,
        2,
        915.9722222222223,
        580.5555555555555,
        2,
        853.4722222222223,
        568.0555555555555,
        2,
        911.8055555555557,
        715.2777777777778,
        2,
        870.1388888888889,
        713.8888888888889,
        2,
        914.5833333333334,
        783.3333333333334,
        2,
        885.4166666666667,
        777.7777777777778,
        2,
        936.8055555555555,
        801.3888888888889,
        2,
        900.6944444444446,
        794.4444444444445,
        1,
        913.1944444444446,
        822.2222222222223,
        2,
        875.6944444444446,
        805.5555555555557,
        2
      ],
      "num_keypoints": 20,
      "iscrowd": 0,
      "segmentation": []
    },
    {
      "category_id": 1,
      "image_id": 0,
      "id": 1,
      "bbox": [
        626.3636363636364,
        356.3809523809524,
        205.71428571428567,
        585.7662337662338
      ],
      "area": 120500.48237476806,
      "keypoints": [
        703.2467532467532,
        422.0779220779221,
        2,
        709.7402597402597,
        407.79220779220776,
        2,
        690.2597402597403,
        410.38961038961037,
        2,
        675.974025974026,
        412.987012987013,
        0,
        653.8961038961039,
        405.1948051948052,
        2,
        718.8311688311688,
        445.45454545454544,
        2,
        643.5064935064935,
        479.2207792207792,
        2,
        765.5844155844155,
        448.05194805194805,
        2,
        714.9350649350649,
        490.9090909090909,
        2,
        814.9350649350649,
        436.3636363636364,
        2,
        777.2727272727273,
        493.5064935064935,
        2,
        729.2207792207791,
        645.4545454545455,
        2,
        687.6623376623377,
        658.4415584415584,
        2,
        716.8831168831168,
        761.038961038961,
        2,
        674.0259740259739,
        763.6363636363636,
        2,
        709.1666666666667,
        843.3333333333334,
        2,
        667.5,
        858.3333333333334,
        2,
        689.1666666666667,
        861.6666666666667,
        1,
        665.8333333333334,
        875.0000000000001,
        2,
        734.1666666666667,
        868.3333333333334,
        2,
        689.1666666666667,
        893.3333333333334,
        2
      ],
      "num_keypoints": 20,
      "iscrowd": 0,
      "segmentation": []
    }
  ]
}