{
  "categories": [
    {
      "supercategory": "person",
      "id": 1,
      "name": "person",
      "keypoints": [
        "nose",
        "left_eye",
        "right_eye",
        "left_ear",
        "right_ear",
        "left_shoulder",
        "right_shoulder",
        "left_elbow",
        "right_elbow",
        "left_wrist",
        "right_wrist",
        "left_hip",
        "right_hip",
        "left_knee",
        "right_knee",
        "left_ankle",
        "right_ankle",
        "left_heel",
        "right_heel",
        "left_foot",
        "right_foot"
      ],
      "skeleton": [
        [
          1,
          2
        ],
        [
          0,
          1
        ],
        [
          0,
          2
        ],
        [
          1,
          3
        ],
        [
          2,
          4
        ],
        [
          5,
          6
        ],
        [
          5,
          7
        ],
        [
          7,
          9
        ],
        [
          6,
          8
        ],
        [
          8,
          10
        ],
        [
          5,
          11
        ],
        [
          6,
          12
        ],
        [
          11,
          12
        ],
        [
          11,
          13
        ],
        [
          13,
          15
        ],
        [
          12,
          14
        ],
        [
          14,
          16
        ],
        [
          16,
          18
        ],
        [
          16,
          20
        ],
        [
          20,
          18
        ],
        [
          15,
          17
        ],
        [
          15,
          19
        ],
        [
          19,
          17
        ]
      ]
    }
  ],
  "images": [
    {
      "file_name": "000000000374.jpg",
      "height": 1200,
      "width": 1600,
      "id": 0
    }
  ],
  "annotations": [
    {
      "category_id": 1,
      "image_id": 0,
      "id": 0,
      "bbox": [
        695.5107386066003,
        468.47807807807806,
        256.28077527501307,
        391.236036036036
      ],
      "area": 100266.27463083826,
      "keypoints": [
        781.1475409836065,
        508.1967213114754,
        1,
        798.3783783783783,
        503.2432432432432,
        2,
        774.5945945945946,
        501.08108108108104,
        1,
        817.391304347826,
        514.4927536231884,
        1,
        770.0980392156863,
        513.2352941176471,
        1,
        859.8039215686274,
        528.4313725490196,
        2,
        756.5217391304348,
        553.2608695652174,
        2,
        904.3478260869565,
        550.0,
        0,
        752.1739130434783,
        628.2608695652174,
        1,
        930.4347826086956,
        526.8115942028985,
        1,
        736.231884057971,
        688.4057971014493,
        0,
        834.7826086956521,
        708.695652173913,
        2,
        773.9130434782609,
        694.5652173913044,
        0,
        742.1686746987951,
        750.6024096385541,
        2,
        716.867469879518,
        751.8072289156626,
        2,
        796.0784313725491,
        791.1764705882352,
        2,
        765.6862745098039,
        791.1764705882352,
        1,
        822.8260869565217,
        797.8260869565217,
        2,
        783.5526315789474,
        798.6842105263157,
        2,
        798.2222222222222,
        827.1111111111111,
        2,
        753.2608695652174,
        818.4782608695651,
        2
      ],
      "num_keypoints": 18,
      "iscrowd": 0,
      "segmentation": []
    },
    {
      "category_id": 1,
      "image_id": 0,
      "id": 1,
      "bbox": [
        868.5060549604098,
        353.1024154589372,
        101.82114578481617,
        461.43768115942015
      ],
      "area": 46984.11340394084,
      "keypoints": [
        906.1946902654867,
        401.7699115044247,
        2,
        912.31884057971,
        394.2028985507246,
        0,
        897.7777777777778,
        395.1111111111111,
        2,
        932.4444444444445,
        394.6666666666667,
        0,
        888.0,
        391.55555555555554,
        1,
        949.5575221238937,
        436.2831858407079,
        2,
        876.9911504424778,
        433.62831858407077,
        2,
        961.8421052631579,
        542.1052631578947,
        1,
        859.2105263157895,
        502.63157894736844,
        0,
        961.1842105263157,
        586.1842105263158,
        0,
        839.1304347826086,
        586.9565217391304,
        0,
        925.0,
        596.7391304347826,
        2,
        882.3529411764706,
        593.1372549019608,
        2,
        921.7391304347825,
        680.4347826086956,
        2,
        886.2318840579709,
        679.7101449275361,
        2,
        924.6376811594203,
        747.8260869565216,
        2,
        901.2048192771084,
        724.0963855421686,
        2,
        907.2463768115941,
        774.6376811594203,
        2,
        907.2463768115941,
        743.4782608695651,
        1,
        935.5072463768115,
        776.086956521739,
        2,
        881.8840579710144,
        758.695652173913,
        2
      ],
      "num_keypoints": 16,
      "iscrowd": 0,
      "segmentation": []
    }
  ]
}