{
  "categories": [
    {
      "supercategory": "person",
      "id": 1,
      "name": "person",
      "keypoints": [
        "nose",
        "left_eye",
        "right_eye",
        "left_ear",
        "right_ear",
        "left_shoulder",
        "right_shoulder",
        "left_elbow",
        "right_elbow",
        "left_wrist",
        "right_wrist",
        "left_hip",
        "right_hip",
        "left_knee",
        "right_knee",
        "left_ankle",
        "right_ankle",
        "left_heel",
        "right_heel",
        "left_foot",
        "right_foot"
      ],
      "skeleton": [
        [
          1,
          2
        ],
        [
          0,
          1
        ],
        [
          0,
          2
        ],
        [
          1,
          3
        ],
        [
          2,
          4
        ],
        [
          5,
          6
        ],
        [
          5,
          7
        ],
        [
          7,
          9
        ],
        [
          6,
          8
        ],
        [
          8,
          10
        ],
        [
          5,
          11
        ],
        [
          6,
          12
        ],
        [
          11,
          12
        ],
        [
          11,
          13
        ],
        [
          13,
          15
        ],
        [
          12,
          14
        ],
        [
          14,
          16
        ],
        [
          16,
          18
        ],
        [
          16,
          20
        ],
        [
          20,
          18
        ],
        [
          15,
          17
        ],
        [
          15,
          19
        ],
        [
          19,
          17
        ]
      ]
    }
  ],
  "images": [
    {
      "file_name": "000000001706.jpg",
      "height": 1200,
      "width": 1600,
      "id": 0
    }
  ],
  "annotations": [
    {
      "category_id": 1,
      "image_id": 0,
      "id": 0,
      "bbox": [
        663.1168831168831,
        306.69047619047615,
        201.03896103896113,
        605.4285714285716
      ],
      "area": 121714.73098330249,
      "keypoints": [
        716.2337662337662,
        371.42857142857144,
        2,
        731.8181818181818,
        361.038961038961,
        2,
        708.4415584415584,
        357.1428571428571,
        1,
        766.8831168831168,
        368.83116883116884,
        2,
        744.8051948051948,
        371.42857142857144,
        0,
        800.6493506493506,
        445.45454545454544,
        2,
        688.961038961039,
        450.64935064935065,
        2,
        846.1038961038961,
        531.1688311688312,
        1,
        679.8701298701299,
        516.8831168831168,
        2,
        847.4025974025974,
        523.3766233766233,
        1,
        686.3636363636364,
        579.2207792207793,
        2,
        777.2727272727273,
        628.5714285714286,
        2,
        718.8311688311688,
        636.3636363636364,
        2,
        766.2337662337662,
        718.1818181818181,
        2,
        707.7922077922077,
        735.0649350649351,
        1,
        762.5,
        815.0000000000001,
        2,
        697.5,
        820.0000000000001,
        2,
        744.1666666666667,
        843.3333333333334,
        2,
        707.5,
        840.0000000000001,
        1,
        797.5,
        840.0000000000001,
        2,
        707.5,
        861.6666666666667,
        2
      ],
      "num_keypoints": 20,
      "iscrowd": 0,
      "segmentation": []
    }
  ]
}