{
  "categories": [
    {
      "supercategory": "person",
      "id": 1,
      "name": "person",
      "keypoints": [
        "nose",
        "left_eye",
        "right_eye",
        "left_ear",
        "right_ear",
        "left_shoulder",
        "right_shoulder",
        "left_elbow",
        "right_elbow",
        "left_wrist",
        "right_wrist",
        "left_hip",
        "right_hip",
        "left_knee",
        "right_knee",
        "left_ankle",
        "right_ankle",
        "left_heel",
        "right_heel",
        "left_foot",
        "right_foot"
      ],
      "skeleton": [
        [
          1,
          2
        ],
        [
          0,
          1
        ],
        [
          0,
          2
        ],
        [
          1,
          3
        ],
        [
          2,
          4
        ],
        [
          5,
          6
        ],
        [
          5,
          7
        ],
        [
          7,
          9
        ],
        [
          6,
          8
        ],
        [
          8,
          10
        ],
        [
          5,
          11
        ],
        [
          6,
          12
        ],
        [
          11,
          12
        ],
        [
          11,
          13
        ],
        [
          13,
          15
        ],
        [
          12,
          14
        ],
        [
          14,
          16
        ],
        [
          16,
          18
        ],
        [
          16,
          20
        ],
        [
          20,
          18
        ],
        [
          15,
          17
        ],
        [
          15,
          19
        ],
        [
          19,
          17
        ]
      ]
    }
  ],
  "images": [
    {
      "file_name": "000000001728.jpg",
      "height": 1200,
      "width": 1600,
      "id": 0
    }
  ],
  "annotations": [
    {
      "category_id": 1,
      "image_id": 0,
      "id": 0,
      "bbox": [
        755.6944444444445,
        326.25,
        323.33333333333314,
        285.0
      ],
      "area": 92149.99999999994,
      "keypoints": [
        795.0,
        388.0,
        2,
        803.4722222222223,
        376.3888888888889,
        2,
        782.6388888888889,
        377.77777777777777,
        1,
        832.6388888888889,
        350.0,
        2,
        774.3055555555557,
        369.44444444444446,
        0,
        902.0833333333334,
        397.22222222222223,
        2,
        789.5833333333334,
        394.44444444444446,
        2,
        932.638888888889,
        502.77777777777777,
        2,
        792.3611111111112,
        477.77777777777777,
        2,
        946.5277777777779,
        587.5,
        2,
        792.3611111111112,
        554.1666666666667,
        2,
        934.0277777777779,
        540.2777777777778,
        1,
        881.2500000000001,
        551.3888888888889,
        1,
        1000.6944444444445,
        526.3888888888889,
        2,
        965.9722222222223,
        498.61111111111114,
        0,
        1040.9722222222222,
        458.33333333333337,
        2,
        993.7500000000001,
        450.0,
        2,
        1032.638888888889,
        431.94444444444446,
        2,
        1007.638888888889,
        429.1666666666667,
        2,
        1052.0833333333333,
        444.44444444444446,
        2,
        1014.5833333333334,
        452.77777777777777,
        1
      ],
      "num_keypoints": 19,
      "iscrowd": 0,
      "segmentation": []
    },
    {
      "category_id": 1,
      "image_id": 0,
      "id": 1,
      "bbox": [
        620.0,
        355.1190476190476,
        172.98701298701303,
        585.3246753246755
      ],
      "area": 101253.56721200883,
      "keypoints": [
        694.1558441558441,
        423.37662337662334,
        2,
        699.3506493506493,
        403.8961038961039,
        2,
        679.8701298701299,
        406.49350649350646,
        2,
        672.077922077922,
        414.2857142857143,
        0,
        644.8051948051948,
        410.38961038961037,
        2,
        704.5454545454545,
        442.85714285714283,
        2,
        634.4155844155844,
        458.4415584415584,
        2,
        743.5064935064935,
        454.54545454545456,
        2,
        714.9350649350649,
        488.31168831168833,
        2,
        778.5714285714286,
        454.54545454545456,
        1,
        775.974025974026,
        498.7012987012987,
        2,
        705.8441558441558,
        644.1558441558442,
        2,
        660.3896103896104,
        655.8441558441558,
        2,
        692.2077922077922,
        748.051948051948,
        1,
        642.8571428571428,
        761.038961038961,
        1,
        694.1666666666667,
        838.3333333333334,
        2,
        637.5,
        860.0000000000001,
        2,
        674.1666666666667,
        851.6666666666667,
        2,
        635.8333333333334,
        871.6666666666667,
        1,
        715.8333333333334,
        866.6666666666667,
        2,
        640.8333333333334,
        891.6666666666667,
        2
      ],
      "num_keypoints": 20,
      "iscrowd": 0,
      "segmentation": []
    }
  ]
}