{
  "categories": [
    {
      "supercategory": "person",
      "id": 1,
      "name": "person",
      "keypoints": [
        "nose",
        "left_eye",
        "right_eye",
        "left_ear",
        "right_ear",
        "left_shoulder",
        "right_shoulder",
        "left_elbow",
        "right_elbow",
        "left_wrist",
        "right_wrist",
        "left_hip",
        "right_hip",
        "left_knee",
        "right_knee",
        "left_ankle",
        "right_ankle",
        "left_heel",
        "right_heel",
        "left_foot",
        "right_foot"
      ],
      "skeleton": [
        [
          1,
          2
        ],
        [
          0,
          1
        ],
        [
          0,
          2
        ],
        [
          1,
          3
        ],
        [
          2,
          4
        ],
        [
          5,
          6
        ],
        [
          5,
          7
        ],
        [
          7,
          9
        ],
        [
          6,
          8
        ],
        [
          8,
          10
        ],
        [
          5,
          11
        ],
        [
          6,
          12
        ],
        [
          11,
          12
        ],
        [
          11,
          13
        ],
        [
          13,
          15
        ],
        [
          12,
          14
        ],
        [
          14,
          16
        ],
        [
          16,
          18
        ],
        [
          16,
          20
        ],
        [
          20,
          18
        ],
        [
          15,
          17
        ],
        [
          15,
          19
        ],
        [
          19,
          17
        ]
      ]
    }
  ],
  "images": [
    {
      "file_name": "000000000757.jpg",
      "height": 1200,
      "width": 1600,
      "id": 0
    }
  ],
  "annotations": [
    {
      "category_id": 1,
      "image_id": 0,
      "id": 0,
      "bbox": [
        1022.8077385725744,
        249.95720224993892,
        269.4105854049717,
        248.78943506969915
      ],
      "area": 67026.50734469984,
      "keypoints": [
        1053.0973451327432,
        300.88495575221236,
        2,
        1065.0862068965519,
        288.36206896551727,
        2,
        1045.2586206896553,
        289.65517241379314,
        2,
        1100.8620689655172,
        270.68965517241384,
        2,
        1054.6099290780141,
        272.3404255319149,
        0,
        1159.2198581560285,
        315.24822695035465,
        2,
        1046.099290780142,
        314.8936170212766,
        2,
        1188.2978723404256,
        399.645390070922,
        2,
        1057.4468085106384,
        392.90780141843976,
        2,
        1199.2907801418442,
        478.01418439716315,
        2,
        1059.5744680851064,
        467.3758865248227,
        2,
        1203.9007092198583,
        417.0212765957447,
        2,
        1135.8974358974358,
        437.1794871794872,
        2,
        1223.076923076923,
        464.1025641025641,
        2,
        1176.923076923077,
        466.6666666666667,
        1,
        1258.974358974359,
        417.94871794871796,
        2,
        1226.923076923077,
        410.2564102564103,
        1,
        1255.2325581395348,
        395.93023255813955,
        2,
        1227.906976744186,
        395.93023255813955,
        2,
        1269.7674418604652,
        431.3953488372093,
        2,
        1238.3720930232557,
        436.6279069767442,
        0
      ],
      "num_keypoints": 19,
      "iscrowd": 0,
      "segmentation": []
    },
    {
      "category_id": 1,
      "image_id": 0,
      "id": 1,
      "bbox": [
        887.1353383458646,
        255.80674342105263,
        148.06015037593977,
        539.6940789473684
      ],
      "area": 79907.18648595168,
      "keypoints": [
        957.8125,
        311.71875,
        2,
        961.71875,
        300.78125,
        2,
        946.09375,
        302.734375,
        2,
        955.859375,
        301.5625,
        0,
        916.796875,
        302.34375,
        2,
        980.0,
        332.85714285714283,
        2,
        913.8095238095237,
        365.23809523809524,
        2,
        1015.7142857142857,
        418.57142857142856,
        2,
        945.2380952380952,
        456.19047619047615,
        2,
        1053.8095238095239,
        362.85714285714283,
        0,
        1022.8571428571428,
        478.57142857142856,
        2,
        980.4761904761905,
        524.2857142857142,
        2,
        938.4615384615383,
        535.8974358974359,
        1,
        970.5128205128203,
        628.2051282051282,
        2,
        937.1794871794871,
        620.5128205128206,
        1,
        947.8947368421052,
        714.2105263157895,
        2,
        912.1052631578947,
        731.578947368421,
        2,
        939.9999999999999,
        733.1578947368421,
        1,
        899.4736842105262,
        748.9473684210526,
        2,
        964.2105263157894,
        731.0526315789473,
        2,
        929.4736842105262,
        750.5263157894736,
        2
      ],
      "num_keypoints": 19,
      "iscrowd": 0,
      "segmentation": []
    }
  ]
}