{
  "categories": [
    {
      "supercategory": "person",
      "id": 1,
      "name": "person",
      "keypoints": [
        "nose",
        "left_eye",
        "right_eye",
        "left_ear",
        "right_ear",
        "left_shoulder",
        "right_shoulder",
        "left_elbow",
        "right_elbow",
        "left_wrist",
        "right_wrist",
        "left_hip",
        "right_hip",
        "left_knee",
        "right_knee",
        "left_ankle",
        "right_ankle",
        "left_heel",
        "right_heel",
        "left_foot",
        "right_foot"
      ],
      "skeleton": [
        [
          1,
          2
        ],
        [
          0,
          1
        ],
        [
          0,
          2
        ],
        [
          1,
          3
        ],
        [
          2,
          4
        ],
        [
          5,
          6
        ],
        [
          5,
          7
        ],
        [
          7,
          9
        ],
        [
          6,
          8
        ],
        [
          8,
          10
        ],
        [
          5,
          11
        ],
        [
          6,
          12
        ],
        [
          11,
          12
        ],
        [
          11,
          13
        ],
        [
          13,
          15
        ],
        [
          12,
          14
        ],
        [
          14,
          16
        ],
        [
          16,
          18
        ],
        [
          16,
          20
        ],
        [
          20,
          18
        ],
        [
          15,
          17
        ],
        [
          15,
          19
        ],
        [
          19,
          17
        ]
      ]
    }
  ],
  "images": [
    {
      "file_name": "000000001746.jpg",
      "height": 1200,
      "width": 1600,
      "id": 0
    }
  ],
  "annotations": [
    {
      "category_id": 1,
      "image_id": 0,
      "id": 0,
      "bbox": [
        617.7777777777778,
        468.47222222222223,
        211.66666666666674,
        428.3333333333334
      ],
      "area": 90663.88888888893,
      "keypoints": [
        664.5833333333334,
        538.8888888888889,
        2,
        671.5277777777778,
        520.8333333333334,
        2,
        649.3055555555557,
        522.2222222222223,
        2,
        695.1388888888889,
        504.1666666666667,
        2,
        643.7500000000001,
        515.2777777777778,
        0,
        727.0833333333334,
        533.3333333333334,
        2,
        635.4166666666667,
        570.8333333333334,
        2,
        811.8055555555557,
        545.8333333333334,
        1,
        650.6944444444445,
        640.2777777777778,
        2,
        795.1388888888889,
        569.4444444444445,
        1,
        647.9166666666667,
        726.3888888888889,
        1,
        727.0833333333334,
        694.4444444444445,
        1,
        679.8611111111112,
        693.0555555555555,
        2,
        706.2500000000001,
        794.4444444444445,
        2,
        656.2500000000001,
        794.4444444444445,
        2,
        732.6388888888889,
        838.8888888888889,
        2,
        704.8611111111112,
        831.9444444444445,
        1,
        752.0833333333334,
        841.6666666666667,
        2,
        713.1944444444445,
        847.2222222222223,
        1,
        739.5833333333334,
        861.1111111111112,
        2,
        695.1388888888889,
        852.7777777777778,
        2
      ],
      "num_keypoints": 20,
      "iscrowd": 0,
      "segmentation": []
    },
    {
      "category_id": 1,
      "image_id": 0,
      "id": 1,
      "bbox": [
        411.55844155844153,
        356.6904761904762,
        149.61038961038963,
        550.883116883117
      ],
      "area": 82417.83774666896,
      "keypoints": [
        495.4545454545454,
        418.1818181818182,
        2,
        504.5454545454545,
        402.5974025974026,
        2,
        488.961038961039,
        407.79220779220776,
        2,
        509.7402597402597,
        410.38961038961037,
        0,
        453.89610389610385,
        406.49350649350646,
        2,
        521.4285714285714,
        458.4415584415584,
        2,
        429.2207792207792,
        477.9220779220779,
        2,
        533.1168831168831,
        546.7532467532467,
        1,
        424.025974025974,
        571.4285714285714,
        2,
        548.7012987012987,
        610.3896103896104,
        2,
        446.1038961038961,
        644.1558441558442,
        2,
        526.6233766233767,
        654.5454545454545,
        1,
        469.48051948051943,
        654.5454545454545,
        1,
        519.4805194805194,
        736.3636363636364,
        2,
        470.1298701298701,
        750.6493506493506,
        2,
        507.5,
        825.0000000000001,
        1,
        454.16666666666674,
        845.0000000000001,
        1,
        494.16666666666674,
        848.3333333333334,
        1,
        449.16666666666674,
        848.3333333333334,
        1,
        535.8333333333334,
        850.0000000000001,
        1,
        470.83333333333337,
        861.6666666666667,
        2
      ],
      "num_keypoints": 20,
      "iscrowd": 0,
      "segmentation": []
    }
  ]
}