{
  "categories": [
    {
      "supercategory": "person",
      "id": 1,
      "name": "person",
      "keypoints": [
        "nose",
        "left_eye",
        "right_eye",
        "left_ear",
        "right_ear",
        "left_shoulder",
        "right_shoulder",
        "left_elbow",
        "right_elbow",
        "left_wrist",
        "right_wrist",
        "left_hip",
        "right_hip",
        "left_knee",
        "right_knee",
        "left_ankle",
        "right_ankle",
        "left_heel",
        "right_heel",
        "left_foot",
        "right_foot"
      ],
      "skeleton": [
        [
          1,
          2
        ],
        [
          0,
          1
        ],
        [
          0,
          2
        ],
        [
          1,
          3
        ],
        [
          2,
          4
        ],
        [
          5,
          6
        ],
        [
          5,
          7
        ],
        [
          7,
          9
        ],
        [
          6,
          8
        ],
        [
          8,
          10
        ],
        [
          5,
          11
        ],
        [
          6,
          12
        ],
        [
          11,
          12
        ],
        [
          11,
          13
        ],
        [
          13,
          15
        ],
        [
          12,
          14
        ],
        [
          14,
          16
        ],
        [
          16,
          18
        ],
        [
          16,
          20
        ],
        [
          20,
          18
        ],
        [
          15,
          17
        ],
        [
          15,
          19
        ],
        [
          19,
          17
        ]
      ]
    }
  ],
  "images": [
    {
      "file_name": "000000001557.jpg",
      "height": 1200,
      "width": 1600,
      "id": 0
    }
  ],
  "annotations": [
    {
      "category_id": 1,
      "image_id": 0,
      "id": 0,
      "bbox": [
        823.1805555555555,
        241.11111111111114,
        261.83333333333314,
        656.6666666666667
      ],
      "area": 171937.22222222213,
      "keypoints": [
        860.4166666666667,
        331.94444444444446,
        2,
        870.1388888888889,
        315.27777777777777,
        2,
        845.0,
        317.0,
        1,
        906.2500000000001,
        295.83333333333337,
        2,
        852.0833333333334,
        304.1666666666667,
        0,
        978.4722222222223,
        361.11111111111114,
        2,
        865.9722222222223,
        352.77777777777777,
        1,
        1007.638888888889,
        458.33333333333337,
        2,
        854.8611111111112,
        458.33333333333337,
        1,
        1040.9722222222222,
        555.5555555555555,
        2,
        865.9722222222223,
        555.5555555555555,
        2,
        964.5833333333334,
        558.3333333333334,
        2,
        902.0833333333334,
        563.8888888888889,
        2,
        985.4166666666669,
        711.1111111111111,
        1,
        922.9166666666669,
        718.0555555555555,
        2,
        1034.0277777777778,
        781.9444444444445,
        2,
        986.8055555555555,
        768.0555555555555,
        2,
        1063.1944444444443,
        797.2222222222223,
        2,
        1013.1944444444445,
        775.0000000000001,
        1,
        1028.4722222222222,
        843.0555555555557,
        2,
        992.3611111111112,
        823.6111111111112,
        2
      ],
      "num_keypoints": 20,
      "iscrowd": 0,
      "segmentation": []
    },
    {
      "category_id": 1,
      "image_id": 0,
      "id": 1,
      "bbox": [
        699.3993506493507,
        280.3571428571429,
        157.20779220779218,
        703.2467532467533
      ],
      "area": 110555.86945522009,
      "keypoints": [
        810.4166666666667,
        352.77777777777777,
        2,
        816.2337662337662,
        338.961038961039,
        1,
        800.6493506493506,
        340.2597402597402,
        2,
        788.961038961039,
        346.75324675324674,
        0,
        762.9870129870129,
        349.35064935064935,
        2,
        813.6363636363636,
        411.68831168831167,
        2,
        737.012987012987,
        435.06493506493507,
        2,
        846.1038961038961,
        494.8051948051948,
        0,
        796.7532467532467,
        487.012987012987,
        2,
        861.6883116883116,
        445.45454545454544,
        0,
        843.5064935064935,
        405.1948051948052,
        2,
        835.7142857142857,
        641.5584415584416,
        2,
        786.3636363636364,
        666.2337662337662,
        2,
        816.8831168831168,
        755.8441558441558,
        2,
        762.3376623376623,
        772.7272727272727,
        2,
        795.8333333333335,
        848.3333333333334,
        2,
        724.1666666666667,
        886.6666666666667,
        2,
        787.5,
        870.0000000000001,
        2,
        712.5,
        908.3333333333334,
        2,
        822.5,
        880.0000000000001,
        2,
        750.8333333333334,
        925.0000000000001,
        2
      ],
      "num_keypoints": 18,
      "iscrowd": 0,
      "segmentation": []
    }
  ]
}