{
  "categories": [
    {
      "supercategory": "person",
      "id": 1,
      "name": "person",
      "keypoints": [
        "nose",
        "left_eye",
        "right_eye",
        "left_ear",
        "right_ear",
        "left_shoulder",
        "right_shoulder",
        "left_elbow",
        "right_elbow",
        "left_wrist",
        "right_wrist",
        "left_hip",
        "right_hip",
        "left_knee",
        "right_knee",
        "left_ankle",
        "right_ankle",
        "left_heel",
        "right_heel",
        "left_foot",
        "right_foot"
      ],
      "skeleton": [
        [
          1,
          2
        ],
        [
          0,
          1
        ],
        [
          0,
          2
        ],
        [
          1,
          3
        ],
        [
          2,
          4
        ],
        [
          5,
          6
        ],
        [
          5,
          7
        ],
        [
          7,
          9
        ],
        [
          6,
          8
        ],
        [
          8,
          10
        ],
        [
          5,
          11
        ],
        [
          6,
          12
        ],
        [
          11,
          12
        ],
        [
          11,
          13
        ],
        [
          13,
          15
        ],
        [
          12,
          14
        ],
        [
          14,
          16
        ],
        [
          16,
          18
        ],
        [
          16,
          20
        ],
        [
          20,
          18
        ],
        [
          15,
          17
        ],
        [
          15,
          19
        ],
        [
          19,
          17
        ]
      ]
    }
  ],
  "images": [
    {
      "file_name": "000000000058.jpg",
      "height": 1200,
      "width": 1600,
      "id": 0
    }
  ],
  "annotations": [
    {
      "category_id": 1,
      "image_id": 0,
      "id": 0,
      "bbox": [
        346.9592524509804,
        332.23854289071676,
        477.1139705882352,
        683.4077555816687
      ],
      "area": 326063.3877963641,
      "keypoints": [
        615.5737704918032,
        400.0,
        2,
        633.5135135135134,
        390.8108108108108,
        2,
        605.9459459459459,
        389.18918918918916,
        2,
        665.4867256637167,
        396.4601769911504,
        2,
        615.1315789473684,
        376.3157894736842,
        0,
        713.1578947368421,
        446.05263157894734,
        2,
        584.8684210526316,
        465.7894736842105,
        1,
        784.313725490196,
        449.01960784313724,
        1,
        486.27450980392155,
        510.78431372549016,
        0,
        750.9803921568628,
        404.9019607843137,
        1,
        386.71875,
        528.125,
        2,
        705.7377049180328,
        663.9344262295082,
        2,
        628.6885245901639,
        667.2131147540983,
        2,
        658.1967213114754,
        819.672131147541,
        2,
        615.5737704918032,
        818.032786885246,
        2,
        707.3770491803278,
        895.0819672131148,
        1,
        672.9508196721312,
        896.7213114754098,
        0,
        728.4313725490196,
        930.3921568627451,
        2,
        704.9019607843137,
        910.7843137254902,
        0,
        674.6376811594203,
        958.695652173913,
        2,
        653.6,
        938.4,
        2
      ],
      "num_keypoints": 17,
      "iscrowd": 0,
      "segmentation": []
    },
    {
      "category_id": 1,
      "image_id": 0,
      "id": 1,
      "bbox": [
        707.9391150442477,
        327.9027556968733,
        125.53061946902653,
        576.9316375198729
      ],
      "area": 72422.58584914952,
      "keypoints": [
        773.4513274336282,
        385.84070796460173,
        2,
        785.7843137254902,
        377.45098039215685,
        2,
        762.7450980392157,
        375.98039215686276,
        2,
        793.6274509803922,
        379.4117647058823,
        1,
        744.6078431372549,
        381.8627450980392,
        1,
        803.5398230088495,
        430.0884955752212,
        2,
        718.5840707964601,
        431.858407079646,
        2,
        823.008849557522,
        528.3185840707964,
        1,
        716.8141592920354,
        542.4778761061947,
        0,
        822.1238938053096,
        616.8141592920354,
        0,
        699.9999999999999,
        615.0442477876105,
        0,
        800.9803921568628,
        628.4313725490196,
        2,
        756.8627450980392,
        625.4901960784314,
        2,
        792.156862745098,
        729.4117647058823,
        1,
        742.156862745098,
        746.0784313725491,
        2,
        769.078947368421,
        822.3684210526316,
        2,
        736.2745098039215,
        811.7647058823529,
        0,
        766.6666666666666,
        839.2156862745098,
        1,
        718.4,
        837.6,
        1,
        804.3243243243243,
        849.7297297297297,
        2,
        745.9459459459459,
        856.7567567567568,
        2
      ],
      "num_keypoints": 17,
      "iscrowd": 0,
      "segmentation": []
    }
  ]
}