{
  "categories": [
    {
      "supercategory": "person",
      "id": 1,
      "name": "person",
      "keypoints": [
        "nose",
        "left_eye",
        "right_eye",
        "left_ear",
        "right_ear",
        "left_shoulder",
        "right_shoulder",
        "left_elbow",
        "right_elbow",
        "left_wrist",
        "right_wrist",
        "left_hip",
        "right_hip",
        "left_knee",
        "right_knee",
        "left_ankle",
        "right_ankle",
        "left_heel",
        "right_heel",
        "left_foot",
        "right_foot"
      ],
      "skeleton": [
        [
          1,
          2
        ],
        [
          0,
          1
        ],
        [
          0,
          2
        ],
        [
          1,
          3
        ],
        [
          2,
          4
        ],
        [
          5,
          6
        ],
        [
          5,
          7
        ],
        [
          7,
          9
        ],
        [
          6,
          8
        ],
        [
          8,
          10
        ],
        [
          5,
          11
        ],
        [
          6,
          12
        ],
        [
          11,
          12
        ],
        [
          11,
          13
        ],
        [
          13,
          15
        ],
        [
          12,
          14
        ],
        [
          14,
          16
        ],
        [
          16,
          18
        ],
        [
          16,
          20
        ],
        [
          20,
          18
        ],
        [
          15,
          17
        ],
        [
          15,
          19
        ],
        [
          19,
          17
        ]
      ]
    }
  ],
  "images": [
    {
      "file_name": "000000001919.jpg",
      "height": 1200,
      "width": 1600,
      "id": 0
    }
  ],
  "annotations": [
    {
      "category_id": 1,
      "image_id": 0,
      "id": 0,
      "bbox": [
        807.9464285714284,
        238.91594516594515,
        270.87662337662346,
        616.3419913419914
      ],
      "area": 166952.63745994272,
      "keypoints": [
        946.5277777777779,
        305.55555555555554,
        2,
        965.9722222222223,
        291.6666666666667,
        2,
        940.9722222222223,
        290.27777777777777,
        2,
        997.9166666666669,
        295.83333333333337,
        2,
        932.638888888889,
        284.72222222222223,
        0,
        1028.4722222222222,
        359.72222222222223,
        2,
        928.4722222222223,
        358.33333333333337,
        2,
        1043.75,
        455.5555555555556,
        2,
        909.0277777777778,
        443.0555555555556,
        2,
        1056.25,
        544.4444444444445,
        2,
        909.0277777777778,
        516.6666666666667,
        1,
        988.1944444444445,
        523.6111111111111,
        2,
        935.4166666666669,
        519.4444444444445,
        2,
        939.5833333333334,
        647.2222222222223,
        2,
        900.6944444444446,
        631.9444444444445,
        1,
        896.5277777777778,
        763.8888888888889,
        2,
        860.4166666666667,
        736.1111111111111,
        2,
        909.7402597402597,
        803.8961038961039,
        2,
        868.1818181818181,
        772.7272727272727,
        1,
        875.974025974026,
        796.1038961038961,
        2,
        830.5194805194805,
        783.1168831168831,
        2
      ],
      "num_keypoints": 20,
      "iscrowd": 0,
      "segmentation": []
    },
    {
      "category_id": 1,
      "image_id": 0,
      "id": 1,
      "bbox": [
        712.9870129870129,
        329.2857142857142,
        194.8051948051949,
        568.0519480519482
      ],
      "area": 110659.47039973023,
      "keypoints": [
        786.3636363636364,
        397.4025974025974,
        2,
        795.4545454545454,
        376.6233766233766,
        2,
        778.5714285714286,
        380.5194805194805,
        2,
        762.9870129870129,
        385.7142857142857,
        0,
        740.9090909090909,
        380.5194805194805,
        2,
        801.9480519480519,
        431.16883116883116,
        2,
        729.2207792207791,
        451.94805194805195,
        2,
        850.0,
        449.35064935064935,
        2,
        803.2467532467532,
        498.7012987012987,
        2,
        891.5584415584416,
        429.87012987012986,
        2,
        882.4675324675325,
        489.6103896103896,
        2,
        813.6363636363636,
        605.1948051948052,
        2,
        768.1818181818181,
        620.7792207792207,
        2,
        800.0,
        714.2857142857142,
        1,
        776.6233766233765,
        728.5714285714286,
        2,
        777.5,
        803.3333333333334,
        2,
        757.5,
        823.3333333333334,
        2,
        769.1666666666667,
        821.6666666666667,
        1,
        745.8333333333334,
        838.3333333333334,
        2,
        810.8333333333335,
        823.3333333333334,
        2,
        769.1666666666667,
        850.0000000000001,
        2
      ],
      "num_keypoints": 20,
      "iscrowd": 0,
      "segmentation": []
    }
  ]
}