{
  "categories": [
    {
      "supercategory": "person",
      "id": 1,
      "name": "person",
      "keypoints": [
        "nose",
        "left_eye",
        "right_eye",
        "left_ear",
        "right_ear",
        "left_shoulder",
        "right_shoulder",
        "left_elbow",
        "right_elbow",
        "left_wrist",
        "right_wrist",
        "left_hip",
        "right_hip",
        "left_knee",
        "right_knee",
        "left_ankle",
        "right_ankle",
        "left_heel",
        "right_heel",
        "left_foot",
        "right_foot"
      ],
      "skeleton": [
        [
          1,
          2
        ],
        [
          0,
          1
        ],
        [
          0,
          2
        ],
        [
          1,
          3
        ],
        [
          2,
          4
        ],
        [
          5,
          6
        ],
        [
          5,
          7
        ],
        [
          7,
          9
        ],
        [
          6,
          8
        ],
        [
          8,
          10
        ],
        [
          5,
          11
        ],
        [
          6,
          12
        ],
        [
          11,
          12
        ],
        [
          11,
          13
        ],
        [
          13,
          15
        ],
        [
          12,
          14
        ],
        [
          14,
          16
        ],
        [
          16,
          18
        ],
        [
          16,
          20
        ],
        [
          20,
          18
        ],
        [
          15,
          17
        ],
        [
          15,
          19
        ],
        [
          19,
          17
        ]
      ]
    }
  ],
  "images": [
    {
      "file_name": "000000000891.jpg",
      "height": 1200,
      "width": 1600,
      "id": 0
    }
  ],
  "annotations": [
    {
      "category_id": 1,
      "image_id": 0,
      "id": 0,
      "bbox": [
        908.5148026315788,
        259.91504484684384,
        251.50657894736844,
        268.80081232018944
      ],
      "area": 67605.17272492449,
      "keypoints": [
        973.5294117647059,
        334.3137254901961,
        2,
        984.2443729903538,
        323.1511254019293,
        2,
        959.1639871382637,
        328.2958199356913,
        2,
        1007.395498392283,
        282.31511254019296,
        2,
        937.8947368421052,
        294.7368421052631,
        0,
        1063.157894736842,
        315.7894736842105,
        2,
        929.4736842105262,
        311.57894736842104,
        2,
        1091.578947368421,
        413.6842105263158,
        2,
        939.4736842105262,
        393.6842105263158,
        2,
        1086.842105263158,
        506.31578947368416,
        2,
        933.1578947368421,
        486.84210526315786,
        2,
        1082.1052631578946,
        434.7368421052631,
        1,
        1020.5128205128203,
        439.7435897435897,
        2,
        1116.6666666666665,
        458.97435897435895,
        2,
        1062.8205128205127,
        464.1025641025641,
        1,
        1132.051282051282,
        434.6153846153846,
        2,
        1107.6923076923076,
        444.87179487179486,
        1,
        1133.59375,
        421.875,
        2,
        1110.9375,
        417.1875,
        1,
        1139.0625,
        461.71875,
        2,
        1110.15625,
        463.28125,
        1
      ],
      "num_keypoints": 20,
      "iscrowd": 0,
      "segmentation": []
    },
    {
      "category_id": 1,
      "image_id": 0,
      "id": 1,
      "bbox": [
        716.1106655974337,
        321.05172413793105,
        210.12028869286314,
        587.3793103448277
      ],
      "area": 123420.31026187005,
      "keypoints": [
        789.047619047619,
        383.8095238095238,
        2,
        792.8571428571428,
        372.38095238095235,
        2,
        776.6666666666666,
        373.3333333333333,
        2,
        771.4285714285714,
        367.1428571428571,
        0,
        744.7619047619047,
        370.0,
        2,
        798.2558139534884,
        413.95348837209303,
        2,
        737.2093023255815,
        427.3255813953488,
        2,
        864.5348837209302,
        431.9767441860465,
        2,
        790.1162790697674,
        447.6744186046512,
        2,
        908.7209302325582,
        398.83720930232556,
        1,
        873.8372093023256,
        394.7674418604651,
        2,
        820.5128205128204,
        587.1794871794872,
        2,
        775.6410256410255,
        602.5641025641025,
        2,
        797.4358974358973,
        724.3589743589744,
        2,
        767.9487179487179,
        726.9230769230769,
        2,
        781.0344827586206,
        821.551724137931,
        2,
        745.6896551724137,
        839.6551724137931,
        2,
        775.8620689655172,
        832.7586206896552,
        2,
        733.6206896551723,
        851.7241379310345,
        2,
        800.8620689655172,
        830.1724137931035,
        2,
        760.3448275862069,
        859.4827586206898,
        2
      ],
      "num_keypoints": 20,
      "iscrowd": 0,
      "segmentation": []
    }
  ]
}