{
  "categories": [
    {
      "supercategory": "person",
      "id": 1,
      "name": "person",
      "keypoints": [
        "nose",
        "left_eye",
        "right_eye",
        "left_ear",
        "right_ear",
        "left_shoulder",
        "right_shoulder",
        "left_elbow",
        "right_elbow",
        "left_wrist",
        "right_wrist",
        "left_hip",
        "right_hip",
        "left_knee",
        "right_knee",
        "left_ankle",
        "right_ankle",
        "left_heel",
        "right_heel",
        "left_foot",
        "right_foot"
      ],
      "skeleton": [
        [
          1,
          2
        ],
        [
          0,
          1
        ],
        [
          0,
          2
        ],
        [
          1,
          3
        ],
        [
          2,
          4
        ],
        [
          5,
          6
        ],
        [
          5,
          7
        ],
        [
          7,
          9
        ],
        [
          6,
          8
        ],
        [
          8,
          10
        ],
        [
          5,
          11
        ],
        [
          6,
          12
        ],
        [
          11,
          12
        ],
        [
          11,
          13
        ],
        [
          13,
          15
        ],
        [
          12,
          14
        ],
        [
          14,
          16
        ],
        [
          16,
          18
        ],
        [
          16,
          20
        ],
        [
          20,
          18
        ],
        [
          15,
          17
        ],
        [
          15,
          19
        ],
        [
          19,
          17
        ]
      ]
    }
  ],
  "images": [
    {
      "file_name": "000000000631.jpg",
      "height": 1200,
      "width": 1600,
      "id": 0
    }
  ],
  "annotations": [
    {
      "category_id": 1,
      "image_id": 0,
      "id": 0,
      "bbox": [
        493.05289898386127,
        353.2948045354544,
        284.2020322773461,
        579.754950076155
      ],
      "area": 164767.5350344946,
      "keypoints": [
        624.5098039215686,
        412.7450980392157,
        1,
        636.6559485530547,
        401.60771704180064,
        2,
        616.0771704180064,
        402.2508038585209,
        2,
        664.6302250803859,
        410.28938906752416,
        2,
        622.0238095238095,
        407.73809523809524,
        0,
        693.452380952381,
        470.23809523809524,
        2,
        601.7857142857143,
        476.38888888888886,
        2,
        720.8333333333334,
        538.0952380952381,
        2,
        552.7777777777778,
        573.2142857142857,
        2,
        753.5714285714286,
        571.6269841269841,
        2,
        516.7364016736401,
        635.1464435146444,
        2,
        704.18410041841,
        630.1255230125523,
        2,
        637.1794871794871,
        624.3589743589744,
        1,
        671.7948717948717,
        767.9487179487179,
        2,
        639.7435897435897,
        762.8205128205128,
        1,
        716.6666666666666,
        850.0,
        2,
        676.9230769230769,
        850.0,
        2,
        730.5263157894736,
        872.1052631578947,
        2,
        691.0526315789473,
        864.2105263157894,
        1,
        702.6315789473683,
        884.7368421052631,
        2,
        665.7894736842105,
        872.1052631578947,
        1
      ],
      "num_keypoints": 20,
      "iscrowd": 0,
      "segmentation": []
    },
    {
      "category_id": 1,
      "image_id": 0,
      "id": 1,
      "bbox": [
        805.1862348178138,
        295.50428396572823,
        122.38056680161935,
        552.8959608323134
      ],
      "area": 67663.72106898445,
      "keypoints": [
        868.9473684210526,
        350.52631578947364,
        2,
        878.4210526315788,
        342.10526315789474,
        2,
        862.6315789473683,
        341.57894736842104,
        2,
        900.5263157894736,
        345.7894736842105,
        2,
        875.7894736842105,
        343.6842105263158,
        0,
        917.3684210526316,
        401.05263157894734,
        2,
        838.4615384615385,
        401.28205128205127,
        2,
        906.4102564102564,
        485.2564102564102,
        2,
        815.3846153846154,
        488.46153846153845,
        2,
        842.3076923076923,
        449.35897435897436,
        2,
        819.2307692307692,
        455.12820512820514,
        2,
        901.9230769230769,
        554.4871794871794,
        2,
        855.1282051282051,
        550.0,
        1,
        893.5897435897434,
        669.2307692307692,
        2,
        867.9487179487178,
        667.9487179487179,
        2,
        903.4883720930233,
        778.4883720930233,
        2,
        901.7441860465117,
        751.1627906976744,
        1,
        909.8837209302326,
        795.9302325581396,
        2,
        910.4651162790698,
        760.4651162790698,
        1,
        894.1860465116279,
        802.3255813953489,
        2,
        876.7441860465117,
        765.6976744186046,
        2
      ],
      "num_keypoints": 20,
      "iscrowd": 0,
      "segmentation": []
    },
    {
      "category_id": 1,
      "image_id": 0,
      "id": 2,
      "bbox": [
        268.936170212766,
        257.1276595744681,
        79.14893617021272,
        237.8723404255319
      ],
      "area": 18827.342688999535,
      "keypoints": [
        305.3191489361702,
        275.88652482269504,
        0,
        300.35460992907804,
        271.63120567375887,
        0,
        311.34751773049646,
        272.6950354609929,
        0,
        296.45390070921985,
        276.9503546099291,
        2,
        317.73049645390074,
        276.9503546099291,
        2,
        282.97872340425533,
        296.09929078014187,
        2,
        330.1418439716312,
        296.8085106382979,
        2,
        275.53191489361706,
        337.2340425531915,
        2,
        341.48936170212767,
        341.48936170212767,
        2,
        294.6808510638298,
        326.59574468085106,
        0,
        325.53191489361706,
        329.7872340425532,
        0,
        293.6170212765958,
        359.2198581560284,
        2,
        325.53191489361706,
        360.63829787234044,
        2,
        298.2269503546099,
        418.43971631205676,
        2,
        320.5673758865248,
        417.73049645390074,
        2,
        302.83687943262413,
        467.0212765957447,
        2,
        324.468085106383,
        464.1843971631206,
        2,
        308.51063829787233,
        475.177304964539,
        2,
        324.468085106383,
        474.82269503546104,
        2,
        296.09929078014187,
        474.82269503546104,
        2,
        329.7872340425532,
        467.3758865248227,
        1
      ],
      "num_keypoints": 16,
      "iscrowd": 0,
      "segmentation": []
    }
  ]
}