{
  "categories": [
    {
      "supercategory": "person",
      "id": 1,
      "name": "person",
      "keypoints": [
        "nose",
        "left_eye",
        "right_eye",
        "left_ear",
        "right_ear",
        "left_shoulder",
        "right_shoulder",
        "left_elbow",
        "right_elbow",
        "left_wrist",
        "right_wrist",
        "left_hip",
        "right_hip",
        "left_knee",
        "right_knee",
        "left_ankle",
        "right_ankle",
        "left_heel",
        "right_heel",
        "left_foot",
        "right_foot"
      ],
      "skeleton": [
        [
          1,
          2
        ],
        [
          0,
          1
        ],
        [
          0,
          2
        ],
        [
          1,
          3
        ],
        [
          2,
          4
        ],
        [
          5,
          6
        ],
        [
          5,
          7
        ],
        [
          7,
          9
        ],
        [
          6,
          8
        ],
        [
          8,
          10
        ],
        [
          5,
          11
        ],
        [
          6,
          12
        ],
        [
          11,
          12
        ],
        [
          11,
          13
        ],
        [
          13,
          15
        ],
        [
          12,
          14
        ],
        [
          14,
          16
        ],
        [
          16,
          18
        ],
        [
          16,
          20
        ],
        [
          20,
          18
        ],
        [
          15,
          17
        ],
        [
          15,
          19
        ],
        [
          19,
          17
        ]
      ]
    }
  ],
  "images": [
    {
      "file_name": "000000000392.jpg",
      "height": 1200,
      "width": 1600,
      "id": 0
    }
  ],
  "annotations": [
    {
      "category_id": 1,
      "image_id": 0,
      "id": 0,
      "bbox": [
        671.6317443687794,
        242.60869565217388,
        418.6799371398638,
        323.47826086956513
      ],
      "area": 135433.857926982,
      "keypoints": [
        942.1686746987951,
        296.38554216867465,
        2,
        955.1351351351351,
        283.78378378378375,
        2,
        932.4324324324324,
        283.2432432432432,
        2,
        990.2173913043478,
        269.5652173913043,
        2,
        928.9473684210526,
        271.05263157894734,
        0,
        1048.0263157894738,
        319.7368421052632,
        2,
        916.6666666666666,
        302.94117647058823,
        2,
        1055.421686746988,
        430.1204819277108,
        2,
        907.2289156626505,
        393.9759036144578,
        2,
        1049.3975903614457,
        527.710843373494,
        2,
        893.9759036144577,
        504.8192771084337,
        0,
        993.1372549019608,
        495.09803921568624,
        2,
        914.7058823529412,
        441.1764705882353,
        2,
        885.3333333333334,
        470.6666666666667,
        2,
        840.0,
        461.3333333333333,
        2,
        815.2173913043478,
        515.2173913043478,
        2,
        779.3478260869565,
        477.17391304347825,
        1,
        761.9565217391304,
        539.1304347826086,
        2,
        706.5217391304348,
        530.4347826086956,
        2,
        765.4867256637167,
        470.7964601769911,
        1,
        711.504424778761,
        443.36283185840705,
        1
      ],
      "num_keypoints": 19,
      "iscrowd": 0,
      "segmentation": []
    },
    {
      "category_id": 1,
      "image_id": 0,
      "id": 1,
      "bbox": [
        709.078947368421,
        311.2531328320802,
        120.0,
        607.8195488721803
      ],
      "area": 72938.34586466165,
      "keypoints": [
        778.4,
        371.2,
        2,
        786.9047619047619,
        361.9047619047619,
        2,
        761.9047619047619,
        363.3699633699634,
        2,
        793.7728937728938,
        357.87545787545787,
        0,
        739.1941391941392,
        376.1904761904762,
        2,
        793.4782608695651,
        417.39130434782606,
        1,
        719.5652173913043,
        436.231884057971,
        0,
        861.7647058823529,
        459.80392156862746,
        0,
        787.2549019607843,
        529.4117647058823,
        0,
        922.5490196078431,
        385.29411764705884,
        0,
        860.1769911504424,
        473.45132743362825,
        0,
        807.9646017699114,
        623.8938053097345,
        1,
        757.843137254902,
        632.3529411764706,
        2,
        806.8627450980392,
        729.4117647058823,
        2,
        744.1176470588235,
        742.156862745098,
        2,
        793.1372549019608,
        795.0980392156863,
        2,
        735.2941176470588,
        816.6666666666666,
        2,
        782.3008849557522,
        823.8938053097344,
        2,
        719.078947368421,
        859.8684210526316,
        2,
        819.078947368421,
        828.2894736842105,
        2,
        754.6052631578947,
        868.421052631579,
        2
      ],
      "num_keypoints": 15,
      "iscrowd": 0,
      "segmentation": []
    }
  ]
}