{
  "categories": [
    {
      "supercategory": "person",
      "id": 1,
      "name": "person",
      "keypoints": [
        "nose",
        "left_eye",
        "right_eye",
        "left_ear",
        "right_ear",
        "left_shoulder",
        "right_shoulder",
        "left_elbow",
        "right_elbow",
        "left_wrist",
        "right_wrist",
        "left_hip",
        "right_hip",
        "left_knee",
        "right_knee",
        "left_ankle",
        "right_ankle",
        "left_heel",
        "right_heel",
        "left_foot",
        "right_foot"
      ],
      "skeleton": [
        [
          1,
          2
        ],
        [
          0,
          1
        ],
        [
          0,
          2
        ],
        [
          1,
          3
        ],
        [
          2,
          4
        ],
        [
          5,
          6
        ],
        [
          5,
          7
        ],
        [
          7,
          9
        ],
        [
          6,
          8
        ],
        [
          8,
          10
        ],
        [
          5,
          11
        ],
        [
          6,
          12
        ],
        [
          11,
          12
        ],
        [
          11,
          13
        ],
        [
          13,
          15
        ],
        [
          12,
          14
        ],
        [
          14,
          16
        ],
        [
          16,
          18
        ],
        [
          16,
          20
        ],
        [
          20,
          18
        ],
        [
          15,
          17
        ],
        [
          15,
          19
        ],
        [
          19,
          17
        ]
      ]
    }
  ],
  "images": [
    {
      "file_name": "000000000213.jpg",
      "height": 1200,
      "width": 1600,
      "id": 0
    }
  ],
  "annotations": [
    {
      "category_id": 1,
      "image_id": 0,
      "id": 0,
      "bbox": [
        770.3151260504202,
        271.66745005875435,
        284.7899159663865,
        592.96357226792
      ],
      "area": 168870.04591730927,
      "keypoints": [
        900.8196721311475,
        339.344262295082,
        1,
        912.5,
        326.9736842105263,
        2,
        891.4473684210526,
        331.57894736842104,
        1,
        948.6725663716813,
        321.2389380530973,
        1,
        887.027027027027,
        321.08108108108104,
        1,
        998.9189189189188,
        367.02702702702703,
        2,
        887.7049180327868,
        350.81967213114757,
        1,
        1012.295081967213,
        463.93442622950823,
        2,
        874.5901639344262,
        452.45901639344265,
        2,
        1031.3725490196077,
        551.9607843137255,
        2,
        871.5686274509803,
        529.4117647058823,
        2,
        984.4262295081967,
        552.4590163934427,
        2,
        904.0983606557377,
        537.7049180327868,
        2,
        923.7704918032787,
        650.8196721311475,
        1,
        867.391304347826,
        646.7391304347826,
        1,
        885.2941176470588,
        756.8627450980392,
        2,
        827.4509803921568,
        735.2941176470588,
        2,
        878.2608695652174,
        815.2173913043478,
        2,
        830.4347826086956,
        784.7826086956521,
        2,
        844.078947368421,
        807.2368421052631,
        2,
        794.047619047619,
        782.1428571428572,
        2
      ],
      "num_keypoints": 21,
      "iscrowd": 0,
      "segmentation": []
    },
    {
      "category_id": 1,
      "image_id": 0,
      "id": 1,
      "bbox": [
        754.047619047619,
        306.3095238095238,
        101.42857142857144,
        638.5714285714287
      ],
      "area": 64769.38775510206,
      "keypoints": [
        820.4819277108433,
        372.289156626506,
        2,
        824.4047619047619,
        361.3095238095238,
        1,
        804.1666666666667,
        359.5238095238095,
        2,
        790.4761904761905,
        355.95238095238096,
        0,
        776.1904761904763,
        370.23809523809524,
        2,
        844.2477876106194,
        426.54867256637164,
        1,
        770.7964601769911,
        442.4778761061946,
        2,
        894.6902654867256,
        474.33628318584067,
        0,
        777.8761061946902,
        550.4424778761062,
        2,
        885.8407079646017,
        459.29203539823004,
        0,
        842.1686746987951,
        506.0240963855421,
        2,
        826.5060240963854,
        609.6385542168674,
        0,
        793.9759036144577,
        628.9156626506024,
        1,
        838.0434782608695,
        719.5652173913044,
        0,
        792.391304347826,
        731.5217391304348,
        0,
        811.9565217391304,
        828.2608695652174,
        0,
        778.4313725490196,
        852.9411764705882,
        2,
        800.5952380952381,
        842.2619047619048,
        2,
        762.5,
        875.0,
        2,
        847.0238095238095,
        845.2380952380953,
        2,
        801.1904761904763,
        891.6666666666667,
        2
      ],
      "num_keypoints": 14,
      "iscrowd": 0,
      "segmentation": []
    }
  ]
}