{
  "categories": [
    {
      "supercategory": "person",
      "id": 1,
      "name": "person",
      "keypoints": [
        "nose",
        "left_eye",
        "right_eye",
        "left_ear",
        "right_ear",
        "left_shoulder",
        "right_shoulder",
        "left_elbow",
        "right_elbow",
        "left_wrist",
        "right_wrist",
        "left_hip",
        "right_hip",
        "left_knee",
        "right_knee",
        "left_ankle",
        "right_ankle",
        "left_heel",
        "right_heel",
        "left_foot",
        "right_foot"
      ],
      "skeleton": [
        [
          1,
          2
        ],
        [
          0,
          1
        ],
        [
          0,
          2
        ],
        [
          1,
          3
        ],
        [
          2,
          4
        ],
        [
          5,
          6
        ],
        [
          5,
          7
        ],
        [
          7,
          9
        ],
        [
          6,
          8
        ],
        [
          8,
          10
        ],
        [
          5,
          11
        ],
        [
          6,
          12
        ],
        [
          11,
          12
        ],
        [
          11,
          13
        ],
        [
          13,
          15
        ],
        [
          12,
          14
        ],
        [
          14,
          16
        ],
        [
          16,
          18
        ],
        [
          16,
          20
        ],
        [
          20,
          18
        ],
        [
          15,
          17
        ],
        [
          15,
          19
        ],
        [
          19,
          17
        ]
      ]
    }
  ],
  "images": [
    {
      "file_name": "000000001608.jpg",
      "height": 1200,
      "width": 1600,
      "id": 0
    }
  ],
  "annotations": [
    {
      "category_id": 1,
      "image_id": 0,
      "id": 0,
      "bbox": [
        762.5000000000001,
        170.55555555555554,
        408.33333333333314,
        370.0
      ],
      "area": 151083.33333333326,
      "keypoints": [
        1065.9722222222222,
        215.2777777777778,
        2,
        1088.1944444444443,
        202.77777777777777,
        2,
        1061.8055555555554,
        201.38888888888889,
        2,
        1122.9166666666667,
        219.44444444444446,
        2,
        1061.8055555555554,
        190.27777777777777,
        0,
        1136.8055555555554,
        298.61111111111114,
        2,
        1024.3055555555554,
        276.3888888888889,
        1,
        1132.638888888889,
        409.72222222222223,
        2,
        982.638888888889,
        384.72222222222223,
        2,
        1132.638888888889,
        509.72222222222223,
        2,
        970.138888888889,
        480.5555555555556,
        2,
        1056.25,
        436.11111111111114,
        2,
        1002.0833333333334,
        412.5,
        1,
        989.5833333333334,
        450.0,
        2,
        945.138888888889,
        476.3888888888889,
        1,
        910.4166666666667,
        413.8888888888889,
        2,
        857.6388888888889,
        413.8888888888889,
        1,
        875.6944444444446,
        440.27777777777777,
        2,
        825.6944444444446,
        461.1111111111111,
        2,
        856.2500000000001,
        375.0,
        1,
        796.5277777777778,
        383.3333333333333,
        1
      ],
      "num_keypoints": 20,
      "iscrowd": 0,
      "segmentation": []
    },
    {
      "category_id": 1,
      "image_id": 0,
      "id": 1,
      "bbox": [
        763.6872294372295,
        246.33333333333331,
        245.75324675324669,
        644.0
      ],
      "area": 158265.09090909085,
      "keypoints": [
        888.961038961039,
        318.1818181818182,
        2,
        899.3506493506493,
        300.0,
        2,
        874.6753246753246,
        305.1948051948052,
        2,
        892.8571428571428,
        307.79220779220776,
        0,
        842.2077922077922,
        316.8831168831169,
        2,
        900.6493506493506,
        389.6103896103896,
        0,
        843.5064935064935,
        392.2077922077922,
        1,
        916.2337662337662,
        471.42857142857144,
        0,
        918.8311688311688,
        379.2207792207792,
        1,
        960.3896103896103,
        472.7272727272727,
        0,
        988.961038961039,
        311.68831168831167,
        2,
        888.961038961039,
        583.1168831168831,
        2,
        850.0,
        601.2987012987013,
        2,
        879.2207792207791,
        679.2207792207791,
        1,
        840.2597402597402,
        694.8051948051948,
        1,
        850.8333333333335,
        781.6666666666667,
        2,
        817.5,
        810.0000000000001,
        2,
        829.1666666666667,
        801.6666666666667,
        1,
        784.1666666666667,
        821.6666666666667,
        2,
        877.5,
        796.6666666666667,
        2,
        820.8333333333335,
        836.6666666666667,
        2
      ],
      "num_keypoints": 17,
      "iscrowd": 0,
      "segmentation": []
    }
  ]
}