{
  "categories": [
    {
      "supercategory": "person",
      "id": 1,
      "name": "person",
      "keypoints": [
        "nose",
        "left_eye",
        "right_eye",
        "left_ear",
        "right_ear",
        "left_shoulder",
        "right_shoulder",
        "left_elbow",
        "right_elbow",
        "left_wrist",
        "right_wrist",
        "left_hip",
        "right_hip",
        "left_knee",
        "right_knee",
        "left_ankle",
        "right_ankle",
        "left_heel",
        "right_heel",
        "left_foot",
        "right_foot"
      ],
      "skeleton": [
        [
          1,
          2
        ],
        [
          0,
          1
        ],
        [
          0,
          2
        ],
        [
          1,
          3
        ],
        [
          2,
          4
        ],
        [
          5,
          6
        ],
        [
          5,
          7
        ],
        [
          7,
          9
        ],
        [
          6,
          8
        ],
        [
          8,
          10
        ],
        [
          5,
          11
        ],
        [
          6,
          12
        ],
        [
          11,
          12
        ],
        [
          11,
          13
        ],
        [
          13,
          15
        ],
        [
          12,
          14
        ],
        [
          14,
          16
        ],
        [
          16,
          18
        ],
        [
          16,
          20
        ],
        [
          20,
          18
        ],
        [
          15,
          17
        ],
        [
          15,
          19
        ],
        [
          19,
          17
        ]
      ]
    }
  ],
  "images": [
    {
      "file_name": "000000001066.jpg",
      "height": 1200,
      "width": 1600,
      "id": 0
    }
  ],
  "annotations": [
    {
      "category_id": 1,
      "image_id": 0,
      "id": 0,
      "bbox": [
        535.2551020408164,
        328.33138249447256,
        313.3024118738406,
        726.1178306671868
      ],
      "area": 227494.46765263058,
      "keypoints": [
        616.3043478260869,
        407.6086956521739,
        1,
        625.4416961130742,
        396.46643109540634,
        2,
        603.886925795053,
        392.9328621908127,
        2,
        672.9613733905579,
        388.84120171673817,
        2,
        650.0,
        387.7551020408163,
        0,
        730.6122448979593,
        427.55102040816325,
        2,
        622.4489795918367,
        441.8367346938776,
        2,
        822.4489795918369,
        496.9387755102041,
        2,
        775.5102040816328,
        519.3877551020408,
        1,
        820.4081632653061,
        543.8775510204082,
        2,
        800.0000000000001,
        568.3673469387755,
        2,
        701.2987012987013,
        649.3506493506493,
        2,
        614.9350649350649,
        632.4675324675325,
        2,
        611.038961038961,
        828.5714285714286,
        2,
        565.5844155844156,
        794.8051948051948,
        2,
        633.1168831168832,
        946.7532467532467,
        2,
        583.1168831168831,
        932.4675324675325,
        2,
        646.7532467532467,
        970.1298701298701,
        2,
        593.1818181818181,
        950.0,
        2,
        620.4545454545454,
        993.9393939393939,
        2,
        561.3636363636364,
        965.1515151515151,
        2
      ],
      "num_keypoints": 20,
      "iscrowd": 0,
      "segmentation": []
    },
    {
      "category_id": 1,
      "image_id": 0,
      "id": 1,
      "bbox": [
        707.9523172905525,
        283.76547987616095,
        178.101604278075,
        591.8730650154798
      ],
      "area": 105413.54240823834,
      "keypoints": [
        756.4935064935065,
        353.24675324675326,
        2,
        770.1298701298701,
        338.961038961039,
        2,
        749.2647058823529,
        337.5,
        2,
        793.3823529411765,
        341.9117647058823,
        2,
        730.8823529411765,
        333.0882352941176,
        2,
        824.9999999999999,
        397.0588235294117,
        2,
        722.7941176470588,
        401.4705882352941,
        2,
        871.2121212121212,
        486.3636363636364,
        2,
        736.3636363636364,
        513.6363636363636,
        1,
        864.0350877192982,
        571.9298245614035,
        2,
        735.9649122807017,
        556.140350877193,
        0,
        827.1929824561403,
        594.7368421052632,
        2,
        764.0350877192982,
        585.9649122807018,
        2,
        820.1754385964912,
        698.2456140350878,
        1,
        779.8245614035087,
        694.7368421052631,
        1,
        818.421052631579,
        791.2280701754386,
        2,
        786.8421052631579,
        756.140350877193,
        2,
        834.2105263157894,
        815.7894736842105,
        2,
        793.859649122807,
        778.9473684210526,
        2,
        811.4035087719299,
        826.3157894736842,
        2,
        769.2982456140351,
        792.9824561403509,
        2
      ],
      "num_keypoints": 20,
      "iscrowd": 0,
      "segmentation": []
    }
  ]
}