{
  "categories": [
    {
      "supercategory": "person",
      "id": 1,
      "name": "person",
      "keypoints": [
        "nose",
        "left_eye",
        "right_eye",
        "left_ear",
        "right_ear",
        "left_shoulder",
        "right_shoulder",
        "left_elbow",
        "right_elbow",
        "left_wrist",
        "right_wrist",
        "left_hip",
        "right_hip",
        "left_knee",
        "right_knee",
        "left_ankle",
        "right_ankle",
        "left_heel",
        "right_heel",
        "left_foot",
        "right_foot"
      ],
      "skeleton": [
        [
          1,
          2
        ],
        [
          0,
          1
        ],
        [
          0,
          2
        ],
        [
          1,
          3
        ],
        [
          2,
          4
        ],
        [
          5,
          6
        ],
        [
          5,
          7
        ],
        [
          7,
          9
        ],
        [
          6,
          8
        ],
        [
          8,
          10
        ],
        [
          5,
          11
        ],
        [
          6,
          12
        ],
        [
          11,
          12
        ],
        [
          11,
          13
        ],
        [
          13,
          15
        ],
        [
          12,
          14
        ],
        [
          14,
          16
        ],
        [
          16,
          18
        ],
        [
          16,
          20
        ],
        [
          20,
          18
        ],
        [
          15,
          17
        ],
        [
          15,
          19
        ],
        [
          19,
          17
        ]
      ]
    }
  ],
  "images": [
    {
      "file_name": "000000001960.jpg",
      "height": 1200,
      "width": 1600,
      "id": 0
    }
  ],
  "annotations": [
    {
      "category_id": 1,
      "image_id": 0,
      "id": 0,
      "bbox": [
        934.5833333333334,
        180.8910533910534,
        193.33333333333314,
        662.6406926406926
      ],
      "area": 128110.53391053378,
      "keypoints": [
        1016.0,
        251.0,
        2,
        1034.0277777777778,
        240.2777777777778,
        2,
        1006.2500000000001,
        236.11111111111111,
        2,
        1070.138888888889,
        238.88888888888889,
        2,
        999.3055555555555,
        245.83333333333334,
        0,
        1111.8055555555554,
        313.8888888888889,
        2,
        1002.0833333333334,
        302.77777777777777,
        2,
        1102.0833333333333,
        431.94444444444446,
        2,
        970.138888888889,
        408.33333333333337,
        1,
        1096.5277777777778,
        519.4444444444445,
        2,
        950.6944444444445,
        505.5555555555556,
        2,
        1064.5833333333333,
        531.9444444444445,
        2,
        1006.2500000000001,
        525.0,
        2,
        1072.9166666666667,
        652.7777777777778,
        2,
        1024.3055555555554,
        662.5,
        2,
        1085.4166666666667,
        741.6666666666667,
        2,
        1047.9166666666667,
        737.5,
        2,
        1092.857142857143,
        745.4545454545454,
        1,
        1062.987012987013,
        746.7532467532467,
        1,
        1082.4675324675325,
        788.3116883116883,
        2,
        1039.6103896103898,
        766.2337662337662,
        2
      ],
      "num_keypoints": 20,
      "iscrowd": 0,
      "segmentation": []
    },
    {
      "category_id": 1,
      "image_id": 0,
      "id": 1,
      "bbox": [
        792.8755411255412,
        274.40476190476187,
        195.4935064935064,
        618.831168831169
      ],
      "area": 120977.47512228029,
      "keypoints": [
        924.025974025974,
        337.6623376623377,
        2,
        933.1168831168831,
        328.57142857142856,
        2,
        913.6363636363636,
        325.97402597402595,
        2,
        899.3506493506493,
        329.87012987012986,
        0,
        872.077922077922,
        325.97402597402595,
        2,
        920.1298701298701,
        380.5194805194805,
        2,
        852.5974025974026,
        396.1038961038961,
        2,
        950.0,
        472.7272727272727,
        1,
        918.8311688311688,
        454.54545454545456,
        2,
        972.077922077922,
        442.85714285714283,
        1,
        968.1818181818181,
        379.2207792207792,
        2,
        922.7272727272727,
        589.6103896103896,
        2,
        888.961038961039,
        594.8051948051948,
        2,
        903.8961038961039,
        671.4285714285714,
        2,
        863.6363636363636,
        694.8051948051948,
        2,
        894.1666666666667,
        788.3333333333334,
        2,
        834.1666666666667,
        810.0000000000001,
        2,
        875.8333333333335,
        793.3333333333334,
        2,
        809.1666666666667,
        823.3333333333334,
        2,
        912.5,
        810.0000000000001,
        2,
        847.5,
        841.6666666666667,
        2
      ],
      "num_keypoints": 20,
      "iscrowd": 0,
      "segmentation": []
    }
  ]
}