{
  "categories": [
    {
      "supercategory": "person",
      "id": 1,
      "name": "person",
      "keypoints": [
        "nose",
        "left_eye",
        "right_eye",
        "left_ear",
        "right_ear",
        "left_shoulder",
        "right_shoulder",
        "left_elbow",
        "right_elbow",
        "left_wrist",
        "right_wrist",
        "left_hip",
        "right_hip",
        "left_knee",
        "right_knee",
        "left_ankle",
        "right_ankle",
        "left_heel",
        "right_heel",
        "left_foot",
        "right_foot"
      ],
      "skeleton": [
        [
          1,
          2
        ],
        [
          0,
          1
        ],
        [
          0,
          2
        ],
        [
          1,
          3
        ],
        [
          2,
          4
        ],
        [
          5,
          6
        ],
        [
          5,
          7
        ],
        [
          7,
          9
        ],
        [
          6,
          8
        ],
        [
          8,
          10
        ],
        [
          5,
          11
        ],
        [
          6,
          12
        ],
        [
          11,
          12
        ],
        [
          11,
          13
        ],
        [
          13,
          15
        ],
        [
          12,
          14
        ],
        [
          14,
          16
        ],
        [
          16,
          18
        ],
        [
          16,
          20
        ],
        [
          20,
          18
        ],
        [
          15,
          17
        ],
        [
          15,
          19
        ],
        [
          19,
          17
        ]
      ]
    }
  ],
  "images": [
    {
      "file_name": "000000000844.jpg",
      "height": 1200,
      "width": 1600,
      "id": 0
    }
  ],
  "annotations": [
    {
      "category_id": 1,
      "image_id": 0,
      "id": 0,
      "bbox": [
        924.3333333333333,
        309.7158997196108,
        268.0,
        628.0900544285007
      ],
      "area": 168328.1345868382,
      "keypoints": [
        993.8053097345131,
        394.69026548672565,
        2,
        1010.9929078014185,
        379.4326241134752,
        2,
        986.5248226950355,
        374.82269503546104,
        2,
        1051.063829787234,
        362.0567375886525,
        2,
        991.9047619047618,
        363.8095238095238,
        0,
        1111.4285714285713,
        408.0952380952381,
        2,
        974.7619047619047,
        390.95238095238096,
        2,
        1170.0,
        454.2857142857143,
        2,
        964.2857142857142,
        439.5238095238095,
        2,
        1118.095238095238,
        512.8571428571429,
        2,
        946.6666666666666,
        488.0952380952381,
        2,
        1090.952380952381,
        607.6190476190476,
        2,
        1003.8461538461538,
        597.4358974358975,
        1,
        1047.4358974358975,
        758.974358974359,
        2,
        996.1538461538462,
        747.4358974358975,
        2,
        1093.5897435897434,
        843.5897435897435,
        2,
        1033.3333333333333,
        823.0769230769231,
        2,
        1105.8139534883721,
        860.4651162790698,
        2,
        1047.6744186046512,
        829.6511627906976,
        2,
        1072.093023255814,
        885.4651162790698,
        2,
        1008.7209302325582,
        852.3255813953489,
        2
      ],
      "num_keypoints": 20,
      "iscrowd": 0,
      "segmentation": []
    },
    {
      "category_id": 1,
      "image_id": 0,
      "id": 1,
      "bbox": [
        743.9775461106655,
        290.73275862068965,
        186.06255012028885,
        633.6206896551724
      ],
      "area": 117893.0813262175,
      "keypoints": [
        843.5344827586206,
        356.89655172413796,
        2,
        846.9827586206897,
        345.68965517241384,
        2,
        833.1896551724137,
        346.12068965517244,
        2,
        821.1206896551723,
        340.08620689655174,
        0,
        789.2241379310344,
        343.5344827586207,
        2,
        843.6046511627907,
        400.0,
        2,
        784.8837209302326,
        422.09302325581393,
        2,
        902.9069767441861,
        466.27906976744185,
        1,
        838.953488372093,
        517.4418604651163,
        2,
        962.7906976744187,
        424.4186046511628,
        0,
        914.5348837209302,
        475.5813953488372,
        2,
        857.6923076923076,
        597.4358974358975,
        2,
        805.1282051282051,
        603.8461538461538,
        2,
        842.3076923076922,
        714.1025641025641,
        2,
        785.8974358974358,
        730.7692307692307,
        2,
        831.0344827586206,
        809.4827586206898,
        2,
        774.1379310344827,
        837.9310344827587,
        2,
        825.0,
        820.6896551724138,
        2,
        759.4827586206895,
        855.1724137931035,
        2,
        861.2068965517241,
        828.4482758620691,
        2,
        780.1724137931034,
        871.551724137931,
        2
      ],
      "num_keypoints": 19,
      "iscrowd": 0,
      "segmentation": []
    }
  ]
}