{
  "categories": [
    {
      "supercategory": "person",
      "id": 1,
      "name": "person",
      "keypoints": [
        "nose",
        "left_eye",
        "right_eye",
        "left_ear",
        "right_ear",
        "left_shoulder",
        "right_shoulder",
        "left_elbow",
        "right_elbow",
        "left_wrist",
        "right_wrist",
        "left_hip",
        "right_hip",
        "left_knee",
        "right_knee",
        "left_ankle",
        "right_ankle",
        "left_heel",
        "right_heel",
        "left_foot",
        "right_foot"
      ],
      "skeleton": [
        [
          1,
          2
        ],
        [
          0,
          1
        ],
        [
          0,
          2
        ],
        [
          1,
          3
        ],
        [
          2,
          4
        ],
        [
          5,
          6
        ],
        [
          5,
          7
        ],
        [
          7,
          9
        ],
        [
          6,
          8
        ],
        [
          8,
          10
        ],
        [
          5,
          11
        ],
        [
          6,
          12
        ],
        [
          11,
          12
        ],
        [
          11,
          13
        ],
        [
          13,
          15
        ],
        [
          12,
          14
        ],
        [
          14,
          16
        ],
        [
          16,
          18
        ],
        [
          16,
          20
        ],
        [
          20,
          18
        ],
        [
          15,
          17
        ],
        [
          15,
          19
        ],
        [
          19,
          17
        ]
      ]
    }
  ],
  "images": [
    {
      "file_name": "000000000015.jpg",
      "height": 1200,
      "width": 1600,
      "id": 0
    }
  ],
  "annotations": [
    {
      "category_id": 1,
      "image_id": 0,
      "id": 0,
      "bbox": [
        886.3199999999999,
        168.81699115044245,
        192.96000000000004,
        703.3996460176991
      ],
      "area": 135727.99569557523,
      "keypoints": [
        977.1739130434783,
        236.95652173913044,
        2,
        994.6902654867256,
        227.43362831858406,
        2,
        968.1415929203539,
        228.31858407079645,
        2,
        1025.6637168141592,
        232.74336283185838,
        2,
        964.0,
        242.4,
        1,
        1060.8,
        298.4,
        2,
        926.4,
        304.0,
        2,
        1063.2,
        419.2,
        2,
        920.0,
        412.8,
        2,
        1056.0,
        516.0,
        2,
        902.4,
        495.2,
        2,
        1023.7704918032787,
        504.91803278688525,
        2,
        959.29203539823,
        493.80530973451323,
        2,
        998.2300884955752,
        644.2477876106194,
        2,
        946.9026548672565,
        635.3982300884956,
        2,
        982.3008849557522,
        746.0176991150441,
        2,
        929.2035398230088,
        735.3982300884956,
        2,
        990.4,
        792.8,
        2,
        944.8,
        784.0,
        1,
        954.4,
        813.6,
        2,
        910.8695652173913,
        810.1449275362318,
        2
      ],
      "num_keypoints": 21,
      "iscrowd": 0,
      "segmentation": []
    },
    {
      "category_id": 1,
      "image_id": 0,
      "id": 1,
      "bbox": [
        707.4914285714286,
        321.24316939890707,
        167.24571428571414,
        604.0983606557378
      ],
      "area": 101032.86182669782,
      "keypoints": [
        801.7699115044247,
        380.5309734513274,
        2,
        804.9180327868852,
        370.21857923497265,
        0,
        793.7158469945355,
        371.5846994535519,
        2,
        784.9726775956284,
        366.9398907103825,
        0,
        756.8306010928961,
        373.4972677595628,
        2,
        807.079646017699,
        426.54867256637164,
        1,
        747.787610619469,
        441.59292035398227,
        2,
        860.8,
        476.0,
        1,
        796.0,
        512.8,
        2,
        907.2,
        449.6,
        0,
        845.6,
        447.2,
        2,
        819.6078431372549,
        619.6078431372549,
        1,
        789.2156862745098,
        626.4705882352941,
        2,
        813.2530120481927,
        746.9879518072288,
        1,
        780.722891566265,
        753.012048192771,
        2,
        774.5098039215686,
        832.3529411764706,
        2,
        738.0434782608695,
        841.3043478260869,
        2,
        756.8,
        848.8,
        0,
        721.4285714285714,
        852.9761904761905,
        2,
        805.952380952381,
        855.952380952381,
        2,
        758.3333333333334,
        875.0,
        2
      ],
      "num_keypoints": 17,
      "iscrowd": 0,
      "segmentation": []
    }
  ]
}