{
  "categories": [
    {
      "supercategory": "person",
      "id": 1,
      "name": "person",
      "keypoints": [
        "nose",
        "left_eye",
        "right_eye",
        "left_ear",
        "right_ear",
        "left_shoulder",
        "right_shoulder",
        "left_elbow",
        "right_elbow",
        "left_wrist",
        "right_wrist",
        "left_hip",
        "right_hip",
        "left_knee",
        "right_knee",
        "left_ankle",
        "right_ankle",
        "left_heel",
        "right_heel",
        "left_foot",
        "right_foot"
      ],
      "skeleton": [
        [
          1,
          2
        ],
        [
          0,
          1
        ],
        [
          0,
          2
        ],
        [
          1,
          3
        ],
        [
          2,
          4
        ],
        [
          5,
          6
        ],
        [
          5,
          7
        ],
        [
          7,
          9
        ],
        [
          6,
          8
        ],
        [
          8,
          10
        ],
        [
          5,
          11
        ],
        [
          6,
          12
        ],
        [
          11,
          12
        ],
        [
          11,
          13
        ],
        [
          13,
          15
        ],
        [
          12,
          14
        ],
        [
          14,
          16
        ],
        [
          16,
          18
        ],
        [
          16,
          20
        ],
        [
          20,
          18
        ],
        [
          15,
          17
        ],
        [
          15,
          19
        ],
        [
          19,
          17
        ]
      ]
    }
  ],
  "images": [
    {
      "file_name": "000000001837.jpg",
      "height": 1200,
      "width": 1600,
      "id": 0
    }
  ],
  "annotations": [
    {
      "category_id": 1,
      "image_id": 0,
      "id": 0,
      "bbox": [
        824.1170634920635,
        253.28463203463207,
        263.8419913419913,
        610.5844155844155
      ],
      "area": 161097.80809017815,
      "keypoints": [
        954.8611111111112,
        316.6666666666667,
        2,
        970.138888888889,
        305.55555555555554,
        2,
        949.3055555555555,
        304.1666666666667,
        2,
        1002.0833333333334,
        305.55555555555554,
        1,
        938.1944444444445,
        298.61111111111114,
        0,
        1052.0833333333333,
        365.27777777777777,
        2,
        943.7500000000001,
        358.33333333333337,
        2,
        1065.9722222222222,
        465.27777777777777,
        2,
        913.1944444444446,
        454.1666666666667,
        2,
        1064.5833333333333,
        545.8333333333334,
        2,
        903.4722222222223,
        526.3888888888889,
        2,
        986.8055555555555,
        554.1666666666667,
        2,
        940.9722222222223,
        516.6666666666667,
        2,
        953.4722222222223,
        670.8333333333334,
        2,
        904.8611111111112,
        645.8333333333334,
        1,
        921.5277777777779,
        772.2222222222223,
        2,
        870.1388888888889,
        744.4444444444445,
        2,
        926.6233766233765,
        810.3896103896104,
        2,
        883.7662337662338,
        788.3116883116883,
        2,
        904.5454545454545,
        812.9870129870129,
        2,
        846.1038961038961,
        789.6103896103896,
        2
      ],
      "num_keypoints": 20,
      "iscrowd": 0,
      "segmentation": []
    },
    {
      "category_id": 1,
      "image_id": 0,
      "id": 1,
      "bbox": [
        758.8906926406927,
        309.2380952380952,
        143.31168831168827,
        637.1948051948053
      ],
      "area": 91317.46331590487,
      "keypoints": [
        839.6103896103896,
        380.5194805194805,
        2,
        846.1038961038961,
        361.038961038961,
        0,
        830.5194805194805,
        362.3376623376623,
        2,
        814.9350649350649,
        368.83116883116884,
        2,
        796.7532467532467,
        366.23376623376623,
        2,
        826.6233766233765,
        427.27272727272725,
        2,
        788.961038961039,
        458.4415584415584,
        2,
        877.2727272727273,
        472.7272727272727,
        2,
        822.7272727272727,
        544.1558441558442,
        2,
        947.4025974025974,
        459.7402597402597,
        0,
        890.2597402597403,
        502.5974025974026,
        2,
        837.012987012987,
        615.5844155844155,
        1,
        801.9480519480519,
        624.6753246753246,
        2,
        833.7662337662338,
        725.974025974026,
        0,
        798.7012987012987,
        745.4545454545454,
        2,
        807.5,
        840.0000000000001,
        1,
        787.5,
        866.6666666666667,
        2,
        799.1666666666667,
        851.6666666666667,
        1,
        770.8333333333334,
        876.6666666666667,
        2,
        839.1666666666667,
        863.3333333333334,
        2,
        814.1666666666667,
        893.3333333333334,
        2
      ],
      "num_keypoints": 18,
      "iscrowd": 0,
      "segmentation": []
    }
  ]
}