{
  "categories": [
    {
      "supercategory": "person",
      "id": 1,
      "name": "person",
      "keypoints": [
        "nose",
        "left_eye",
        "right_eye",
        "left_ear",
        "right_ear",
        "left_shoulder",
        "right_shoulder",
        "left_elbow",
        "right_elbow",
        "left_wrist",
        "right_wrist",
        "left_hip",
        "right_hip",
        "left_knee",
        "right_knee",
        "left_ankle",
        "right_ankle",
        "left_heel",
        "right_heel",
        "left_foot",
        "right_foot"
      ],
      "skeleton": [
        [
          1,
          2
        ],
        [
          0,
          1
        ],
        [
          0,
          2
        ],
        [
          1,
          3
        ],
        [
          2,
          4
        ],
        [
          5,
          6
        ],
        [
          5,
          7
        ],
        [
          7,
          9
        ],
        [
          6,
          8
        ],
        [
          8,
          10
        ],
        [
          5,
          11
        ],
        [
          6,
          12
        ],
        [
          11,
          12
        ],
        [
          11,
          13
        ],
        [
          13,
          15
        ],
        [
          12,
          14
        ],
        [
          14,
          16
        ],
        [
          16,
          18
        ],
        [
          16,
          20
        ],
        [
          20,
          18
        ],
        [
          15,
          17
        ],
        [
          15,
          19
        ],
        [
          19,
          17
        ]
      ]
    }
  ],
  "images": [
    {
      "file_name": "000000000526.jpg",
      "height": 1200,
      "width": 1600,
      "id": 0
    }
  ],
  "annotations": [
    {
      "category_id": 1,
      "image_id": 0,
      "id": 0,
      "bbox": [
        828.4302325581396,
        267.6744186046512,
        307.67441860465124,
        325.11627906976736
      ],
      "area": 100029.96214169821,
      "keypoints": [
        867.391304347826,
        321.73913043478257,
        2,
        881.9767441860465,
        308.13953488372096,
        2,
        854.0697674418604,
        305.2325581395349,
        2,
        922.6744186046511,
        294.7674418604651,
        2,
        852.3584905660377,
        292.45283018867923,
        0,
        1005.6603773584906,
        349.05660377358487,
        2,
        857.0754716981131,
        344.33962264150944,
        2,
        1041.0377358490566,
        425.47169811320754,
        2,
        878.3018867924528,
        411.3207547169811,
        1,
        1046.2264150943395,
        535.377358490566,
        2,
        877.3584905660377,
        508.49056603773585,
        2,
        1052.3584905660377,
        483.01886792452825,
        1,
        946.9827586206897,
        482.32758620689657,
        2,
        1064.2241379310346,
        524.1379310344828,
        2,
        1012.0689655172413,
        523.2758620689656,
        0,
        1097.4358974358975,
        534.6153846153846,
        1,
        1076.923076923077,
        516.6666666666666,
        0,
        1107.5581395348838,
        518.6046511627907,
        1,
        1086.046511627907,
        497.6744186046512,
        2,
        1110.46511627907,
        565.6976744186046,
        2,
        1084.8837209302326,
        545.3488372093024,
        0
      ],
      "num_keypoints": 17,
      "iscrowd": 0,
      "segmentation": []
    },
    {
      "category_id": 1,
      "image_id": 0,
      "id": 1,
      "bbox": [
        651.655614500442,
        318.7635467980295,
        238.75331564986743,
        649.1231527093598
      ],
      "area": 154980.3049744549,
      "keypoints": [
        760.0,
        386.19047619047615,
        2,
        757.6190476190476,
        372.85714285714283,
        1,
        753.3333333333333,
        380.95238095238096,
        2,
        731.9047619047619,
        375.23809523809524,
        0,
        717.6190476190476,
        384.76190476190476,
        2,
        741.4285714285714,
        428.57142857142856,
        2,
        716.025641025641,
        464.1025641025641,
        2,
        805.1282051282051,
        470.5128205128205,
        2,
        818.5897435897435,
        497.4358974358974,
        2,
        862.1794871794872,
        468.5897435897436,
        1,
        870.5128205128204,
        416.025641025641,
        2,
        746.1538461538461,
        612.1794871794872,
        0,
        732.051282051282,
        624.3589743589744,
        2,
        716.6666666666666,
        744.8717948717948,
        0,
        764.1025641025641,
        773.0769230769231,
        2,
        680.7692307692307,
        832.051282051282,
        1,
        724.1379310344827,
        892.2413793103449,
        2,
        671.5517241379309,
        859.4827586206898,
        1,
        712.9310344827586,
        912.0689655172414,
        1,
        713.7931034482758,
        850.8620689655173,
        0,
        745.6896551724137,
        913.7931034482759,
        2
      ],
      "num_keypoints": 17,
      "iscrowd": 0,
      "segmentation": []
    }
  ]
}