{
  "categories": [
    {
      "supercategory": "person",
      "id": 1,
      "name": "person",
      "keypoints": [
        "nose",
        "left_eye",
        "right_eye",
        "left_ear",
        "right_ear",
        "left_shoulder",
        "right_shoulder",
        "left_elbow",
        "right_elbow",
        "left_wrist",
        "right_wrist",
        "left_hip",
        "right_hip",
        "left_knee",
        "right_knee",
        "left_ankle",
        "right_ankle",
        "left_heel",
        "right_heel",
        "left_foot",
        "right_foot"
      ],
      "skeleton": [
        [
          1,
          2
        ],
        [
          0,
          1
        ],
        [
          0,
          2
        ],
        [
          1,
          3
        ],
        [
          2,
          4
        ],
        [
          5,
          6
        ],
        [
          5,
          7
        ],
        [
          7,
          9
        ],
        [
          6,
          8
        ],
        [
          8,
          10
        ],
        [
          5,
          11
        ],
        [
          6,
          12
        ],
        [
          11,
          12
        ],
        [
          11,
          13
        ],
        [
          13,
          15
        ],
        [
          12,
          14
        ],
        [
          14,
          16
        ],
        [
          16,
          18
        ],
        [
          16,
          20
        ],
        [
          20,
          18
        ],
        [
          15,
          17
        ],
        [
          15,
          19
        ],
        [
          19,
          17
        ]
      ]
    }
  ],
  "images": [
    {
      "file_name": "000000001272.jpg",
      "height": 1200,
      "width": 1600,
      "id": 0
    }
  ],
  "annotations": [
    {
      "category_id": 1,
      "image_id": 0,
      "id": 0,
      "bbox": [
        966.5891156462585,
        295.1267871594281,
        296.93061224489793,
        585.4815214459131
      ],
      "area": 173847.38662100933,
      "keypoints": [
        1109.782608695652,
        354.3478260869565,
        2,
        1121.7320261437908,
        346.24183006535947,
        2,
        1104.005934718101,
        343.9169139465875,
        2,
        1148.5163204747773,
        347.0326409495549,
        2,
        1098.888888888889,
        348.3333333333333,
        0,
        1169.387755102041,
        392.8571428571429,
        2,
        1081.6326530612246,
        388.77551020408157,
        2,
        1204.0816326530612,
        462.2448979591836,
        2,
        1038.7755102040817,
        443.8775510204082,
        2,
        1238.7755102040817,
        509.1836734693877,
        2,
        991.3333333333334,
        481.3333333333333,
        2,
        1155.1948051948052,
        590.9090909090909,
        2,
        1056.4935064935066,
        576.6233766233767,
        1,
        1131.818181818182,
        676.6233766233767,
        2,
        1044.8051948051948,
        683.1168831168831,
        2,
        1135.7142857142858,
        749.3506493506493,
        2,
        1036.3636363636363,
        788.3116883116883,
        2,
        1140.151515151515,
        781.8181818181818,
        1,
        1032.5757575757575,
        831.8181818181818,
        2,
        1120.4545454545455,
        793.9393939393939,
        2,
        1008.3333333333334,
        819.6969696969696,
        2
      ],
      "num_keypoints": 20,
      "iscrowd": 0,
      "segmentation": []
    },
    {
      "category_id": 1,
      "image_id": 0,
      "id": 1,
      "bbox": [
        655.2551495016611,
        277.00000000000006,
        138.2671096345515,
        676.0
      ],
      "area": 93468.56611295682,
      "keypoints": [
        743.5064935064935,
        348.05194805194805,
        2,
        747.7272727272726,
        333.33333333333337,
        1,
        729.2349726775956,
        337.9781420765027,
        2,
        709.3023255813953,
        319.60132890365446,
        0,
        692.0245398773005,
        340.28629856850716,
        2,
        749.0797546012269,
        393.86503067484665,
        2,
        666.7774086378737,
        421.59468438538204,
        2,
        780.3030303030303,
        518.1818181818181,
        1,
        669.6969696969697,
        546.969696969697,
        2,
        782.0,
        616.6666666666666,
        1,
        708.6666666666666,
        651.3333333333334,
        2,
        754.0,
        600.6666666666666,
        2,
        711.3333333333333,
        618.0,
        2,
        755.3333333333333,
        740.6666666666666,
        2,
        730.0,
        751.3333333333334,
        2,
        722.0,
        842.0,
        1,
        702.0,
        851.3333333333334,
        2,
        699.3333333333333,
        874.0,
        1,
        670.0,
        882.0,
        2,
        766.0,
        884.6666666666666,
        2,
        743.3333333333333,
        896.6666666666666,
        2
      ],
      "num_keypoints": 20,
      "iscrowd": 0,
      "segmentation": []
    }
  ]
}