{
  "categories": [
    {
      "supercategory": "person",
      "id": 1,
      "name": "person",
      "keypoints": [
        "nose",
        "left_eye",
        "right_eye",
        "left_ear",
        "right_ear",
        "left_shoulder",
        "right_shoulder",
        "left_elbow",
        "right_elbow",
        "left_wrist",
        "right_wrist",
        "left_hip",
        "right_hip",
        "left_knee",
        "right_knee",
        "left_ankle",
        "right_ankle",
        "left_heel",
        "right_heel",
        "left_foot",
        "right_foot"
      ],
      "skeleton": [
        [
          1,
          2
        ],
        [
          0,
          1
        ],
        [
          0,
          2
        ],
        [
          1,
          3
        ],
        [
          2,
          4
        ],
        [
          5,
          6
        ],
        [
          5,
          7
        ],
        [
          7,
          9
        ],
        [
          6,
          8
        ],
        [
          8,
          10
        ],
        [
          5,
          11
        ],
        [
          6,
          12
        ],
        [
          11,
          12
        ],
        [
          11,
          13
        ],
        [
          13,
          15
        ],
        [
          12,
          14
        ],
        [
          14,
          16
        ],
        [
          16,
          18
        ],
        [
          16,
          20
        ],
        [
          20,
          18
        ],
        [
          15,
          17
        ],
        [
          15,
          19
        ],
        [
          19,
          17
        ]
      ]
    }
  ],
  "images": [
    {
      "file_name": "000000000922.jpg",
      "height": 1200,
      "width": 1600,
      "id": 0
    }
  ],
  "annotations": [
    {
      "category_id": 1,
      "image_id": 0,
      "id": 0,
      "bbox": [
        463.90476190476187,
        200.24358974358972,
        387.4285714285715,
        757.076923076923
      ],
      "area": 293313.2307692308,
      "keypoints": [
        622.1311475409835,
        377.04918032786884,
        2,
        641.578947368421,
        361.05263157894734,
        2,
        618.421052631579,
        364.7368421052631,
        2,
        662.1052631578947,
        359.4736842105263,
        2,
        604.2857142857142,
        359.04761904761904,
        1,
        701.9047619047619,
        399.5238095238095,
        2,
        600.4761904761905,
        389.04761904761904,
        2,
        748.0952380952381,
        388.57142857142856,
        2,
        542.8571428571429,
        347.6190476190476,
        2,
        819.047619047619,
        302.38095238095235,
        2,
        496.19047619047615,
        263.3333333333333,
        2,
        694.7619047619047,
        618.0952380952381,
        2,
        612.8205128205127,
        603.8461538461538,
        1,
        692.3076923076923,
        769.2307692307692,
        1,
        647.4358974358973,
        771.7948717948718,
        2,
        730.7692307692307,
        848.7179487179487,
        2,
        685.8974358974358,
        858.974358974359,
        1,
        745.5128205128204,
        863.4615384615385,
        2,
        705.1282051282051,
        867.9487179487179,
        1,
        723.7179487179487,
        893.5897435897435,
        2,
        673.0769230769231,
        894.2307692307692,
        1
      ],
      "num_keypoints": 21,
      "iscrowd": 0,
      "segmentation": []
    },
    {
      "category_id": 1,
      "image_id": 0,
      "id": 1,
      "bbox": [
        712.1153846153846,
        316.5736607142857,
        146.9230769230768,
        572.5446428571429
      ],
      "area": 84120.02060439554,
      "keypoints": [
        810.4761904761905,
        375.7142857142857,
        2,
        816.6666666666666,
        364.2857142857143,
        2,
        799.047619047619,
        364.2857142857143,
        1,
        808.0952380952381,
        361.90476190476187,
        0,
        768.0952380952381,
        367.1428571428571,
        1,
        831.4102564102564,
        426.9230769230769,
        2,
        738.4615384615385,
        428.2051282051282,
        1,
        842.3076923076923,
        519.2307692307692,
        2,
        724.3589743589744,
        522.4358974358975,
        2,
        846.7948717948717,
        594.2307692307692,
        2,
        735.2564102564103,
        614.7435897435897,
        2,
        820.5128205128204,
        573.0769230769231,
        2,
        775.6410256410255,
        587.1794871794872,
        2,
        811.5384615384614,
        693.5897435897435,
        2,
        770.5128205128204,
        711.5384615384615,
        2,
        799.21875,
        809.375,
        2,
        764.84375,
        813.28125,
        2,
        785.15625,
        825.78125,
        1,
        745.3125,
        825.0,
        1,
        803.90625,
        825.78125,
        2,
        766.40625,
        841.40625,
        2
      ],
      "num_keypoints": 20,
      "iscrowd": 0,
      "segmentation": []
    }
  ]
}