{
  "categories": [
    {
      "supercategory": "person",
      "id": 1,
      "name": "person",
      "keypoints": [
        "nose",
        "left_eye",
        "right_eye",
        "left_ear",
        "right_ear",
        "left_shoulder",
        "right_shoulder",
        "left_elbow",
        "right_elbow",
        "left_wrist",
        "right_wrist",
        "left_hip",
        "right_hip",
        "left_knee",
        "right_knee",
        "left_ankle",
        "right_ankle",
        "left_heel",
        "right_heel",
        "left_foot",
        "right_foot"
      ],
      "skeleton": [
        [
          1,
          2
        ],
        [
          0,
          1
        ],
        [
          0,
          2
        ],
        [
          1,
          3
        ],
        [
          2,
          4
        ],
        [
          5,
          6
        ],
        [
          5,
          7
        ],
        [
          7,
          9
        ],
        [
          6,
          8
        ],
        [
          8,
          10
        ],
        [
          5,
          11
        ],
        [
          6,
          12
        ],
        [
          11,
          12
        ],
        [
          11,
          13
        ],
        [
          13,
          15
        ],
        [
          12,
          14
        ],
        [
          14,
          16
        ],
        [
          16,
          18
        ],
        [
          16,
          20
        ],
        [
          20,
          18
        ],
        [
          15,
          17
        ],
        [
          15,
          19
        ],
        [
          19,
          17
        ]
      ]
    }
  ],
  "images": [
    {
      "file_name": "000000000045.jpg",
      "height": 1200,
      "width": 1600,
      "id": 0
    }
  ],
  "annotations": [
    {
      "category_id": 1,
      "image_id": 0,
      "id": 0,
      "bbox": [
        839.2920353982299,
        238.03282182438195,
        356.81415929203536,
        308.3120204603581
      ],
      "area": 110010.09438019148,
      "keypoints": [
        877.8688524590164,
        281.9672131147541,
        2,
        890.2654867256637,
        266.3716814159292,
        2,
        869.0265486725663,
        269.91150442477874,
        2,
        935.2941176470588,
        263.72549019607845,
        2,
        867.8571428571429,
        254.76190476190476,
        0,
        1011.3095238095239,
        332.14285714285717,
        2,
        870.2380952380953,
        330.3571428571429,
        2,
        1031.5217391304348,
        433.695652173913,
        2,
        895.6521739130434,
        425.0,
        0,
        1051.086956521739,
        520.6521739130435,
        2,
        895.6521739130434,
        497.8260869565217,
        2,
        1059.8360655737704,
        393.44262295081967,
        1,
        1033.606557377049,
        368.8524590163934,
        0,
        1101.7699115044247,
        392.03539823008845,
        1,
        1054.054054054054,
        366.48648648648646,
        2,
        1141.1764705882354,
        351.96078431372547,
        2,
        1079.4117647058824,
        342.156862745098,
        2,
        1140.7079646017698,
        326.54867256637164,
        2,
        1105.3097345132742,
        318.58407079646014,
        2,
        1166.371681415929,
        368.14159292035396,
        2,
        1117.6991150442477,
        347.787610619469,
        1
      ],
      "num_keypoints": 18,
      "iscrowd": 0,
      "segmentation": []
    },
    {
      "category_id": 1,
      "image_id": 0,
      "id": 1,
      "bbox": [
        698.479597244303,
        324.0204204204204,
        167.43402225755176,
        597.0882882882884
      ],
      "area": 99972.89375098476,
      "keypoints": [
        785.8407079646017,
        388.4955752212389,
        1,
        785.7777777777778,
        377.3333333333333,
        0,
        776.4444444444445,
        376.44444444444446,
        2,
        775.1111111111111,
        368.8888888888889,
        0,
        743.5555555555555,
        373.77777777777777,
        2,
        797.3451327433628,
        423.8938053097345,
        1,
        712.4324324324324,
        436.7567567567567,
        2,
        851.9607843137255,
        452.94117647058823,
        1,
        757.843137254902,
        478.4313725490196,
        2,
        876.4705882352941,
        409.80392156862746,
        0,
        836.2745098039215,
        425.4901960784314,
        2,
        799.1150442477875,
        613.2743362831858,
        2,
        760.1769911504424,
        610.6194690265486,
        2,
        796.4601769911503,
        734.5132743362831,
        2,
        752.2123893805309,
        746.0176991150441,
        2,
        773.9130434782608,
        822.463768115942,
        2,
        737.3493975903614,
        836.144578313253,
        2,
        761.4457831325301,
        846.9879518072288,
        1,
        724.3243243243243,
        861.081081081081,
        2,
        800.0,
        850.2702702702702,
        2,
        756.7567567567568,
        871.3513513513514,
        2
      ],
      "num_keypoints": 18,
      "iscrowd": 0,
      "segmentation": []
    }
  ]
}