{
  "categories": [
    {
      "supercategory": "person",
      "id": 1,
      "name": "person",
      "keypoints": [
        "nose",
        "left_eye",
        "right_eye",
        "left_ear",
        "right_ear",
        "left_shoulder",
        "right_shoulder",
        "left_elbow",
        "right_elbow",
        "left_wrist",
        "right_wrist",
        "left_hip",
        "right_hip",
        "left_knee",
        "right_knee",
        "left_ankle",
        "right_ankle",
        "left_heel",
        "right_heel",
        "left_foot",
        "right_foot"
      ],
      "skeleton": [
        [
          1,
          2
        ],
        [
          0,
          1
        ],
        [
          0,
          2
        ],
        [
          1,
          3
        ],
        [
          2,
          4
        ],
        [
          5,
          6
        ],
        [
          5,
          7
        ],
        [
          7,
          9
        ],
        [
          6,
          8
        ],
        [
          8,
          10
        ],
        [
          5,
          11
        ],
        [
          6,
          12
        ],
        [
          11,
          12
        ],
        [
          11,
          13
        ],
        [
          13,
          15
        ],
        [
          12,
          14
        ],
        [
          14,
          16
        ],
        [
          16,
          18
        ],
        [
          16,
          20
        ],
        [
          20,
          18
        ],
        [
          15,
          17
        ],
        [
          15,
          19
        ],
        [
          19,
          17
        ]
      ]
    }
  ],
  "images": [
    {
      "file_name": "000000000256.jpg",
      "height": 1200,
      "width": 1600,
      "id": 0
    }
  ],
  "annotations": [
    {
      "category_id": 1,
      "image_id": 0,
      "id": 0,
      "bbox": [
        365.7608695652174,
        291.52173913043475,
        345.6521739130435,
        766.9565217391303
      ],
      "area": 265100.18903591676,
      "keypoints": [
        520.4918032786885,
        447.5409836065574,
        2,
        538.2352941176471,
        433.8235294117647,
        2,
        516.6666666666666,
        434.80392156862746,
        2,
        565.6862745098039,
        447.05882352941177,
        2,
        509.18918918918916,
        446.48648648648646,
        0,
        584.8648648648648,
        497.2972972972973,
        2,
        498.9130434782609,
        481.52173913043475,
        2,
        630.4347826086956,
        441.30434782608694,
        2,
        436.95652173913044,
        427.17391304347825,
        0,
        682.6086956521739,
        366.30434782608694,
        2,
        394.5652173913043,
        355.4347826086956,
        1,
        568.4782608695652,
        702.1739130434783,
        2,
        508.695652173913,
        705.4347826086956,
        2,
        572.9508196721312,
        859.016393442623,
        1,
        520.4918032786885,
        847.5409836065573,
        2,
        589.1304347826086,
        941.3043478260869,
        2,
        548.9130434782609,
        933.695652173913,
        2,
        613.0434782608695,
        975.0,
        2,
        565.2173913043478,
        960.8695652173913,
        2,
        571.7391304347826,
        994.5652173913043,
        2,
        521.5686274509803,
        981.3725490196078,
        2
      ],
      "num_keypoints": 19,
      "iscrowd": 0,
      "segmentation": []
    },
    {
      "category_id": 1,
      "image_id": 0,
      "id": 1,
      "bbox": [
        685.2414390150057,
        298.39285714285717,
        124.00538668718752,
        597.8571428571429
      ],
      "area": 74137.50618369711,
      "keypoints": [
        734.5132743362831,
        359.29203539823004,
        2,
        748.8095238095239,
        348.2142857142857,
        2,
        727.9761904761905,
        349.4047619047619,
        2,
        761.9047619047619,
        358.92857142857144,
        2,
        711.3095238095239,
        360.11904761904765,
        1,
        787.6106194690265,
        412.3893805309734,
        2,
        695.575221238938,
        414.1592920353982,
        2,
        798.9130434782609,
        508.695652173913,
        2,
        681.5217391304348,
        520.6521739130435,
        0,
        761.9565217391304,
        482.6086956521739,
        2,
        720.6521739130435,
        478.2608695652174,
        2,
        775.0,
        604.3478260869565,
        2,
        713.9344262295082,
        600.0,
        1,
        775.9036144578313,
        706.0240963855421,
        1,
        728.9156626506024,
        721.6867469879518,
        1,
        776.1061946902654,
        793.8053097345132,
        2,
        727.4336283185839,
        812.3893805309733,
        2,
        764.8809523809524,
        809.5238095238095,
        1,
        736.9047619047619,
        829.1666666666667,
        1,
        792.8571428571429,
        822.6190476190477,
        2,
        718.452380952381,
        846.4285714285714,
        2
      ],
      "num_keypoints": 20,
      "iscrowd": 0,
      "segmentation": []
    }
  ]
}