{
  "categories": [
    {
      "supercategory": "person",
      "id": 1,
      "name": "person",
      "keypoints": [
        "nose",
        "left_eye",
        "right_eye",
        "left_ear",
        "right_ear",
        "left_shoulder",
        "right_shoulder",
        "left_elbow",
        "right_elbow",
        "left_wrist",
        "right_wrist",
        "left_hip",
        "right_hip",
        "left_knee",
        "right_knee",
        "left_ankle",
        "right_ankle",
        "left_heel",
        "right_heel",
        "left_foot",
        "right_foot"
      ],
      "skeleton": [
        [
          1,
          2
        ],
        [
          0,
          1
        ],
        [
          0,
          2
        ],
        [
          1,
          3
        ],
        [
          2,
          4
        ],
        [
          5,
          6
        ],
        [
          5,
          7
        ],
        [
          7,
          9
        ],
        [
          6,
          8
        ],
        [
          8,
          10
        ],
        [
          5,
          11
        ],
        [
          6,
          12
        ],
        [
          11,
          12
        ],
        [
          11,
          13
        ],
        [
          13,
          15
        ],
        [
          12,
          14
        ],
        [
          14,
          16
        ],
        [
          16,
          18
        ],
        [
          16,
          20
        ],
        [
          20,
          18
        ],
        [
          15,
          17
        ],
        [
          15,
          19
        ],
        [
          19,
          17
        ]
      ]
    }
  ],
  "images": [
    {
      "file_name": "000000001325.jpg",
      "height": 1200,
      "width": 1600,
      "id": 0
    }
  ],
  "annotations": [
    {
      "category_id": 1,
      "image_id": 0,
      "id": 0,
      "bbox": [
        737.0273631840796,
        182.59694571040217,
        346.58073270013574,
        766.0925881506357
      ],
      "area": 265512.93051739066,
      "keypoints": [
        960.4221635883905,
        258.311345646438,
        2,
        975.4617414248021,
        246.43799472295515,
        2,
        952.8712871287129,
        246.93069306930693,
        2,
        1010.8910891089109,
        255.24752475247524,
        2,
        951.7412935323382,
        262.68656716417905,
        0,
        1042.7860696517412,
        309.4527363184079,
        2,
        915.4228855721392,
        312.4378109452736,
        2,
        1054.726368159204,
        438.3084577114427,
        2,
        887.7551020408164,
        425.51020408163265,
        2,
        1038.7755102040817,
        539.7959183673469,
        2,
        878.6764705882352,
        521.3235294117646,
        0,
        981.1688311688312,
        536.3636363636364,
        2,
        888.961038961039,
        514.2857142857142,
        2,
        909.7402597402598,
        680.5194805194805,
        2,
        844.8051948051949,
        666.2337662337662,
        1,
        866.2337662337661,
        827.2727272727273,
        2,
        798.7012987012987,
        810.3896103896104,
        2,
        867.5324675324675,
        870.1298701298701,
        2,
        802.2727272727271,
        846.969696969697,
        2,
        826.5151515151514,
        884.8484848484849,
        2,
        765.9090909090909,
        857.5757575757575,
        2
      ],
      "num_keypoints": 19,
      "iscrowd": 0,
      "segmentation": []
    },
    {
      "category_id": 1,
      "image_id": 0,
      "id": 1,
      "bbox": [
        702.0727272727273,
        325.6788710907704,
        191.1272727272726,
        644.7139588100687
      ],
      "area": 123222.4206365716,
      "keypoints": [
        768.1818181818181,
        397.4025974025974,
        2,
        774.8110831234256,
        383.62720403022666,
        1,
        754.7400611620795,
        387.1559633027523,
        2,
        745.5377574370709,
        379.4050343249428,
        2,
        724.4648318042813,
        396.6360856269113,
        0,
        795.1070336391438,
        445.565749235474,
        2,
        726.5446224256293,
        456.2929061784897,
        2,
        877.2727272727273,
        486.3636363636364,
        1,
        774.2424242424242,
        540.9090909090909,
        1,
        896.6666666666666,
        430.0,
        0,
        842.0,
        484.6666666666667,
        2,
        803.3333333333333,
        626.0,
        2,
        764.6666666666666,
        638.0,
        2,
        826.0,
        744.6666666666666,
        1,
        756.6666666666666,
        766.0,
        2,
        775.3333333333333,
        838.0,
        0,
        731.3333333333333,
        870.0,
        2,
        754.0,
        860.6666666666666,
        2,
        718.0,
        888.6666666666666,
        2,
        824.6666666666666,
        872.6666666666666,
        0,
        740.6666666666666,
        916.6666666666666,
        2
      ],
      "num_keypoints": 17,
      "iscrowd": 0,
      "segmentation": []
    }
  ]
}