{
  "categories": [
    {
      "supercategory": "person",
      "id": 1,
      "name": "person",
      "keypoints": [
        "nose",
        "left_eye",
        "right_eye",
        "left_ear",
        "right_ear",
        "left_shoulder",
        "right_shoulder",
        "left_elbow",
        "right_elbow",
        "left_wrist",
        "right_wrist",
        "left_hip",
        "right_hip",
        "left_knee",
        "right_knee",
        "left_ankle",
        "right_ankle",
        "left_heel",
        "right_heel",
        "left_foot",
        "right_foot"
      ],
      "skeleton": [
        [
          1,
          2
        ],
        [
          0,
          1
        ],
        [
          0,
          2
        ],
        [
          1,
          3
        ],
        [
          2,
          4
        ],
        [
          5,
          6
        ],
        [
          5,
          7
        ],
        [
          7,
          9
        ],
        [
          6,
          8
        ],
        [
          8,
          10
        ],
        [
          5,
          11
        ],
        [
          6,
          12
        ],
        [
          11,
          12
        ],
        [
          11,
          13
        ],
        [
          13,
          15
        ],
        [
          12,
          14
        ],
        [
          14,
          16
        ],
        [
          16,
          18
        ],
        [
          16,
          20
        ],
        [
          20,
          18
        ],
        [
          15,
          17
        ],
        [
          15,
          19
        ],
        [
          19,
          17
        ]
      ]
    }
  ],
  "images": [
    {
      "file_name": "000000001624.jpg",
      "height": 1200,
      "width": 1600,
      "id": 0
    }
  ],
  "annotations": [
    {
      "category_id": 1,
      "image_id": 0,
      "id": 0,
      "bbox": [
        841.388888888889,
        256.6666666666667,
        161.66666666666652,
        536.6666666666667
      ],
      "area": 86761.11111111104,
      "keypoints": [
        902.0833333333334,
        312.5,
        2,
        916.0,
        306.0,
        2,
        896.5277777777778,
        301.3888888888889,
        2,
        946.5277777777779,
        318.05555555555554,
        2,
        888.1944444444446,
        301.3888888888889,
        0,
        956.2500000000001,
        384.72222222222223,
        2,
        870.1388888888889,
        379.1666666666667,
        2,
        988.1944444444445,
        445.83333333333337,
        2,
        860.4166666666667,
        447.22222222222223,
        1,
        989.5833333333334,
        476.3888888888889,
        1,
        854.8611111111112,
        515.2777777777778,
        1,
        925.6944444444445,
        550.0,
        2,
        874.3055555555557,
        541.6666666666667,
        1,
        936.8055555555555,
        636.1111111111111,
        1,
        874.3055555555557,
        636.1111111111111,
        1,
        931.2500000000001,
        713.8888888888889,
        2,
        882.6388888888889,
        709.7222222222223,
        2,
        946.5277777777779,
        736.1111111111111,
        2,
        899.3055555555557,
        726.3888888888889,
        2,
        922.9166666666669,
        748.6111111111112,
        2,
        857.6388888888889,
        727.7777777777778,
        2
      ],
      "num_keypoints": 20,
      "iscrowd": 0,
      "segmentation": []
    },
    {
      "category_id": 1,
      "image_id": 0,
      "id": 1,
      "bbox": [
        542.5205627705628,
        249.1904761904762,
        159.75324675324669,
        640.883116883117
      ],
      "area": 102383.15871141844,
      "keypoints": [
        652.5974025974026,
        314.2857142857143,
        2,
        638.3116883116883,
        305.1948051948052,
        0,
        652.5974025974026,
        302.5974025974026,
        1,
        625.3246753246754,
        309.09090909090907,
        0,
        611.038961038961,
        316.8831168831169,
        2,
        590.2597402597403,
        403.8961038961039,
        0,
        604.5454545454545,
        401.2987012987013,
        2,
        650.0,
        481.8181818181818,
        0,
        618.8311688311688,
        497.4025974025974,
        2,
        669.4805194805194,
        498.7012987012987,
        1,
        688.961038961039,
        476.6233766233766,
        2,
        622.7272727272727,
        600.0,
        0,
        616.2337662337662,
        603.8961038961039,
        1,
        648.051948051948,
        683.1168831168831,
        0,
        657.1428571428571,
        709.0909090909091,
        2,
        639.1666666666667,
        796.6666666666667,
        2,
        575.8333333333334,
        798.3333333333334,
        1,
        629.1666666666667,
        816.6666666666667,
        1,
        555.8333333333334,
        816.6666666666667,
        1,
        675.8333333333334,
        811.6666666666667,
        1,
        599.1666666666667,
        836.6666666666667,
        2
      ],
      "num_keypoints": 15,
      "iscrowd": 0,
      "segmentation": []
    }
  ]
}