{
  "categories": [
    {
      "supercategory": "person",
      "id": 1,
      "name": "person",
      "keypoints": [
        "nose",
        "left_eye",
        "right_eye",
        "left_ear",
        "right_ear",
        "left_shoulder",
        "right_shoulder",
        "left_elbow",
        "right_elbow",
        "left_wrist",
        "right_wrist",
        "left_hip",
        "right_hip",
        "left_knee",
        "right_knee",
        "left_ankle",
        "right_ankle",
        "left_heel",
        "right_heel",
        "left_foot",
        "right_foot"
      ],
      "skeleton": [
        [
          1,
          2
        ],
        [
          0,
          1
        ],
        [
          0,
          2
        ],
        [
          1,
          3
        ],
        [
          2,
          4
        ],
        [
          5,
          6
        ],
        [
          5,
          7
        ],
        [
          7,
          9
        ],
        [
          6,
          8
        ],
        [
          8,
          10
        ],
        [
          5,
          11
        ],
        [
          6,
          12
        ],
        [
          11,
          12
        ],
        [
          11,
          13
        ],
        [
          13,
          15
        ],
        [
          12,
          14
        ],
        [
          14,
          16
        ],
        [
          16,
          18
        ],
        [
          16,
          20
        ],
        [
          20,
          18
        ],
        [
          15,
          17
        ],
        [
          15,
          19
        ],
        [
          19,
          17
        ]
      ]
    }
  ],
  "images": [
    {
      "file_name": "000000001510.jpg",
      "height": 1200,
      "width": 1600,
      "id": 0
    }
  ],
  "annotations": [
    {
      "category_id": 1,
      "image_id": 0,
      "id": 0,
      "bbox": [
        510.97222222222223,
        282.7777777777778,
        476.6666666666669,
        340.0
      ],
      "area": 162066.66666666674,
      "keypoints": [
        839.5833333333334,
        329.1666666666667,
        2,
        858.0,
        312.0,
        2,
        834.0277777777778,
        311.11111111111114,
        2,
        896.5277777777778,
        311.11111111111114,
        2,
        843.7500000000001,
        308.33333333333337,
        0,
        938.1944444444445,
        381.94444444444446,
        2,
        815.9722222222223,
        372.22222222222223,
        2,
        934.0277777777779,
        479.1666666666667,
        2,
        802.0833333333334,
        459.72222222222223,
        1,
        947.9166666666669,
        594.4444444444445,
        2,
        777.0833333333334,
        572.2222222222223,
        1,
        846.5277777777778,
        540.2777777777778,
        2,
        800.6944444444446,
        534.7222222222223,
        1,
        761.8055555555557,
        488.8888888888889,
        2,
        703.4722222222223,
        522.2222222222223,
        1,
        659.0277777777778,
        431.94444444444446,
        2,
        589.5833333333334,
        412.5,
        1,
        604.8611111111112,
        450.0,
        2,
        561.8055555555557,
        436.1111111111111,
        2,
        628.4722222222223,
        380.55555555555554,
        1,
        550.6944444444445,
        362.5,
        1
      ],
      "num_keypoints": 20,
      "iscrowd": 0,
      "segmentation": []
    },
    {
      "category_id": 1,
      "image_id": 0,
      "id": 1,
      "bbox": [
        652.4512987012987,
        321.7380952380952,
        120.58441558441552,
        705.3766233766235
      ],
      "area": 85057.4278967785,
      "keypoints": [
        728.4722222222223,
        394.44444444444446,
        2,
        737.012987012987,
        383.1168831168831,
        0,
        721.4285714285714,
        380.5194805194805,
        2,
        709.7402597402597,
        380.5194805194805,
        0,
        683.7662337662338,
        396.1038961038961,
        1,
        738.3116883116883,
        450.64935064935065,
        0,
        669.4805194805194,
        490.9090909090909,
        1,
        760.3896103896103,
        512.987012987013,
        0,
        694.1558441558441,
        585.7142857142857,
        2,
        820.1298701298701,
        510.38961038961037,
        0,
        762.9870129870129,
        541.5584415584416,
        1,
        737.012987012987,
        637.6623376623377,
        2,
        694.1558441558441,
        670.1298701298701,
        2,
        737.012987012987,
        807.7922077922078,
        2,
        685.7142857142857,
        812.9870129870129,
        2,
        722.5,
        900.0000000000001,
        2,
        679.1666666666667,
        936.6666666666667,
        2,
        705.8333333333334,
        920.0000000000001,
        1,
        662.5,
        963.3333333333334,
        2,
        749.1666666666667,
        911.6666666666667,
        2,
        707.5,
        968.3333333333334,
        2
      ],
      "num_keypoints": 16,
      "iscrowd": 0,
      "segmentation": []
    }
  ]
}