{
  "categories": [
    {
      "supercategory": "person",
      "id": 1,
      "name": "person",
      "keypoints": [
        "nose",
        "left_eye",
        "right_eye",
        "left_ear",
        "right_ear",
        "left_shoulder",
        "right_shoulder",
        "left_elbow",
        "right_elbow",
        "left_wrist",
        "right_wrist",
        "left_hip",
        "right_hip",
        "left_knee",
        "right_knee",
        "left_ankle",
        "right_ankle",
        "left_heel",
        "right_heel",
        "left_foot",
        "right_foot"
      ],
      "skeleton": [
        [
          1,
          2
        ],
        [
          0,
          1
        ],
        [
          0,
          2
        ],
        [
          1,
          3
        ],
        [
          2,
          4
        ],
        [
          5,
          6
        ],
        [
          5,
          7
        ],
        [
          7,
          9
        ],
        [
          6,
          8
        ],
        [
          8,
          10
        ],
        [
          5,
          11
        ],
        [
          6,
          12
        ],
        [
          11,
          12
        ],
        [
          11,
          13
        ],
        [
          13,
          15
        ],
        [
          12,
          14
        ],
        [
          14,
          16
        ],
        [
          16,
          18
        ],
        [
          16,
          20
        ],
        [
          20,
          18
        ],
        [
          15,
          17
        ],
        [
          15,
          19
        ],
        [
          19,
          17
        ]
      ]
    }
  ],
  "images": [
    {
      "file_name": "000000000198.jpg",
      "height": 1200,
      "width": 1600,
      "id": 0
    }
  ],
  "annotations": [
    {
      "category_id": 1,
      "image_id": 0,
      "id": 0,
      "bbox": [
        856.7230609057782,
        244.79999999999998,
        201.67621030713156,
        561.0666666666667
      ],
      "area": 113153.79906298795,
      "keypoints": [
        915.6626506024096,
        304.8192771084337,
        2,
        927.1111111111111,
        292.44444444444446,
        2,
        906.2222222222222,
        291.55555555555554,
        2,
        964.7058823529411,
        296.078431372549,
        2,
        900.0,
        301.3157894736842,
        0,
        1013.8157894736842,
        362.5,
        2,
        894.2622950819672,
        354.09836065573774,
        2,
        1017.6470588235294,
        467.6470588235294,
        2,
        873.5294117647059,
        458.8235294117647,
        2,
        1032.3529411764705,
        555.8823529411765,
        2,
        873.5294117647059,
        523.5294117647059,
        0,
        979.5081967213114,
        555.7377049180328,
        2,
        922.1311475409836,
        547.5409836065573,
        2,
        999.1803278688524,
        663.9344262295082,
        2,
        953.012048192771,
        674.6987951807229,
        2,
        1030.4347826086955,
        705.0724637681159,
        2,
        981.8840579710144,
        711.5942028985506,
        2,
        1041.5929203539822,
        718.5840707964601,
        2,
        1003.5398230088495,
        711.504424778761,
        2,
        1031.5555555555557,
        759.1111111111111,
        2,
        1002.8985507246376,
        742.0289855072463,
        2
      ],
      "num_keypoints": 19,
      "iscrowd": 0,
      "segmentation": []
    },
    {
      "category_id": 1,
      "image_id": 0,
      "id": 1,
      "bbox": [
        753.8165266106442,
        310.30020703933747,
        111.34453781512605,
        632.9192546583851
      ],
      "area": 70472.10188423195,
      "keypoints": [
        826.4,
        376.0,
        1,
        833.3333333333333,
        362.3188405797101,
        0,
        814.4927536231884,
        363.04347826086956,
        2,
        801.4492753623188,
        365.2173913043478,
        0,
        779.4117647058823,
        368.62745098039215,
        2,
        830.9734513274335,
        421.2389380530973,
        1,
        776.1061946902654,
        432.74336283185835,
        2,
        867.4698795180722,
        480.722891566265,
        0,
        783.1325301204819,
        546.9879518072289,
        2,
        885.6,
        472.8,
        0,
        855.8823529411765,
        501.96078431372547,
        2,
        836.2745098039215,
        621.5686274509803,
        2,
        799.0196078431372,
        628.4313725490196,
        2,
        825.4901960784314,
        730.3921568627451,
        1,
        798.0392156862745,
        739.2156862745098,
        2,
        819.6078431372549,
        821.5686274509803,
        1,
        780.5309734513273,
        852.2123893805309,
        2,
        799.4047619047619,
        843.452380952381,
        1,
        763.0952380952381,
        870.8333333333334,
        2,
        846.4285714285714,
        847.6190476190477,
        2,
        801.1904761904763,
        890.4761904761905,
        2
      ],
      "num_keypoints": 17,
      "iscrowd": 0,
      "segmentation": []
    }
  ]
}