{
  "categories": [
    {
      "supercategory": "person",
      "id": 1,
      "name": "person",
      "keypoints": [
        "nose",
        "left_eye",
        "right_eye",
        "left_ear",
        "right_ear",
        "left_shoulder",
        "right_shoulder",
        "left_elbow",
        "right_elbow",
        "left_wrist",
        "right_wrist",
        "left_hip",
        "right_hip",
        "left_knee",
        "right_knee",
        "left_ankle",
        "right_ankle",
        "left_heel",
        "right_heel",
        "left_foot",
        "right_foot"
      ],
      "skeleton": [
        [
          1,
          2
        ],
        [
          0,
          1
        ],
        [
          0,
          2
        ],
        [
          1,
          3
        ],
        [
          2,
          4
        ],
        [
          5,
          6
        ],
        [
          5,
          7
        ],
        [
          7,
          9
        ],
        [
          6,
          8
        ],
        [
          8,
          10
        ],
        [
          5,
          11
        ],
        [
          6,
          12
        ],
        [
          11,
          12
        ],
        [
          11,
          13
        ],
        [
          13,
          15
        ],
        [
          12,
          14
        ],
        [
          14,
          16
        ],
        [
          16,
          18
        ],
        [
          16,
          20
        ],
        [
          20,
          18
        ],
        [
          15,
          17
        ],
        [
          15,
          19
        ],
        [
          19,
          17
        ]
      ]
    }
  ],
  "images": [
    {
      "file_name": "000000000762.jpg",
      "height": 1200,
      "width": 1600,
      "id": 0
    }
  ],
  "annotations": [
    {
      "category_id": 1,
      "image_id": 0,
      "id": 0,
      "bbox": [
        1047.340425531915,
        185.46148255813955,
        168.0851063829789,
        605.7122093023255
      ],
      "area": 101811.20113805056,
      "keypoints": [
        1092.9203539823009,
        265.4867256637168,
        2,
        1105.46875,
        251.953125,
        2,
        1083.203125,
        254.296875,
        2,
        1138.671875,
        235.9375,
        2,
        1091.1347517730496,
        239.00709219858157,
        0,
        1191.4893617021278,
        295.74468085106383,
        2,
        1082.9787234042553,
        288.65248226950354,
        2,
        1195.3900709219859,
        386.17021276595744,
        2,
        1071.6312056737588,
        385.4609929078014,
        2,
        1201.4184397163122,
        477.6595744680851,
        2,
        1061.3475177304965,
        462.4113475177305,
        2,
        1168.7943262411347,
        464.53900709219863,
        2,
        1098.7179487179487,
        458.97435897435895,
        2,
        1128.2051282051282,
        603.8461538461538,
        2,
        1082.051282051282,
        594.8717948717949,
        2,
        1116.6666666666665,
        708.974358974359,
        2,
        1084.6153846153845,
        705.1282051282051,
        2,
        1115.6976744186047,
        725.0,
        2,
        1091.860465116279,
        733.7209302325582,
        1,
        1104.0697674418604,
        740.6976744186046,
        2,
        1070.3488372093022,
        740.6976744186046,
        2
      ],
      "num_keypoints": 20,
      "iscrowd": 0,
      "segmentation": []
    },
    {
      "category_id": 1,
      "image_id": 0,
      "id": 1,
      "bbox": [
        889.5238095238095,
        257.53050595238096,
        142.85714285714278,
        537.7589285714286
      ],
      "area": 76822.7040816326,
      "keypoints": [
        962.5,
        317.578125,
        2,
        968.75,
        305.46875,
        2,
        948.828125,
        307.03125,
        2,
        967.1875,
        299.21875,
        0,
        924.21875,
        302.34375,
        2,
        980.0,
        338.0952380952381,
        2,
        916.6666666666666,
        360.4761904761905,
        2,
        1017.1428571428571,
        421.90476190476187,
        2,
        947.1428571428571,
        449.04761904761904,
        2,
        1065.7142857142858,
        365.7142857142857,
        0,
        1020.4761904761905,
        480.4761904761905,
        2,
        986.1904761904761,
        523.8095238095237,
        2,
        951.2820512820513,
        533.3333333333334,
        2,
        970.5128205128203,
        623.0769230769231,
        2,
        938.4615384615383,
        626.9230769230769,
        2,
        946.1904761904761,
        716.1904761904761,
        2,
        912.8571428571428,
        731.9047619047619,
        2,
        939.5238095238095,
        733.3333333333333,
        1,
        901.4285714285714,
        748.5714285714286,
        2,
        967.1428571428571,
        732.3809523809523,
        2,
        930.4761904761905,
        750.4761904761905,
        2
      ],
      "num_keypoints": 19,
      "iscrowd": 0,
      "segmentation": []
    }
  ]
}