{
  "categories": [
    {
      "supercategory": "person",
      "id": 1,
      "name": "person",
      "keypoints": [
        "nose",
        "left_eye",
        "right_eye",
        "left_ear",
        "right_ear",
        "left_shoulder",
        "right_shoulder",
        "left_elbow",
        "right_elbow",
        "left_wrist",
        "right_wrist",
        "left_hip",
        "right_hip",
        "left_knee",
        "right_knee",
        "left_ankle",
        "right_ankle",
        "left_heel",
        "right_heel",
        "left_foot",
        "right_foot"
      ],
      "skeleton": [
        [
          1,
          2
        ],
        [
          0,
          1
        ],
        [
          0,
          2
        ],
        [
          1,
          3
        ],
        [
          2,
          4
        ],
        [
          5,
          6
        ],
        [
          5,
          7
        ],
        [
          7,
          9
        ],
        [
          6,
          8
        ],
        [
          8,
          10
        ],
        [
          5,
          11
        ],
        [
          6,
          12
        ],
        [
          11,
          12
        ],
        [
          11,
          13
        ],
        [
          13,
          15
        ],
        [
          12,
          14
        ],
        [
          14,
          16
        ],
        [
          16,
          18
        ],
        [
          16,
          20
        ],
        [
          20,
          18
        ],
        [
          15,
          17
        ],
        [
          15,
          19
        ],
        [
          19,
          17
        ]
      ]
    }
  ],
  "images": [
    {
      "file_name": "000000001038.jpg",
      "height": 1200,
      "width": 1600,
      "id": 0
    }
  ],
  "annotations": [
    {
      "category_id": 1,
      "image_id": 0,
      "id": 0,
      "bbox": [
        829.0586030884537,
        246.13495848789967,
        230.40124055049444,
        607.1648118706942
      ],
      "area": 139891.5258736155,
      "keypoints": [
        868.0327868852459,
        327.8688524590164,
        2,
        880.2120141342756,
        314.8409893992933,
        2,
        852.2968197879859,
        314.48763250883394,
        2,
        918.082788671024,
        296.73202614379085,
        2,
        849.2374727668846,
        303.921568627451,
        0,
        971.4285714285716,
        309.1836734693877,
        2,
        848.2587064676616,
        334.82587064676613,
        1,
        1003.9800995024874,
        433.33333333333326,
        2,
        863.265306122449,
        439.79591836734687,
        2,
        1018.3673469387757,
        564.2857142857142,
        2,
        857.1428571428572,
        547.9591836734694,
        1,
        1002.5974025974026,
        540.2597402597403,
        2,
        899.3506493506494,
        533.7662337662338,
        2,
        983.7662337662338,
        670.1298701298701,
        2,
        943.5064935064935,
        659.7402597402597,
        2,
        1013.6363636363636,
        771.4285714285714,
        2,
        993.5064935064935,
        764.9350649350649,
        1,
        1040.2597402597403,
        774.025974025974,
        2,
        1003.6036036036035,
        779.2792792792792,
        1,
        1023.4234234234233,
        802.7027027027026,
        2,
        985.5855855855855,
        800.9009009009009,
        2
      ],
      "num_keypoints": 20,
      "iscrowd": 0,
      "segmentation": []
    },
    {
      "category_id": 1,
      "image_id": 0,
      "id": 1,
      "bbox": [
        717.7113237639553,
        283.42105263157896,
        155.88516746411483,
        689.8564593301435
      ],
      "area": 107538.38968888074,
      "keypoints": [
        774.9999999999999,
        354.54545454545456,
        2,
        787.1212121212121,
        340.90909090909093,
        2,
        760.3703703703703,
        342.59259259259255,
        0,
        792.5925925925925,
        344.8148148148148,
        2,
        734.4444444444443,
        347.77777777777777,
        2,
        805.9259259259259,
        395.9259259259259,
        2,
        730.7407407407406,
        411.85185185185185,
        2,
        860.6060606060606,
        506.06060606060606,
        1,
        795.4545454545455,
        477.27272727272725,
        0,
        876.3157894736842,
        463.15789473684214,
        0,
        846.4912280701753,
        392.9824561403509,
        2,
        823.6842105263158,
        607.0175438596491,
        2,
        755.2631578947369,
        636.8421052631579,
        2,
        816.6666666666666,
        736.8421052631579,
        2,
        750.0,
        764.9122807017544,
        2,
        809.6491228070175,
        850.8771929824561,
        2,
        741.2280701754386,
        873.6842105263158,
        2,
        792.1052631578947,
        873.6842105263158,
        2,
        730.7017543859649,
        900.0,
        2,
        825.438596491228,
        878.9473684210526,
        2,
        753.5087719298245,
        915.7894736842105,
        2
      ],
      "num_keypoints": 18,
      "iscrowd": 0,
      "segmentation": []
    }
  ]
}