{
  "categories": [
    {
      "supercategory": "person",
      "id": 1,
      "name": "person",
      "keypoints": [
        "nose",
        "left_eye",
        "right_eye",
        "left_ear",
        "right_ear",
        "left_shoulder",
        "right_shoulder",
        "left_elbow",
        "right_elbow",
        "left_wrist",
        "right_wrist",
        "left_hip",
        "right_hip",
        "left_knee",
        "right_knee",
        "left_ankle",
        "right_ankle",
        "left_heel",
        "right_heel",
        "left_foot",
        "right_foot"
      ],
      "skeleton": [
        [
          1,
          2
        ],
        [
          0,
          1
        ],
        [
          0,
          2
        ],
        [
          1,
          3
        ],
        [
          2,
          4
        ],
        [
          5,
          6
        ],
        [
          5,
          7
        ],
        [
          7,
          9
        ],
        [
          6,
          8
        ],
        [
          8,
          10
        ],
        [
          5,
          11
        ],
        [
          6,
          12
        ],
        [
          11,
          12
        ],
        [
          11,
          13
        ],
        [
          13,
          15
        ],
        [
          12,
          14
        ],
        [
          14,
          16
        ],
        [
          16,
          18
        ],
        [
          16,
          20
        ],
        [
          20,
          18
        ],
        [
          15,
          17
        ],
        [
          15,
          19
        ],
        [
          19,
          17
        ]
      ]
    }
  ],
  "images": [
    {
      "file_name": "000000000170.jpg",
      "height": 1200,
      "width": 1600,
      "id": 0
    }
  ],
  "annotations": [
    {
      "category_id": 1,
      "image_id": 0,
      "id": 0,
      "bbox": [
        747.4798276537406,
        324.74405691480126,
        416.18801410105766,
        244.6642373763665
      ],
      "area": 101826.32307521973,
      "keypoints": [
        800.8196721311475,
        380.327868852459,
        1,
        802.1621621621621,
        361.08108108108104,
        2,
        782.1621621621621,
        363.2432432432432,
        1,
        846.9026548672565,
        345.13274336283183,
        2,
        783.9285714285714,
        340.4761904761905,
        0,
        931.547619047619,
        366.6666666666667,
        2,
        776.8,
        349.6,
        0,
        977.8688524590164,
        462.29508196721315,
        2,
        805.7377049180328,
        440.9836065573771,
        2,
        987.2549019607843,
        549.0196078431372,
        2,
        821.5686274509803,
        526.4705882352941,
        2,
        1008.8,
        421.6,
        2,
        975.2,
        416.8,
        0,
        1058.1967213114754,
        440.9836065573771,
        1,
        1005.7971014492753,
        407.2463768115942,
        0,
        1105.8823529411764,
        400.0,
        2,
        1051.3157894736842,
        403.2894736842105,
        1,
        1107.6086956521738,
        363.04347826086956,
        2,
        1064.1304347826087,
        372.82608695652175,
        2,
        1128.9855072463768,
        399.27536231884056,
        2,
        1072.5663716814158,
        409.7345132743362,
        0
      ],
      "num_keypoints": 16,
      "iscrowd": 0,
      "segmentation": []
    },
    {
      "category_id": 1,
      "image_id": 0,
      "id": 1,
      "bbox": [
        623.8122505639424,
        332.85978367748277,
        181.50963040083286,
        656.3492625368731
      ],
      "area": 119133.71205692705,
      "keypoints": [
        702.6548672566371,
        394.69026548672565,
        1,
        695.1111111111111,
        381.77777777777777,
        0,
        705.3333333333334,
        380.44444444444446,
        0,
        680.0,
        381.77777777777777,
        0,
        669.7777777777778,
        387.55555555555554,
        2,
        689.3805309734513,
        435.39823008849555,
        1,
        640.7079646017698,
        469.91150442477874,
        2,
        769.6078431372549,
        465.6862745098039,
        2,
        715.6862745098039,
        567.6470588235294,
        2,
        814.7058823529412,
        409.80392156862746,
        0,
        790.1960784313725,
        516.6666666666666,
        2,
        716.8141592920354,
        660.1769911504424,
        2,
        682.3008849557522,
        669.0265486725663,
        2,
        714.1304347826086,
        776.0869565217391,
        2,
        666.6666666666666,
        795.6521739130434,
        2,
        705.0724637681159,
        851.4492753623188,
        2,
        652.9411764705882,
        884.313725490196,
        1,
        694.6428571428572,
        884.5238095238095,
        2,
        638.9380530973451,
        919.4690265486724,
        1,
        742.4778761061946,
        879.646017699115,
        2,
        678.7610619469026,
        934.5132743362831,
        2
      ],
      "num_keypoints": 17,
      "iscrowd": 0,
      "segmentation": []
    }
  ]
}