{
  "categories": [
    {
      "supercategory": "person",
      "id": 1,
      "name": "person",
      "keypoints": [
        "nose",
        "left_eye",
        "right_eye",
        "left_ear",
        "right_ear",
        "left_shoulder",
        "right_shoulder",
        "left_elbow",
        "right_elbow",
        "left_wrist",
        "right_wrist",
        "left_hip",
        "right_hip",
        "left_knee",
        "right_knee",
        "left_ankle",
        "right_ankle",
        "left_heel",
        "right_heel",
        "left_foot",
        "right_foot"
      ],
      "skeleton": [
        [
          1,
          2
        ],
        [
          0,
          1
        ],
        [
          0,
          2
        ],
        [
          1,
          3
        ],
        [
          2,
          4
        ],
        [
          5,
          6
        ],
        [
          5,
          7
        ],
        [
          7,
          9
        ],
        [
          6,
          8
        ],
        [
          8,
          10
        ],
        [
          5,
          11
        ],
        [
          6,
          12
        ],
        [
          11,
          12
        ],
        [
          11,
          13
        ],
        [
          13,
          15
        ],
        [
          12,
          14
        ],
        [
          14,
          16
        ],
        [
          16,
          18
        ],
        [
          16,
          20
        ],
        [
          20,
          18
        ],
        [
          15,
          17
        ],
        [
          15,
          19
        ],
        [
          19,
          17
        ]
      ]
    }
  ],
  "images": [
    {
      "file_name": "000000001975.jpg",
      "height": 1200,
      "width": 1600,
      "id": 0
    }
  ],
  "annotations": [
    {
      "category_id": 1,
      "image_id": 0,
      "id": 0,
      "bbox": [
        711.2003968253969,
        200.3336940836941,
        418.8419913419914,
        379.3290043290042
      ],
      "area": 158878.915546935,
      "keypoints": [
        986.8055555555555,
        254.16666666666669,
        2,
        1004.8611111111112,
        238.88888888888889,
        2,
        975.6944444444445,
        238.88888888888889,
        2,
        1045.138888888889,
        231.94444444444446,
        2,
        988.1944444444445,
        227.7777777777778,
        0,
        1084.0277777777778,
        309.72222222222223,
        2,
        972.9166666666669,
        306.94444444444446,
        2,
        1090.9722222222222,
        427.77777777777777,
        2,
        960.4166666666669,
        406.94444444444446,
        1,
        1095.138888888889,
        520.8333333333334,
        2,
        940.9722222222223,
        513.8888888888889,
        1,
        1024.3055555555554,
        470.83333333333337,
        1,
        963.1944444444445,
        438.8888888888889,
        1,
        939.5833333333334,
        461.11111111111114,
        2,
        899.3055555555557,
        450.0,
        1,
        854.8611111111112,
        498.61111111111114,
        2,
        809.0277777777778,
        509.72222222222223,
        1,
        812.3376623376623,
        548.051948051948,
        2,
        768.1818181818181,
        541.5584415584416,
        2,
        792.8571428571429,
        481.8181818181818,
        1,
        746.1038961038961,
        480.5194805194805,
        1
      ],
      "num_keypoints": 20,
      "iscrowd": 0,
      "segmentation": []
    },
    {
      "category_id": 1,
      "image_id": 0,
      "id": 1,
      "bbox": [
        800.9729437229438,
        264.57142857142856,
        158.32467532467524,
        627.7402597402598
      ],
      "area": 99386.77281160394,
      "keypoints": [
        896.7532467532467,
        338.961038961039,
        2,
        909.7402597402597,
        316.8831168831169,
        2,
        883.7662337662338,
        324.67532467532465,
        2,
        917.5324675324675,
        328.57142857142856,
        0,
        855.1948051948052,
        325.97402597402595,
        2,
        920.1298701298701,
        381.8181818181818,
        1,
        838.3116883116883,
        393.5064935064935,
        2,
        937.012987012987,
        484.4155844155844,
        0,
        886.3636363636364,
        453.24675324675326,
        1,
        951.2987012987013,
        464.93506493506493,
        0,
        946.1038961038961,
        368.83116883116884,
        2,
        918.8311688311688,
        593.5064935064935,
        2,
        862.9870129870129,
        594.8051948051948,
        2,
        906.4935064935064,
        688.3116883116883,
        2,
        853.2467532467532,
        707.7922077922078,
        2,
        877.5,
        786.6666666666667,
        2,
        834.1666666666667,
        806.6666666666667,
        2,
        870.8333333333335,
        805.0000000000001,
        2,
        814.1666666666667,
        821.6666666666667,
        2,
        907.5,
        821.6666666666667,
        2,
        854.1666666666667,
        840.0000000000001,
        2
      ],
      "num_keypoints": 18,
      "iscrowd": 0,
      "segmentation": []
    }
  ]
}