{
  "categories": [
    {
      "supercategory": "person",
      "id": 1,
      "name": "person",
      "keypoints": [
        "nose",
        "left_eye",
        "right_eye",
        "left_ear",
        "right_ear",
        "left_shoulder",
        "right_shoulder",
        "left_elbow",
        "right_elbow",
        "left_wrist",
        "right_wrist",
        "left_hip",
        "right_hip",
        "left_knee",
        "right_knee",
        "left_ankle",
        "right_ankle",
        "left_heel",
        "right_heel",
        "left_foot",
        "right_foot"
      ],
      "skeleton": [
        [
          1,
          2
        ],
        [
          0,
          1
        ],
        [
          0,
          2
        ],
        [
          1,
          3
        ],
        [
          2,
          4
        ],
        [
          5,
          6
        ],
        [
          5,
          7
        ],
        [
          7,
          9
        ],
        [
          6,
          8
        ],
        [
          8,
          10
        ],
        [
          5,
          11
        ],
        [
          6,
          12
        ],
        [
          11,
          12
        ],
        [
          11,
          13
        ],
        [
          13,
          15
        ],
        [
          12,
          14
        ],
        [
          14,
          16
        ],
        [
          16,
          18
        ],
        [
          16,
          20
        ],
        [
          20,
          18
        ],
        [
          15,
          17
        ],
        [
          15,
          19
        ],
        [
          19,
          17
        ]
      ]
    }
  ],
  "images": [
    {
      "file_name": "000000000514.jpg",
      "height": 1200,
      "width": 1600,
      "id": 0
    }
  ],
  "annotations": [
    {
      "category_id": 1,
      "image_id": 0,
      "id": 0,
      "bbox": [
        867.4519230769231,
        363.6256157635468,
        260.7692307692307,
        539.9408866995072
      ],
      "area": 140799.96968548687,
      "keypoints": [
        1011.7647058823529,
        425.4901960784314,
        2,
        1032.3275862068965,
        415.51724137931035,
        2,
        1009.051724137931,
        408.62068965517244,
        2,
        1065.5172413793105,
        410.7758620689655,
        2,
        1005.5288461538461,
        399.5192307692308,
        0,
        1106.4903846153845,
        442.78846153846155,
        2,
        987.2596153846154,
        429.08653846153845,
        2,
        1085.0961538461538,
        503.6057692307692,
        2,
        951.6826923076923,
        481.7307692307692,
        2,
        1044.2307692307693,
        525.4807692307692,
        2,
        889.1826923076923,
        506.4903846153846,
        2,
        1095.4326923076924,
        621.875,
        2,
        1004.7368421052631,
        611.578947368421,
        2,
        1037.8947368421052,
        750.5263157894736,
        2,
        997.8947368421052,
        747.8947368421052,
        2,
        1070.5128205128203,
        826.9230769230769,
        2,
        1034.6153846153845,
        826.9230769230769,
        2,
        1086.1904761904761,
        840.952380952381,
        2,
        1046.6666666666665,
        839.047619047619,
        2,
        1063.3333333333333,
        858.5714285714286,
        2,
        1025.7142857142858,
        854.2857142857142,
        2
      ],
      "num_keypoints": 20,
      "iscrowd": 0,
      "segmentation": []
    },
    {
      "category_id": 1,
      "image_id": 0,
      "id": 1,
      "bbox": [
        680.736842105263,
        300.6896551724138,
        92.2105263157896,
        643.4482758620691
      ],
      "area": 59332.70417422876,
      "keypoints": [
        753.8793103448276,
        363.7931034482759,
        2,
        752.5862068965516,
        354.3103448275862,
        1,
        741.3793103448276,
        356.0344827586207,
        2,
        726.7241379310344,
        357.32758620689657,
        0,
        704.3103448275862,
        363.36206896551727,
        2,
        732.7586206896551,
        425.00000000000006,
        1,
        699.4736842105262,
        439.99999999999994,
        2,
        740.0,
        536.8421052631578,
        0,
        688.4210526315788,
        542.6315789473684,
        2,
        765.2631578947368,
        607.3684210526316,
        1,
        722.1052631578947,
        629.4736842105262,
        2,
        752.1052631578947,
        595.2631578947368,
        1,
        737.1794871794871,
        615.3846153846154,
        2,
        728.2051282051282,
        726.9230769230769,
        0,
        737.1794871794871,
        742.3076923076923,
        2,
        708.9743589743589,
        846.1538461538462,
        0,
        724.9999999999999,
        867.2413793103449,
        2,
        690.5172413793102,
        860.344827586207,
        0,
        710.3448275862069,
        884.4827586206898,
        1,
        735.3448275862069,
        853.4482758620691,
        1,
        732.7586206896551,
        890.5172413793105,
        2
      ],
      "num_keypoints": 16,
      "iscrowd": 0,
      "segmentation": []
    }
  ]
}