{
  "categories": [
    {
      "supercategory": "person",
      "id": 1,
      "name": "person",
      "keypoints": [
        "nose",
        "left_eye",
        "right_eye",
        "left_ear",
        "right_ear",
        "left_shoulder",
        "right_shoulder",
        "left_elbow",
        "right_elbow",
        "left_wrist",
        "right_wrist",
        "left_hip",
        "right_hip",
        "left_knee",
        "right_knee",
        "left_ankle",
        "right_ankle",
        "left_heel",
        "right_heel",
        "left_foot",
        "right_foot"
      ],
      "skeleton": [
        [
          1,
          2
        ],
        [
          0,
          1
        ],
        [
          0,
          2
        ],
        [
          1,
          3
        ],
        [
          2,
          4
        ],
        [
          5,
          6
        ],
        [
          5,
          7
        ],
        [
          7,
          9
        ],
        [
          6,
          8
        ],
        [
          8,
          10
        ],
        [
          5,
          11
        ],
        [
          6,
          12
        ],
        [
          11,
          12
        ],
        [
          11,
          13
        ],
        [
          13,
          15
        ],
        [
          12,
          14
        ],
        [
          14,
          16
        ],
        [
          16,
          18
        ],
        [
          16,
          20
        ],
        [
          20,
          18
        ],
        [
          15,
          17
        ],
        [
          15,
          19
        ],
        [
          19,
          17
        ]
      ]
    }
  ],
  "images": [
    {
      "file_name": "000000000468.jpg",
      "height": 1200,
      "width": 1600,
      "id": 0
    }
  ],
  "annotations": [
    {
      "category_id": 1,
      "image_id": 0,
      "id": 0,
      "bbox": [
        1133.9431009957327,
        340.7955507784509,
        161.1038406827879,
        423.41020128981825
      ],
      "area": 68213.00961206203,
      "keypoints": [
        1230.392156862745,
        380.3921568627451,
        2,
        1239.8671096345513,
        376.0797342192691,
        2,
        1225.9136212624583,
        376.0797342192691,
        2,
        1263.2432432432431,
        379.4594594594594,
        1,
        1216.7567567567567,
        381.08108108108104,
        1,
        1281.6216216216217,
        422.16216216216213,
        2,
        1202.9411764705883,
        410.78431372549016,
        2,
        1280.392156862745,
        501.96078431372547,
        2,
        1173.5294117647059,
        483.3333333333333,
        1,
        1276.9736842105262,
        550.6578947368421,
        2,
        1147.3684210526317,
        557.8947368421052,
        1,
        1247.0588235294117,
        554.9019607843137,
        2,
        1203.921568627451,
        549.0196078431372,
        2,
        1242.1052631578948,
        651.3157894736842,
        2,
        1183.5526315789473,
        640.1315789473684,
        2,
        1237.2549019607843,
        699.0196078431372,
        2,
        1207.8947368421052,
        688.1578947368421,
        2,
        1248.6725663716813,
        723.8938053097345,
        2,
        1213.7254901960785,
        700.0,
        2,
        1228.4313725490197,
        728.9215686274509,
        2,
        1186.1842105263158,
        724.3421052631579,
        2
      ],
      "num_keypoints": 21,
      "iscrowd": 0,
      "segmentation": []
    },
    {
      "category_id": 1,
      "image_id": 0,
      "id": 1,
      "bbox": [
        788.7149859943978,
        342.0238095238096,
        71.13445378151255,
        517.1428571428571
      ],
      "area": 36786.67466986791,
      "keypoints": [
        848.6725663716813,
        392.03539823008845,
        1,
        841.0714285714286,
        380.3571428571429,
        0,
        838.6904761904763,
        385.11904761904765,
        1,
        816.0714285714286,
        392.8571428571429,
        0,
        822.0238095238095,
        393.45238095238096,
        2,
        809.3922651933701,
        435.91160220994476,
        0,
        808.8397790055249,
        451.38121546961327,
        2,
        830.0884955752211,
        517.6991150442477,
        0,
        812.3893805309733,
        542.4778761061947,
        2,
        842.4778761061946,
        560.1769911504424,
        0,
        853.9215686274509,
        608.8235294117646,
        2,
        813.7254901960785,
        614.7058823529412,
        0,
        830.327868852459,
        622.9508196721312,
        2,
        813.9344262295082,
        706.5573770491803,
        0,
        817.2131147540983,
        706.5573770491803,
        2,
        804.0983606557377,
        770.4918032786885,
        0,
        809.7345132743362,
        795.575221238938,
        2,
        795.1351351351351,
        789.7297297297297,
        1,
        794.6428571428572,
        816.0714285714286,
        2,
        845.2380952380953,
        789.2857142857143,
        2,
        838.6666666666666,
        815.5555555555555,
        2
      ],
      "num_keypoints": 13,
      "iscrowd": 0,
      "segmentation": []
    }
  ]
}