{
  "categories": [
    {
      "supercategory": "person",
      "id": 1,
      "name": "person",
      "keypoints": [
        "nose",
        "left_eye",
        "right_eye",
        "left_ear",
        "right_ear",
        "left_shoulder",
        "right_shoulder",
        "left_elbow",
        "right_elbow",
        "left_wrist",
        "right_wrist",
        "left_hip",
        "right_hip",
        "left_knee",
        "right_knee",
        "left_ankle",
        "right_ankle",
        "left_heel",
        "right_heel",
        "left_foot",
        "right_foot"
      ],
      "skeleton": [
        [
          1,
          2
        ],
        [
          0,
          1
        ],
        [
          0,
          2
        ],
        [
          1,
          3
        ],
        [
          2,
          4
        ],
        [
          5,
          6
        ],
        [
          5,
          7
        ],
        [
          7,
          9
        ],
        [
          6,
          8
        ],
        [
          8,
          10
        ],
        [
          5,
          11
        ],
        [
          6,
          12
        ],
        [
          11,
          12
        ],
        [
          11,
          13
        ],
        [
          13,
          15
        ],
        [
          12,
          14
        ],
        [
          14,
          16
        ],
        [
          16,
          18
        ],
        [
          16,
          20
        ],
        [
          20,
          18
        ],
        [
          15,
          17
        ],
        [
          15,
          19
        ],
        [
          19,
          17
        ]
      ]
    }
  ],
  "images": [
    {
      "file_name": "000000000250.jpg",
      "height": 1200,
      "width": 1600,
      "id": 0
    }
  ],
  "annotations": [
    {
      "category_id": 1,
      "image_id": 0,
      "id": 0,
      "bbox": [
        539.812951496388,
        272.08104575163395,
        486.9504643962848,
        644.3607843137255
      ],
      "area": 313771.7831603229,
      "keypoints": [
        795.9016393442623,
        336.0655737704918,
        2,
        810.6666666666666,
        325.77777777777777,
        2,
        798.6666666666666,
        325.77777777777777,
        0,
        845.1327433628318,
        345.13274336283183,
        1,
        820.3539823008849,
        337.16814159292034,
        0,
        863.716814159292,
        398.23008849557516,
        2,
        784.313725490196,
        380.3921568627451,
        1,
        929.4117647058823,
        488.2352941176471,
        2,
        744.1176470588235,
        467.6470588235294,
        0,
        986.1842105263157,
        557.8947368421052,
        2,
        804.6052631578947,
        534.8684210526316,
        0,
        725.4901960784314,
        546.0784313725491,
        2,
        676.4705882352941,
        534.313725490196,
        2,
        631.3253012048192,
        680.722891566265,
        2,
        632.5301204819276,
        657.8313253012047,
        2,
        615.6626506024096,
        793.9759036144577,
        1,
        624.0963855421686,
        773.4939759036143,
        0,
        655.4216867469879,
        816.867469879518,
        2,
        662.6506024096385,
        804.8192771084337,
        2,
        580.3921568627451,
        862.7450980392157,
        2,
        599.2753623188405,
        831.159420289855,
        0
      ],
      "num_keypoints": 15,
      "iscrowd": 0,
      "segmentation": []
    },
    {
      "category_id": 1,
      "image_id": 0,
      "id": 1,
      "bbox": [
        700.7971014492754,
        314.27536231884056,
        112.17391304347814,
        637.391304347826
      ],
      "area": 71498.67674858215,
      "keypoints": [
        772.5663716814158,
        382.30088495575217,
        1,
        777.5362318840579,
        367.39130434782606,
        1,
        753.3333333333334,
        370.6666666666667,
        2,
        784.4444444444445,
        360.0,
        0,
        726.2222222222222,
        377.77777777777777,
        2,
        806.8627450980392,
        414.70588235294116,
        0,
        744.1176470588235,
        431.37254901960785,
        0,
        849.0196078431372,
        519.6078431372549,
        0,
        729.4117647058823,
        528.4313725490196,
        0,
        822.5490196078431,
        465.6862745098039,
        0,
        797.8260869565217,
        444.5652173913043,
        0,
        788.0434782608695,
        638.0434782608695,
        2,
        745.0819672131147,
        644.2622950819672,
        2,
        793.4782608695651,
        754.3478260869565,
        1,
        750.0,
        763.0434782608695,
        2,
        769.6078431372549,
        858.8235294117646,
        2,
        728.3185840707964,
        861.9469026548671,
        2,
        761.3095238095239,
        878.5714285714286,
        1,
        710.1449275362319,
        884.7826086956521,
        2,
        803.623188405797,
        880.4347826086956,
        2,
        741.3043478260869,
        898.5507246376811,
        2
      ],
      "num_keypoints": 14,
      "iscrowd": 0,
      "segmentation": []
    }
  ]
}