{
  "categories": [
    {
      "supercategory": "person",
      "id": 1,
      "name": "person",
      "keypoints": [
        "nose",
        "left_eye",
        "right_eye",
        "left_ear",
        "right_ear",
        "left_shoulder",
        "right_shoulder",
        "left_elbow",
        "right_elbow",
        "left_wrist",
        "right_wrist",
        "left_hip",
        "right_hip",
        "left_knee",
        "right_knee",
        "left_ankle",
        "right_ankle",
        "left_heel",
        "right_heel",
        "left_foot",
        "right_foot"
      ],
      "skeleton": [
        [
          1,
          2
        ],
        [
          0,
          1
        ],
        [
          0,
          2
        ],
        [
          1,
          3
        ],
        [
          2,
          4
        ],
        [
          5,
          6
        ],
        [
          5,
          7
        ],
        [
          7,
          9
        ],
        [
          6,
          8
        ],
        [
          8,
          10
        ],
        [
          5,
          11
        ],
        [
          6,
          12
        ],
        [
          11,
          12
        ],
        [
          11,
          13
        ],
        [
          13,
          15
        ],
        [
          12,
          14
        ],
        [
          14,
          16
        ],
        [
          16,
          18
        ],
        [
          16,
          20
        ],
        [
          20,
          18
        ],
        [
          15,
          17
        ],
        [
          15,
          19
        ],
        [
          19,
          17
        ]
      ]
    }
  ],
  "images": [
    {
      "file_name": "000000001883.jpg",
      "height": 1200,
      "width": 1600,
      "id": 0
    }
  ],
  "annotations": [
    {
      "category_id": 1,
      "image_id": 0,
      "id": 0,
      "bbox": [
        826.6531385281386,
        284.4444444444444,
        405.16233766233756,
        253.33333333333343
      ],
      "area": 102641.12554112556,
      "keypoints": [
        871.5277777777778,
        369.44444444444446,
        2,
        878.4722222222223,
        352.77777777777777,
        2,
        860.4166666666667,
        358.33333333333337,
        1,
        914.5833333333334,
        329.1666666666667,
        2,
        867.3611111111112,
        337.5,
        0,
        1003.4722222222223,
        368.05555555555554,
        2,
        915.9722222222223,
        305.55555555555554,
        1,
        1025.6944444444443,
        434.72222222222223,
        2,
        913.1944444444446,
        427.77777777777777,
        2,
        1068.75,
        516.6666666666667,
        2,
        907.6388888888889,
        504.1666666666667,
        2,
        1086.8055555555554,
        448.61111111111114,
        2,
        1090.9722222222222,
        405.55555555555554,
        0,
        1103.4722222222222,
        502.77777777777777,
        1,
        1118.75,
        447.22222222222223,
        1,
        1171.5277777777778,
        458.33333333333337,
        2,
        1177.0833333333333,
        412.5,
        2,
        1198.051948051948,
        444.15584415584414,
        2,
        1198.051948051948,
        392.2077922077922,
        2,
        1185.064935064935,
        458.4415584415584,
        1,
        1192.857142857143,
        427.27272727272725,
        2
      ],
      "num_keypoints": 19,
      "iscrowd": 0,
      "segmentation": []
    },
    {
      "category_id": 1,
      "image_id": 0,
      "id": 1,
      "bbox": [
        688.9642857142858,
        328.90476190476187,
        222.42857142857133,
        619.3766233766235
      ],
      "area": 137767.05751391462,
      "keypoints": [
        769.4805194805194,
        389.6103896103896,
        0,
        765.5844155844155,
        381.8181818181818,
        0,
        777.2727272727273,
        375.3246753246753,
        0,
        729.2207792207791,
        381.8181818181818,
        0,
        747.4025974025974,
        380.5194805194805,
        2,
        770.7792207792207,
        429.87012987012986,
        2,
        739.6103896103896,
        474.025974025974,
        2,
        844.8051948051948,
        441.55844155844153,
        2,
        820.1298701298701,
        532.4675324675325,
        2,
        892.8571428571428,
        394.8051948051948,
        1,
        878.5714285714286,
        490.9090909090909,
        2,
        786.3636363636364,
        646.7532467532467,
        1,
        748.7012987012987,
        651.9480519480519,
        2,
        775.3246753246752,
        729.8701298701299,
        2,
        737.6623376623377,
        738.961038961039,
        2,
        772.5,
        821.6666666666667,
        2,
        709.1666666666667,
        878.3333333333334,
        2,
        764.1666666666667,
        841.6666666666667,
        2,
        707.5,
        896.6666666666667,
        2,
        814.1666666666667,
        845.0000000000001,
        2,
        744.1666666666667,
        895.0000000000001,
        2
      ],
      "num_keypoints": 17,
      "iscrowd": 0,
      "segmentation": []
    }
  ]
}