{
  "categories": [
    {
      "supercategory": "person",
      "id": 1,
      "name": "person",
      "keypoints": [
        "nose",
        "left_eye",
        "right_eye",
        "left_ear",
        "right_ear",
        "left_shoulder",
        "right_shoulder",
        "left_elbow",
        "right_elbow",
        "left_wrist",
        "right_wrist",
        "left_hip",
        "right_hip",
        "left_knee",
        "right_knee",
        "left_ankle",
        "right_ankle",
        "left_heel",
        "right_heel",
        "left_foot",
        "right_foot"
      ],
      "skeleton": [
        [
          1,
          2
        ],
        [
          0,
          1
        ],
        [
          0,
          2
        ],
        [
          1,
          3
        ],
        [
          2,
          4
        ],
        [
          5,
          6
        ],
        [
          5,
          7
        ],
        [
          7,
          9
        ],
        [
          6,
          8
        ],
        [
          8,
          10
        ],
        [
          5,
          11
        ],
        [
          6,
          12
        ],
        [
          11,
          12
        ],
        [
          11,
          13
        ],
        [
          13,
          15
        ],
        [
          12,
          14
        ],
        [
          14,
          16
        ],
        [
          16,
          18
        ],
        [
          16,
          20
        ],
        [
          20,
          18
        ],
        [
          15,
          17
        ],
        [
          15,
          19
        ],
        [
          19,
          17
        ]
      ]
    }
  ],
  "images": [
    {
      "file_name": "000000001688.jpg",
      "height": 1200,
      "width": 1600,
      "id": 0
    }
  ],
  "annotations": [
    {
      "category_id": 1,
      "image_id": 0,
      "id": 0,
      "bbox": [
        768.7500000000001,
        447.22222222222223,
        199.9999999999999,
        350.00000000000006
      ],
      "area": 69999.99999999997,
      "keypoints": [
        800.6944444444446,
        534.7222222222223,
        1,
        806.2500000000001,
        518.0555555555555,
        1,
        785.4166666666667,
        523.6111111111111,
        1,
        831.2500000000001,
        506.94444444444446,
        2,
        797.9166666666667,
        505.5555555555556,
        0,
        867.3611111111112,
        505.5555555555556,
        1,
        788.1944444444446,
        536.1111111111111,
        1,
        952.0833333333334,
        476.3888888888889,
        2,
        793.7500000000001,
        583.3333333333334,
        2,
        925.6944444444445,
        498.61111111111114,
        1,
        789.5833333333334,
        637.5,
        2,
        889.5833333333334,
        626.3888888888889,
        1,
        835.4166666666667,
        618.0555555555555,
        2,
        849.3055555555557,
        701.3888888888889,
        2,
        804.8611111111112,
        679.1666666666667,
        1,
        878.4722222222223,
        745.8333333333334,
        2,
        839.5833333333334,
        745.8333333333334,
        2,
        888.1944444444446,
        730.5555555555555,
        2,
        853.4722222222223,
        759.7222222222223,
        1,
        879.8611111111112,
        768.0555555555557,
        2,
        820.1388888888889,
        759.7222222222223,
        2
      ],
      "num_keypoints": 20,
      "iscrowd": 0,
      "segmentation": []
    },
    {
      "category_id": 1,
      "image_id": 0,
      "id": 1,
      "bbox": [
        542.077922077922,
        342.0952380952381,
        313.2467532467532,
        601.3506493506494
      ],
      "area": 188371.1384719177,
      "keypoints": [
        648.7012987012987,
        414.2857142857143,
        0,
        633.1168831168831,
        406.49350649350646,
        0,
        668.1818181818181,
        396.1038961038961,
        0,
        624.025974025974,
        385.7142857142857,
        0,
        650.0,
        392.2077922077922,
        2,
        572.077922077922,
        479.2207792207792,
        2,
        668.1818181818181,
        485.7142857142857,
        2,
        568.1818181818181,
        580.5194805194805,
        2,
        764.2857142857142,
        546.7532467532467,
        2,
        598.051948051948,
        641.5584415584416,
        0,
        829.2207792207791,
        524.6753246753246,
        2,
        625.3246753246754,
        667.5324675324675,
        0,
        674.6753246753246,
        655.8441558441558,
        2,
        683.1168831168831,
        732.4675324675325,
        0,
        707.7922077922077,
        724.6753246753246,
        1,
        669.1666666666667,
        828.3333333333334,
        1,
        644.1666666666667,
        876.6666666666667,
        1,
        650.8333333333334,
        861.6666666666667,
        1,
        620.8333333333334,
        890.0000000000001,
        1,
        694.1666666666667,
        841.6666666666667,
        2,
        665.8333333333334,
        893.3333333333334,
        2
      ],
      "num_keypoints": 14,
      "iscrowd": 0,
      "segmentation": []
    }
  ]
}