{
  "categories": [
    {
      "supercategory": "person",
      "id": 1,
      "name": "person",
      "keypoints": [
        "nose",
        "left_eye",
        "right_eye",
        "left_ear",
        "right_ear",
        "left_shoulder",
        "right_shoulder",
        "left_elbow",
        "right_elbow",
        "left_wrist",
        "right_wrist",
        "left_hip",
        "right_hip",
        "left_knee",
        "right_knee",
        "left_ankle",
        "right_ankle",
        "left_heel",
        "right_heel",
        "left_foot",
        "right_foot"
      ],
      "skeleton": [
        [
          1,
          2
        ],
        [
          0,
          1
        ],
        [
          0,
          2
        ],
        [
          1,
          3
        ],
        [
          2,
          4
        ],
        [
          5,
          6
        ],
        [
          5,
          7
        ],
        [
          7,
          9
        ],
        [
          6,
          8
        ],
        [
          8,
          10
        ],
        [
          5,
          11
        ],
        [
          6,
          12
        ],
        [
          11,
          12
        ],
        [
          11,
          13
        ],
        [
          13,
          15
        ],
        [
          12,
          14
        ],
        [
          14,
          16
        ],
        [
          16,
          18
        ],
        [
          16,
          20
        ],
        [
          20,
          18
        ],
        [
          15,
          17
        ],
        [
          15,
          19
        ],
        [
          19,
          17
        ]
      ]
    }
  ],
  "images": [
    {
      "file_name": "000000000149.jpg",
      "height": 1200,
      "width": 1600,
      "id": 0
    }
  ],
  "annotations": [
    {
      "category_id": 1,
      "image_id": 0,
      "id": 0,
      "bbox": [
        170.76086956521738,
        229.83762748255504,
        546.5217391304349,
        854.9919484702093
      ],
      "area": 467271.6866204579,
      "keypoints": [
        386.0655737704918,
        352.45901639344265,
        2,
        397.3451327433628,
        333.62831858407077,
        2,
        384.9557522123893,
        332.74336283185835,
        1,
        452.2123893805309,
        346.0176991150442,
        2,
        425.0,
        338.1578947368421,
        0,
        507.89473684210526,
        432.2368421052632,
        2,
        390.13157894736844,
        399.34210526315786,
        2,
        594.2622950819672,
        500.0,
        2,
        292.62295081967216,
        360.65573770491807,
        2,
        671.7391304347826,
        557.6086956521739,
        2,
        216.30434782608694,
        301.0869565217391,
        2,
        479.50819672131155,
        660.655737704918,
        1,
        427.0491803278689,
        667.2131147540983,
        2,
        441.8032786885246,
        824.5901639344263,
        1,
        513.9344262295082,
        800.0,
        0,
        436.95652173913044,
        959.7826086956521,
        2,
        561.9565217391304,
        870.6521739130434,
        2,
        453.0864197530864,
        998.7654320987654,
        2,
        609.8765432098766,
        890.1234567901234,
        2,
        400.0,
        1013.5802469135801,
        2,
        543.1372549019608,
        934.313725490196,
        2
      ],
      "num_keypoints": 19,
      "iscrowd": 0,
      "segmentation": []
    },
    {
      "category_id": 1,
      "image_id": 0,
      "id": 1,
      "bbox": [
        791.8837535014006,
        280.7738095238095,
        225.96638655462175,
        595.0000000000001
      ],
      "area": 134449.99999999997,
      "keypoints": [
        891.150442477876,
        343.36283185840705,
        2,
        907.1428571428572,
        333.33333333333337,
        2,
        883.9285714285714,
        330.3571428571429,
        2,
        923.8095238095239,
        338.6904761904762,
        1,
        864.8809523809524,
        335.11904761904765,
        2,
        923.5294117647059,
        395.09803921568624,
        2,
        845.0980392156863,
        393.1372549019608,
        2,
        950.9803921568628,
        487.2549019607843,
        2,
        819.6078431372549,
        500.0,
        2,
        999.0196078431372,
        471.5686274509804,
        1,
        813.7254901960785,
        571.5686274509803,
        1,
        913.0434782608695,
        591.3043478260869,
        2,
        861.9565217391304,
        594.5652173913044,
        2,
        889.2156862745098,
        685.2941176470588,
        2,
        833.3333333333334,
        699.0196078431372,
        2,
        877.4509803921568,
        762.7450980392157,
        2,
        830.4347826086956,
        784.7826086956521,
        2,
        860.5263157894736,
        786.8421052631579,
        2,
        810.7142857142858,
        813.6904761904763,
        2,
        910.7142857142858,
        787.5,
        2,
        849.4047619047619,
        826.1904761904763,
        2
      ],
      "num_keypoints": 21,
      "iscrowd": 0,
      "segmentation": []
    }
  ]
}