{
  "categories": [
    {
      "supercategory": "person",
      "id": 1,
      "name": "person",
      "keypoints": [
        "nose",
        "left_eye",
        "right_eye",
        "left_ear",
        "right_ear",
        "left_shoulder",
        "right_shoulder",
        "left_elbow",
        "right_elbow",
        "left_wrist",
        "right_wrist",
        "left_hip",
        "right_hip",
        "left_knee",
        "right_knee",
        "left_ankle",
        "right_ankle",
        "left_heel",
        "right_heel",
        "left_foot",
        "right_foot"
      ],
      "skeleton": [
        [
          1,
          2
        ],
        [
          0,
          1
        ],
        [
          0,
          2
        ],
        [
          1,
          3
        ],
        [
          2,
          4
        ],
        [
          5,
          6
        ],
        [
          5,
          7
        ],
        [
          7,
          9
        ],
        [
          6,
          8
        ],
        [
          8,
          10
        ],
        [
          5,
          11
        ],
        [
          6,
          12
        ],
        [
          11,
          12
        ],
        [
          11,
          13
        ],
        [
          13,
          15
        ],
        [
          12,
          14
        ],
        [
          14,
          16
        ],
        [
          16,
          18
        ],
        [
          16,
          20
        ],
        [
          20,
          18
        ],
        [
          15,
          17
        ],
        [
          15,
          19
        ],
        [
          19,
          17
        ]
      ]
    }
  ],
  "images": [
    {
      "file_name": "000000000415.jpg",
      "height": 1200,
      "width": 1600,
      "id": 0
    }
  ],
  "annotations": [
    {
      "category_id": 1,
      "image_id": 0,
      "id": 0,
      "bbox": [
        445.44117647058823,
        307.2493005770239,
        195.88235294117652,
        690.4170309494668
      ],
      "area": 135240.51253304267,
      "keypoints": [
        471.0843373493976,
        380.72289156626505,
        2,
        489.3687707641196,
        364.7840531561462,
        2,
        466.1129568106312,
        367.77408637873754,
        2,
        531.5217391304348,
        371.73913043478257,
        2,
        490.13157894736844,
        375.0,
        0,
        569.7368421052631,
        442.7631578947368,
        2,
        461.7647058823529,
        443.1372549019608,
        2,
        616.3043478260869,
        566.3043478260869,
        1,
        468.4782608695652,
        579.3478260869565,
        1,
        625.0,
        650.0,
        1,
        475.0,
        648.9130434782609,
        2,
        580.3921568627451,
        655.8823529411765,
        2,
        507.84313725490193,
        647.0588235294117,
        1,
        515.6626506024096,
        807.2289156626505,
        0,
        586.7469879518072,
        796.3855421686746,
        1,
        575.0,
        888.0434782608695,
        2,
        605.4347826086956,
        860.8695652173913,
        0,
        600.9803921568628,
        913.7254901960785,
        2,
        654.9019607843137,
        888.2352941176471,
        0,
        548.6842105263158,
        940.1315789473684,
        2,
        582.8947368421052,
        917.7631578947369,
        0
      ],
      "num_keypoints": 16,
      "iscrowd": 0,
      "segmentation": []
    },
    {
      "category_id": 1,
      "image_id": 0,
      "id": 1,
      "bbox": [
        731.5129203539823,
        296.50951632617426,
        184.676814159292,
        533.4520691461498
      ],
      "area": 98516.2286365933,
      "keypoints": [
        802.3809523809524,
        349.4047619047619,
        2,
        812.7450980392157,
        342.6470588235294,
        2,
        794.2771084337348,
        340.96385542168673,
        2,
        835.8433734939758,
        352.4096385542168,
        2,
        784.9397590361446,
        342.4698795180723,
        1,
        855.2,
        392.8,
        2,
        766.4,
        400.0,
        2,
        888.0,
        474.4,
        0,
        752.8,
        486.4,
        2,
        900.8,
        498.4,
        1,
        746.9026548672566,
        518.5840707964601,
        2,
        844.078947368421,
        577.6315789473684,
        2,
        784.0707964601769,
        580.5309734513273,
        2,
        845.1327433628318,
        675.221238938053,
        2,
        782.3008849557522,
        678.7610619469026,
        1,
        831.858407079646,
        744.2477876106194,
        2,
        781.5217391304348,
        739.1304347826086,
        2,
        841.3043478260869,
        773.9130434782608,
        1,
        798.5507246376811,
        764.4927536231884,
        2,
        826.086956521739,
        785.5072463768115,
        2,
        773.1884057971014,
        776.8115942028985,
        2
      ],
      "num_keypoints": 20,
      "iscrowd": 0,
      "segmentation": []
    }
  ]
}