{
  "categories": [
    {
      "supercategory": "person",
      "id": 1,
      "name": "person",
      "keypoints": [
        "nose",
        "left_eye",
        "right_eye",
        "left_ear",
        "right_ear",
        "left_shoulder",
        "right_shoulder",
        "left_elbow",
        "right_elbow",
        "left_wrist",
        "right_wrist",
        "left_hip",
        "right_hip",
        "left_knee",
        "right_knee",
        "left_ankle",
        "right_ankle",
        "left_heel",
        "right_heel",
        "left_foot",
        "right_foot"
      ],
      "skeleton": [
        [
          1,
          2
        ],
        [
          0,
          1
        ],
        [
          0,
          2
        ],
        [
          1,
          3
        ],
        [
          2,
          4
        ],
        [
          5,
          6
        ],
        [
          5,
          7
        ],
        [
          7,
          9
        ],
        [
          6,
          8
        ],
        [
          8,
          10
        ],
        [
          5,
          11
        ],
        [
          6,
          12
        ],
        [
          11,
          12
        ],
        [
          11,
          13
        ],
        [
          13,
          15
        ],
        [
          12,
          14
        ],
        [
          14,
          16
        ],
        [
          16,
          18
        ],
        [
          16,
          20
        ],
        [
          20,
          18
        ],
        [
          15,
          17
        ],
        [
          15,
          19
        ],
        [
          19,
          17
        ]
      ]
    }
  ],
  "images": [
    {
      "file_name": "000000001414.jpg",
      "height": 1200,
      "width": 1600,
      "id": 0
    }
  ],
  "annotations": [
    {
      "category_id": 1,
      "image_id": 0,
      "id": 0,
      "bbox": [
        921.043956043956,
        299.22202797202794,
        238.38161838161852,
        690.104895104895
      ],
      "area": 164508.32174818197,
      "keypoints": [
        984.5930232558139,
        376.16279069767444,
        2,
        1000.5813953488372,
        359.30232558139534,
        2,
        974.3589743589744,
        356.7307692307692,
        2,
        1033.974358974359,
        366.025641025641,
        2,
        970.3296703296703,
        370.3296703296703,
        0,
        1069.2307692307693,
        404.94505494505495,
        2,
        950.5494505494505,
        393.4065934065934,
        2,
        1139.5604395604396,
        486.8131868131868,
        2,
        920.4081632653061,
        454.0816326530612,
        0,
        1081.3186813186812,
        535.1648351648352,
        2,
        896.1538461538461,
        501.64835164835165,
        0,
        1060.3896103896104,
        625.974025974026,
        2,
        940.9090909090909,
        640.2597402597403,
        2,
        1022.7272727272726,
        788.3116883116883,
        2,
        961.6883116883117,
        770.1298701298701,
        2,
        1023.3766233766235,
        885.7142857142857,
        2,
        971.4285714285714,
        870.1298701298701,
        2,
        1040.25974025974,
        902.5974025974026,
        1,
        996.2121212121211,
        898.4848484848485,
        2,
        1025.0,
        931.8181818181818,
        2,
        964.3939393939394,
        904.5454545454545,
        2
      ],
      "num_keypoints": 18,
      "iscrowd": 0,
      "segmentation": []
    },
    {
      "category_id": 1,
      "image_id": 0,
      "id": 1,
      "bbox": [
        678.3999999999999,
        286.5333333333333,
        251.20000000000005,
        688.8727272727273
      ],
      "area": 173044.82909090913,
      "keypoints": [
        814.935064935065,
        362.3376623376623,
        2,
        821.9696969696969,
        343.93939393939394,
        1,
        810.3030303030303,
        346.66666666666663,
        2,
        773.9393939393939,
        325.45454545454544,
        0,
        761.2121212121211,
        346.060606060606,
        2,
        827.8787878787878,
        409.6969696969697,
        2,
        753.9393939393939,
        421.81818181818176,
        2,
        862.1212121212121,
        512.1212121212121,
        1,
        833.3333333333334,
        504.54545454545456,
        2,
        901.9999999999999,
        451.3333333333333,
        2,
        908.6666666666666,
        438.0,
        2,
        814.0,
        600.6666666666666,
        2,
        770.0,
        607.3333333333334,
        2,
        814.0,
        730.0,
        2,
        762.0,
        742.0,
        2,
        795.3333333333333,
        818.0,
        2,
        726.0,
        856.6666666666666,
        2,
        771.3333333333333,
        840.6666666666666,
        2,
        699.3333333333333,
        880.6666666666666,
        2,
        855.3333333333333,
        859.3333333333334,
        2,
        755.3333333333333,
        918.0,
        2
      ],
      "num_keypoints": 20,
      "iscrowd": 0,
      "segmentation": []
    }
  ]
}