{
  "categories": [
    {
      "supercategory": "person",
      "id": 1,
      "name": "person",
      "keypoints": [
        "nose",
        "left_eye",
        "right_eye",
        "left_ear",
        "right_ear",
        "left_shoulder",
        "right_shoulder",
        "left_elbow",
        "right_elbow",
        "left_wrist",
        "right_wrist",
        "left_hip",
        "right_hip",
        "left_knee",
        "right_knee",
        "left_ankle",
        "right_ankle",
        "left_heel",
        "right_heel",
        "left_foot",
        "right_foot"
      ],
      "skeleton": [
        [
          1,
          2
        ],
        [
          0,
          1
        ],
        [
          0,
          2
        ],
        [
          1,
          3
        ],
        [
          2,
          4
        ],
        [
          5,
          6
        ],
        [
          5,
          7
        ],
        [
          7,
          9
        ],
        [
          6,
          8
        ],
        [
          8,
          10
        ],
        [
          5,
          11
        ],
        [
          6,
          12
        ],
        [
          11,
          12
        ],
        [
          11,
          13
        ],
        [
          13,
          15
        ],
        [
          12,
          14
        ],
        [
          14,
          16
        ],
        [
          16,
          18
        ],
        [
          16,
          20
        ],
        [
          20,
          18
        ],
        [
          15,
          17
        ],
        [
          15,
          19
        ],
        [
          19,
          17
        ]
      ]
    }
  ],
  "images": [
    {
      "file_name": "000000001607.jpg",
      "height": 1200,
      "width": 1600,
      "id": 0
    }
  ],
  "annotations": [
    {
      "category_id": 1,
      "image_id": 0,
      "id": 0,
      "bbox": [
        776.6666666666667,
        165.0,
        388.33333333333326,
        436.66666666666674
      ],
      "area": 169572.22222222222,
      "keypoints": [
        1064.5833333333333,
        215.2777777777778,
        2,
        1082.638888888889,
        202.77777777777777,
        2,
        1054.861111111111,
        201.38888888888889,
        2,
        1120.138888888889,
        215.2777777777778,
        2,
        1057.638888888889,
        191.66666666666669,
        0,
        1132.638888888889,
        297.22222222222223,
        2,
        1024.3055555555554,
        291.6666666666667,
        1,
        1129.861111111111,
        416.6666666666667,
        2,
        995.138888888889,
        397.22222222222223,
        2,
        1125.6944444444443,
        504.1666666666667,
        2,
        974.3055555555555,
        484.72222222222223,
        2,
        1077.0833333333333,
        461.11111111111114,
        2,
        1011.8055555555555,
        434.72222222222223,
        2,
        1014.5833333333334,
        497.22222222222223,
        2,
        939.5833333333334,
        479.1666666666667,
        1,
        911.8055555555557,
        522.2222222222223,
        2,
        856.2500000000001,
        533.3333333333334,
        1,
        879.8611111111112,
        565.2777777777778,
        2,
        834.0277777777778,
        563.8888888888889,
        2,
        871.5277777777778,
        513.8888888888889,
        2,
        809.0277777777778,
        525.0000000000001,
        1
      ],
      "num_keypoints": 20,
      "iscrowd": 0,
      "segmentation": []
    },
    {
      "category_id": 1,
      "image_id": 0,
      "id": 1,
      "bbox": [
        769.5768398268399,
        242.04761904761904,
        235.07792207792193,
        648.6753246753248
      ],
      "area": 152489.2474278967,
      "keypoints": [
        888.961038961039,
        311.68831168831167,
        2,
        903.2467532467532,
        296.1038961038961,
        2,
        875.974025974026,
        301.2987012987013,
        2,
        894.1558441558441,
        306.49350649350646,
        0,
        850.0,
        322.0779220779221,
        2,
        907.1428571428571,
        396.1038961038961,
        1,
        827.9220779220778,
        383.1168831168831,
        2,
        912.3376623376623,
        464.93506493506493,
        2,
        929.2207792207791,
        384.4155844155844,
        2,
        959.090909090909,
        479.2207792207792,
        0,
        985.064935064935,
        315.5844155844156,
        2,
        882.4675324675325,
        585.7142857142857,
        1,
        846.1038961038961,
        596.1038961038961,
        2,
        874.0259740259739,
        677.922077922078,
        1,
        840.2597402597402,
        688.3116883116883,
        1,
        844.1666666666667,
        775.0000000000001,
        2,
        810.8333333333335,
        803.3333333333334,
        2,
        832.5,
        801.6666666666667,
        1,
        789.1666666666667,
        826.6666666666667,
        2,
        867.5,
        798.3333333333334,
        2,
        827.5,
        836.6666666666667,
        2
      ],
      "num_keypoints": 19,
      "iscrowd": 0,
      "segmentation": []
    }
  ]
}