{
  "categories": [
    {
      "supercategory": "person",
      "id": 1,
      "name": "person",
      "keypoints": [
        "nose",
        "left_eye",
        "right_eye",
        "left_ear",
        "right_ear",
        "left_shoulder",
        "right_shoulder",
        "left_elbow",
        "right_elbow",
        "left_wrist",
        "right_wrist",
        "left_hip",
        "right_hip",
        "left_knee",
        "right_knee",
        "left_ankle",
        "right_ankle",
        "left_heel",
        "right_heel",
        "left_foot",
        "right_foot"
      ],
      "skeleton": [
        [
          1,
          2
        ],
        [
          0,
          1
        ],
        [
          0,
          2
        ],
        [
          1,
          3
        ],
        [
          2,
          4
        ],
        [
          5,
          6
        ],
        [
          5,
          7
        ],
        [
          7,
          9
        ],
        [
          6,
          8
        ],
        [
          8,
          10
        ],
        [
          5,
          11
        ],
        [
          6,
          12
        ],
        [
          11,
          12
        ],
        [
          11,
          13
        ],
        [
          13,
          15
        ],
        [
          12,
          14
        ],
        [
          14,
          16
        ],
        [
          16,
          18
        ],
        [
          16,
          20
        ],
        [
          20,
          18
        ],
        [
          15,
          17
        ],
        [
          15,
          19
        ],
        [
          19,
          17
        ]
      ]
    }
  ],
  "images": [
    {
      "file_name": "000000000245.jpg",
      "height": 1200,
      "width": 1600,
      "id": 0
    }
  ],
  "annotations": [
    {
      "category_id": 1,
      "image_id": 0,
      "id": 0,
      "bbox": [
        786.8520886615515,
        350.3367433930094,
        351.89258312020434,
        231.25319693094622
      ],
      "area": 81376.28482283598,
      "keypoints": [
        827.0491803278688,
        378.6885245901639,
        2,
        835.7843137254902,
        369.6078431372549,
        2,
        816.1764705882352,
        370.09803921568624,
        1,
        869.6078431372549,
        361.7647058823529,
        0,
        822.5490196078431,
        358.8235294117647,
        0,
        933.3333333333334,
        396.078431372549,
        2,
        829.3478260869565,
        398.9130434782609,
        2,
        966.3043478260869,
        488.04347826086956,
        2,
        847.8260869565217,
        477.17391304347825,
        2,
        1000.7246376811594,
        562.3188405797101,
        2,
        847.8260869565216,
        535.5072463768115,
        2,
        1008.695652173913,
        472.8260869565217,
        2,
        977.1739130434783,
        455.4347826086956,
        2,
        1046.7213114754097,
        490.1639344262295,
        0,
        1014.4578313253011,
        456.62650602409633,
        0,
        1085.8695652173913,
        434.78260869565213,
        2,
        1036.9565217391305,
        428.2608695652174,
        1,
        1084.3373493975903,
        389.15662650602405,
        2,
        1043.3734939759036,
        402.4096385542168,
        2,
        1109.4202898550723,
        429.7101449275362,
        2,
        1063.157894736842,
        428.2894736842105,
        0
      ],
      "num_keypoints": 16,
      "iscrowd": 0,
      "segmentation": []
    },
    {
      "category_id": 1,
      "image_id": 0,
      "id": 1,
      "bbox": [
        696.5446224256293,
        309.2606516290727,
        151.9908466819221,
        674.5864661654136
      ],
      "area": 102530.96815264702,
      "keypoints": [
        774.5098039215686,
        380.3921568627451,
        2,
        783.9285714285714,
        365.4761904761905,
        1,
        763.1229235880398,
        369.4352159468438,
        2,
        757.8073089700996,
        363.12292358803984,
        0,
        728.9036544850497,
        375.0830564784053,
        2,
        792.156862745098,
        426.4705882352941,
        1,
        720.5882352941177,
        454.9019607843137,
        2,
        851.9607843137255,
        467.6470588235294,
        0,
        750.9803921568628,
        556.8627450980392,
        2,
        864.7058823529412,
        482.35294117647055,
        0,
        835.8695652173913,
        502.17391304347825,
        2,
        788.0434782608695,
        641.3043478260869,
        2,
        746.7213114754098,
        649.1803278688525,
        2,
        786.6666666666666,
        760.0,
        2,
        736.0,
        774.6666666666666,
        2,
        771.6814159292035,
        858.4070796460176,
        2,
        724.5098039215686,
        879.4117647058823,
        2,
        750.7246376811594,
        878.2608695652173,
        1,
        709.2105263157895,
        905.2631578947369,
        2,
        801.3157894736842,
        882.2368421052631,
        2,
        749.3421052631579,
        927.6315789473684,
        2
      ],
      "num_keypoints": 18,
      "iscrowd": 0,
      "segmentation": []
    }
  ]
}