{
  "categories": [
    {
      "supercategory": "person",
      "id": 1,
      "name": "person",
      "keypoints": [
        "nose",
        "left_eye",
        "right_eye",
        "left_ear",
        "right_ear",
        "left_shoulder",
        "right_shoulder",
        "left_elbow",
        "right_elbow",
        "left_wrist",
        "right_wrist",
        "left_hip",
        "right_hip",
        "left_knee",
        "right_knee",
        "left_ankle",
        "right_ankle",
        "left_heel",
        "right_heel",
        "left_foot",
        "right_foot"
      ],
      "skeleton": [
        [
          1,
          2
        ],
        [
          0,
          1
        ],
        [
          0,
          2
        ],
        [
          1,
          3
        ],
        [
          2,
          4
        ],
        [
          5,
          6
        ],
        [
          5,
          7
        ],
        [
          7,
          9
        ],
        [
          6,
          8
        ],
        [
          8,
          10
        ],
        [
          5,
          11
        ],
        [
          6,
          12
        ],
        [
          11,
          12
        ],
        [
          11,
          13
        ],
        [
          13,
          15
        ],
        [
          12,
          14
        ],
        [
          14,
          16
        ],
        [
          16,
          18
        ],
        [
          16,
          20
        ],
        [
          20,
          18
        ],
        [
          15,
          17
        ],
        [
          15,
          19
        ],
        [
          19,
          17
        ]
      ]
    }
  ],
  "images": [
    {
      "file_name": "000000001062.jpg",
      "height": 1200,
      "width": 1600,
      "id": 0
    }
  ],
  "annotations": [
    {
      "category_id": 1,
      "image_id": 0,
      "id": 0,
      "bbox": [
        808.0526987463404,
        258.23778683936996,
        236.31559192252826,
        637.2943151834971
      ],
      "area": 150602.58332145042,
      "keypoints": [
        845.0819672131147,
        354.09836065573774,
        1,
        843.3526011560693,
        346.8208092485549,
        2,
        827.7456647398844,
        349.71098265895955,
        1,
        879.6833773087071,
        311.34564643799473,
        2,
        827.4406332453826,
        331.9261213720317,
        0,
        959.1836734693878,
        333.67346938775506,
        2,
        837.3134328358208,
        313.93034825870643,
        0,
        998.507462686567,
        457.7114427860696,
        2,
        857.1428571428572,
        460.204081632653,
        2,
        1018.3673469387757,
        574.4897959183673,
        2,
        859.1836734693878,
        539.7959183673469,
        2,
        982.2222222222222,
        536.6666666666666,
        2,
        888.961038961039,
        536.3636363636364,
        0,
        972.0779220779222,
        674.025974025974,
        2,
        925.3246753246752,
        683.1168831168831,
        2,
        1013.6363636363636,
        790.9090909090909,
        2,
        972.7272727272727,
        776.6233766233767,
        2,
        1024.6753246753246,
        806.4935064935065,
        2,
        984.0909090909091,
        798.4848484848485,
        1,
        997.7272727272726,
        842.4242424242424,
        2,
        964.3939393939394,
        822.7272727272727,
        2
      ],
      "num_keypoints": 18,
      "iscrowd": 0,
      "segmentation": []
    },
    {
      "category_id": 1,
      "image_id": 0,
      "id": 1,
      "bbox": [
        711.5642915642915,
        286.9924812030075,
        147.71498771498784,
        685.9603554340397
      ],
      "area": 101326.62547590786,
      "keypoints": [
        787.6623376623376,
        359.7402597402597,
        1,
        793.5064935064935,
        344.15584415584414,
        2,
        772.7272727272726,
        346.80134680134677,
        2,
        756.9023569023568,
        336.026936026936,
        0,
        735.6902356902357,
        352.86195286195283,
        2,
        799.6632996632997,
        396.6329966329966,
        2,
        723.8738738738738,
        413.5135135135135,
        2,
        846.969696969697,
        506.06060606060606,
        1,
        795.4545454545455,
        500.0,
        2,
        855.2631578947369,
        454.38596491228077,
        0,
        830.7017543859649,
        391.22807017543863,
        2,
        816.6666666666666,
        619.2982456140351,
        2,
        758.7719298245614,
        635.0877192982456,
        2,
        837.719298245614,
        738.5964912280701,
        2,
        760.5263157894736,
        780.7017543859649,
        2,
        813.1578947368421,
        838.5964912280701,
        2,
        741.2280701754386,
        873.6842105263158,
        2,
        797.3684210526316,
        863.1578947368421,
        2,
        728.9473684210526,
        900.0,
        2,
        825.438596491228,
        878.9473684210526,
        2,
        753.5087719298245,
        915.7894736842105,
        2
      ],
      "num_keypoints": 19,
      "iscrowd": 0,
      "segmentation": []
    }
  ]
}