{
  "categories": [
    {
      "supercategory": "person",
      "id": 1,
      "name": "person",
      "keypoints": [
        "nose",
        "left_eye",
        "right_eye",
        "left_ear",
        "right_ear",
        "left_shoulder",
        "right_shoulder",
        "left_elbow",
        "right_elbow",
        "left_wrist",
        "right_wrist",
        "left_hip",
        "right_hip",
        "left_knee",
        "right_knee",
        "left_ankle",
        "right_ankle",
        "left_heel",
        "right_heel",
        "left_foot",
        "right_foot"
      ],
      "skeleton": [
        [
          1,
          2
        ],
        [
          0,
          1
        ],
        [
          0,
          2
        ],
        [
          1,
          3
        ],
        [
          2,
          4
        ],
        [
          5,
          6
        ],
        [
          5,
          7
        ],
        [
          7,
          9
        ],
        [
          6,
          8
        ],
        [
          8,
          10
        ],
        [
          5,
          11
        ],
        [
          6,
          12
        ],
        [
          11,
          12
        ],
        [
          11,
          13
        ],
        [
          13,
          15
        ],
        [
          12,
          14
        ],
        [
          14,
          16
        ],
        [
          16,
          18
        ],
        [
          16,
          20
        ],
        [
          20,
          18
        ],
        [
          15,
          17
        ],
        [
          15,
          19
        ],
        [
          19,
          17
        ]
      ]
    }
  ],
  "images": [
    {
      "file_name": "000000001808.jpg",
      "height": 1200,
      "width": 1600,
      "id": 0
    }
  ],
  "annotations": [
    {
      "category_id": 1,
      "image_id": 0,
      "id": 0,
      "bbox": [
        877.9166666666667,
        355.97222222222223,
        206.66666666666652,
        195.00000000000006
      ],
      "area": 40299.999999999985,
      "keypoints": [
        946.5277777777779,
        404.1666666666667,
        1,
        964.5833333333334,
        397.22222222222223,
        1,
        927.0833333333334,
        402.77777777777777,
        1,
        982.638888888889,
        372.22222222222223,
        1,
        915.9722222222223,
        386.11111111111114,
        0,
        1013.1944444444445,
        373.61111111111114,
        2,
        897.9166666666667,
        375.0,
        2,
        1045.138888888889,
        461.11111111111114,
        2,
        895.1388888888889,
        448.61111111111114,
        2,
        1067.361111111111,
        534.7222222222223,
        2,
        920.138888888889,
        516.6666666666667,
        1,
        1009.0277777777779,
        487.5,
        1,
        965.9722222222223,
        494.44444444444446,
        1,
        1022.9166666666669,
        495.83333333333337,
        0,
        963.1944444444445,
        473.61111111111114,
        0,
        1013.1944444444445,
        459.72222222222223,
        0,
        992.3611111111112,
        512.5,
        0,
        1024.0259740259742,
        479.2207792207792,
        0,
        952.5974025974026,
        472.7272727272727,
        0,
        1030.5194805194806,
        487.012987012987,
        0,
        959.090909090909,
        506.49350649350646,
        0
      ],
      "num_keypoints": 12,
      "iscrowd": 0,
      "segmentation": []
    },
    {
      "category_id": 1,
      "image_id": 0,
      "id": 1,
      "bbox": [
        686.8831168831168,
        350.85714285714283,
        227.53246753246754,
        620.883116883117
      ],
      "area": 141271.06763366508,
      "keypoints": [
        764.2857142857142,
        425.97402597402595,
        0,
        772.077922077922,
        406.49350649350646,
        0,
        775.974025974026,
        405.1948051948052,
        0,
        746.1038961038961,
        409.09090909090907,
        0,
        753.8961038961039,
        402.5974025974026,
        2,
        705.8441558441558,
        466.23376623376623,
        1,
        770.7792207792207,
        485.7142857142857,
        2,
        811.038961038961,
        481.8181818181818,
        2,
        839.6103896103896,
        529.8701298701299,
        2,
        864.2857142857142,
        451.94805194805195,
        2,
        895.4545454545454,
        523.3766233766233,
        2,
        714.9350649350649,
        651.9480519480519,
        1,
        774.6753246753246,
        676.6233766233767,
        1,
        740.2597402597402,
        762.3376623376623,
        1,
        771.4285714285714,
        790.9090909090909,
        2,
        745.8333333333334,
        861.6666666666667,
        1,
        740.8333333333334,
        905.0000000000001,
        2,
        737.5,
        888.3333333333334,
        1,
        725.8333333333334,
        920.0000000000001,
        2,
        787.5,
        875.0000000000001,
        2,
        765.8333333333334,
        920.0000000000001,
        2
      ],
      "num_keypoints": 17,
      "iscrowd": 0,
      "segmentation": []
    }
  ]
}