{
  "categories": [
    {
      "supercategory": "person",
      "id": 1,
      "name": "person",
      "keypoints": [
        "nose",
        "left_eye",
        "right_eye",
        "left_ear",
        "right_ear",
        "left_shoulder",
        "right_shoulder",
        "left_elbow",
        "right_elbow",
        "left_wrist",
        "right_wrist",
        "left_hip",
        "right_hip",
        "left_knee",
        "right_knee",
        "left_ankle",
        "right_ankle",
        "left_heel",
        "right_heel",
        "left_foot",
        "right_foot"
      ],
      "skeleton": [
        [
          1,
          2
        ],
        [
          0,
          1
        ],
        [
          0,
          2
        ],
        [
          1,
          3
        ],
        [
          2,
          4
        ],
        [
          5,
          6
        ],
        [
          5,
          7
        ],
        [
          7,
          9
        ],
        [
          6,
          8
        ],
        [
          8,
          10
        ],
        [
          5,
          11
        ],
        [
          6,
          12
        ],
        [
          11,
          12
        ],
        [
          11,
          13
        ],
        [
          13,
          15
        ],
        [
          12,
          14
        ],
        [
          14,
          16
        ],
        [
          16,
          18
        ],
        [
          16,
          20
        ],
        [
          20,
          18
        ],
        [
          15,
          17
        ],
        [
          15,
          19
        ],
        [
          19,
          17
        ]
      ]
    }
  ],
  "images": [
    {
      "file_name": "000000001319.jpg",
      "height": 1200,
      "width": 1600,
      "id": 0
    }
  ],
  "annotations": [
    {
      "category_id": 1,
      "image_id": 0,
      "id": 0,
      "bbox": [
        876.8937728937728,
        317.8853885388539,
        248.18381618381613,
        621.8109810981098
      ],
      "area": 154323.42223393163,
      "keypoints": [
        1038.9978213507625,
        380.8278867102397,
        2,
        1051.6339869281046,
        371.8954248366013,
        2,
        1031.4851485148515,
        369.7029702970297,
        2,
        1078.019801980198,
        378.81188118811883,
        2,
        1025.2747252747251,
        381.3186813186813,
        0,
        1104.3956043956043,
        426.37362637362634,
        2,
        1006.5934065934066,
        419.2307692307692,
        2,
        1087.3626373626373,
        493.4065934065934,
        2,
        957.1428571428572,
        476.53061224489795,
        2,
        1042.857142857143,
        541.8367346938776,
        2,
        897.5757575757575,
        515.1515151515151,
        2,
        1095.4545454545455,
        614.2857142857142,
        2,
        1017.5324675324674,
        610.3896103896104,
        2,
        1087.6623376623374,
        746.7532467532467,
        2,
        1026.6233766233768,
        748.051948051948,
        2,
        1066.883116883117,
        837.6623376623377,
        2,
        1038.9610389610389,
        825.974025974026,
        2,
        1077.9220779220777,
        851.9480519480519,
        2,
        1038.6363636363635,
        840.9090909090909,
        2,
        1067.4242424242425,
        887.8787878787879,
        2,
        1015.9090909090909,
        865.1515151515151,
        2
      ],
      "num_keypoints": 20,
      "iscrowd": 0,
      "segmentation": []
    },
    {
      "category_id": 1,
      "image_id": 0,
      "id": 1,
      "bbox": [
        708.9963963963963,
        338.8,
        216.36756756756768,
        643.4909090909091
      ],
      "area": 139230.56275184284,
      "keypoints": [
        783.7662337662338,
        409.09090909090907,
        2,
        784.0909090909091,
        392.42424242424244,
        1,
        768.9189189189188,
        403.6036036036036,
        2,
        791.5422885572139,
        396.01990049751237,
        2,
        740.09009009009,
        412.61261261261257,
        0,
        811.2612612612612,
        460.36036036036035,
        2,
        727.027027027027,
        490.5405405405405,
        2,
        854.5454545454545,
        562.1212121212121,
        1,
        772.7272727272727,
        592.4242424242424,
        1,
        907.3333333333334,
        494.0,
        2,
        830.0,
        524.6666666666666,
        2,
        832.6666666666666,
        638.0,
        2,
        775.3333333333333,
        655.3333333333334,
        2,
        823.3333333333333,
        768.6666666666666,
        2,
        774.0,
        786.0,
        2,
        780.6666666666666,
        847.3333333333334,
        1,
        775.3333333333333,
        882.0,
        2,
        763.3333333333333,
        866.0,
        1,
        775.3333333333333,
        906.0,
        2,
        824.6666666666666,
        872.6666666666666,
        2,
        804.6666666666666,
        928.6666666666666,
        2
      ],
      "num_keypoints": 20,
      "iscrowd": 0,
      "segmentation": []
    }
  ]
}