{
  "categories": [
    {
      "supercategory": "person",
      "id": 1,
      "name": "person",
      "keypoints": [
        "nose",
        "left_eye",
        "right_eye",
        "left_ear",
        "right_ear",
        "left_shoulder",
        "right_shoulder",
        "left_elbow",
        "right_elbow",
        "left_wrist",
        "right_wrist",
        "left_hip",
        "right_hip",
        "left_knee",
        "right_knee",
        "left_ankle",
        "right_ankle",
        "left_heel",
        "right_heel",
        "left_foot",
        "right_foot"
      ],
      "skeleton": [
        [
          1,
          2
        ],
        [
          0,
          1
        ],
        [
          0,
          2
        ],
        [
          1,
          3
        ],
        [
          2,
          4
        ],
        [
          5,
          6
        ],
        [
          5,
          7
        ],
        [
          7,
          9
        ],
        [
          6,
          8
        ],
        [
          8,
          10
        ],
        [
          5,
          11
        ],
        [
          6,
          12
        ],
        [
          11,
          12
        ],
        [
          11,
          13
        ],
        [
          13,
          15
        ],
        [
          12,
          14
        ],
        [
          14,
          16
        ],
        [
          16,
          18
        ],
        [
          16,
          20
        ],
        [
          20,
          18
        ],
        [
          15,
          17
        ],
        [
          15,
          19
        ],
        [
          19,
          17
        ]
      ]
    }
  ],
  "images": [
    {
      "file_name": "000000000703.jpg",
      "height": 1200,
      "width": 1600,
      "id": 0
    }
  ],
  "annotations": [
    {
      "category_id": 1,
      "image_id": 0,
      "id": 0,
      "bbox": [
        805.0871710526316,
        220.49585378236588,
        248.4276315789474,
        672.3777288881366
      ],
      "area": 167037.20671411138,
      "keypoints": [
        930.3921568627451,
        290.19607843137254,
        2,
        948.8745980707396,
        279.4212218649518,
        2,
        925.7234726688104,
        276.5273311897106,
        2,
        985.8520900321544,
        285.2090032154341,
        2,
        937.109375,
        278.90625,
        0,
        1030.46875,
        365.234375,
        2,
        901.953125,
        345.3125,
        2,
        1032.8125,
        466.796875,
        2,
        885.15625,
        455.859375,
        2,
        1024.609375,
        555.46875,
        2,
        873.046875,
        528.515625,
        2,
        1000.0,
        523.046875,
        2,
        910.2564102564102,
        503.84615384615387,
        2,
        939.7435897435896,
        658.974358974359,
        2,
        871.7948717948718,
        642.3076923076923,
        1,
        892.3076923076922,
        797.4358974358975,
        2,
        848.7179487179487,
        782.051282051282,
        2,
        888.9473684210526,
        836.8421052631578,
        2,
        858.9473684210526,
        811.0526315789473,
        1,
        866.3157894736842,
        833.1578947368421,
        2,
        825.7894736842105,
        826.8421052631578,
        2
      ],
      "num_keypoints": 20,
      "iscrowd": 0,
      "segmentation": []
    },
    {
      "category_id": 1,
      "image_id": 0,
      "id": 1,
      "bbox": [
        755.8070607553366,
        307.72180451127815,
        107.45812807881771,
        633.6541353383459
      ],
      "area": 68091.28723286046,
      "keypoints": [
        827.3684210526316,
        374.7368421052631,
        2,
        832.6315789473683,
        360.52631578947364,
        2,
        814.7368421052631,
        361.57894736842104,
        2,
        810.5263157894736,
        366.84210526315786,
        0,
        777.3684210526316,
        363.6842105263158,
        2,
        840.5172413793102,
        419.39655172413796,
        2,
        767.2413793103448,
        436.2068965517242,
        2,
        887.9310344827586,
        506.0344827586207,
        0,
        779.7413793103448,
        545.6896551724138,
        2,
        898.2758620689655,
        480.6034482758621,
        0,
        854.3103448275862,
        508.18965517241384,
        2,
        842.2413793103448,
        594.396551724138,
        2,
        788.4615384615383,
        602.5641025641025,
        2,
        826.9230769230769,
        732.051282051282,
        1,
        792.3076923076923,
        741.025641025641,
        2,
        805.7142857142857,
        832.3809523809523,
        1,
        772.3809523809523,
        869.5238095238095,
        2,
        802.3809523809523,
        850.4761904761905,
        2,
        764.7619047619047,
        883.3333333333333,
        2,
        822.3809523809523,
        846.1904761904761,
        0,
        787.6190476190476,
        888.5714285714286,
        2
      ],
      "num_keypoints": 17,
      "iscrowd": 0,
      "segmentation": []
    }
  ]
}