{
  "categories": [
    {
      "supercategory": "person",
      "id": 1,
      "name": "person",
      "keypoints": [
        "nose",
        "left_eye",
        "right_eye",
        "left_ear",
        "right_ear",
        "left_shoulder",
        "right_shoulder",
        "left_elbow",
        "right_elbow",
        "left_wrist",
        "right_wrist",
        "left_hip",
        "right_hip",
        "left_knee",
        "right_knee",
        "left_ankle",
        "right_ankle",
        "left_heel",
        "right_heel",
        "left_foot",
        "right_foot"
      ],
      "skeleton": [
        [
          1,
          2
        ],
        [
          0,
          1
        ],
        [
          0,
          2
        ],
        [
          1,
          3
        ],
        [
          2,
          4
        ],
        [
          5,
          6
        ],
        [
          5,
          7
        ],
        [
          7,
          9
        ],
        [
          6,
          8
        ],
        [
          8,
          10
        ],
        [
          5,
          11
        ],
        [
          6,
          12
        ],
        [
          11,
          12
        ],
        [
          11,
          13
        ],
        [
          13,
          15
        ],
        [
          12,
          14
        ],
        [
          14,
          16
        ],
        [
          16,
          18
        ],
        [
          16,
          20
        ],
        [
          20,
          18
        ],
        [
          15,
          17
        ],
        [
          15,
          19
        ],
        [
          19,
          17
        ]
      ]
    }
  ],
  "images": [
    {
      "file_name": "000000001782.jpg",
      "height": 1200,
      "width": 1600,
      "id": 0
    }
  ],
  "annotations": [
    {
      "category_id": 1,
      "image_id": 0,
      "id": 0,
      "bbox": [
        909.5833333333334,
        362.77236652236655,
        226.66666666666663,
        563.3982683982683
      ],
      "area": 127703.60750360746,
      "keypoints": [
        961.8055555555555,
        427.77777777777777,
        2,
        978.4722222222223,
        413.8888888888889,
        2,
        953.4722222222223,
        413.8888888888889,
        2,
        1006.2500000000001,
        409.72222222222223,
        2,
        943.7500000000001,
        419.44444444444446,
        0,
        1034.0277777777778,
        462.5,
        2,
        935.4166666666669,
        454.1666666666667,
        2,
        1117.361111111111,
        477.77777777777777,
        2,
        972.9166666666669,
        506.94444444444446,
        0,
        1067.361111111111,
        540.2777777777778,
        2,
        928.4722222222223,
        502.77777777777777,
        1,
        1028.4722222222222,
        641.6666666666667,
        2,
        961.8055555555555,
        630.5555555555555,
        2,
        1017.3611111111112,
        747.2222222222223,
        2,
        970.138888888889,
        758.3333333333334,
        2,
        1021.5277777777779,
        847.2222222222223,
        2,
        985.4166666666669,
        841.6666666666667,
        2,
        1034.4155844155846,
        879.2207792207791,
        2,
        996.7532467532468,
        862.3376623376623,
        1,
        1009.7402597402596,
        876.6233766233767,
        2,
        978.5714285714286,
        868.8311688311688,
        2
      ],
      "num_keypoints": 19,
      "iscrowd": 0,
      "segmentation": []
    },
    {
      "category_id": 1,
      "image_id": 0,
      "id": 1,
      "bbox": [
        773.4426406926409,
        356.95238095238096,
        148.6883116883114,
        563.3246753246754
      ],
      "area": 83759.79490639214,
      "keypoints": [
        850.0,
        422.0779220779221,
        1,
        843.5064935064935,
        401.2987012987013,
        0,
        850.0,
        402.5974025974026,
        0,
        811.038961038961,
        397.4025974025974,
        0,
        826.6233766233765,
        403.8961038961039,
        2,
        799.3506493506493,
        474.025974025974,
        0,
        808.4415584415584,
        468.83116883116884,
        2,
        857.7922077922078,
        500.0,
        1,
        837.012987012987,
        554.5454545454545,
        1,
        909.7402597402597,
        472.7272727272727,
        2,
        901.9480519480519,
        518.1818181818181,
        2,
        781.1688311688312,
        651.9480519480519,
        0,
        827.9220779220778,
        663.6363636363636,
        1,
        788.3116883116883,
        738.961038961039,
        2,
        825.974025974026,
        755.8441558441558,
        2,
        799.1666666666667,
        851.6666666666667,
        1,
        800.8333333333335,
        861.6666666666667,
        2,
        785.8333333333335,
        865.0000000000001,
        1,
        790.8333333333335,
        873.3333333333334,
        2,
        830.8333333333335,
        858.3333333333334,
        1,
        832.5,
        870.0000000000001,
        2
      ],
      "num_keypoints": 16,
      "iscrowd": 0,
      "segmentation": []
    }
  ]
}