{
  "categories": [
    {
      "supercategory": "person",
      "id": 1,
      "name": "person",
      "keypoints": [
        "nose",
        "left_eye",
        "right_eye",
        "left_ear",
        "right_ear",
        "left_shoulder",
        "right_shoulder",
        "left_elbow",
        "right_elbow",
        "left_wrist",
        "right_wrist",
        "left_hip",
        "right_hip",
        "left_knee",
        "right_knee",
        "left_ankle",
        "right_ankle",
        "left_heel",
        "right_heel",
        "left_foot",
        "right_foot"
      ],
      "skeleton": [
        [
          1,
          2
        ],
        [
          0,
          1
        ],
        [
          0,
          2
        ],
        [
          1,
          3
        ],
        [
          2,
          4
        ],
        [
          5,
          6
        ],
        [
          5,
          7
        ],
        [
          7,
          9
        ],
        [
          6,
          8
        ],
        [
          8,
          10
        ],
        [
          5,
          11
        ],
        [
          6,
          12
        ],
        [
          11,
          12
        ],
        [
          11,
          13
        ],
        [
          13,
          15
        ],
        [
          12,
          14
        ],
        [
          14,
          16
        ],
        [
          16,
          18
        ],
        [
          16,
          20
        ],
        [
          20,
          18
        ],
        [
          15,
          17
        ],
        [
          15,
          19
        ],
        [
          19,
          17
        ]
      ]
    }
  ],
  "images": [
    {
      "file_name": "000000000202.jpg",
      "height": 1200,
      "width": 1600,
      "id": 0
    }
  ],
  "annotations": [
    {
      "category_id": 1,
      "image_id": 0,
      "id": 0,
      "bbox": [
        857.9411764705882,
        255.92474827768945,
        187.05882352941182,
        623.0206677265501
      ],
      "area": 116541.51313943705,
      "keypoints": [
        899.1803278688525,
        331.1475409836066,
        2,
        907.6612903225806,
        314.51612903225805,
        2,
        885.483870967742,
        316.53225806451616,
        2,
        943.1372549019608,
        307.84313725490193,
        2,
        880.2631578947369,
        307.89473684210526,
        0,
        997.3684210526316,
        365.13157894736844,
        2,
        886.0655737704918,
        355.7377049180328,
        2,
        1008.433734939759,
        468.6746987951807,
        2,
        881.9277108433735,
        451.8072289156626,
        2,
        1029.4117647058824,
        554.9019607843137,
        2,
        873.5294117647059,
        527.4509803921569,
        2,
        995.9016393442623,
        552.4590163934427,
        2,
        927.0491803278687,
        555.7377049180328,
        2,
        987.704918032787,
        672.1311475409836,
        2,
        940.2173913043478,
        665.2173913043478,
        2,
        987.2549019607843,
        762.7450980392157,
        2,
        955.8823529411765,
        749.0196078431372,
        2,
        1003.9215686274509,
        788.2352941176471,
        2,
        968.6274509803922,
        776.4705882352941,
        1,
        975.6756756756756,
        827.027027027027,
        2,
        940.1960784313725,
        808.8235294117646,
        2
      ],
      "num_keypoints": 20,
      "iscrowd": 0,
      "segmentation": []
    },
    {
      "category_id": 1,
      "image_id": 0,
      "id": 1,
      "bbox": [
        755.5797101449274,
        314.1075514874142,
        98.26086956521749,
        620.183066361556
      ],
      "area": 60939.72739030948,
      "keypoints": [
        823.2,
        376.0,
        2,
        830.2631578947369,
        365.7894736842105,
        1,
        817.7631578947369,
        369.07894736842104,
        2,
        794.078947368421,
        363.1578947368421,
        0,
        776.3157894736842,
        367.7631578947368,
        2,
        833.695652173913,
        420.65217391304344,
        1,
        775.0,
        443.4782608695652,
        2,
        877.1084337349397,
        471.0843373493976,
        0,
        779.5180722891565,
        548.1927710843373,
        2,
        895.1807228915662,
        477.1084337349397,
        0,
        840.1960784313725,
        506.8627450980392,
        2,
        839.2156862745098,
        612.7450980392157,
        2,
        796.0784313725491,
        621.5686274509803,
        2,
        825.4901960784314,
        738.2352941176471,
        2,
        786.2745098039215,
        755.8823529411765,
        2,
        815.6862745098039,
        824.5098039215686,
        1,
        774.6987951807229,
        846.9879518072288,
        2,
        797.8260869565216,
        840.5797101449275,
        2,
        763.7681159420289,
        872.463768115942,
        2,
        845.6521739130434,
        849.2753623188405,
        2,
        799.9999999999999,
        882.6086956521739,
        2
      ],
      "num_keypoints": 18,
      "iscrowd": 0,
      "segmentation": []
    }
  ]
}