{
  "categories": [
    {
      "supercategory": "person",
      "id": 1,
      "name": "person",
      "keypoints": [
        "nose",
        "left_eye",
        "right_eye",
        "left_ear",
        "right_ear",
        "left_shoulder",
        "right_shoulder",
        "left_elbow",
        "right_elbow",
        "left_wrist",
        "right_wrist",
        "left_hip",
        "right_hip",
        "left_knee",
        "right_knee",
        "left_ankle",
        "right_ankle",
        "left_heel",
        "right_heel",
        "left_foot",
        "right_foot"
      ],
      "skeleton": [
        [
          1,
          2
        ],
        [
          0,
          1
        ],
        [
          0,
          2
        ],
        [
          1,
          3
        ],
        [
          2,
          4
        ],
        [
          5,
          6
        ],
        [
          5,
          7
        ],
        [
          7,
          9
        ],
        [
          6,
          8
        ],
        [
          8,
          10
        ],
        [
          5,
          11
        ],
        [
          6,
          12
        ],
        [
          11,
          12
        ],
        [
          11,
          13
        ],
        [
          13,
          15
        ],
        [
          12,
          14
        ],
        [
          14,
          16
        ],
        [
          16,
          18
        ],
        [
          16,
          20
        ],
        [
          20,
          18
        ],
        [
          15,
          17
        ],
        [
          15,
          19
        ],
        [
          19,
          17
        ]
      ]
    }
  ],
  "images": [
    {
      "file_name": "000000000576.jpg",
      "height": 1200,
      "width": 1600,
      "id": 0
    }
  ],
  "annotations": [
    {
      "category_id": 1,
      "image_id": 0,
      "id": 0,
      "bbox": [
        934.9735449735449,
        389.34314695695207,
        218.41269841269855,
        498.09500247402275
      ],
      "area": 108790.27355623107,
      "keypoints": [
        979.4117647058823,
        450.0,
        2,
        990.0709219858156,
        438.6524822695036,
        2,
        972.340425531915,
        435.10638297872345,
        2,
        1023.758865248227,
        430.8510638297873,
        2,
        971.4285714285713,
        427.77777777777777,
        0,
        1065.873015873016,
        464.8148148148148,
        2,
        959.2592592592592,
        459.25925925925924,
        2,
        1135.1851851851852,
        463.7566137566137,
        2,
        966.1375661375661,
        493.38624338624334,
        0,
        1102.9100529100529,
        524.074074074074,
        2,
        953.1746031746031,
        508.46560846560845,
        2,
        1059.7883597883597,
        616.9312169312169,
        2,
        991.0256410256409,
        612.8205128205128,
        2,
        1025.6410256410256,
        742.3076923076923,
        2,
        979.4871794871794,
        741.025641025641,
        2,
        1067.9487179487178,
        819.2307692307692,
        2,
        1007.6923076923076,
        815.3846153846154,
        2,
        1076.1627906976744,
        827.3255813953489,
        2,
        1022.6744186046511,
        821.5116279069767,
        1,
        1052.3255813953488,
        845.9302325581396,
        2,
        1001.1627906976744,
        842.4418604651163,
        2
      ],
      "num_keypoints": 19,
      "iscrowd": 0,
      "segmentation": []
    },
    {
      "category_id": 1,
      "image_id": 0,
      "id": 1,
      "bbox": [
        796.6275372951822,
        329.3036099137931,
        164.60748349229652,
        571.7941810344828
      ],
      "area": 94121.60121562483,
      "keypoints": [
        875.78125,
        389.84375,
        2,
        880.46875,
        378.90625,
        1,
        865.234375,
        381.25,
        2,
        858.984375,
        373.046875,
        0,
        833.203125,
        376.953125,
        2,
        869.140625,
        406.640625,
        2,
        815.6028368794326,
        434.7517730496454,
        2,
        872.3404255319149,
        497.87234042553195,
        0,
        815.6028368794326,
        534.0425531914894,
        2,
        947.517730496454,
        483.68794326241135,
        2,
        883.6879432624114,
        511.34751773049646,
        2,
        890.0709219858156,
        578.7234042553192,
        2,
        852.5641025641025,
        582.051282051282,
        2,
        889.7435897435896,
        698.7179487179487,
        2,
        850.0,
        708.974358974359,
        2,
        852.5641025641025,
        796.1538461538462,
        1,
        817.2413793103448,
        836.2068965517242,
        2,
        833.6206896551723,
        808.6206896551724,
        0,
        810.3448275862069,
        853.4482758620691,
        2,
        879.3103448275862,
        814.6551724137931,
        2,
        844.8275862068965,
        852.5862068965517,
        2
      ],
      "num_keypoints": 18,
      "iscrowd": 0,
      "segmentation": []
    }
  ]
}