{
  "categories": [
    {
      "supercategory": "person",
      "id": 1,
      "name": "person",
      "keypoints": [
        "nose",
        "left_eye",
        "right_eye",
        "left_ear",
        "right_ear",
        "left_shoulder",
        "right_shoulder",
        "left_elbow",
        "right_elbow",
        "left_wrist",
        "right_wrist",
        "left_hip",
        "right_hip",
        "left_knee",
        "right_knee",
        "left_ankle",
        "right_ankle",
        "left_heel",
        "right_heel",
        "left_foot",
        "right_foot"
      ],
      "skeleton": [
        [
          1,
          2
        ],
        [
          0,
          1
        ],
        [
          0,
          2
        ],
        [
          1,
          3
        ],
        [
          2,
          4
        ],
        [
          5,
          6
        ],
        [
          5,
          7
        ],
        [
          7,
          9
        ],
        [
          6,
          8
        ],
        [
          8,
          10
        ],
        [
          5,
          11
        ],
        [
          6,
          12
        ],
        [
          11,
          12
        ],
        [
          11,
          13
        ],
        [
          13,
          15
        ],
        [
          12,
          14
        ],
        [
          14,
          16
        ],
        [
          16,
          18
        ],
        [
          16,
          20
        ],
        [
          20,
          18
        ],
        [
          15,
          17
        ],
        [
          15,
          19
        ],
        [
          19,
          17
        ]
      ]
    }
  ],
  "images": [
    {
      "file_name": "000000001199.jpg",
      "height": 1200,
      "width": 1600,
      "id": 0
    }
  ],
  "annotations": [
    {
      "category_id": 1,
      "image_id": 0,
      "id": 0,
      "bbox": [
        791.3495419309373,
        286.10602552366595,
        306.13107822410154,
        312.37413171073183
      ],
      "area": 95627.42974992385,
      "keypoints": [
        826.0869565217391,
        328.2608695652174,
        2,
        839.8416886543536,
        312.1372031662269,
        2,
        816.8604651162791,
        314.5348837209302,
        2,
        879.3604651162791,
        317.1511627906977,
        2,
        817.4418604651163,
        329.6511627906977,
        0,
        930.6122448979593,
        386.73469387755097,
        2,
        818.3673469387755,
        380.61224489795916,
        2,
        946.9387755102042,
        474.48979591836735,
        2,
        832.6530612244899,
        484.69387755102036,
        2,
        989.795918367347,
        572.4489795918367,
        2,
        826.9230769230769,
        545.054945054945,
        2,
        996.7532467532468,
        527.2727272727273,
        2,
        947.3404255319149,
        554.2553191489361,
        0,
        1016.2337662337662,
        559.7402597402597,
        1,
        1000.6493506493506,
        550.6493506493506,
        0,
        1047.4025974025976,
        549.3506493506493,
        2,
        1022.077922077922,
        533.7662337662338,
        0,
        1066.2337662337661,
        529.8701298701299,
        2,
        1032.5757575757575,
        518.1818181818181,
        1,
        1071.969696969697,
        560.6060606060606,
        2,
        1038.6363636363635,
        565.1515151515151,
        2
      ],
      "num_keypoints": 17,
      "iscrowd": 0,
      "segmentation": []
    },
    {
      "category_id": 1,
      "image_id": 0,
      "id": 1,
      "bbox": [
        664.2105263157895,
        313.93098129940233,
        166.31578947368416,
        624.0370156159629
      ],
      "area": 103787.20891297064,
      "keypoints": [
        764.2857142857143,
        380.5194805194805,
        2,
        762.2710622710623,
        356.7765567765568,
        0,
        760.07326007326,
        367.3992673992674,
        0,
        734.5070422535211,
        358.4507042253521,
        0,
        720.8791208791209,
        365.9340659340659,
        2,
        760.7843137254902,
        418.1372549019608,
        2,
        695.5882352941177,
        453.921568627451,
        2,
        816.6666666666666,
        498.4848484848485,
        2,
        712.1212121212121,
        559.0909090909091,
        2,
        820.1754385964912,
        484.21052631578954,
        0,
        788.5964912280701,
        540.3508771929825,
        2,
        751.7543859649122,
        610.5263157894738,
        2,
        697.3684210526316,
        638.5964912280702,
        2,
        734.2105263157895,
        743.859649122807,
        2,
        711.4035087719299,
        756.140350877193,
        2,
        716.6666666666666,
        833.3333333333334,
        2,
        690.3508771929825,
        849.1228070175439,
        2,
        716.6666666666666,
        859.6491228070175,
        2,
        678.0701754385965,
        871.9298245614035,
        2,
        746.4912280701755,
        856.140350877193,
        2,
        699.1228070175439,
        885.9649122807017,
        2
      ],
      "num_keypoints": 17,
      "iscrowd": 0,
      "segmentation": []
    }
  ]
}