{
  "categories": [
    {
      "supercategory": "person",
      "id": 1,
      "name": "person",
      "keypoints": [
        "nose",
        "left_eye",
        "right_eye",
        "left_ear",
        "right_ear",
        "left_shoulder",
        "right_shoulder",
        "left_elbow",
        "right_elbow",
        "left_wrist",
        "right_wrist",
        "left_hip",
        "right_hip",
        "left_knee",
        "right_knee",
        "left_ankle",
        "right_ankle",
        "left_heel",
        "right_heel",
        "left_foot",
        "right_foot"
      ],
      "skeleton": [
        [
          1,
          2
        ],
        [
          0,
          1
        ],
        [
          0,
          2
        ],
        [
          1,
          3
        ],
        [
          2,
          4
        ],
        [
          5,
          6
        ],
        [
          5,
          7
        ],
        [
          7,
          9
        ],
        [
          6,
          8
        ],
        [
          8,
          10
        ],
        [
          5,
          11
        ],
        [
          6,
          12
        ],
        [
          11,
          12
        ],
        [
          11,
          13
        ],
        [
          13,
          15
        ],
        [
          12,
          14
        ],
        [
          14,
          16
        ],
        [
          16,
          18
        ],
        [
          16,
          20
        ],
        [
          20,
          18
        ],
        [
          15,
          17
        ],
        [
          15,
          19
        ],
        [
          19,
          17
        ]
      ]
    }
  ],
  "images": [
    {
      "file_name": "000000001484.jpg",
      "height": 1200,
      "width": 1600,
      "id": 0
    }
  ],
  "annotations": [
    {
      "category_id": 1,
      "image_id": 0,
      "id": 0,
      "bbox": [
        787.7860922146638,
        316.14855680818744,
        195.54648526077074,
        534.4495082753657
      ],
      "area": 104509.72289259496,
      "keypoints": [
        871.4052287581699,
        370.5882352941176,
        2,
        886.2745098039215,
        362.58169934640523,
        2,
        865.9630606860159,
        360.68601583113457,
        2,
        907.915567282322,
        368.0738786279683,
        2,
        864.4444444444443,
        369.6296296296296,
        0,
        929.6296296296296,
        403.3333333333333,
        2,
        841.4814814814814,
        401.85185185185185,
        2,
        967.037037037037,
        478.88888888888886,
        2,
        804.0816326530613,
        470.40816326530614,
        2,
        936.3636363636363,
        496.29629629629625,
        2,
        817.5324675324674,
        501.2987012987013,
        2,
        921.4285714285714,
        563.6363636363636,
        2,
        831.8181818181819,
        564.9350649350649,
        1,
        894.1558441558442,
        662.3376623376623,
        2,
        839.6103896103897,
        685.7142857142857,
        2,
        889.4736842105262,
        766.6666666666667,
        2,
        852.6315789473683,
        763.1578947368422,
        2,
        891.6666666666666,
        783.3333333333334,
        2,
        867.4242424242424,
        777.2727272727273,
        2,
        891.6666666666666,
        806.060606060606,
        2,
        837.1212121212121,
        786.3636363636364,
        2
      ],
      "num_keypoints": 20,
      "iscrowd": 0,
      "segmentation": []
    },
    {
      "category_id": 1,
      "image_id": 0,
      "id": 1,
      "bbox": [
        547.7727272727273,
        646.3891891891892,
        186.72727272727275,
        216.30270270270262
      ],
      "area": 40389.613759213746,
      "keypoints": [
        700.6493506493507,
        677.922077922078,
        2,
        708.108108108108,
        668.4684684684684,
        1,
        699.099099099099,
        671.1711711711711,
        2,
        685.2941176470588,
        644.1176470588235,
        0,
        663.5135135135134,
        664.4144144144144,
        2,
        688.235294117647,
        675.0,
        0,
        630.8823529411765,
        698.5294117647059,
        2,
        718.9393939393939,
        743.9393939393939,
        2,
        647.7272727272727,
        787.8787878787879,
        2,
        708.6666666666666,
        807.3333333333334,
        1,
        688.6666666666666,
        828.6666666666666,
        1,
        591.3333333333333,
        739.3333333333334,
        1,
        563.3333333333333,
        736.6666666666666,
        1,
        678.0,
        768.6666666666666,
        0,
        655.3333333333333,
        768.6666666666666,
        1,
        635.3333333333333,
        791.3333333333334,
        0,
        610.0,
        804.6666666666666,
        2,
        616.6666666666666,
        808.6666666666666,
        2,
        586.0,
        828.6666666666666,
        2,
        676.6666666666666,
        814.0,
        1,
        623.3333333333333,
        844.6666666666666,
        2
      ],
      "num_keypoints": 17,
      "iscrowd": 0,
      "segmentation": []
    }
  ]
}