{
  "categories": [
    {
      "supercategory": "person",
      "id": 1,
      "name": "person",
      "keypoints": [
        "nose",
        "left_eye",
        "right_eye",
        "left_ear",
        "right_ear",
        "left_shoulder",
        "right_shoulder",
        "left_elbow",
        "right_elbow",
        "left_wrist",
        "right_wrist",
        "left_hip",
        "right_hip",
        "left_knee",
        "right_knee",
        "left_ankle",
        "right_ankle",
        "left_heel",
        "right_heel",
        "left_foot",
        "right_foot"
      ],
      "skeleton": [
        [
          1,
          2
        ],
        [
          0,
          1
        ],
        [
          0,
          2
        ],
        [
          1,
          3
        ],
        [
          2,
          4
        ],
        [
          5,
          6
        ],
        [
          5,
          7
        ],
        [
          7,
          9
        ],
        [
          6,
          8
        ],
        [
          8,
          10
        ],
        [
          5,
          11
        ],
        [
          6,
          12
        ],
        [
          11,
          12
        ],
        [
          11,
          13
        ],
        [
          13,
          15
        ],
        [
          12,
          14
        ],
        [
          14,
          16
        ],
        [
          16,
          18
        ],
        [
          16,
          20
        ],
        [
          20,
          18
        ],
        [
          15,
          17
        ],
        [
          15,
          19
        ],
        [
          19,
          17
        ]
      ]
    }
  ],
  "images": [
    {
      "file_name": "000000001415.jpg",
      "height": 1200,
      "width": 1600,
      "id": 0
    }
  ],
  "annotations": [
    {
      "category_id": 1,
      "image_id": 0,
      "id": 0,
      "bbox": [
        868.1834275879025,
        304.12511251125113,
        293.63560363904594,
        684.7560756075607
      ],
      "area": 201068.76360653026,
      "keypoints": [
        988.6627906976744,
        382.2674418604651,
        2,
        1004.0697674418604,
        364.8255813953488,
        2,
        977.4257425742575,
        361.1881188118812,
        2,
        1038.8118811881188,
        361.7821782178218,
        2,
        973.8738738738738,
        376.57657657657654,
        0,
        1072.5225225225224,
        408.10810810810807,
        2,
        954.5045045045044,
        395.49549549549545,
        2,
        1137.3493975903614,
        487.95180722891564,
        2,
        928.5714285714287,
        445.9183673469388,
        1,
        1079.1836734693877,
        538.3673469387754,
        2,
        892.6530612244898,
        495.5102040816326,
        2,
        1064.2857142857142,
        637.6623376623377,
        2,
        940.9090909090909,
        638.961038961039,
        2,
        1025.3246753246754,
        777.922077922078,
        2,
        968.1818181818181,
        766.2337662337662,
        2,
        1025.974025974026,
        877.9220779220778,
        2,
        980.5194805194805,
        854.5454545454545,
        2,
        1010.3896103896103,
        894.8051948051948,
        1,
        996.2121212121211,
        898.4848484848485,
        2,
        1025.0,
        931.8181818181818,
        2,
        964.3939393939394,
        904.5454545454545,
        2
      ],
      "num_keypoints": 20,
      "iscrowd": 0,
      "segmentation": []
    },
    {
      "category_id": 1,
      "image_id": 0,
      "id": 1,
      "bbox": [
        673.0666666666666,
        286.5333333333333,
        267.19999999999993,
        688.8727272727273
      ],
      "area": 184066.79272727267,
      "keypoints": [
        809.7402597402598,
        357.1428571428571,
        2,
        818.9393939393939,
        343.93939393939394,
        1,
        803.3670033670033,
        350.1683501683502,
        2,
        773.9393939393939,
        325.45454545454544,
        0,
        761.2121212121211,
        346.060606060606,
        2,
        821.5488215488215,
        417.17171717171715,
        2,
        753.9393939393939,
        421.81818181818176,
        2,
        854.5454545454545,
        513.6363636363636,
        1,
        834.8484848484849,
        500.0,
        2,
        901.9999999999999,
        454.0,
        0,
        917.9999999999999,
        436.6666666666667,
        2,
        812.6666666666666,
        602.0,
        2,
        763.3333333333333,
        607.3333333333334,
        2,
        814.0,
        730.0,
        2,
        754.0,
        744.6666666666666,
        2,
        795.3333333333333,
        818.0,
        2,
        722.0,
        856.6666666666666,
        2,
        771.3333333333333,
        840.6666666666666,
        2,
        695.3333333333333,
        878.0,
        2,
        855.3333333333333,
        858.0,
        2,
        755.3333333333333,
        918.0,
        2
      ],
      "num_keypoints": 19,
      "iscrowd": 0,
      "segmentation": []
    }
  ]
}