{
  "categories": [
    {
      "supercategory": "person",
      "id": 1,
      "name": "person",
      "keypoints": [
        "nose",
        "left_eye",
        "right_eye",
        "left_ear",
        "right_ear",
        "left_shoulder",
        "right_shoulder",
        "left_elbow",
        "right_elbow",
        "left_wrist",
        "right_wrist",
        "left_hip",
        "right_hip",
        "left_knee",
        "right_knee",
        "left_ankle",
        "right_ankle",
        "left_heel",
        "right_heel",
        "left_foot",
        "right_foot"
      ],
      "skeleton": [
        [
          1,
          2
        ],
        [
          0,
          1
        ],
        [
          0,
          2
        ],
        [
          1,
          3
        ],
        [
          2,
          4
        ],
        [
          5,
          6
        ],
        [
          5,
          7
        ],
        [
          7,
          9
        ],
        [
          6,
          8
        ],
        [
          8,
          10
        ],
        [
          5,
          11
        ],
        [
          6,
          12
        ],
        [
          11,
          12
        ],
        [
          11,
          13
        ],
        [
          13,
          15
        ],
        [
          12,
          14
        ],
        [
          14,
          16
        ],
        [
          16,
          18
        ],
        [
          16,
          20
        ],
        [
          20,
          18
        ],
        [
          15,
          17
        ],
        [
          15,
          19
        ],
        [
          19,
          17
        ]
      ]
    }
  ],
  "images": [
    {
      "file_name": "000000001263.jpg",
      "height": 1200,
      "width": 1600,
      "id": 0
    }
  ],
  "annotations": [
    {
      "category_id": 1,
      "image_id": 0,
      "id": 0,
      "bbox": [
        1145.1859410430839,
        245.36363636363637,
        164.43537414966,
        535.6363636363636
      ],
      "area": 88077.56586270878,
      "keypoints": [
        1237.2549019607843,
        306.8627450980392,
        2,
        1249.6,
        303.3,
        2,
        1231.862745098039,
        301.96078431372547,
        2,
        1268.627450980392,
        316.5032679738562,
        2,
        1227.4599542334097,
        309.6109839816934,
        0,
        1283.6734693877552,
        368.36734693877554,
        2,
        1195.9183673469388,
        333.67346938775506,
        2,
        1295.9183673469388,
        441.8367346938776,
        2,
        1165.3061224489797,
        321.42857142857144,
        2,
        1261.2244897959185,
        529.5918367346939,
        2,
        1158.888888888889,
        290.0,
        2,
        1255.1948051948052,
        548.051948051948,
        2,
        1177.2727272727275,
        523.3766233766233,
        2,
        1233.116883116883,
        618.1818181818181,
        2,
        1183.7662337662337,
        612.9870129870129,
        2,
        1229.2207792207791,
        693.5064935064935,
        2,
        1190.909090909091,
        698.7012987012987,
        2,
        1227.2727272727273,
        723.3766233766233,
        2,
        1196.5174129353231,
        715.4228855721392,
        2,
        1215.909090909091,
        736.3636363636364,
        2,
        1175.1243781094527,
        723.3830845771143,
        2
      ],
      "num_keypoints": 20,
      "iscrowd": 0,
      "segmentation": []
    },
    {
      "category_id": 1,
      "image_id": 0,
      "id": 1,
      "bbox": [
        653.7945387945388,
        270.0168498168498,
        128.09190809190818,
        685.0725274725274
      ],
      "area": 87752.24722530223,
      "keypoints": [
        744.8051948051948,
        338.961038961039,
        2,
        735.6060606060606,
        322.72727272727275,
        0,
        738.4615384615385,
        327.1062271062271,
        2,
        709.3023255813953,
        319.60132890365446,
        0,
        712.4324324324324,
        337.2972972972973,
        2,
        744.5182724252492,
        398.33887043189367,
        2,
        664.4688644688645,
        426.007326007326,
        2,
        771.2121212121212,
        515.1515151515151,
        1,
        674.2424242424242,
        554.5454545454545,
        2,
        766.0,
        612.6666666666666,
        1,
        687.3333333333333,
        663.3333333333334,
        2,
        736.6666666666666,
        611.3333333333334,
        2,
        715.3333333333333,
        622.0,
        2,
        748.6666666666666,
        743.3333333333334,
        2,
        730.0,
        751.3333333333334,
        2,
        719.3333333333333,
        839.3333333333334,
        1,
        698.0,
        847.3333333333334,
        2,
        699.3333333333333,
        871.3333333333334,
        1,
        670.0,
        882.0,
        2,
        766.0,
        884.6666666666666,
        2,
        743.3333333333333,
        898.0,
        2
      ],
      "num_keypoints": 19,
      "iscrowd": 0,
      "segmentation": []
    }
  ]
}