{
  "categories": [
    {
      "supercategory": "person",
      "id": 1,
      "name": "person",
      "keypoints": [
        "nose",
        "left_eye",
        "right_eye",
        "left_ear",
        "right_ear",
        "left_shoulder",
        "right_shoulder",
        "left_elbow",
        "right_elbow",
        "left_wrist",
        "right_wrist",
        "left_hip",
        "right_hip",
        "left_knee",
        "right_knee",
        "left_ankle",
        "right_ankle",
        "left_heel",
        "right_heel",
        "left_foot",
        "right_foot"
      ],
      "skeleton": [
        [
          1,
          2
        ],
        [
          0,
          1
        ],
        [
          0,
          2
        ],
        [
          1,
          3
        ],
        [
          2,
          4
        ],
        [
          5,
          6
        ],
        [
          5,
          7
        ],
        [
          7,
          9
        ],
        [
          6,
          8
        ],
        [
          8,
          10
        ],
        [
          5,
          11
        ],
        [
          6,
          12
        ],
        [
          11,
          12
        ],
        [
          11,
          13
        ],
        [
          13,
          15
        ],
        [
          12,
          14
        ],
        [
          14,
          16
        ],
        [
          16,
          18
        ],
        [
          16,
          20
        ],
        [
          20,
          18
        ],
        [
          15,
          17
        ],
        [
          15,
          19
        ],
        [
          19,
          17
        ]
      ]
    }
  ],
  "images": [
    {
      "file_name": "000000001478.jpg",
      "height": 1200,
      "width": 1600,
      "id": 0
    }
  ],
  "annotations": [
    {
      "category_id": 1,
      "image_id": 0,
      "id": 0,
      "bbox": [
        837.1464646464647,
        293.2015669515669,
        287.5757575757573,
        270.04273504273516
      ],
      "area": 77657.74410774406,
      "keypoints": [
        879.3991416309012,
        340.343347639485,
        2,
        887.5536480686695,
        327.0386266094421,
        1,
        868.9102564102564,
        328.2051282051282,
        2,
        927.5641025641025,
        315.7051282051282,
        2,
        866.6666666666666,
        315.55555555555554,
        0,
        972.2222222222222,
        343.3333333333333,
        2,
        861.1111111111111,
        350.0,
        2,
        1020.0,
        456.66666666666663,
        2,
        875.5102040816328,
        458.1632653061224,
        2,
        1044.4444444444443,
        540.7407407407408,
        2,
        885.064935064935,
        527.2727272727273,
        2,
        1048.7012987012986,
        470.12987012987014,
        2,
        972.0779220779222,
        498.7012987012987,
        2,
        1057.7922077922076,
        494.8051948051948,
        2,
        1018.8311688311688,
        512.987012987013,
        0,
        1084.2105263157894,
        415.7894736842106,
        2,
        1033.3333333333333,
        422.8070175438597,
        0,
        1074.561403508772,
        398.2456140350878,
        2,
        1034.090909090909,
        404.54545454545456,
        1,
        1100.7575757575755,
        415.1515151515152,
        1,
        1049.242424242424,
        433.3333333333333,
        1
      ],
      "num_keypoints": 18,
      "iscrowd": 0,
      "segmentation": []
    },
    {
      "category_id": 1,
      "image_id": 0,
      "id": 1,
      "bbox": [
        709.4666666666666,
        347.1481108312342,
        166.4000000000001,
        522.3838790931991
      ],
      "area": 86924.67748110837,
      "keypoints": [
        790.2597402597402,
        403.8961038961039,
        2,
        797.4811083123425,
        390.68010075566747,
        2,
        778.5185185185185,
        394.0740740740741,
        2,
        790.3703703703703,
        380.3703703703703,
        0,
        752.5925925925925,
        397.4074074074074,
        2,
        807.4074074074074,
        421.1111111111111,
        2,
        739.2592592592592,
        426.29629629629625,
        2,
        828.7878787878788,
        431.8181818181818,
        2,
        798.4848484848485,
        462.1212121212121,
        2,
        859.3333333333333,
        422.0,
        0,
        862.0,
        476.6666666666667,
        2,
        798.0,
        600.6666666666666,
        2,
        740.6666666666666,
        603.3333333333334,
        1,
        783.3333333333333,
        692.6666666666666,
        2,
        734.0,
        694.0,
        2,
        784.6666666666666,
        764.6666666666666,
        2,
        728.6666666666666,
        767.3333333333334,
        2,
        780.6666666666666,
        794.0,
        2,
        727.3333333333333,
        803.3333333333334,
        2,
        775.3333333333333,
        818.0,
        2,
        723.3333333333333,
        826.0,
        2
      ],
      "num_keypoints": 19,
      "iscrowd": 0,
      "segmentation": []
    }
  ]
}