{
  "categories": [
    {
      "supercategory": "person",
      "id": 1,
      "name": "person",
      "keypoints": [
        "nose",
        "left_eye",
        "right_eye",
        "left_ear",
        "right_ear",
        "left_shoulder",
        "right_shoulder",
        "left_elbow",
        "right_elbow",
        "left_wrist",
        "right_wrist",
        "left_hip",
        "right_hip",
        "left_knee",
        "right_knee",
        "left_ankle",
        "right_ankle",
        "left_heel",
        "right_heel",
        "left_foot",
        "right_foot"
      ],
      "skeleton": [
        [
          1,
          2
        ],
        [
          0,
          1
        ],
        [
          0,
          2
        ],
        [
          1,
          3
        ],
        [
          2,
          4
        ],
        [
          5,
          6
        ],
        [
          5,
          7
        ],
        [
          7,
          9
        ],
        [
          6,
          8
        ],
        [
          8,
          10
        ],
        [
          5,
          11
        ],
        [
          6,
          12
        ],
        [
          11,
          12
        ],
        [
          11,
          13
        ],
        [
          13,
          15
        ],
        [
          12,
          14
        ],
        [
          14,
          16
        ],
        [
          16,
          18
        ],
        [
          16,
          20
        ],
        [
          20,
          18
        ],
        [
          15,
          17
        ],
        [
          15,
          19
        ],
        [
          19,
          17
        ]
      ]
    }
  ],
  "images": [
    {
      "file_name": "000000001845.jpg",
      "height": 1200,
      "width": 1600,
      "id": 0
    }
  ],
  "annotations": [
    {
      "category_id": 1,
      "image_id": 0,
      "id": 0,
      "bbox": [
        653.3333333333334,
        424.6248196248197,
        301.66666666666674,
        437.8354978354978
      ],
      "area": 132080.3751803752,
      "keypoints": [
        807.6388888888889,
        470.83333333333337,
        2,
        821.5277777777778,
        462.5,
        2,
        795.1388888888889,
        461.11111111111114,
        2,
        843.7500000000001,
        465.27777777777777,
        1,
        788.1944444444446,
        461.11111111111114,
        0,
        865.9722222222223,
        504.1666666666667,
        2,
        770.1388888888889,
        487.5,
        2,
        911.8055555555557,
        569.4444444444445,
        1,
        702.0833333333334,
        476.3888888888889,
        2,
        929.8611111111112,
        533.3333333333334,
        1,
        678.4722222222223,
        468.0555555555556,
        1,
        856.2500000000001,
        645.8333333333334,
        1,
        785.4166666666667,
        648.6111111111111,
        2,
        825.6944444444446,
        748.6111111111111,
        2,
        782.6388888888889,
        751.3888888888889,
        2,
        859.0277777777778,
        800.0,
        2,
        813.1944444444446,
        802.7777777777778,
        2,
        872.077922077922,
        806.4935064935065,
        1,
        822.7272727272727,
        806.4935064935065,
        1,
        851.2987012987013,
        825.974025974026,
        2,
        807.1428571428571,
        820.7792207792207,
        2
      ],
      "num_keypoints": 20,
      "iscrowd": 0,
      "segmentation": []
    },
    {
      "category_id": 1,
      "image_id": 0,
      "id": 1,
      "bbox": [
        428.5357142857143,
        340.6904761904762,
        195.2337662337663,
        742.883116883117
      ],
      "area": 145035.86878057016,
      "keypoints": [
        520.1298701298701,
        423.37662337662334,
        0,
        492.8571428571429,
        397.4025974025974,
        0,
        544.8051948051948,
        401.2987012987013,
        0,
        490.2597402597403,
        410.38961038961037,
        0,
        527.922077922078,
        402.5974025974026,
        2,
        444.8051948051948,
        503.8961038961039,
        2,
        553.8961038961039,
        510.38961038961037,
        2,
        457.79220779220776,
        605.1948051948052,
        0,
        572.077922077922,
        641.5584415584416,
        1,
        513.6363636363636,
        690.9090909090909,
        0,
        600.6493506493506,
        688.3116883116883,
        1,
        462.9870129870129,
        728.5714285714286,
        2,
        555.1948051948052,
        723.3766233766233,
        2,
        488.3116883116883,
        887.012987012987,
        2,
        593.5064935064935,
        861.038961038961,
        1,
        502.5,
        996.6666666666667,
        2,
        570.8333333333334,
        983.3333333333334,
        2,
        509.16666666666674,
        1021.6666666666667,
        2,
        560.8333333333334,
        1010.0000000000001,
        2,
        534.1666666666667,
        995.0000000000001,
        1,
        607.5,
        998.3333333333334,
        2
      ],
      "num_keypoints": 15,
      "iscrowd": 0,
      "segmentation": []
    }
  ]
}