{
  "categories": [
    {
      "supercategory": "person",
      "id": 1,
      "name": "person",
      "keypoints": [
        "nose",
        "left_eye",
        "right_eye",
        "left_ear",
        "right_ear",
        "left_shoulder",
        "right_shoulder",
        "left_elbow",
        "right_elbow",
        "left_wrist",
        "right_wrist",
        "left_hip",
        "right_hip",
        "left_knee",
        "right_knee",
        "left_ankle",
        "right_ankle",
        "left_heel",
        "right_heel",
        "left_foot",
        "right_foot"
      ],
      "skeleton": [
        [
          1,
          2
        ],
        [
          0,
          1
        ],
        [
          0,
          2
        ],
        [
          1,
          3
        ],
        [
          2,
          4
        ],
        [
          5,
          6
        ],
        [
          5,
          7
        ],
        [
          7,
          9
        ],
        [
          6,
          8
        ],
        [
          8,
          10
        ],
        [
          5,
          11
        ],
        [
          6,
          12
        ],
        [
          11,
          12
        ],
        [
          11,
          13
        ],
        [
          13,
          15
        ],
        [
          12,
          14
        ],
        [
          14,
          16
        ],
        [
          16,
          18
        ],
        [
          16,
          20
        ],
        [
          20,
          18
        ],
        [
          15,
          17
        ],
        [
          15,
          19
        ],
        [
          19,
          17
        ]
      ]
    }
  ],
  "images": [
    {
      "file_name": "000000000264.jpg",
      "height": 1200,
      "width": 1600,
      "id": 0
    }
  ],
  "annotations": [
    {
      "category_id": 1,
      "image_id": 0,
      "id": 0,
      "bbox": [
        848.1884057971014,
        269.379744346116,
        256.5217391304351,
        692.7764011799409
      ],
      "area": 177712.20725920243,
      "keypoints": [
        1013.3333333333334,
        341.3333333333333,
        2,
        1029.3333333333333,
        327.1111111111111,
        2,
        1003.1111111111111,
        327.55555555555554,
        2,
        1051.3274336283184,
        333.62831858407077,
        1,
        991.6666666666667,
        339.8809523809524,
        1,
        1083.3333333333335,
        395.23809523809524,
        2,
        988.0,
        389.3333333333333,
        1,
        1071.7391304347825,
        506.52173913043475,
        2,
        933.695652173913,
        478.2608695652174,
        2,
        1027.1739130434783,
        560.8695652173913,
        2,
        869.5652173913043,
        538.0434782608695,
        2,
        1044.0,
        602.6666666666666,
        2,
        978.6666666666666,
        592.0,
        2,
        1031.3253012048192,
        733.7349397590361,
        2,
        961.44578313253,
        739.7590361445782,
        2,
        1020.5882352941177,
        838.2352941176471,
        2,
        960.7843137254902,
        834.313725490196,
        2,
        1033.5135135135135,
        889.7297297297297,
        2,
        970.8108108108107,
        887.5675675675675,
        2,
        1010.2702702702702,
        894.5945945945946,
        2,
        934.5132743362831,
        904.4247787610618,
        2
      ],
      "num_keypoints": 21,
      "iscrowd": 0,
      "segmentation": []
    },
    {
      "category_id": 1,
      "image_id": 0,
      "id": 1,
      "bbox": [
        720.750773993808,
        267.96655099286676,
        240.46439628482972,
        705.2805089647195
      ],
      "area": 169594.8517996587,
      "keypoints": [
        821.6867469879518,
        348.1927710843373,
        2,
        829.6052631578947,
        331.57894736842104,
        2,
        811.7216117216117,
        337.3626373626374,
        2,
        836.6300366300367,
        326.7399267399267,
        1,
        775.4578754578755,
        347.25274725274727,
        2,
        830.952380952381,
        401.7857142857143,
        1,
        767.2619047619048,
        409.5238095238095,
        2,
        852.2123893805309,
        506.19469026548666,
        0,
        861.0619469026548,
        476.10619469026545,
        2,
        918.5840707964601,
        497.3451327433628,
        0,
        941.1764705882352,
        428.4313725490196,
        2,
        837.2549019607843,
        616.6666666666666,
        2,
        786.0655737704918,
        632.7868852459017,
        2,
        832.3529411764706,
        744.1176470588235,
        2,
        784.313725490196,
        776.4705882352941,
        2,
        814.4,
        846.4,
        2,
        763.8554216867469,
        855.4216867469879,
        2,
        788.8,
        868.0,
        2,
        740.7894736842105,
        884.8684210526316,
        1,
        847.3684210526316,
        871.0526315789474,
        2,
        775.0,
        914.4736842105264,
        2
      ],
      "num_keypoints": 19,
      "iscrowd": 0,
      "segmentation": []
    }
  ]
}