{
  "categories": [
    {
      "supercategory": "person",
      "id": 1,
      "name": "person",
      "keypoints": [
        "nose",
        "left_eye",
        "right_eye",
        "left_ear",
        "right_ear",
        "left_shoulder",
        "right_shoulder",
        "left_elbow",
        "right_elbow",
        "left_wrist",
        "right_wrist",
        "left_hip",
        "right_hip",
        "left_knee",
        "right_knee",
        "left_ankle",
        "right_ankle",
        "left_heel",
        "right_heel",
        "left_foot",
        "right_foot"
      ],
      "skeleton": [
        [
          1,
          2
        ],
        [
          0,
          1
        ],
        [
          0,
          2
        ],
        [
          1,
          3
        ],
        [
          2,
          4
        ],
        [
          5,
          6
        ],
        [
          5,
          7
        ],
        [
          7,
          9
        ],
        [
          6,
          8
        ],
        [
          8,
          10
        ],
        [
          5,
          11
        ],
        [
          6,
          12
        ],
        [
          11,
          12
        ],
        [
          11,
          13
        ],
        [
          13,
          15
        ],
        [
          12,
          14
        ],
        [
          14,
          16
        ],
        [
          16,
          18
        ],
        [
          16,
          20
        ],
        [
          20,
          18
        ],
        [
          15,
          17
        ],
        [
          15,
          19
        ],
        [
          19,
          17
        ]
      ]
    }
  ],
  "images": [
    {
      "file_name": "000000002012.jpg",
      "height": 1200,
      "width": 1600,
      "id": 0
    }
  ],
  "annotations": [
    {
      "category_id": 1,
      "image_id": 0,
      "id": 0,
      "bbox": [
        707.2200772200772,
        332.5133545310016,
        256.21621621621625,
        463.4613672496025
      ],
      "area": 118746.31787908736,
      "keypoints": [
        833.2046332046333,
        377.992277992278,
        2,
        842.1621621621622,
        371.2432432432432,
        2,
        823.7837837837837,
        371.13513513513516,
        2,
        859.4594594594595,
        377.22007722007726,
        1,
        812.7413127413128,
        373.35907335907336,
        1,
        877.2200772200773,
        420.8494208494209,
        2,
        808.1081081081081,
        420.0772200772201,
        2,
        922.3938223938225,
        424.3243243243243,
        2,
        752.1235521235521,
        415.44401544401546,
        2,
        942.0849420849421,
        387.2586872586873,
        2,
        728.5714285714286,
        372.58687258687263,
        2,
        850.1930501930502,
        568.7258687258687,
        2,
        804.2471042471043,
        564.0926640926641,
        1,
        825.4826254826255,
        660.2316602316603,
        1,
        803.4749034749035,
        656.3706563706564,
        1,
        842.8571428571429,
        733.976833976834,
        2,
        819.6911196911198,
        738.996138996139,
        2,
        859.8455598455599,
        742.8571428571429,
        1,
        825.868725868726,
        747.1042471042472,
        1,
        839.3822393822394,
        755.984555984556,
        2,
        802.9411764705883,
        757.3529411764706,
        2
      ],
      "num_keypoints": 21,
      "iscrowd": 0,
      "segmentation": []
    },
    {
      "category_id": 1,
      "image_id": 0,
      "id": 1,
      "bbox": [
        309.1505791505792,
        359.4899311075782,
        168.18532818532816,
        615.8505564387917
      ],
      "area": 103577.02794777515,
      "keypoints": [
        402.7027027027027,
        422.3938223938224,
        2,
        406.5945945945946,
        410.81081081081084,
        2,
        388.3435582822085,
        410.838445807771,
        2,
        399.22779922779927,
        411.5830115830116,
        0,
        349.42084942084944,
        412.74131274131275,
        2,
        426.2548262548263,
        465.2509652509653,
        2,
        330.50193050193053,
        476.83397683397686,
        2,
        440.5405405405406,
        552.1235521235521,
        2,
        323.1660231660232,
        591.5057915057915,
        2,
        463.3204633204633,
        643.2432432432432,
        2,
        336.2934362934363,
        678.7644787644788,
        2,
        422.3938223938224,
        681.8532818532819,
        2,
        361.7760617760618,
        682.2393822393823,
        2,
        402.7027027027027,
        778.3783783783784,
        2,
        375.6756756756757,
        771.4285714285714,
        2,
        386.4864864864865,
        868.7258687258687,
        2,
        363.7065637065637,
        891.891891891892,
        2,
        376.83397683397686,
        884.1698841698842,
        1,
        351.73745173745175,
        916.2162162162163,
        2,
        403.4749034749035,
        894.980694980695,
        2,
        387.2549019607843,
        924.0196078431372,
        2
      ],
      "num_keypoints": 20,
      "iscrowd": 0,
      "segmentation": []
    }
  ]
}