{
  "categories": [
    {
      "supercategory": "person",
      "id": 1,
      "name": "person",
      "keypoints": [
        "nose",
        "left_eye",
        "right_eye",
        "left_ear",
        "right_ear",
        "left_shoulder",
        "right_shoulder",
        "left_elbow",
        "right_elbow",
        "left_wrist",
        "right_wrist",
        "left_hip",
        "right_hip",
        "left_knee",
        "right_knee",
        "left_ankle",
        "right_ankle",
        "left_heel",
        "right_heel",
        "left_foot",
        "right_foot"
      ],
      "skeleton": [
        [
          1,
          2
        ],
        [
          0,
          1
        ],
        [
          0,
          2
        ],
        [
          1,
          3
        ],
        [
          2,
          4
        ],
        [
          5,
          6
        ],
        [
          5,
          7
        ],
        [
          7,
          9
        ],
        [
          6,
          8
        ],
        [
          8,
          10
        ],
        [
          5,
          11
        ],
        [
          6,
          12
        ],
        [
          11,
          12
        ],
        [
          11,
          13
        ],
        [
          13,
          15
        ],
        [
          12,
          14
        ],
        [
          14,
          16
        ],
        [
          16,
          18
        ],
        [
          16,
          20
        ],
        [
          20,
          18
        ],
        [
          15,
          17
        ],
        [
          15,
          19
        ],
        [
          19,
          17
        ]
      ]
    }
  ],
  "images": [
    {
      "file_name": "000000000180.jpg",
      "height": 1200,
      "width": 1600,
      "id": 0
    }
  ],
  "annotations": [
    {
      "category_id": 1,
      "image_id": 0,
      "id": 0,
      "bbox": [
        209.1457633813944,
        327.7180082559339,
        454.10626111001375,
        696.7956656346748
      ],
      "area": 316419.2744790255,
      "keypoints": [
        456.5573770491804,
        401.6393442622951,
        1,
        476.96078431372547,
        385.78431372549016,
        2,
        449.5098039215686,
        385.78431372549016,
        2,
        515.6862745098039,
        400.98039215686276,
        2,
        446.7105263157895,
        405.92105263157896,
        0,
        559.8684210526316,
        449.34210526315786,
        2,
        440.16393442622956,
        447.5409836065574,
        2,
        625.4098360655737,
        483.60655737704917,
        1,
        353.27868852459017,
        460.65573770491807,
        2,
        597.5903614457831,
        416.867469879518,
        1,
        246.98795180722888,
        416.867469879518,
        2,
        551.639344262295,
        681.9672131147541,
        1,
        489.34426229508205,
        678.688524590164,
        2,
        487.7049180327869,
        844.2622950819672,
        1,
        436.8852459016394,
        827.8688524590165,
        0,
        563.7254901960785,
        916.6666666666666,
        2,
        524.5098039215686,
        906.8627450980392,
        0,
        600.0,
        940.1315789473684,
        2,
        547.3684210526316,
        921.0526315789474,
        1,
        547.3684210526316,
        966.4473684210526,
        2,
        499.1150442477876,
        934.5132743362831,
        2
      ],
      "num_keypoints": 18,
      "iscrowd": 0,
      "segmentation": []
    },
    {
      "category_id": 1,
      "image_id": 0,
      "id": 1,
      "bbox": [
        656.9607843137255,
        302.2504761904762,
        222.3529411764705,
        558.7085714285714
      ],
      "area": 124230.494117647,
      "keypoints": [
        712.8,
        358.4,
        2,
        724.4047619047619,
        348.8095238095238,
        2,
        703.5714285714286,
        350.59523809523813,
        1,
        757.1428571428572,
        351.1904761904762,
        2,
        716.6666666666667,
        341.0714285714286,
        0,
        774.4,
        408.8,
        2,
        690.4,
        411.2,
        2,
        829.4117647058823,
        480.3921568627451,
        2,
        676.4705882352941,
        504.9019607843137,
        2,
        860.7843137254902,
        507.84313725490193,
        1,
        675.4901960784314,
        562.7450980392157,
        2,
        755.4347826086956,
        597.8260869565217,
        2,
        710.8695652173913,
        597.8260869565217,
        1,
        765.2173913043478,
        690.2173913043478,
        1,
        714.1304347826086,
        696.7391304347826,
        0,
        768.4782608695651,
        771.7391304347826,
        2,
        715.0442477876105,
        757.5221238938052,
        2,
        788.6904761904763,
        787.5,
        2,
        725.6,
        785.6,
        2,
        774.4,
        814.4,
        2,
        698.4,
        800.8,
        2
      ],
      "num_keypoints": 19,
      "iscrowd": 0,
      "segmentation": []
    }
  ]
}