{
  "categories": [
    {
      "supercategory": "person",
      "id": 1,
      "name": "person",
      "keypoints": [
        "nose",
        "left_eye",
        "right_eye",
        "left_ear",
        "right_ear",
        "left_shoulder",
        "right_shoulder",
        "left_elbow",
        "right_elbow",
        "left_wrist",
        "right_wrist",
        "left_hip",
        "right_hip",
        "left_knee",
        "right_knee",
        "left_ankle",
        "right_ankle",
        "left_heel",
        "right_heel",
        "left_foot",
        "right_foot"
      ],
      "skeleton": [
        [
          1,
          2
        ],
        [
          0,
          1
        ],
        [
          0,
          2
        ],
        [
          1,
          3
        ],
        [
          2,
          4
        ],
        [
          5,
          6
        ],
        [
          5,
          7
        ],
        [
          7,
          9
        ],
        [
          6,
          8
        ],
        [
          8,
          10
        ],
        [
          5,
          11
        ],
        [
          6,
          12
        ],
        [
          11,
          12
        ],
        [
          11,
          13
        ],
        [
          13,
          15
        ],
        [
          12,
          14
        ],
        [
          14,
          16
        ],
        [
          16,
          18
        ],
        [
          16,
          20
        ],
        [
          20,
          18
        ],
        [
          15,
          17
        ],
        [
          15,
          19
        ],
        [
          19,
          17
        ]
      ]
    }
  ],
  "images": [
    {
      "file_name": "000000002021.jpg",
      "height": 1200,
      "width": 1600,
      "id": 0
    }
  ],
  "annotations": [
    {
      "category_id": 1,
      "image_id": 0,
      "id": 0,
      "bbox": [
        830.9584664536741,
        224.7644605451361,
        245.7507987220448,
        669.353670111086
      ],
      "area": 164494.19905733148,
      "keypoints": [
        892.6778242677824,
        323.64016736401675,
        2,
        905.4054054054054,
        310.47297297297297,
        2,
        879.3918918918919,
        309.6283783783784,
        2,
        945.6066945606694,
        280.5439330543933,
        2,
        874.4769874476987,
        297.907949790795,
        0,
        988.7029288702928,
        309.2050209205021,
        2,
        865.8995815899581,
        310.0418410041841,
        2,
        1013.4185303514378,
        446.6453674121406,
        2,
        879.8722044728435,
        441.85303514377,
        2,
        1027.476038338658,
        549.2012779552716,
        2,
        851.4376996805112,
        521.7252396166134,
        2,
        1023.9616613418531,
        558.4664536741215,
        1,
        950.4792332268371,
        560.0638977635783,
        2,
        1020.7667731629393,
        670.926517571885,
        2,
        947.2843450479234,
        667.4121405750799,
        2,
        1038.0191693290735,
        779.5527156549521,
        2,
        952.076677316294,
        759.4249201277955,
        2,
        1056.2300319488818,
        771.2460063897764,
        2,
        974.4408945686902,
        756.5495207667732,
        2,
        1030.9904153354632,
        838.3386581469649,
        2,
        935.2941176470588,
        809.3137254901961,
        2
      ],
      "num_keypoints": 20,
      "iscrowd": 0,
      "segmentation": []
    },
    {
      "category_id": 1,
      "image_id": 0,
      "id": 1,
      "bbox": [
        671.7252396166134,
        306.82796767355586,
        205.111821086262,
        670.0914149443563
      ],
      "area": 137443.67041350697,
      "keypoints": [
        771.7573221757322,
        374.89539748953973,
        2,
        772.1283783783784,
        363.51351351351354,
        1,
        759.4594594594595,
        362.6689189189189,
        2,
        738.2352941176471,
        366.17647058823525,
        0,
        711.715481171548,
        371.9665271966527,
        2,
        768.8284518828451,
        424.89539748953973,
        2,
        706.4853556485356,
        436.61087866108784,
        2,
        841.85303514377,
        485.94249201277955,
        1,
        801.5974440894569,
        496.80511182108626,
        2,
        875.3993610223642,
        433.86581469648564,
        0,
        859.7444089456869,
        429.71246006389777,
        2,
        784.0255591054313,
        653.9936102236422,
        2,
        742.8115015974441,
        657.5079872204473,
        2,
        770.6070287539936,
        752.3961661341854,
        2,
        720.1277955271565,
        757.188498402556,
        2,
        774.1214057507988,
        837.3801916932907,
        2,
        709.9041533546326,
        887.5399361022364,
        2,
        749.8402555910543,
        857.188498402556,
        2,
        688.8178913738019,
        900.3194888178914,
        2,
        818.5303514376997,
        861.3418530351438,
        2,
        743.1372549019608,
        921.0784313725491,
        2
      ],
      "num_keypoints": 19,
      "iscrowd": 0,
      "segmentation": []
    }
  ]
}