{
  "categories": [
    {
      "supercategory": "person",
      "id": 1,
      "name": "person",
      "keypoints": [
        "nose",
        "left_eye",
        "right_eye",
        "left_ear",
        "right_ear",
        "left_shoulder",
        "right_shoulder",
        "left_elbow",
        "right_elbow",
        "left_wrist",
        "right_wrist",
        "left_hip",
        "right_hip",
        "left_knee",
        "right_knee",
        "left_ankle",
        "right_ankle",
        "left_heel",
        "right_heel",
        "left_foot",
        "right_foot"
      ],
      "skeleton": [
        [
          1,
          2
        ],
        [
          0,
          1
        ],
        [
          0,
          2
        ],
        [
          1,
          3
        ],
        [
          2,
          4
        ],
        [
          5,
          6
        ],
        [
          5,
          7
        ],
        [
          7,
          9
        ],
        [
          6,
          8
        ],
        [
          8,
          10
        ],
        [
          5,
          11
        ],
        [
          6,
          12
        ],
        [
          11,
          12
        ],
        [
          11,
          13
        ],
        [
          13,
          15
        ],
        [
          12,
          14
        ],
        [
          14,
          16
        ],
        [
          16,
          18
        ],
        [
          16,
          20
        ],
        [
          20,
          18
        ],
        [
          15,
          17
        ],
        [
          15,
          19
        ],
        [
          19,
          17
        ]
      ]
    }
  ],
  "images": [
    {
      "file_name": "000000001477.jpg",
      "height": 1200,
      "width": 1600,
      "id": 0
    }
  ],
  "annotations": [
    {
      "category_id": 1,
      "image_id": 0,
      "id": 0,
      "bbox": [
        855.9601113172542,
        272.33069481090587,
        283.58070500927636,
        430.18469656992085
      ],
      "area": 121992.07953749978,
      "keypoints": [
        908.5603112840467,
        328.7937743190662,
        2,
        922.1789883268483,
        317.50972762645915,
        2,
        901.3192612137203,
        318.7335092348285,
        2,
        955.6728232189973,
        308.17941952506595,
        2,
        905.0,
        299.0,
        0,
        999.0,
        348.0,
        2,
        881.0,
        342.0,
        2,
        1021.0,
        464.0,
        2,
        879.591836734694,
        456.1224489795918,
        2,
        1043.3333333333333,
        545.0,
        2,
        883.7662337662338,
        531.1688311688312,
        2,
        1004.5454545454546,
        545.4545454545455,
        2,
        921.4285714285714,
        538.961038961039,
        2,
        1037.0129870129872,
        632.4675324675325,
        2,
        975.974025974026,
        641.5584415584416,
        2,
        1084.2105263157894,
        638.5964912280702,
        2,
        1045.6140350877192,
        654.3859649122808,
        2,
        1097.3684210526317,
        622.8070175438597,
        2,
        1056.818181818182,
        640.9090909090909,
        1,
        1115.909090909091,
        660.6060606060606,
        2,
        1062.878787878788,
        666.6666666666666,
        2
      ],
      "num_keypoints": 20,
      "iscrowd": 0,
      "segmentation": []
    },
    {
      "category_id": 1,
      "image_id": 0,
      "id": 1,
      "bbox": [
        705.9151515151515,
        351.72777777777776,
        177.0181818181818,
        515.9333333333333
      ],
      "area": 91329.58060606058,
      "keypoints": [
        816.2337662337662,
        407.79220779220776,
        2,
        821.3888888888889,
        394.72222222222223,
        2,
        804.2432814710043,
        395.89816124469587,
        2,
        825.035360678925,
        392.36209335219235,
        0,
        776.8033946251768,
        400.56577086280055,
        2,
        829.7029702970297,
        419.5190947666195,
        2,
        764.7807637906648,
        428.7128712871287,
        2,
        868.1818181818181,
        427.27272727272725,
        1,
        827.2727272727273,
        465.1515151515152,
        2,
        879.3333333333334,
        424.6666666666667,
        0,
        862.0,
        476.6666666666667,
        2,
        830.0,
        602.0,
        2,
        770.0,
        600.6666666666666,
        1,
        832.6666666666666,
        687.3333333333334,
        2,
        760.6666666666666,
        687.3333333333334,
        2,
        843.3333333333333,
        764.6666666666666,
        2,
        736.6666666666666,
        768.6666666666666,
        2,
        843.3333333333333,
        787.3333333333334,
        2,
        734.0,
        802.0,
        2,
        843.3333333333333,
        811.3333333333334,
        2,
        720.6666666666666,
        824.6666666666666,
        2
      ],
      "num_keypoints": 19,
      "iscrowd": 0,
      "segmentation": []
    }
  ]
}