{
  "categories": [
    {
      "supercategory": "person",
      "id": 1,
      "name": "person",
      "keypoints": [
        "nose",
        "left_eye",
        "right_eye",
        "left_ear",
        "right_ear",
        "left_shoulder",
        "right_shoulder",
        "left_elbow",
        "right_elbow",
        "left_wrist",
        "right_wrist",
        "left_hip",
        "right_hip",
        "left_knee",
        "right_knee",
        "left_ankle",
        "right_ankle",
        "left_heel",
        "right_heel",
        "left_foot",
        "right_foot"
      ],
      "skeleton": [
        [
          1,
          2
        ],
        [
          0,
          1
        ],
        [
          0,
          2
        ],
        [
          1,
          3
        ],
        [
          2,
          4
        ],
        [
          5,
          6
        ],
        [
          5,
          7
        ],
        [
          7,
          9
        ],
        [
          6,
          8
        ],
        [
          8,
          10
        ],
        [
          5,
          11
        ],
        [
          6,
          12
        ],
        [
          11,
          12
        ],
        [
          11,
          13
        ],
        [
          13,
          15
        ],
        [
          12,
          14
        ],
        [
          14,
          16
        ],
        [
          16,
          18
        ],
        [
          16,
          20
        ],
        [
          20,
          18
        ],
        [
          15,
          17
        ],
        [
          15,
          19
        ],
        [
          19,
          17
        ]
      ]
    }
  ],
  "images": [
    {
      "file_name": "000000000784.jpg",
      "height": 1200,
      "width": 1600,
      "id": 0
    }
  ],
  "annotations": [
    {
      "category_id": 1,
      "image_id": 0,
      "id": 0,
      "bbox": [
        735.5591291439881,
        285.96929505813955,
        326.77882236516587,
        332.4309593023255
      ],
      "area": 108631.39739853631,
      "keypoints": [
        924.7787610619469,
        335.39823008849555,
        1,
        940.234375,
        322.65625,
        1,
        915.625,
        323.828125,
        1,
        968.359375,
        313.671875,
        2,
        928.7234042553192,
        315.60283687943263,
        0,
        1026.950354609929,
        374.11347517730496,
        2,
        913.4751773049646,
        357.8014184397163,
        2,
        1026.950354609929,
        469.8581560283688,
        2,
        903.5460992907801,
        450.7092198581561,
        2,
        1035.1063829787236,
        540.0709219858156,
        2,
        884.0425531914894,
        530.1418439716313,
        0,
        995.3900709219859,
        490.07092198581563,
        2,
        923.0769230769231,
        474.35897435897436,
        2,
        906.4102564102564,
        498.71794871794873,
        2,
        878.2051282051282,
        493.5897435897436,
        2,
        834.6153846153845,
        542.3076923076923,
        2,
        784.6153846153845,
        556.4102564102564,
        1,
        813.953488372093,
        566.2790697674419,
        2,
        777.3255813953489,
        590.6976744186046,
        2,
        809.3023255813954,
        523.2558139534884,
        2,
        762.7906976744187,
        543.0232558139535,
        1
      ],
      "num_keypoints": 19,
      "iscrowd": 0,
      "segmentation": []
    },
    {
      "category_id": 1,
      "image_id": 0,
      "id": 1,
      "bbox": [
        766.4468864468863,
        307.5718390804598,
        88.35164835164846,
        628.1034482758619
      ],
      "area": 55493.97499052677,
      "keypoints": [
        836.6379310344827,
        369.39655172413796,
        2,
        840.5172413793102,
        361.2068965517242,
        2,
        822.8448275862069,
        359.9137931034483,
        2,
        831.0344827586206,
        361.2068965517242,
        0,
        788.7931034482758,
        364.65517241379314,
        2,
        847.4358974358975,
        418.5897435897436,
        2,
        776.2820512820513,
        432.6923076923077,
        2,
        895.5128205128204,
        495.5128205128205,
        0,
        802.5641025641025,
        529.4871794871794,
        0,
        912.8205128205128,
        458.97435897435895,
        0,
        875.0,
        505.7692307692308,
        0,
        846.1538461538461,
        602.5641025641025,
        2,
        801.2820512820512,
        610.2564102564103,
        2,
        835.8974358974358,
        717.9487179487179,
        2,
        806.4102564102564,
        747.4358974358975,
        2,
        816.6666666666666,
        826.6666666666666,
        2,
        778.5714285714286,
        860.0,
        2,
        810.4761904761905,
        849.047619047619,
        2,
        773.8095238095237,
        880.0,
        2,
        835.7142857142857,
        847.1428571428571,
        2,
        797.1428571428571,
        883.3333333333333,
        2
      ],
      "num_keypoints": 16,
      "iscrowd": 0,
      "segmentation": []
    }
  ]
}