{
  "categories": [
    {
      "supercategory": "person",
      "id": 1,
      "name": "person",
      "keypoints": [
        "nose",
        "left_eye",
        "right_eye",
        "left_ear",
        "right_ear",
        "left_shoulder",
        "right_shoulder",
        "left_elbow",
        "right_elbow",
        "left_wrist",
        "right_wrist",
        "left_hip",
        "right_hip",
        "left_knee",
        "right_knee",
        "left_ankle",
        "right_ankle",
        "left_heel",
        "right_heel",
        "left_foot",
        "right_foot"
      ],
      "skeleton": [
        [
          1,
          2
        ],
        [
          0,
          1
        ],
        [
          0,
          2
        ],
        [
          1,
          3
        ],
        [
          2,
          4
        ],
        [
          5,
          6
        ],
        [
          5,
          7
        ],
        [
          7,
          9
        ],
        [
          6,
          8
        ],
        [
          8,
          10
        ],
        [
          5,
          11
        ],
        [
          6,
          12
        ],
        [
          11,
          12
        ],
        [
          11,
          13
        ],
        [
          13,
          15
        ],
        [
          12,
          14
        ],
        [
          14,
          16
        ],
        [
          16,
          18
        ],
        [
          16,
          20
        ],
        [
          20,
          18
        ],
        [
          15,
          17
        ],
        [
          15,
          19
        ],
        [
          19,
          17
        ]
      ]
    }
  ],
  "images": [
    {
      "file_name": "000000000625.jpg",
      "height": 1200,
      "width": 1600,
      "id": 0
    }
  ],
  "annotations": [
    {
      "category_id": 1,
      "image_id": 0,
      "id": 0,
      "bbox": [
        677.6762643041714,
        209.62393872277593,
        414.3964562569215,
        365.908084163898
      ],
      "area": 151631.01339327873,
      "keypoints": [
        928.4313725490196,
        312.7450980392157,
        2,
        937.3177842565598,
        298.5422740524781,
        2,
        923.0320699708454,
        300.58309037900875,
        1,
        974.6355685131194,
        297.667638483965,
        2,
        945.0396825396825,
        295.23809523809524,
        0,
        1019.8412698412699,
        354.56349206349205,
        2,
        922.2222222222222,
        344.44444444444446,
        2,
        1038.095238095238,
        461.9047619047619,
        2,
        912.8968253968254,
        438.0952380952381,
        0,
        1057.5396825396826,
        545.0396825396825,
        2,
        900.1984126984127,
        521.4285714285714,
        1,
        965.6746031746031,
        460.3174603174603,
        2,
        905.1282051282051,
        458.97435897435895,
        0,
        869.230769230769,
        374.35897435897436,
        2,
        844.8717948717947,
        385.8974358974359,
        2,
        761.5384615384614,
        291.02564102564105,
        2,
        739.7435897435897,
        305.12820512820514,
        1,
        733.1395348837209,
        284.30232558139534,
        2,
        716.8604651162791,
        316.8604651162791,
        2,
        732.5581395348837,
        240.11627906976744,
        1,
        712.2093023255815,
        254.06976744186048,
        1
      ],
      "num_keypoints": 18,
      "iscrowd": 0,
      "segmentation": []
    },
    {
      "category_id": 1,
      "image_id": 0,
      "id": 1,
      "bbox": [
        770.15625,
        303.18377976190476,
        151.875,
        624.6517857142858
      ],
      "area": 94868.98995535716,
      "keypoints": [
        850.4761904761905,
        366.19047619047615,
        0,
        858.5714285714286,
        355.23809523809524,
        1,
        840.0,
        355.23809523809524,
        1,
        870.4761904761905,
        356.66666666666663,
        1,
        828.0952380952381,
        359.04761904761904,
        0,
        885.2380952380952,
        410.4761904761905,
        0,
        804.4871794871794,
        432.6923076923077,
        2,
        924.3589743589744,
        478.2051282051282,
        0,
        817.9487179487179,
        526.2820512820513,
        2,
        925.0,
        448.07692307692304,
        0,
        883.3333333333333,
        482.05128205128204,
        0,
        887.8205128205128,
        576.9230769230769,
        2,
        834.6153846153845,
        587.1794871794872,
        2,
        897.4358974358975,
        701.2820512820513,
        2,
        819.2307692307692,
        734.6153846153846,
        2,
        907.6923076923076,
        785.8974358974359,
        2,
        798.4375,
        845.3125,
        2,
        898.4375,
        797.65625,
        1,
        782.8125,
        862.5,
        2,
        909.375,
        810.15625,
        2,
        807.8125,
        875.78125,
        2
      ],
      "num_keypoints": 15,
      "iscrowd": 0,
      "segmentation": []
    },
    {
      "category_id": 1,
      "image_id": 0,
      "id": 2,
      "bbox": [
        246.40873015873015,
        260.8730158730159,
        88.33333333333329,
        255.23809523809518
      ],
      "area": 22546.031746031727,
      "keypoints": [
        300.9920634920635,
        289.08730158730157,
        0,
        291.07142857142856,
        280.1587301587302,
        0,
        301.58730158730157,
        284.1269841269841,
        0,
        282.3412698412698,
        281.94444444444446,
        0,
        299.0079365079365,
        282.14285714285717,
        2,
        262.6984126984127,
        302.77777777777777,
        2,
        308.92857142857144,
        302.9761904761905,
        2,
        253.76984126984127,
        350.3968253968254,
        2,
        327.38095238095235,
        349.4047619047619,
        2,
        277.1825396825397,
        347.42063492063494,
        0,
        319.04761904761904,
        328.968253968254,
        0,
        274.0079365079365,
        373.2142857142857,
        2,
        311.3095238095238,
        373.6111111111111,
        2,
        290.27777777777777,
        434.3253968253968,
        2,
        307.53968253968253,
        431.3492063492063,
        2,
        294.8412698412698,
        482.14285714285717,
        1,
        305.1587301587302,
        488.0952380952381,
        2,
        299.2063492063492,
        489.08730158730157,
        1,
        302.77777777777777,
        494.8412698412698,
        2,
        292.6587301587302,
        484.92063492063494,
        1,
        314.6825396825397,
        491.6666666666667,
        2
      ],
      "num_keypoints": 15,
      "iscrowd": 0,
      "segmentation": []
    }
  ]
}