{
  "categories": [
    {
      "supercategory": "person",
      "id": 1,
      "name": "person",
      "keypoints": [
        "nose",
        "left_eye",
        "right_eye",
        "left_ear",
        "right_ear",
        "left_shoulder",
        "right_shoulder",
        "left_elbow",
        "right_elbow",
        "left_wrist",
        "right_wrist",
        "left_hip",
        "right_hip",
        "left_knee",
        "right_knee",
        "left_ankle",
        "right_ankle",
        "left_heel",
        "right_heel",
        "left_foot",
        "right_foot"
      ],
      "skeleton": [
        [
          1,
          2
        ],
        [
          0,
          1
        ],
        [
          0,
          2
        ],
        [
          1,
          3
        ],
        [
          2,
          4
        ],
        [
          5,
          6
        ],
        [
          5,
          7
        ],
        [
          7,
          9
        ],
        [
          6,
          8
        ],
        [
          8,
          10
        ],
        [
          5,
          11
        ],
        [
          6,
          12
        ],
        [
          11,
          12
        ],
        [
          11,
          13
        ],
        [
          13,
          15
        ],
        [
          12,
          14
        ],
        [
          14,
          16
        ],
        [
          16,
          18
        ],
        [
          16,
          20
        ],
        [
          20,
          18
        ],
        [
          15,
          17
        ],
        [
          15,
          19
        ],
        [
          19,
          17
        ]
      ]
    }
  ],
  "images": [
    {
      "file_name": "000000000420.jpg",
      "height": 1200,
      "width": 1600,
      "id": 0
    }
  ],
  "annotations": [
    {
      "category_id": 1,
      "image_id": 0,
      "id": 0,
      "bbox": [
        0,
        385.08196721311475,
        293.34619093539055,
        847.8688524590166
      ],
      "area": 248719.09828161317,
      "keypoints": [
        0.8196721311475414,
        470.4918032786885,
        0,
        7.894736842105374,
        450.8771929824562,
        0,
        13.157894736842195,
        463.1578947368422,
        0,
        38.524590163934434,
        455.7377049180328,
        2,
        10.81081081081081,
        427.02702702702703,
        0,
        106.75675675675676,
        547.2972972972973,
        2,
        4.098360655737707,
        547.5409836065573,
        0,
        191.30434782608694,
        658.695652173913,
        2,
        9.78260869565213,
        671.7391304347826,
        0,
        216.30434782608688,
        776.0869565217391,
        1,
        16.30434782608694,
        767.391304347826,
        0,
        107.37704918032789,
        793.4426229508197,
        2,
        61.475409836065566,
        801.6393442622951,
        2,
        36.88524590163935,
        965.5737704918033,
        2,
        141.80327868852459,
        901.6393442622951,
        2,
        10.655737704918025,
        1124.5901639344263,
        2,
        225.4098360655738,
        970.4918032786885,
        2,
        31.967213114754102,
        1162.2950819672133,
        2,
        267.6470588235294,
        1006.8627450980392,
        2,
        5.555555555555557,
        1160.3174603174602,
        0,
        197.5409836065574,
        1037.704918032787,
        2
      ],
      "num_keypoints": 13,
      "iscrowd": 0,
      "segmentation": []
    },
    {
      "category_id": 1,
      "image_id": 0,
      "id": 1,
      "bbox": [
        718.6584107327142,
        297.78588914145826,
        155.04643962848286,
        560.7885994054906
      ],
      "area": 86948.27572206485,
      "keypoints": [
        792.9203539823008,
        355.7522123893805,
        2,
        811.9047619047619,
        346.42857142857144,
        2,
        794.6843853820598,
        344.51827242524917,
        2,
        834.8837209302325,
        363.12292358803984,
        2,
        799.0033222591361,
        339.2026578073089,
        0,
        857.5221238938052,
        415.0442477876106,
        2,
        766.3716814159292,
        406.19469026548666,
        2,
        860.7843137254902,
        511.7647058823529,
        2,
        732.3529411764706,
        497.05882352941177,
        2,
        793.1372549019608,
        486.27450980392155,
        2,
        767.391304347826,
        488.04347826086956,
        2,
        815.2173913043478,
        604.3478260869565,
        2,
        769.9115044247786,
        592.9203539823009,
        2,
        837.1681415929203,
        687.6106194690265,
        2,
        768.1415929203539,
        695.575221238938,
        1,
        837.1681415929203,
        752.2123893805309,
        2,
        765.4867256637167,
        768.1415929203539,
        2,
        842.7631578947369,
        782.8947368421052,
        1,
        771.7105263157895,
        811.1842105263157,
        2,
        822.3684210526316,
        792.1052631578947,
        2,
        731.578947368421,
        811.8421052631579,
        2
      ],
      "num_keypoints": 20,
      "iscrowd": 0,
      "segmentation": []
    }
  ]
}