{
  "categories": [
    {
      "supercategory": "person",
      "id": 1,
      "name": "person",
      "keypoints": [
        "nose",
        "left_eye",
        "right_eye",
        "left_ear",
        "right_ear",
        "left_shoulder",
        "right_shoulder",
        "left_elbow",
        "right_elbow",
        "left_wrist",
        "right_wrist",
        "left_hip",
        "right_hip",
        "left_knee",
        "right_knee",
        "left_ankle",
        "right_ankle",
        "left_heel",
        "right_heel",
        "left_foot",
        "right_foot"
      ],
      "skeleton": [
        [
          1,
          2
        ],
        [
          0,
          1
        ],
        [
          0,
          2
        ],
        [
          1,
          3
        ],
        [
          2,
          4
        ],
        [
          5,
          6
        ],
        [
          5,
          7
        ],
        [
          7,
          9
        ],
        [
          6,
          8
        ],
        [
          8,
          10
        ],
        [
          5,
          11
        ],
        [
          6,
          12
        ],
        [
          11,
          12
        ],
        [
          11,
          13
        ],
        [
          13,
          15
        ],
        [
          12,
          14
        ],
        [
          14,
          16
        ],
        [
          16,
          18
        ],
        [
          16,
          20
        ],
        [
          20,
          18
        ],
        [
          15,
          17
        ],
        [
          15,
          19
        ],
        [
          19,
          17
        ]
      ]
    }
  ],
  "images": [
    {
      "file_name": "000000000738.jpg",
      "height": 1200,
      "width": 1600,
      "id": 0
    }
  ],
  "annotations": [
    {
      "category_id": 1,
      "image_id": 0,
      "id": 0,
      "bbox": [
        530.5118189102564,
        513.9106686453954,
        249.24278846153857,
        489.0205293099183
      ],
      "area": 121884.84034014159,
      "keypoints": [
        566.3043478260869,
        567.391304347826,
        2,
        581.0289389067524,
        554.6623794212219,
        2,
        563.3440514469454,
        554.6623794212219,
        2,
        617.6848874598071,
        554.6623794212219,
        2,
        589.0625,
        556.640625,
        0,
        676.953125,
        569.53125,
        2,
        557.421875,
        612.5,
        2,
        748.046875,
        576.5625,
        1,
        551.953125,
        685.9375,
        2,
        758.984375,
        571.484375,
        2,
        564.84375,
        754.296875,
        2,
        701.5625,
        745.703125,
        2,
        612.8205128205127,
        726.9230769230769,
        2,
        584.6153846153845,
        832.051282051282,
        2,
        551.2820512820513,
        847.4358974358975,
        2,
        615.3846153846154,
        937.1794871794872,
        2,
        641.025641025641,
        900.0,
        1,
        645.5128205128204,
        945.5128205128204,
        1,
        666.025641025641,
        912.8205128205128,
        1,
        614.1025641025641,
        962.1794871794872,
        2,
        608.3333333333333,
        924.3589743589744,
        1
      ],
      "num_keypoints": 20,
      "iscrowd": 0,
      "segmentation": []
    },
    {
      "category_id": 1,
      "image_id": 0,
      "id": 1,
      "bbox": [
        783.7209302325582,
        369.18788249694006,
        139.5348837209301,
        488.3500611995103
      ],
      "area": 68141.86900458278,
      "keypoints": [
        804.6511627906976,
        422.6744186046512,
        2,
        812.7906976744187,
        411.6279069767442,
        2,
        795.3488372093024,
        413.37209302325584,
        2,
        838.953488372093,
        409.8837209302326,
        2,
        806.3953488372093,
        413.95348837209303,
        0,
        877.9069767441861,
        455.2325581395349,
        2,
        802.9069767441861,
        462.2093023255814,
        2,
        905.232558139535,
        546.5116279069767,
        2,
        825.5813953488372,
        565.1162790697674,
        1,
        896.5116279069767,
        611.6279069767442,
        2,
        820.9302325581396,
        609.8837209302326,
        2,
        911.6279069767442,
        573.8372093023256,
        2,
        850.0,
        591.025641025641,
        2,
        884.6153846153845,
        683.3333333333334,
        2,
        843.5897435897434,
        682.051282051282,
        2,
        894.7368421052631,
        796.8421052631578,
        2,
        872.6315789473683,
        765.2631578947368,
        2,
        900.5263157894736,
        816.8421052631578,
        2,
        882.6315789473683,
        777.3684210526316,
        1,
        878.9473684210526,
        813.6842105263157,
        2,
        858.9473684210526,
        779.4736842105262,
        2
      ],
      "num_keypoints": 20,
      "iscrowd": 0,
      "segmentation": []
    }
  ]
}