{
  "categories": [
    {
      "supercategory": "person",
      "id": 1,
      "name": "person",
      "keypoints": [
        "nose",
        "left_eye",
        "right_eye",
        "left_ear",
        "right_ear",
        "left_shoulder",
        "right_shoulder",
        "left_elbow",
        "right_elbow",
        "left_wrist",
        "right_wrist",
        "left_hip",
        "right_hip",
        "left_knee",
        "right_knee",
        "left_ankle",
        "right_ankle",
        "left_heel",
        "right_heel",
        "left_foot",
        "right_foot"
      ],
      "skeleton": [
        [
          1,
          2
        ],
        [
          0,
          1
        ],
        [
          0,
          2
        ],
        [
          1,
          3
        ],
        [
          2,
          4
        ],
        [
          5,
          6
        ],
        [
          5,
          7
        ],
        [
          7,
          9
        ],
        [
          6,
          8
        ],
        [
          8,
          10
        ],
        [
          5,
          11
        ],
        [
          6,
          12
        ],
        [
          11,
          12
        ],
        [
          11,
          13
        ],
        [
          13,
          15
        ],
        [
          12,
          14
        ],
        [
          14,
          16
        ],
        [
          16,
          18
        ],
        [
          16,
          20
        ],
        [
          20,
          18
        ],
        [
          15,
          17
        ],
        [
          15,
          19
        ],
        [
          19,
          17
        ]
      ]
    }
  ],
  "images": [
    {
      "file_name": "000000001784.jpg",
      "height": 1200,
      "width": 1600,
      "id": 0
    }
  ],
  "annotations": [
    {
      "category_id": 1,
      "image_id": 0,
      "id": 0,
      "bbox": [
        900.4166666666667,
        346.12734487734485,
        219.99999999999977,
        563.1385281385282
      ],
      "area": 123890.47619047607,
      "keypoints": [
        945.138888888889,
        411.11111111111114,
        2,
        965.9722222222223,
        402.77777777777777,
        2,
        935.4166666666669,
        401.3888888888889,
        2,
        986.8055555555555,
        393.05555555555554,
        2,
        929.8611111111112,
        395.83333333333337,
        0,
        1017.3611111111112,
        438.8888888888889,
        2,
        922.9166666666669,
        431.94444444444446,
        2,
        1102.0833333333333,
        462.5,
        2,
        921.5277777777779,
        465.27777777777777,
        0,
        1070.138888888889,
        548.6111111111111,
        2,
        918.7500000000001,
        513.8888888888889,
        1,
        1011.8055555555555,
        623.6111111111111,
        2,
        959.0277777777779,
        630.5555555555555,
        2,
        1004.8611111111112,
        741.6666666666667,
        2,
        952.0833333333334,
        734.7222222222223,
        2,
        1015.9722222222223,
        825.0,
        2,
        968.7500000000001,
        825.0,
        2,
        1034.4155844155846,
        846.7532467532467,
        2,
        988.961038961039,
        846.7532467532467,
        2,
        1009.7402597402596,
        862.3376623376623,
        2,
        968.1818181818181,
        857.1428571428571,
        2
      ],
      "num_keypoints": 19,
      "iscrowd": 0,
      "segmentation": []
    },
    {
      "category_id": 1,
      "image_id": 0,
      "id": 1,
      "bbox": [
        751.5573593073594,
        358.40476190476187,
        151.31168831168816,
        592.6493506493507
      ],
      "area": 89674.77382357893,
      "keypoints": [
        830.5194805194805,
        425.97402597402595,
        0,
        829.2207792207791,
        405.1948051948052,
        0,
        837.012987012987,
        407.79220779220776,
        0,
        796.7532467532467,
        401.2987012987013,
        0,
        811.038961038961,
        407.79220779220776,
        2,
        796.7532467532467,
        483.1168831168831,
        0,
        811.038961038961,
        480.5194805194805,
        2,
        837.012987012987,
        474.025974025974,
        1,
        846.1038961038961,
        559.7402597402597,
        1,
        890.2597402597403,
        450.64935064935065,
        2,
        890.2597402597403,
        514.2857142857142,
        2,
        770.7792207792207,
        645.4545454545455,
        0,
        794.1558441558441,
        672.7272727272727,
        1,
        792.2077922077922,
        749.3506493506493,
        1,
        796.1038961038961,
        748.051948051948,
        2,
        800.8333333333335,
        846.6666666666667,
        1,
        779.1666666666667,
        875.0000000000001,
        2,
        789.1666666666667,
        860.0000000000001,
        1,
        764.1666666666667,
        901.6666666666667,
        2,
        830.8333333333335,
        853.3333333333334,
        2,
        809.1666666666667,
        885.0000000000001,
        2
      ],
      "num_keypoints": 15,
      "iscrowd": 0,
      "segmentation": []
    }
  ]
}