{
  "categories": [
    {
      "supercategory": "person",
      "id": 1,
      "name": "person",
      "keypoints": [
        "nose",
        "left_eye",
        "right_eye",
        "left_ear",
        "right_ear",
        "left_shoulder",
        "right_shoulder",
        "left_elbow",
        "right_elbow",
        "left_wrist",
        "right_wrist",
        "left_hip",
        "right_hip",
        "left_knee",
        "right_knee",
        "left_ankle",
        "right_ankle",
        "left_heel",
        "right_heel",
        "left_foot",
        "right_foot"
      ],
      "skeleton": [
        [
          1,
          2
        ],
        [
          0,
          1
        ],
        [
          0,
          2
        ],
        [
          1,
          3
        ],
        [
          2,
          4
        ],
        [
          5,
          6
        ],
        [
          5,
          7
        ],
        [
          7,
          9
        ],
        [
          6,
          8
        ],
        [
          8,
          10
        ],
        [
          5,
          11
        ],
        [
          6,
          12
        ],
        [
          11,
          12
        ],
        [
          11,
          13
        ],
        [
          13,
          15
        ],
        [
          12,
          14
        ],
        [
          14,
          16
        ],
        [
          16,
          18
        ],
        [
          16,
          20
        ],
        [
          20,
          18
        ],
        [
          15,
          17
        ],
        [
          15,
          19
        ],
        [
          19,
          17
        ]
      ]
    }
  ],
  "images": [
    {
      "file_name": "000000001104.jpg",
      "height": 1200,
      "width": 1600,
      "id": 0
    }
  ],
  "annotations": [
    {
      "category_id": 1,
      "image_id": 0,
      "id": 0,
      "bbox": [
        533.0102040816327,
        174.5263765883712,
        558.4230055658628,
        396.24951867539465
      ],
      "area": 221274.84717274038,
      "keypoints": [
        972.8260869565217,
        218.47826086956522,
        2,
        991.5094339622641,
        207.54716981132074,
        2,
        964.1509433962264,
        210.37735849056602,
        2,
        1020.6225680933853,
        236.9649805447471,
        2,
        988.7159533073931,
        236.9649805447471,
        0,
        1020.4081632653063,
        305.1020408163265,
        2,
        906.1224489795919,
        309.1836734693877,
        2,
        1044.8979591836735,
        433.67346938775506,
        2,
        871.4285714285714,
        472.44897959183675,
        0,
        1020.4081632653063,
        537.7551020408163,
        2,
        853.3333333333333,
        513.9393939393939,
        2,
        901.2987012987013,
        414.2857142857143,
        2,
        813.6363636363636,
        406.49350649350646,
        2,
        830.5194805194805,
        371.42857142857144,
        2,
        775.974025974026,
        363.6363636363636,
        0,
        695.4545454545455,
        414.2857142857143,
        2,
        645.4545454545455,
        410.38961038961037,
        1,
        658.4415584415584,
        458.4415584415584,
        2,
        600.7575757575758,
        459.0909090909091,
        2,
        625.0,
        418.1818181818182,
        2,
        579.5454545454545,
        406.06060606060606,
        2
      ],
      "num_keypoints": 18,
      "iscrowd": 0,
      "segmentation": []
    },
    {
      "category_id": 1,
      "image_id": 0,
      "id": 1,
      "bbox": [
        645.0877192982457,
        299.8496240601504,
        227.36842105263133,
        671.9343814080656
      ],
      "area": 152776.65935172845,
      "keypoints": [
        720.1298701298701,
        375.3246753246753,
        0,
        728.5714285714286,
        355.84415584415586,
        2,
        708.8888888888888,
        364.8148148148148,
        2,
        721.5189873417721,
        344.3037974683544,
        0,
        675.9493670886076,
        366.4556962025316,
        0,
        736.2962962962962,
        414.8148148148148,
        0,
        672.9629629629629,
        422.96296296296293,
        0,
        812.1212121212121,
        474.24242424242425,
        2,
        783.3333333333334,
        425.75757575757575,
        1,
        853.5087719298244,
        468.42105263157896,
        1,
        865.7894736842104,
        384.21052631578954,
        0,
        692.1052631578947,
        614.0350877192983,
        0,
        676.3157894736842,
        636.8421052631579,
        2,
        723.6842105263158,
        747.3684210526316,
        1,
        713.1578947368421,
        766.6666666666666,
        2,
        679.8245614035088,
        835.0877192982456,
        1,
        704.3859649122807,
        887.719298245614,
        1,
        664.0350877192983,
        868.421052631579,
        2,
        700.8771929824561,
        914.0350877192982,
        1,
        706.140350877193,
        856.140350877193,
        1,
        742.9824561403509,
        915.7894736842105,
        2
      ],
      "num_keypoints": 14,
      "iscrowd": 0,
      "segmentation": []
    }
  ]
}