{
  "categories": [
    {
      "supercategory": "person",
      "id": 1,
      "name": "person",
      "keypoints": [
        "nose",
        "left_eye",
        "right_eye",
        "left_ear",
        "right_ear",
        "left_shoulder",
        "right_shoulder",
        "left_elbow",
        "right_elbow",
        "left_wrist",
        "right_wrist",
        "left_hip",
        "right_hip",
        "left_knee",
        "right_knee",
        "left_ankle",
        "right_ankle",
        "left_heel",
        "right_heel",
        "left_foot",
        "right_foot"
      ],
      "skeleton": [
        [
          1,
          2
        ],
        [
          0,
          1
        ],
        [
          0,
          2
        ],
        [
          1,
          3
        ],
        [
          2,
          4
        ],
        [
          5,
          6
        ],
        [
          5,
          7
        ],
        [
          7,
          9
        ],
        [
          6,
          8
        ],
        [
          8,
          10
        ],
        [
          5,
          11
        ],
        [
          6,
          12
        ],
        [
          11,
          12
        ],
        [
          11,
          13
        ],
        [
          13,
          15
        ],
        [
          12,
          14
        ],
        [
          14,
          16
        ],
        [
          16,
          18
        ],
        [
          16,
          20
        ],
        [
          20,
          18
        ],
        [
          15,
          17
        ],
        [
          15,
          19
        ],
        [
          19,
          17
        ]
      ]
    }
  ],
  "images": [
    {
      "file_name": "000000001299.jpg",
      "height": 1200,
      "width": 1600,
      "id": 0
    }
  ],
  "annotations": [
    {
      "category_id": 1,
      "image_id": 0,
      "id": 0,
      "bbox": [
        779.1437758883801,
        264.6258503401361,
        418.620013080445,
        333.5807050092764
      ],
      "area": 139643.55909436735,
      "keypoints": [
        827.4509803921568,
        356.8627450980392,
        2,
        836.8,
        342.0,
        2,
        814.0287769784172,
        342.98561151079133,
        2,
        883.9928057553956,
        327.69784172661866,
        2,
        828.4848484848484,
        326.06060606060606,
        0,
        959.9999999999999,
        363.030303030303,
        2,
        816.9696969696969,
        365.45454545454544,
        2,
        1003.6363636363635,
        451.5151515151515,
        2,
        851.0204081632654,
        452.0408163265306,
        2,
        1024.4897959183675,
        570.4081632653061,
        2,
        858.0,
        548.6666666666666,
        2,
        1048.7012987012986,
        389.6103896103896,
        2,
        1020.12987012987,
        407.79220779220776,
        0,
        1098.0519480519479,
        376.6233766233766,
        2,
        1043.5064935064934,
        346.75324675324674,
        0,
        1134.4155844155844,
        324.67532467532465,
        2,
        1098.7012987012986,
        311.68831168831167,
        2,
        1140.2597402597403,
        307.79220779220776,
        2,
        1114.3939393939395,
        292.42424242424244,
        1,
        1162.878787878788,
        342.42424242424244,
        2,
        1126.5151515151515,
        342.42424242424244,
        1
      ],
      "num_keypoints": 18,
      "iscrowd": 0,
      "segmentation": []
    },
    {
      "category_id": 1,
      "image_id": 0,
      "id": 1,
      "bbox": [
        655.0666666666667,
        287.90090090090087,
        179.19999999999982,
        664.1081081081081
      ],
      "area": 119008.17297297285,
      "keypoints": [
        748.7012987012987,
        372.7272727272727,
        2,
        749.2424242424241,
        357.57575757575756,
        1,
        741.1290322580645,
        358.8709677419355,
        2,
        726.6666666666666,
        334.6666666666667,
        0,
        702.7027027027026,
        343.2432432432432,
        2,
        761.7777777777778,
        399.55555555555554,
        2,
        671.6216216216216,
        412.61261261261257,
        2,
        800.0,
        462.1212121212121,
        2,
        721.2121212121212,
        537.8787878787879,
        2,
        842.0,
        444.6666666666667,
        0,
        819.3333333333333,
        558.0,
        2,
        756.6666666666666,
        602.0,
        2,
        714.0,
        614.0,
        2,
        755.3333333333333,
        738.0,
        2,
        730.0,
        751.3333333333334,
        2,
        719.3333333333333,
        847.3333333333334,
        1,
        703.3333333333333,
        852.6666666666666,
        2,
        698.0,
        870.0,
        1,
        670.0,
        882.0,
        2,
        766.0,
        884.6666666666666,
        2,
        743.3333333333333,
        896.6666666666666,
        2
      ],
      "num_keypoints": 19,
      "iscrowd": 0,
      "segmentation": []
    }
  ]
}