{
  "categories": [
    {
      "supercategory": "person",
      "id": 1,
      "name": "person",
      "keypoints": [
        "nose",
        "left_eye",
        "right_eye",
        "left_ear",
        "right_ear",
        "left_shoulder",
        "right_shoulder",
        "left_elbow",
        "right_elbow",
        "left_wrist",
        "right_wrist",
        "left_hip",
        "right_hip",
        "left_knee",
        "right_knee",
        "left_ankle",
        "right_ankle",
        "left_heel",
        "right_heel",
        "left_foot",
        "right_foot"
      ],
      "skeleton": [
        [
          1,
          2
        ],
        [
          0,
          1
        ],
        [
          0,
          2
        ],
        [
          1,
          3
        ],
        [
          2,
          4
        ],
        [
          5,
          6
        ],
        [
          5,
          7
        ],
        [
          7,
          9
        ],
        [
          6,
          8
        ],
        [
          8,
          10
        ],
        [
          5,
          11
        ],
        [
          6,
          12
        ],
        [
          11,
          12
        ],
        [
          11,
          13
        ],
        [
          13,
          15
        ],
        [
          12,
          14
        ],
        [
          14,
          16
        ],
        [
          16,
          18
        ],
        [
          16,
          20
        ],
        [
          20,
          18
        ],
        [
          15,
          17
        ],
        [
          15,
          19
        ],
        [
          19,
          17
        ]
      ]
    }
  ],
  "images": [
    {
      "file_name": "000000000613.jpg",
      "height": 1200,
      "width": 1600,
      "id": 0
    }
  ],
  "annotations": [
    {
      "category_id": 1,
      "image_id": 0,
      "id": 0,
      "bbox": [
        884.8317307692307,
        247.60567434210526,
        193.55769230769215,
        614.6694078947367
      ],
      "area": 118973.99212424076,
      "keypoints": [
        946.0176991150441,
        311.504424778761,
        2,
        964.0625,
        299.609375,
        2,
        940.234375,
        298.828125,
        2,
        992.96875,
        301.171875,
        2,
        949.7596153846154,
        297.5961538461538,
        0,
        1043.0288461538462,
        360.0961538461538,
        2,
        926.9230769230769,
        351.9230769230769,
        2,
        1050.9615384615383,
        459.6153846153846,
        2,
        915.3846153846154,
        436.2980769230769,
        2,
        1062.2596153846152,
        544.9519230769231,
        2,
        900.9615384615385,
        520.1923076923076,
        2,
        1020.6730769230769,
        522.8365384615385,
        2,
        939.7435897435896,
        511.53846153846155,
        2,
        988.4615384615383,
        656.4102564102564,
        2,
        943.5897435897434,
        661.5384615384615,
        2,
        1011.5384615384614,
        762.8205128205128,
        2,
        971.7948717948718,
        764.1025641025641,
        2,
        1024.2105263157894,
        773.6842105263157,
        2,
        983.1578947368421,
        784.2105263157894,
        2,
        999.9999999999999,
        808.4210526315788,
        2,
        958.4210526315788,
        811.0526315789473,
        2
      ],
      "num_keypoints": 20,
      "iscrowd": 0,
      "segmentation": []
    },
    {
      "category_id": 1,
      "image_id": 0,
      "id": 1,
      "bbox": [
        770.0994694960211,
        306.5261314655172,
        131.22015915119368,
        610.7489224137933
      ],
      "area": 80142.570800558,
      "keypoints": [
        858.59375,
        367.578125,
        2,
        858.59375,
        357.421875,
        2,
        846.875,
        357.421875,
        2,
        853.125,
        350.390625,
        0,
        808.984375,
        359.375,
        2,
        867.578125,
        410.546875,
        2,
        801.2820512820513,
        431.4102564102564,
        2,
        917.9487179487179,
        463.46153846153845,
        0,
        818.5897435897435,
        532.6923076923076,
        2,
        935.2564102564103,
        439.1025641025641,
        0,
        890.3846153846154,
        489.1025641025641,
        2,
        867.9487179487179,
        569.8717948717948,
        2,
        815.3846153846154,
        592.3076923076923,
        2,
        852.5641025641025,
        698.7179487179487,
        2,
        805.1282051282051,
        732.051282051282,
        2,
        838.4615384615383,
        810.2564102564103,
        2,
        791.3793103448276,
        848.2758620689656,
        2,
        824.1379310344827,
        833.6206896551724,
        2,
        781.0344827586206,
        860.344827586207,
        2,
        854.3103448275862,
        832.7586206896552,
        2,
        808.6206896551723,
        866.3793103448277,
        2
      ],
      "num_keypoints": 18,
      "iscrowd": 0,
      "segmentation": []
    },
    {
      "category_id": 1,
      "image_id": 0,
      "id": 2,
      "bbox": [
        113.81924198250728,
        274.89795918367344,
        117.55102040816327,
        311.7201166180758
      ],
      "area": 36643.01779020646,
      "keypoints": [
        182.5072886297376,
        309.3294460641399,
        0,
        172.59475218658892,
        296.7930029154519,
        0,
        186.00583090379007,
        304.66472303206996,
        0,
        165.59766763848395,
        300.0,
        0,
        182.79883381924196,
        300.8746355685131,
        2,
        131.4868804664723,
        325.9475218658892,
        2,
        193.87755102040816,
        330.0291545189504,
        2,
        123.61516034985422,
        388.3381924198251,
        2,
        206.99708454810494,
        389.7959183673469,
        2,
        136.73469387755102,
        421.865889212828,
        2,
        201.45772594752185,
        366.76384839650143,
        0,
        145.48104956268222,
        419.82507288629733,
        2,
        200.0,
        416.90962099125363,
        2,
        159.7667638483965,
        484.2565597667638,
        2,
        197.95918367346937,
        484.83965014577257,
        2,
        151.0204081632653,
        546.3556851311953,
        2,
        208.45481049562682,
        547.2303206997084,
        2,
        150.43731778425655,
        555.3935860058309,
        2,
        202.33236151603498,
        557.7259475218659,
        2,
        156.268221574344,
        560.6413994169096,
        1,
        221.57434402332362,
        550.7288629737609,
        2
      ],
      "num_keypoints": 16,
      "iscrowd": 0,
      "segmentation": []
    }
  ]
}