{
  "categories": [
    {
      "supercategory": "person",
      "id": 1,
      "name": "person",
      "keypoints": [
        "nose",
        "left_eye",
        "right_eye",
        "left_ear",
        "right_ear",
        "left_shoulder",
        "right_shoulder",
        "left_elbow",
        "right_elbow",
        "left_wrist",
        "right_wrist",
        "left_hip",
        "right_hip",
        "left_knee",
        "right_knee",
        "left_ankle",
        "right_ankle",
        "left_heel",
        "right_heel",
        "left_foot",
        "right_foot"
      ],
      "skeleton": [
        [
          1,
          2
        ],
        [
          0,
          1
        ],
        [
          0,
          2
        ],
        [
          1,
          3
        ],
        [
          2,
          4
        ],
        [
          5,
          6
        ],
        [
          5,
          7
        ],
        [
          7,
          9
        ],
        [
          6,
          8
        ],
        [
          8,
          10
        ],
        [
          5,
          11
        ],
        [
          6,
          12
        ],
        [
          11,
          12
        ],
        [
          11,
          13
        ],
        [
          13,
          15
        ],
        [
          12,
          14
        ],
        [
          14,
          16
        ],
        [
          16,
          18
        ],
        [
          16,
          20
        ],
        [
          20,
          18
        ],
        [
          15,
          17
        ],
        [
          15,
          19
        ],
        [
          19,
          17
        ]
      ]
    }
  ],
  "images": [
    {
      "file_name": "000000000402.jpg",
      "height": 1200,
      "width": 1600,
      "id": 0
    }
  ],
  "annotations": [
    {
      "category_id": 1,
      "image_id": 0,
      "id": 0,
      "bbox": [
        849.8021863612701,
        243.9599317988065,
        305.02863092139523,
        307.7749360613811
      ],
      "area": 93880.16737872302,
      "keypoints": [
        902.4096385542168,
        287.95180722891564,
        2,
        915.6756756756756,
        275.1351351351351,
        2,
        888.6486486486486,
        275.1351351351351,
        2,
        955.8823529411765,
        269.6078431372549,
        2,
        879.6052631578947,
        267.10526315789474,
        0,
        1009.2105263157895,
        324.3421052631579,
        2,
        875.221238938053,
        331.858407079646,
        2,
        1035.8695652173913,
        441.30434782608694,
        2,
        890.2173913043478,
        435.8695652173913,
        2,
        1048.9130434782608,
        526.0869565217391,
        2,
        896.7391304347826,
        496.73913043478257,
        2,
        1061.9469026548672,
        451.32743362831854,
        2,
        1010.6194690265486,
        486.7256637168141,
        2,
        1077.1739130434783,
        506.52173913043475,
        2,
        1042.391304347826,
        500.0,
        2,
        1123.008849557522,
        471.68141592920347,
        2,
        1079.646017699115,
        468.14159292035396,
        0,
        1129.4117647058824,
        445.09803921568624,
        2,
        1098.0392156862745,
        448.0392156862745,
        2,
        1127.6315789473683,
        492.7631578947368,
        2,
        1100.0,
        498.80952380952385,
        2
      ],
      "num_keypoints": 19,
      "iscrowd": 0,
      "segmentation": []
    },
    {
      "category_id": 1,
      "image_id": 0,
      "id": 1,
      "bbox": [
        705.4867256637167,
        313.5858407079646,
        167.7876106194691,
        604.9699115044247
      ],
      "area": 101506.45594799909,
      "keypoints": [
        771.2,
        374.4,
        2,
        784.8,
        367.2,
        2,
        759.5555555555555,
        364.0,
        2,
        796.0,
        373.3333333333333,
        1,
        738.2222222222222,
        375.1111111111111,
        2,
        792.7536231884058,
        418.1159420289855,
        1,
        731.159420289855,
        441.30434782608694,
        2,
        859.29203539823,
        465.48672566371675,
        2,
        787.6106194690265,
        526.5486725663716,
        2,
        906.1946902654867,
        404.42477876106193,
        0,
        846.7391304347826,
        493.4782608695652,
        2,
        807.9710144927535,
        616.6666666666666,
        2,
        755.4347826086956,
        627.1739130434783,
        2,
        804.3478260869565,
        717.391304347826,
        2,
        745.6521739130435,
        734.7826086956521,
        2,
        794.5652173913043,
        790.2173913043478,
        2,
        733.3333333333334,
        815.6862745098039,
        2,
        782.3529411764706,
        826.4705882352941,
        2,
        719.4690265486724,
        861.0619469026548,
        2,
        822.1238938053096,
        830.0884955752211,
        2,
        755.7522123893805,
        868.1415929203539,
        2
      ],
      "num_keypoints": 20,
      "iscrowd": 0,
      "segmentation": []
    }
  ]
}