{
  "categories": [
    {
      "supercategory": "person",
      "id": 1,
      "name": "person",
      "keypoints": [
        "nose",
        "left_eye",
        "right_eye",
        "left_ear",
        "right_ear",
        "left_shoulder",
        "right_shoulder",
        "left_elbow",
        "right_elbow",
        "left_wrist",
        "right_wrist",
        "left_hip",
        "right_hip",
        "left_knee",
        "right_knee",
        "left_ankle",
        "right_ankle",
        "left_heel",
        "right_heel",
        "left_foot",
        "right_foot"
      ],
      "skeleton": [
        [
          1,
          2
        ],
        [
          0,
          1
        ],
        [
          0,
          2
        ],
        [
          1,
          3
        ],
        [
          2,
          4
        ],
        [
          5,
          6
        ],
        [
          5,
          7
        ],
        [
          7,
          9
        ],
        [
          6,
          8
        ],
        [
          8,
          10
        ],
        [
          5,
          11
        ],
        [
          6,
          12
        ],
        [
          11,
          12
        ],
        [
          11,
          13
        ],
        [
          13,
          15
        ],
        [
          12,
          14
        ],
        [
          14,
          16
        ],
        [
          16,
          18
        ],
        [
          16,
          20
        ],
        [
          20,
          18
        ],
        [
          15,
          17
        ],
        [
          15,
          19
        ],
        [
          19,
          17
        ]
      ]
    }
  ],
  "images": [
    {
      "file_name": "000000000344.jpg",
      "height": 1200,
      "width": 1600,
      "id": 0
    }
  ],
  "annotations": [
    {
      "category_id": 1,
      "image_id": 0,
      "id": 0,
      "bbox": [
        636.3725490196078,
        445.6181676210307,
        257.6470588235294,
        493.7584591358667
      ],
      "area": 127215.41476559389,
      "keypoints": [
        676.0869565217391,
        498.9130434782609,
        1,
        688.7254901960785,
        490.6862745098039,
        2,
        666.6666666666666,
        486.7647058823529,
        2,
        726.0869565217391,
        493.4782608695652,
        2,
        671.0144927536231,
        475.3623188405797,
        0,
        783.3333333333333,
        494.927536231884,
        2,
        678.2608695652174,
        538.0434782608695,
        1,
        872.5490196078431,
        492.156862745098,
        2,
        710.7843137254902,
        633.3333333333334,
        0,
        836.2745098039215,
        526.4705882352941,
        2,
        715.6862745098039,
        691.1764705882352,
        0,
        783.695652173913,
        701.0869565217391,
        1,
        717.391304347826,
        680.4347826086956,
        2,
        710.6194690265486,
        791.150442477876,
        0,
        659.29203539823,
        763.716814159292,
        0,
        733.695652173913,
        851.0869565217391,
        2,
        683.695652173913,
        838.0434782608695,
        1,
        753.0973451327433,
        873.4513274336282,
        2,
        704.4247787610619,
        857.5221238938052,
        0,
        726.5486725663716,
        898.2300884955752,
        2,
        657.843137254902,
        876.4705882352941,
        2
      ],
      "num_keypoints": 15,
      "iscrowd": 0,
      "segmentation": []
    },
    {
      "category_id": 1,
      "image_id": 0,
      "id": 1,
      "bbox": [
        746.6666666666666,
        266.9098039215686,
        192.9411764705883,
        605.0823529411764
      ],
      "area": 116745.3010380623,
      "keypoints": [
        824.5098039215686,
        333.3333333333333,
        1,
        836.9565217391304,
        321.0144927536232,
        2,
        814.2222222222222,
        322.22222222222223,
        2,
        858.2222222222222,
        317.3333333333333,
        2,
        808.0,
        324.8888888888889,
        0,
        883.1858407079645,
        372.5663716814159,
        2,
        790.2654867256637,
        375.22123893805303,
        2,
        923.5294117647059,
        463.7254901960784,
        2,
        762.7450980392157,
        469.6078431372549,
        1,
        850.9803921568628,
        496.078431372549,
        0,
        745.0980392156863,
        487.2549019607843,
        0,
        872.5490196078431,
        566.6666666666666,
        2,
        810.655737704918,
        568.8524590163935,
        0,
        863.7254901960785,
        667.6470588235294,
        0,
        814.7058823529412,
        660.7843137254902,
        0,
        830.3921568627451,
        739.2156862745098,
        0,
        809.8039215686274,
        783.3333333333334,
        2,
        813.8157894736842,
        753.9473684210526,
        0,
        801.9607843137255,
        818.6274509803922,
        0,
        845.0980392156863,
        778.4313725490196,
        1,
        828.4313725490196,
        821.5686274509803,
        2
      ],
      "num_keypoints": 12,
      "iscrowd": 0,
      "segmentation": []
    }
  ]
}