{
  "categories": [
    {
      "supercategory": "person",
      "id": 1,
      "name": "person",
      "keypoints": [
        "nose",
        "left_eye",
        "right_eye",
        "left_ear",
        "right_ear",
        "left_shoulder",
        "right_shoulder",
        "left_elbow",
        "right_elbow",
        "left_wrist",
        "right_wrist",
        "left_hip",
        "right_hip",
        "left_knee",
        "right_knee",
        "left_ankle",
        "right_ankle",
        "left_heel",
        "right_heel",
        "left_foot",
        "right_foot"
      ],
      "skeleton": [
        [
          1,
          2
        ],
        [
          0,
          1
        ],
        [
          0,
          2
        ],
        [
          1,
          3
        ],
        [
          2,
          4
        ],
        [
          5,
          6
        ],
        [
          5,
          7
        ],
        [
          7,
          9
        ],
        [
          6,
          8
        ],
        [
          8,
          10
        ],
        [
          5,
          11
        ],
        [
          6,
          12
        ],
        [
          11,
          12
        ],
        [
          11,
          13
        ],
        [
          13,
          15
        ],
        [
          12,
          14
        ],
        [
          14,
          16
        ],
        [
          16,
          18
        ],
        [
          16,
          20
        ],
        [
          20,
          18
        ],
        [
          15,
          17
        ],
        [
          15,
          19
        ],
        [
          19,
          17
        ]
      ]
    }
  ],
  "images": [
    {
      "file_name": "000000001169.jpg",
      "height": 1200,
      "width": 1600,
      "id": 0
    }
  ],
  "annotations": [
    {
      "category_id": 1,
      "image_id": 0,
      "id": 0,
      "bbox": [
        983.7925170068028,
        197.24872487248726,
        258.1261595547311,
        591.4311431143113
      ],
      "area": 152663.84961316173,
      "keypoints": [
        1139.8230088495575,
        272.5663716814159,
        2,
        1156.2949640287768,
        262.76978417266184,
        2,
        1132.871287128713,
        263.56435643564356,
        2,
        1179.0099009900991,
        246.53465346534654,
        2,
        1133.3333333333333,
        252.72727272727272,
        0,
        1202.0408163265306,
        284.69387755102036,
        2,
        1104.0816326530612,
        280.61224489795916,
        2,
        1218.3673469387757,
        382.65306122448976,
        2,
        1083.6734693877552,
        388.77551020408157,
        1,
        1220.4081632653063,
        468.36734693877554,
        2,
        1056.2189054726366,
        471.6417910447761,
        0,
        1153.2467532467533,
        462.3376623376623,
        2,
        1066.883116883117,
        431.16883116883116,
        2,
        1111.0389610389611,
        553.2467532467532,
        2,
        1035.576923076923,
        548.0769230769231,
        2,
        1064.423076923077,
        687.5,
        2,
        1028.5714285714284,
        674.025974025974,
        2,
        1071.4285714285713,
        718.1818181818181,
        2,
        1035.6060606060605,
        696.969696969697,
        1,
        1052.272727272727,
        739.3939393939394,
        2,
        1005.3030303030304,
        715.1515151515151,
        2
      ],
      "num_keypoints": 19,
      "iscrowd": 0,
      "segmentation": []
    },
    {
      "category_id": 1,
      "image_id": 0,
      "id": 1,
      "bbox": [
        942.4561403508773,
        254.03508771929825,
        153.68421052631572,
        551.578947368421
      ],
      "area": 84768.97506925205,
      "keypoints": [
        1039.6103896103896,
        311.68831168831167,
        2,
        1041.5584415584415,
        300.0,
        2,
        1027.82874617737,
        300.3058103975535,
        2,
        1011.0831234256926,
        285.13853904282115,
        0,
        995.4233409610983,
        303.4324942791762,
        2,
        1032.2222222222222,
        346.6666666666667,
        2,
        983.9816933638443,
        352.63157894736844,
        2,
        1066.6666666666665,
        413.6363636363636,
        0,
        1045.4545454545453,
        416.6666666666667,
        2,
        1106.140350877193,
        391.22807017543863,
        0,
        1083.3333333333333,
        336.842105263158,
        2,
        1042.982456140351,
        528.0701754385965,
        0,
        997.3684210526314,
        524.561403508772,
        2,
        1027.1929824561403,
        619.2982456140351,
        1,
        997.3684210526314,
        615.7894736842105,
        2,
        997.3684210526314,
        712.280701754386,
        1,
        969.2982456140351,
        731.578947368421,
        2,
        990.3508771929824,
        729.8245614035088,
        2,
        955.2631578947369,
        754.3859649122807,
        2,
        1021.9298245614034,
        738.5964912280701,
        1,
        986.8421052631579,
        759.6491228070175,
        2
      ],
      "num_keypoints": 17,
      "iscrowd": 0,
      "segmentation": []
    }
  ]
}