{
  "categories": [
    {
      "supercategory": "person",
      "id": 1,
      "name": "person",
      "keypoints": [
        "nose",
        "left_eye",
        "right_eye",
        "left_ear",
        "right_ear",
        "left_shoulder",
        "right_shoulder",
        "left_elbow",
        "right_elbow",
        "left_wrist",
        "right_wrist",
        "left_hip",
        "right_hip",
        "left_knee",
        "right_knee",
        "left_ankle",
        "right_ankle",
        "left_heel",
        "right_heel",
        "left_foot",
        "right_foot"
      ],
      "skeleton": [
        [
          1,
          2
        ],
        [
          0,
          1
        ],
        [
          0,
          2
        ],
        [
          1,
          3
        ],
        [
          2,
          4
        ],
        [
          5,
          6
        ],
        [
          5,
          7
        ],
        [
          7,
          9
        ],
        [
          6,
          8
        ],
        [
          8,
          10
        ],
        [
          5,
          11
        ],
        [
          6,
          12
        ],
        [
          11,
          12
        ],
        [
          11,
          13
        ],
        [
          13,
          15
        ],
        [
          12,
          14
        ],
        [
          14,
          16
        ],
        [
          16,
          18
        ],
        [
          16,
          20
        ],
        [
          20,
          18
        ],
        [
          15,
          17
        ],
        [
          15,
          19
        ],
        [
          19,
          17
        ]
      ]
    }
  ],
  "images": [
    {
      "file_name": "000000001431.jpg",
      "height": 1200,
      "width": 1600,
      "id": 0
    }
  ],
  "annotations": [
    {
      "category_id": 1,
      "image_id": 0,
      "id": 0,
      "bbox": [
        599.9774774774774,
        144.55321600670436,
        536.6339066339067,
        421.17536140791947
      ],
      "area": 226016.97957027936,
      "keypoints": [
        985.8387799564271,
        196.94989106753812,
        2,
        1000.4357298474946,
        179.95642701525054,
        2,
        975.2906976744187,
        179.65116279069767,
        2,
        1044.1860465116279,
        194.47674418604652,
        2,
        974.7747747747746,
        200.9009009009009,
        0,
        1059.9099099099099,
        272.07207207207205,
        2,
        941.4414414414414,
        266.66666666666663,
        2,
        1091.8918918918919,
        406.7567567567567,
        2,
        914.2857142857143,
        413.2653061224489,
        0,
        1077.0270270270269,
        530.6306306306305,
        2,
        884.4827586206897,
        516.3793103448277,
        0,
        986.3636363636364,
        451.94805194805195,
        2,
        909.7402597402598,
        451.94805194805195,
        0,
        864.2857142857143,
        468.83116883116884,
        0,
        866.8831168831169,
        433.76623376623377,
        0,
        759.0909090909091,
        414.2857142857143,
        2,
        698.7012987012987,
        441.55844155844153,
        0,
        715.5844155844156,
        438.9610389610389,
        2,
        652.2727272727273,
        480.3030303030303,
        1,
        697.7272727272727,
        392.42424242424244,
        2,
        644.6969696969696,
        415.1515151515152,
        2
      ],
      "num_keypoints": 14,
      "iscrowd": 0,
      "segmentation": []
    },
    {
      "category_id": 1,
      "image_id": 0,
      "id": 1,
      "bbox": [
        672.9333333333334,
        277.0666666666666,
        252.79999999999995,
        699.2
      ],
      "area": 176757.75999999998,
      "keypoints": [
        812.3376623376624,
        355.84415584415586,
        2,
        815.9090909090909,
        345.45454545454544,
        1,
        794.1896024464831,
        348.01223241590213,
        2,
        781.8181818181818,
        325.25252525252523,
        0,
        751.4814814814814,
        352.96296296296293,
        2,
        811.4478114478114,
        408.7542087542087,
        0,
        744.5283018867925,
        425.66037735849056,
        0,
        872.7272727272727,
        481.8181818181818,
        1,
        837.8787878787879,
        428.7878787878788,
        0,
        909.9999999999999,
        411.3333333333333,
        0,
        904.6666666666666,
        335.3333333333333,
        2,
        799.3333333333333,
        614.0,
        2,
        754.0,
        615.3333333333334,
        1,
        814.0,
        730.0,
        2,
        758.0,
        747.3333333333334,
        2,
        795.3333333333333,
        818.0,
        2,
        715.3333333333333,
        860.6666666666666,
        2,
        771.3333333333333,
        840.6666666666666,
        2,
        694.0,
        879.3333333333334,
        2,
        854.0,
        856.6666666666666,
        2,
        755.3333333333333,
        918.0,
        2
      ],
      "num_keypoints": 16,
      "iscrowd": 0,
      "segmentation": []
    }
  ]
}