{
  "categories": [
    {
      "supercategory": "person",
      "id": 1,
      "name": "person",
      "keypoints": [
        "nose",
        "left_eye",
        "right_eye",
        "left_ear",
        "right_ear",
        "left_shoulder",
        "right_shoulder",
        "left_elbow",
        "right_elbow",
        "left_wrist",
        "right_wrist",
        "left_hip",
        "right_hip",
        "left_knee",
        "right_knee",
        "left_ankle",
        "right_ankle",
        "left_heel",
        "right_heel",
        "left_foot",
        "right_foot"
      ],
      "skeleton": [
        [
          1,
          2
        ],
        [
          0,
          1
        ],
        [
          0,
          2
        ],
        [
          1,
          3
        ],
        [
          2,
          4
        ],
        [
          5,
          6
        ],
        [
          5,
          7
        ],
        [
          7,
          9
        ],
        [
          6,
          8
        ],
        [
          8,
          10
        ],
        [
          5,
          11
        ],
        [
          6,
          12
        ],
        [
          11,
          12
        ],
        [
          11,
          13
        ],
        [
          13,
          15
        ],
        [
          12,
          14
        ],
        [
          14,
          16
        ],
        [
          16,
          18
        ],
        [
          16,
          20
        ],
        [
          20,
          18
        ],
        [
          15,
          17
        ],
        [
          15,
          19
        ],
        [
          19,
          17
        ]
      ]
    }
  ],
  "images": [
    {
      "file_name": "000000001017.jpg",
      "height": 1200,
      "width": 1600,
      "id": 0
    }
  ],
  "annotations": [
    {
      "category_id": 1,
      "image_id": 0,
      "id": 0,
      "bbox": [
        472.53401360544217,
        182.64382130805078,
        593.2282003710577,
        380.71508918528036
      ],
      "area": 225850.9272114906,
      "keypoints": [
        881.4159292035397,
        226.54867256637166,
        1,
        896.4566929133858,
        214.37007874015748,
        2,
        877.1653543307086,
        215.94488188976376,
        2,
        934.1232227488152,
        233.64928909952607,
        2,
        884.3601895734598,
        238.38862559241707,
        0,
        967.3469387755102,
        309.1836734693877,
        2,
        869.3877551020408,
        296.9387755102041,
        2,
        997.9591836734695,
        423.46938775510205,
        2,
        865.3061224489796,
        464.2857142857142,
        0,
        1016.326530612245,
        531.6326530612245,
        2,
        842.8571428571429,
        517.3469387755102,
        1,
        848.051948051948,
        450.64935064935065,
        2,
        820.12987012987,
        462.3376623376623,
        0,
        729.2207792207793,
        398.7012987012987,
        2,
        759.0909090909091,
        407.79220779220776,
        2,
        621.4285714285714,
        384.4155844155844,
        2,
        585.9649122807018,
        378.94736842105266,
        2,
        581.578947368421,
        398.2456140350878,
        2,
        521.969696969697,
        418.1818181818182,
        1,
        559.8484848484849,
        342.42424242424244,
        2,
        496.21212121212125,
        354.54545454545456,
        0
      ],
      "num_keypoints": 17,
      "iscrowd": 0,
      "segmentation": []
    },
    {
      "category_id": 1,
      "image_id": 0,
      "id": 1,
      "bbox": [
        635.4717197160522,
        314.2982456140351,
        154.69200824364543,
        682.9665071770335
      ],
      "area": 105649.46055836338,
      "keypoints": [
        697.7272727272727,
        396.969696969697,
        0,
        696.2121212121212,
        371.21212121212125,
        1,
        675.8409785932722,
        388.37920489296636,
        0,
        651.6819571865443,
        386.23853211009174,
        0,
        647.4006116207951,
        403.3639143730887,
        0,
        700.3058103975535,
        437.30886850152905,
        0,
        648.3627204030226,
        465.23929471032744,
        2,
        775.7575757575758,
        495.45454545454544,
        2,
        777.2727272727273,
        453.03030303030306,
        1,
        816.6666666666666,
        484.21052631578954,
        0,
        809.6491228070175,
        394.7368421052632,
        0,
        695.6140350877193,
        638.5964912280702,
        1,
        688.5964912280701,
        664.9122807017544,
        2,
        727.1929824561404,
        749.1228070175439,
        1,
        723.6842105263158,
        800.0,
        2,
        697.3684210526316,
        847.3684210526316,
        1,
        693.859649122807,
        907.0175438596491,
        1,
        683.3333333333334,
        871.9298245614035,
        1,
        681.578947368421,
        933.3333333333334,
        1,
        730.7017543859649,
        866.6666666666666,
        2,
        727.1929824561404,
        940.3508771929825,
        2
      ],
      "num_keypoints": 14,
      "iscrowd": 0,
      "segmentation": []
    },
    {
      "category_id": 1,
      "image_id": 0,
      "id": 2,
      "bbox": [
        1113.9442231075695,
        265.5008202484181,
        129.08366533864546,
        357.51956878368867
      ],
      "area": 46149.93636889051,
      "keypoints": [
        1191.3043478260868,
        301.73913043478257,
        2,
        1198.8235294117646,
        296.47058823529414,
        2,
        1185.8823529411766,
        295.29411764705884,
        2,
        1207.6470588235295,
        301.7647058823529,
        1,
        1182.0717131474103,
        301.1952191235059,
        0,
        1223.9043824701193,
        331.87250996015933,
        2,
        1166.1354581673306,
        331.47410358565736,
        2,
        1232.2709163346613,
        408.3665338645418,
        2,
        1138.247011952191,
        395.61752988047806,
        2,
        1221.1155378486055,
        443.82470119521906,
        1,
        1127.0916334661354,
        435.45816733067727,
        1,
        1194.8207171314739,
        443.82470119521906,
        2,
        1160.1593625498008,
        445.81673306772905,
        2,
        1193.227091633466,
        528.6852589641434,
        2,
        1143.824701195219,
        521.9123505976095,
        1,
        1181.2749003984063,
        574.5019920318724,
        2,
        1139.043824701195,
        569.7211155378485,
        2,
        1172.5099601593624,
        583.6653386454183,
        0,
        1143.824701195219,
        585.6573705179283,
        1,
        1181.6733067729083,
        593.2270916334661,
        2,
        1124.7011952191233,
        587.6494023904382,
        2
      ],
      "num_keypoints": 19,
      "iscrowd": 0,
      "segmentation": []
    },
    {
      "category_id": 1,
      "image_id": 0,
      "id": 3,
      "bbox": [
        1003.4615384615385,
        281.6790736145575,
        131.53846153846155,
        368.2382133995036
      ],
      "area": 48437.4880702424,
      "keypoints": [
        1090.4761904761904,
        319.04761904761904,
        2,
        1095.6989247311828,
        312.36559139784947,
        2,
        1080.6451612903224,
        313.9784946236559,
        2,
        1087.6344086021504,
        312.36559139784947,
        0,
        1066.6666666666665,
        320.4301075268817,
        1,
        1098.9247311827955,
        348.38709677419354,
        2,
        1043.5483870967741,
        350.0,
        2,
        1108.6021505376343,
        419.89247311827955,
        2,
        1019.3548387096773,
        412.3655913978494,
        0,
        1101.6129032258063,
        456.9892473118279,
        1,
        1011.2903225806451,
        466.1290322580645,
        0,
        1077.9569892473119,
        472.04301075268813,
        2,
        1054.8387096774193,
        473.6559139784946,
        0,
        1089.784946236559,
        538.1720430107526,
        0,
        1030.7017543859647,
        538.5964912280702,
        0,
        1106.1403508771928,
        596.4912280701756,
        2,
        1023.6842105263157,
        587.7192982456141,
        1,
        1099.0384615384614,
        619.2307692307692,
        1,
        1014.4230769230769,
        602.8846153846154,
        1,
        1124.0384615384614,
        619.2307692307692,
        2,
        1022.1153846153845,
        611.5384615384615,
        2
      ],
      "num_keypoints": 15,
      "iscrowd": 0,
      "segmentation": []
    }
  ]
}