{
  "categories": [
    {
      "supercategory": "person",
      "id": 1,
      "name": "person",
      "keypoints": [
        "nose",
        "left_eye",
        "right_eye",
        "left_ear",
        "right_ear",
        "left_shoulder",
        "right_shoulder",
        "left_elbow",
        "right_elbow",
        "left_wrist",
        "right_wrist",
        "left_hip",
        "right_hip",
        "left_knee",
        "right_knee",
        "left_ankle",
        "right_ankle",
        "left_heel",
        "right_heel",
        "left_foot",
        "right_foot"
      ],
      "skeleton": [
        [
          1,
          2
        ],
        [
          0,
          1
        ],
        [
          0,
          2
        ],
        [
          1,
          3
        ],
        [
          2,
          4
        ],
        [
          5,
          6
        ],
        [
          5,
          7
        ],
        [
          7,
          9
        ],
        [
          6,
          8
        ],
        [
          8,
          10
        ],
        [
          5,
          11
        ],
        [
          6,
          12
        ],
        [
          11,
          12
        ],
        [
          11,
          13
        ],
        [
          13,
          15
        ],
        [
          12,
          14
        ],
        [
          14,
          16
        ],
        [
          16,
          18
        ],
        [
          16,
          20
        ],
        [
          20,
          18
        ],
        [
          15,
          17
        ],
        [
          15,
          19
        ],
        [
          19,
          17
        ]
      ]
    }
  ],
  "images": [
    {
      "file_name": "000000000614.jpg",
      "height": 1200,
      "width": 1600,
      "id": 0
    }
  ],
  "annotations": [
    {
      "category_id": 1,
      "image_id": 0,
      "id": 0,
      "bbox": [
        880.7022886674048,
        290.88669950738915,
        279.19158361018856,
        274.8768472906403
      ],
      "area": 76743.30229284982,
      "keypoints": [
        923.9130434782609,
        327.17391304347825,
        2,
        937.0689655172413,
        317.2413793103448,
        2,
        914.2241379310344,
        315.08620689655174,
        2,
        969.3965517241379,
        313.7931034482759,
        2,
        926.4550264550264,
        314.021164021164,
        0,
        1023.8095238095237,
        374.6031746031746,
        2,
        905.026455026455,
        366.4021164021164,
        2,
        1049.4708994708994,
        470.8994708994709,
        2,
        908.7301587301587,
        445.2380952380952,
        2,
        1058.9947089947088,
        542.8571428571428,
        2,
        903.9682539682539,
        516.4021164021163,
        2,
        1033.8624338624338,
        512.9629629629629,
        2,
        978.2051282051282,
        515.3846153846154,
        2,
        1084.6153846153845,
        525.6410256410256,
        1,
        1026.923076923077,
        532.0512820512821,
        0,
        1124.3589743589744,
        494.87179487179486,
        2,
        1084.6153846153845,
        498.71794871794873,
        1,
        1127.906976744186,
        481.9767441860465,
        2,
        1090.6976744186047,
        479.6511627906977,
        2,
        1136.6279069767443,
        505.8139534883721,
        2,
        1066.2790697674418,
        515.6976744186046,
        1
      ],
      "num_keypoints": 19,
      "iscrowd": 0,
      "segmentation": []
    },
    {
      "category_id": 1,
      "image_id": 0,
      "id": 1,
      "bbox": [
        776.5045248868778,
        302.7208216619981,
        117.23981900452486,
        618.7787114845938
      ],
      "area": 72545.50413830689,
      "keypoints": [
        852.3809523809523,
        369.04761904761904,
        2,
        855.7142857142857,
        358.57142857142856,
        2,
        840.952380952381,
        358.0952380952381,
        2,
        848.0952380952381,
        351.4285714285714,
        0,
        803.3333333333333,
        354.2857142857143,
        2,
        863.8095238095237,
        404.76190476190476,
        2,
        792.3076923076923,
        434.6153846153846,
        2,
        908.3333333333333,
        468.5897435897436,
        0,
        816.025641025641,
        538.4615384615385,
        2,
        932.6923076923076,
        429.48717948717945,
        0,
        883.9743589743589,
        492.30769230769226,
        2,
        864.7435897435897,
        578.8461538461538,
        2,
        824.3589743589743,
        585.8974358974359,
        2,
        851.2820512820513,
        706.4102564102564,
        2,
        816.6666666666666,
        732.051282051282,
        2,
        838.4615384615383,
        810.2564102564103,
        2,
        791.5032679738562,
        847.7124183006536,
        2,
        828.7581699346405,
        838.562091503268,
        2,
        786.2745098039215,
        862.7450980392157,
        2,
        860.1307189542483,
        843.1372549019608,
        2,
        803.9215686274509,
        869.9346405228758,
        2
      ],
      "num_keypoints": 18,
      "iscrowd": 0,
      "segmentation": []
    },
    {
      "category_id": 1,
      "image_id": 0,
      "id": 2,
      "bbox": [
        126.5597667638484,
        269.1253644314869,
        115.10204081632652,
        314.5189504373178
      ],
      "area": 36201.77307074433,
      "keypoints": [
        201.16618075801748,
        306.4139941690962,
        0,
        189.50437317784255,
        292.12827988338194,
        0,
        202.62390670553935,
        298.8338192419825,
        0,
        178.42565597667638,
        294.7521865889213,
        0,
        200.0,
        295.33527696793004,
        2,
        153.0612244897959,
        320.99125364431484,
        2,
        202.91545189504373,
        321.28279883381924,
        2,
        136.15160349854227,
        380.75801749271136,
        2,
        232.06997084548104,
        380.1749271137026,
        2,
        141.69096209912536,
        415.1603498542274,
        2,
        220.99125364431487,
        358.3090379008746,
        0,
        166.1807580174927,
        408.74635568513116,
        2,
        212.24489795918367,
        410.78717201166177,
        2,
        183.38192419825072,
        478.134110787172,
        2,
        204.95626822157433,
        485.13119533527697,
        2,
        186.58892128279882,
        535.5685131195335,
        2,
        207.5801749271137,
        546.6472303206997,
        2,
        183.96501457725947,
        546.0641399416909,
        2,
        205.2478134110787,
        557.4344023323615,
        2,
        190.96209912536443,
        542.2740524781341,
        1,
        217.49271137026238,
        552.4781341107871,
        2
      ],
      "num_keypoints": 16,
      "iscrowd": 0,
      "segmentation": []
    }
  ]
}