{
  "categories": [
    {
      "supercategory": "person",
      "id": 1,
      "name": "person",
      "keypoints": [
        "nose",
        "left_eye",
        "right_eye",
        "left_ear",
        "right_ear",
        "left_shoulder",
        "right_shoulder",
        "left_elbow",
        "right_elbow",
        "left_wrist",
        "right_wrist",
        "left_hip",
        "right_hip",
        "left_knee",
        "right_knee",
        "left_ankle",
        "right_ankle",
        "left_heel",
        "right_heel",
        "left_foot",
        "right_foot"
      ],
      "skeleton": [
        [
          1,
          2
        ],
        [
          0,
          1
        ],
        [
          0,
          2
        ],
        [
          1,
          3
        ],
        [
          2,
          4
        ],
        [
          5,
          6
        ],
        [
          5,
          7
        ],
        [
          7,
          9
        ],
        [
          6,
          8
        ],
        [
          8,
          10
        ],
        [
          5,
          11
        ],
        [
          6,
          12
        ],
        [
          11,
          12
        ],
        [
          11,
          13
        ],
        [
          13,
          15
        ],
        [
          12,
          14
        ],
        [
          14,
          16
        ],
        [
          16,
          18
        ],
        [
          16,
          20
        ],
        [
          20,
          18
        ],
        [
          15,
          17
        ],
        [
          15,
          19
        ],
        [
          19,
          17
        ]
      ]
    }
  ],
  "images": [
    {
      "file_name": "000000001539.jpg",
      "height": 1200,
      "width": 1600,
      "id": 0
    }
  ],
  "annotations": [
    {
      "category_id": 1,
      "image_id": 0,
      "id": 0,
      "bbox": [
        761.1111111111112,
        227.08333333333331,
        308.33333333333314,
        758.3333333333335
      ],
      "area": 233819.44444444435,
      "keypoints": [
        921.5277777777779,
        308.33333333333337,
        2,
        939.5833333333334,
        290.27777777777777,
        2,
        909.0277777777778,
        291.6666666666667,
        1,
        972.9166666666669,
        290.27777777777777,
        2,
        913.1944444444446,
        288.8888888888889,
        0,
        1020.138888888889,
        343.05555555555554,
        2,
        909.0277777777778,
        334.72222222222223,
        1,
        1036.8055555555554,
        450.0,
        2,
        874.3055555555557,
        447.22222222222223,
        1,
        1043.75,
        561.1111111111111,
        2,
        852.0833333333334,
        548.6111111111111,
        2,
        953.4722222222223,
        568.0555555555555,
        2,
        893.7500000000001,
        558.3333333333334,
        2,
        911.8055555555557,
        729.1666666666667,
        2,
        849.3055555555557,
        711.1111111111111,
        2,
        865.9722222222223,
        854.1666666666667,
        2,
        811.8055555555557,
        845.8333333333334,
        2,
        861.8055555555557,
        922.2222222222223,
        2,
        827.0833333333334,
        886.1111111111112,
        1,
        828.4722222222223,
        920.8333333333334,
        2,
        786.8055555555557,
        893.0555555555557,
        2
      ],
      "num_keypoints": 20,
      "iscrowd": 0,
      "segmentation": []
    },
    {
      "category_id": 1,
      "image_id": 0,
      "id": 1,
      "bbox": [
        690.1179653679654,
        277.1666666666667,
        188.5844155844154,
        710.3636363636365
      ],
      "area": 133963.51121605656,
      "keypoints": [
        810.4166666666667,
        351.38888888888886,
        2,
        807.1428571428571,
        333.76623376623377,
        0,
        792.8571428571429,
        336.3636363636364,
        2,
        796.7532467532467,
        348.05194805194805,
        0,
        753.8961038961039,
        346.75324675324674,
        2,
        812.3376623376623,
        403.8961038961039,
        2,
        738.3116883116883,
        435.06493506493507,
        2,
        848.7012987012987,
        502.5974025974026,
        0,
        800.6493506493506,
        483.1168831168831,
        2,
        878.5714285714286,
        435.06493506493507,
        0,
        862.9870129870129,
        407.79220779220776,
        2,
        831.8181818181818,
        648.051948051948,
        1,
        785.0649350649351,
        651.9480519480519,
        2,
        815.5844155844155,
        757.1428571428571,
        1,
        763.6363636363636,
        768.8311688311688,
        2,
        795.8333333333335,
        858.3333333333334,
        1,
        730.8333333333334,
        875.0000000000001,
        2,
        782.5,
        885.0000000000001,
        1,
        705.8333333333334,
        913.3333333333334,
        2,
        822.5,
        881.6666666666667,
        1,
        754.1666666666667,
        928.3333333333334,
        1
      ],
      "num_keypoints": 17,
      "iscrowd": 0,
      "segmentation": []
    }
  ]
}