{
  "categories": [
    {
      "supercategory": "person",
      "id": 1,
      "name": "person",
      "keypoints": [
        "nose",
        "left_eye",
        "right_eye",
        "left_ear",
        "right_ear",
        "left_shoulder",
        "right_shoulder",
        "left_elbow",
        "right_elbow",
        "left_wrist",
        "right_wrist",
        "left_hip",
        "right_hip",
        "left_knee",
        "right_knee",
        "left_ankle",
        "right_ankle",
        "left_heel",
        "right_heel",
        "left_foot",
        "right_foot"
      ],
      "skeleton": [
        [
          1,
          2
        ],
        [
          0,
          1
        ],
        [
          0,
          2
        ],
        [
          1,
          3
        ],
        [
          2,
          4
        ],
        [
          5,
          6
        ],
        [
          5,
          7
        ],
        [
          7,
          9
        ],
        [
          6,
          8
        ],
        [
          8,
          10
        ],
        [
          5,
          11
        ],
        [
          6,
          12
        ],
        [
          11,
          12
        ],
        [
          11,
          13
        ],
        [
          13,
          15
        ],
        [
          12,
          14
        ],
        [
          14,
          16
        ],
        [
          16,
          18
        ],
        [
          16,
          20
        ],
        [
          20,
          18
        ],
        [
          15,
          17
        ],
        [
          15,
          19
        ],
        [
          19,
          17
        ]
      ]
    }
  ],
  "images": [
    {
      "file_name": "000000000554.jpg",
      "height": 1200,
      "width": 1600,
      "id": 0
    }
  ],
  "annotations": [
    {
      "category_id": 1,
      "image_id": 0,
      "id": 0,
      "bbox": [
        441.5928168432641,
        227.4150268336315,
        631.1187560203662,
        663.3273703041145
      ],
      "area": 418638.3447805935,
      "keypoints": [
        772.5490196078431,
        299.01960784313724,
        2,
        785.8974358974359,
        285.8974358974359,
        2,
        766.025641025641,
        282.6923076923077,
        2,
        828.8461538461538,
        286.53846153846155,
        2,
        785.0961538461538,
        293.75,
        0,
        886.5384615384615,
        367.5480769230769,
        2,
        767.7884615384615,
        338.2211538461538,
        2,
        951.6826923076923,
        443.50961538461536,
        2,
        807.2115384615385,
        461.05769230769226,
        0,
        1020.1183431952663,
        532.5443786982248,
        2,
        862.1301775147929,
        515.9763313609468,
        1,
        756.2130177514794,
        511.8343195266272,
        2,
        693.6842105263157,
        471.05263157894734,
        2,
        614.2105263157895,
        647.3684210526316,
        2,
        566.3157894736842,
        628.9473684210526,
        1,
        537.1794871794871,
        794.8717948717948,
        1,
        505.1282051282051,
        769.2307692307692,
        2,
        555.232558139535,
        804.0697674418604,
        1,
        526.7441860465117,
        788.953488372093,
        1,
        512.2093023255813,
        835.4651162790698,
        2,
        494.1860465116279,
        814.5348837209302,
        1
      ],
      "num_keypoints": 19,
      "iscrowd": 0,
      "segmentation": []
    },
    {
      "category_id": 1,
      "image_id": 0,
      "id": 1,
      "bbox": [
        610.6456346294938,
        300.3135208711434,
        127.57153338224498,
        570.3756805807622
      ],
      "area": 72763.7001756294,
      "keypoints": [
        678.448275862069,
        359.4827586206897,
        2,
        690.948275862069,
        347.8448275862069,
        2,
        665.5172413793102,
        352.58620689655174,
        2,
        709.0517241379309,
        350.43103448275866,
        2,
        652.5862068965516,
        359.4827586206897,
        2,
        727.5862068965516,
        406.89655172413796,
        2,
        621.2765957446809,
        425.53191489361706,
        2,
        753.1914893617022,
        487.9432624113475,
        0,
        623.404255319149,
        514.8936170212767,
        1,
        844.6808510638299,
        500.7092198581561,
        0,
        708.5106382978723,
        521.2765957446809,
        0,
        714.8936170212767,
        565.2482269503546,
        0,
        664.1025641025641,
        567.9487179487179,
        0,
        707.6923076923076,
        694.8717948717948,
        0,
        686.8421052631578,
        702.6315789473683,
        1,
        666.8421052631578,
        772.1052631578947,
        1,
        638.421052631579,
        794.7368421052631,
        2,
        662.1052631578947,
        757.8947368421052,
        0,
        626.8421052631578,
        801.578947368421,
        2,
        664.7368421052631,
        791.578947368421,
        1,
        645.2631578947368,
        823.1578947368421,
        2
      ],
      "num_keypoints": 14,
      "iscrowd": 0,
      "segmentation": []
    }
  ]
}