{
  "categories": [
    {
      "supercategory": "person",
      "id": 1,
      "name": "person",
      "keypoints": [
        "nose",
        "left_eye",
        "right_eye",
        "left_ear",
        "right_ear",
        "left_shoulder",
        "right_shoulder",
        "left_elbow",
        "right_elbow",
        "left_wrist",
        "right_wrist",
        "left_hip",
        "right_hip",
        "left_knee",
        "right_knee",
        "left_ankle",
        "right_ankle",
        "left_heel",
        "right_heel",
        "left_foot",
        "right_foot"
      ],
      "skeleton": [
        [
          1,
          2
        ],
        [
          0,
          1
        ],
        [
          0,
          2
        ],
        [
          1,
          3
        ],
        [
          2,
          4
        ],
        [
          5,
          6
        ],
        [
          5,
          7
        ],
        [
          7,
          9
        ],
        [
          6,
          8
        ],
        [
          8,
          10
        ],
        [
          5,
          11
        ],
        [
          6,
          12
        ],
        [
          11,
          12
        ],
        [
          11,
          13
        ],
        [
          13,
          15
        ],
        [
          12,
          14
        ],
        [
          14,
          16
        ],
        [
          16,
          18
        ],
        [
          16,
          20
        ],
        [
          20,
          18
        ],
        [
          15,
          17
        ],
        [
          15,
          19
        ],
        [
          19,
          17
        ]
      ]
    }
  ],
  "images": [
    {
      "file_name": "000000001543.jpg",
      "height": 1200,
      "width": 1600,
      "id": 0
    }
  ],
  "annotations": [
    {
      "category_id": 1,
      "image_id": 0,
      "id": 0,
      "bbox": [
        783.3333333333335,
        267.6388888888889,
        358.33333333333303,
        471.66666666666674
      ],
      "area": 169013.88888888876,
      "keypoints": [
        829.8611111111112,
        347.22222222222223,
        2,
        839.0,
        331.0,
        2,
        813.1944444444446,
        333.33333333333337,
        1,
        881.2500000000001,
        306.94444444444446,
        2,
        815.9722222222223,
        320.83333333333337,
        0,
        952.0833333333334,
        373.61111111111114,
        2,
        840.9722222222223,
        361.11111111111114,
        1,
        981.2500000000001,
        459.72222222222223,
        2,
        852.0833333333334,
        448.61111111111114,
        1,
        1035.4166666666667,
        554.1666666666667,
        2,
        860.4166666666667,
        537.5,
        1,
        971.5277777777779,
        547.2222222222223,
        2,
        913.1944444444446,
        541.6666666666667,
        2,
        1024.3055555555554,
        645.8333333333334,
        2,
        975.6944444444445,
        641.6666666666667,
        1,
        1090.9722222222222,
        662.5,
        2,
        1059.0277777777778,
        620.8333333333334,
        1,
        1111.8055555555554,
        648.6111111111111,
        2,
        1079.861111111111,
        602.7777777777778,
        2,
        1090.9722222222222,
        700.0000000000001,
        2,
        1079.861111111111,
        637.5000000000001,
        1
      ],
      "num_keypoints": 20,
      "iscrowd": 0,
      "segmentation": []
    },
    {
      "category_id": 1,
      "image_id": 0,
      "id": 1,
      "bbox": [
        697.0000000000001,
        271.2857142857143,
        146.0,
        718.5974025974028
      ],
      "area": 104915.2207792208,
      "keypoints": [
        786.8055555555557,
        345.8333333333333,
        2,
        794.1558441558441,
        335.06493506493507,
        2,
        772.077922077922,
        331.16883116883116,
        2,
        798.051948051948,
        335.06493506493507,
        0,
        740.9090909090909,
        348.05194805194805,
        2,
        804.5454545454545,
        405.1948051948052,
        2,
        731.8181818181818,
        431.16883116883116,
        2,
        855.1948051948052,
        501.2987012987013,
        0,
        783.7662337662338,
        497.4025974025974,
        2,
        868.1818181818181,
        451.94805194805195,
        0,
        822.7272727272727,
        406.49350649350646,
        2,
        829.2207792207791,
        637.6623376623377,
        2,
        782.4675324675325,
        654.5454545454545,
        2,
        809.090909090909,
        744.1558441558442,
        2,
        753.2467532467532,
        767.5324675324675,
        2,
        800.8333333333335,
        848.3333333333334,
        2,
        735.8333333333334,
        883.3333333333334,
        2,
        784.1666666666667,
        871.6666666666667,
        2,
        709.1666666666667,
        908.3333333333334,
        2,
        830.8333333333335,
        883.3333333333334,
        2,
        750.8333333333334,
        930.0000000000001,
        2
      ],
      "num_keypoints": 18,
      "iscrowd": 0,
      "segmentation": []
    }
  ]
}