{
  "categories": [
    {
      "supercategory": "person",
      "id": 1,
      "name": "person",
      "keypoints": [
        "nose",
        "left_eye",
        "right_eye",
        "left_ear",
        "right_ear",
        "left_shoulder",
        "right_shoulder",
        "left_elbow",
        "right_elbow",
        "left_wrist",
        "right_wrist",
        "left_hip",
        "right_hip",
        "left_knee",
        "right_knee",
        "left_ankle",
        "right_ankle",
        "left_heel",
        "right_heel",
        "left_foot",
        "right_foot"
      ],
      "skeleton": [
        [
          1,
          2
        ],
        [
          0,
          1
        ],
        [
          0,
          2
        ],
        [
          1,
          3
        ],
        [
          2,
          4
        ],
        [
          5,
          6
        ],
        [
          5,
          7
        ],
        [
          7,
          9
        ],
        [
          6,
          8
        ],
        [
          8,
          10
        ],
        [
          5,
          11
        ],
        [
          6,
          12
        ],
        [
          11,
          12
        ],
        [
          11,
          13
        ],
        [
          13,
          15
        ],
        [
          12,
          14
        ],
        [
          14,
          16
        ],
        [
          16,
          18
        ],
        [
          16,
          20
        ],
        [
          20,
          18
        ],
        [
          15,
          17
        ],
        [
          15,
          19
        ],
        [
          19,
          17
        ]
      ]
    }
  ],
  "images": [
    {
      "file_name": "000000001027.jpg",
      "height": 1200,
      "width": 1600,
      "id": 0
    }
  ],
  "annotations": [
    {
      "category_id": 1,
      "image_id": 0,
      "id": 0,
      "bbox": [
        473.3530254206946,
        311.0402174782122,
        246.29430719656284,
        735.0635644039338
      ],
      "area": 181041.97134030293,
      "keypoints": [
        567.2566371681415,
        379.646017699115,
        0,
        565.9630606860159,
        372.29551451187336,
        1,
        563.0606860158312,
        374.4063324538258,
        0,
        574.7093023255813,
        392.1511627906977,
        2,
        609.3023255813954,
        375.5813953488372,
        0,
        646.9387755102041,
        447.9591836734694,
        2,
        604.0816326530613,
        474.48979591836735,
        2,
        630.6122448979593,
        566.3265306122449,
        2,
        565.3061224489796,
        533.6734693877551,
        2,
        506.12244897959187,
        601.0204081632653,
        2,
        493.8775510204082,
        576.530612244898,
        2,
        649.3506493506493,
        702.5974025974026,
        2,
        590.2597402597403,
        677.922077922078,
        2,
        612.3376623376623,
        809.0909090909091,
        2,
        604.5454545454545,
        807.7922077922078,
        2,
        677.2727272727273,
        937.6623376623377,
        2,
        628.0701754385966,
        924.561403508772,
        2,
        699.1228070175439,
        964.9122807017544,
        1,
        641.1764705882352,
        948.5294117647059,
        2,
        652.7272727272726,
        984.8484848484848,
        2,
        621.2121212121211,
        959.9999999999999,
        2
      ],
      "num_keypoints": 18,
      "iscrowd": 0,
      "segmentation": []
    },
    {
      "category_id": 1,
      "image_id": 0,
      "id": 1,
      "bbox": [
        1108.776595744681,
        273.031914893617,
        130.8510638297871,
        368.29787234042544
      ],
      "area": 48192.168401991796,
      "keypoints": [
        1197.6377952755906,
        308.66141732283467,
        2,
        1203.191489361702,
        305.31914893617017,
        2,
        1190.9574468085107,
        303.7234042553191,
        2,
        1206.3829787234042,
        308.51063829787233,
        1,
        1178.723404255319,
        310.1063829787234,
        1,
        1217.0212765957447,
        336.70212765957444,
        2,
        1157.4468085106382,
        338.2978723404255,
        2,
        1227.659574468085,
        401.063829787234,
        2,
        1129.787234042553,
        407.9787234042553,
        2,
        1228.723404255319,
        442.02127659574467,
        1,
        1134.5744680851062,
        453.7234042553191,
        1,
        1201.5957446808509,
        450.531914893617,
        2,
        1163.2978723404256,
        452.65957446808505,
        2,
        1203.723404255319,
        532.9787234042553,
        2,
        1145.7446808510638,
        528.7234042553191,
        0,
        1206.3829787234042,
        586.7021276595744,
        2,
        1137.7659574468084,
        565.4255319148936,
        2,
        1196.8085106382978,
        604.2553191489361,
        2,
        1140.4255319148936,
        588.8297872340426,
        2,
        1220.7446808510638,
        610.6382978723403,
        2,
        1119.6808510638298,
        586.7021276595744,
        2
      ],
      "num_keypoints": 20,
      "iscrowd": 0,
      "segmentation": []
    },
    {
      "category_id": 1,
      "image_id": 0,
      "id": 2,
      "bbox": [
        1355.8378262729993,
        302.20453572956785,
        161.5250320924265,
        430.1309370988447
      ],
      "area": 69476.91341883637,
      "keypoints": [
        1455.5555555555554,
        346.4052287581699,
        2,
        1463.9024390243903,
        340.4878048780488,
        2,
        1445.8536585365855,
        338.0487804878049,
        2,
        1472.1951219512196,
        348.7804878048781,
        0,
        1435.1219512195123,
        341.4634146341464,
        1,
        1471.7073170731708,
        380.9756097560976,
        1,
        1407.3170731707319,
        378.0487804878049,
        2,
        1494.1463414634147,
        453.1707317073171,
        2,
        1371.219512195122,
        447.31707317073176,
        2,
        1503.9024390243903,
        508.2926829268293,
        1,
        1371.7073170731708,
        509.75609756097566,
        2,
        1438.5365853658539,
        525.3658536585366,
        1,
        1414.1463414634147,
        525.3658536585366,
        2,
        1412.1951219512196,
        598.5365853658537,
        2,
        1439.4736842105262,
        600.0000000000001,
        2,
        1383.3333333333333,
        652.6315789473684,
        2,
        1420.1754385964912,
        670.1754385964913,
        1,
        1369.2982456140348,
        673.6842105263158,
        1,
        1407.8947368421052,
        682.4561403508773,
        1,
        1393.8596491228068,
        677.1929824561404,
        1,
        1439.4736842105262,
        696.4912280701755,
        2
      ],
      "num_keypoints": 20,
      "iscrowd": 0,
      "segmentation": []
    }
  ]
}