{
  "categories": [
    {
      "supercategory": "person",
      "id": 1,
      "name": "person",
      "keypoints": [
        "nose",
        "left_eye",
        "right_eye",
        "left_ear",
        "right_ear",
        "left_shoulder",
        "right_shoulder",
        "left_elbow",
        "right_elbow",
        "left_wrist",
        "right_wrist",
        "left_hip",
        "right_hip",
        "left_knee",
        "right_knee",
        "left_ankle",
        "right_ankle",
        "left_heel",
        "right_heel",
        "left_foot",
        "right_foot"
      ],
      "skeleton": [
        [
          1,
          2
        ],
        [
          0,
          1
        ],
        [
          0,
          2
        ],
        [
          1,
          3
        ],
        [
          2,
          4
        ],
        [
          5,
          6
        ],
        [
          5,
          7
        ],
        [
          7,
          9
        ],
        [
          6,
          8
        ],
        [
          8,
          10
        ],
        [
          5,
          11
        ],
        [
          6,
          12
        ],
        [
          11,
          12
        ],
        [
          11,
          13
        ],
        [
          13,
          15
        ],
        [
          12,
          14
        ],
        [
          14,
          16
        ],
        [
          16,
          18
        ],
        [
          16,
          20
        ],
        [
          20,
          18
        ],
        [
          15,
          17
        ],
        [
          15,
          19
        ],
        [
          19,
          17
        ]
      ]
    }
  ],
  "images": [
    {
      "file_name": "000000001145.jpg",
      "height": 1200,
      "width": 1600,
      "id": 0
    }
  ],
  "annotations": [
    {
      "category_id": 1,
      "image_id": 0,
      "id": 0,
      "bbox": [
        451.83673469387753,
        286.92181491252245,
        161.63265306122463,
        749.2128991613183
      ],
      "area": 121097.26859913564,
      "keypoints": [
        503.921568627451,
        365.6862745098039,
        2,
        522.6579520697168,
        351.85185185185185,
        2,
        495.7081545064378,
        349.3562231759657,
        2,
        556.2231759656652,
        370.3862660944206,
        2,
        531.1926605504586,
        371.5596330275229,
        0,
        581.6326530612246,
        443.8775510204082,
        2,
        495.9183673469388,
        439.79591836734687,
        2,
        600.0000000000001,
        578.5714285714286,
        2,
        465.3061224489796,
        576.530612244898,
        1,
        559.1836734693878,
        698.9795918367347,
        2,
        469.85294117647055,
        685.2941176470588,
        0,
        577.922077922078,
        712.9870129870129,
        2,
        490.2597402597403,
        711.6883116883117,
        2,
        565.5844155844156,
        806.4935064935065,
        2,
        514.9350649350649,
        812.9870129870129,
        1,
        575.974025974026,
        920.7792207792207,
        2,
        550.6493506493506,
        914.2857142857142,
        2,
        600.0,
        945.4545454545454,
        2,
        562.1890547263681,
        943.781094527363,
        1,
        584.4036697247707,
        973.7003058103976,
        2,
        539.080459770115,
        958.0459770114943,
        2
      ],
      "num_keypoints": 19,
      "iscrowd": 0,
      "segmentation": []
    }
  ]
}