{
  "categories": [
    {
      "supercategory": "person",
      "id": 1,
      "name": "person",
      "keypoints": [
        "nose",
        "left_eye",
        "right_eye",
        "left_ear",
        "right_ear",
        "left_shoulder",
        "right_shoulder",
        "left_elbow",
        "right_elbow",
        "left_wrist",
        "right_wrist",
        "left_hip",
        "right_hip",
        "left_knee",
        "right_knee",
        "left_ankle",
        "right_ankle",
        "left_heel",
        "right_heel",
        "left_foot",
        "right_foot"
      ],
      "skeleton": [
        [
          1,
          2
        ],
        [
          0,
          1
        ],
        [
          0,
          2
        ],
        [
          1,
          3
        ],
        [
          2,
          4
        ],
        [
          5,
          6
        ],
        [
          5,
          7
        ],
        [
          7,
          9
        ],
        [
          6,
          8
        ],
        [
          8,
          10
        ],
        [
          5,
          11
        ],
        [
          6,
          12
        ],
        [
          11,
          12
        ],
        [
          11,
          13
        ],
        [
          13,
          15
        ],
        [
          12,
          14
        ],
        [
          14,
          16
        ],
        [
          16,
          18
        ],
        [
          16,
          20
        ],
        [
          20,
          18
        ],
        [
          15,
          17
        ],
        [
          15,
          19
        ],
        [
          19,
          17
        ]
      ]
    }
  ],
  "images": [
    {
      "file_name": "000000001190.jpg",
      "height": 1200,
      "width": 1600,
      "id": 0
    }
  ],
  "annotations": [
    {
      "category_id": 1,
      "image_id": 0,
      "id": 0,
      "bbox": [
        816.2166405023548,
        351.2121212121212,
        240.56514913657782,
        585.4545454545455
      ],
      "area": 140839.9600399601,
      "keypoints": [
        986.2745098039215,
        411.7647058823529,
        2,
        1000.0,
        400.0,
        2,
        975.5991285403051,
        400.43572984749454,
        2,
        1020.479302832244,
        404.35729847494554,
        2,
        962.7450980392157,
        408.9324618736384,
        1,
        1036.734693877551,
        472.44897959183675,
        2,
        948.9795918367348,
        458.1632653061224,
        2,
        1008.1632653061225,
        521.4285714285714,
        2,
        891.8367346938776,
        503.0612244897959,
        2,
        977.5510204081634,
        570.4081632653061,
        2,
        836.2637362637363,
        536.2637362637363,
        2,
        1025.3246753246754,
        666.2337662337662,
        2,
        936.1702127659574,
        656.3829787234042,
        2,
        1009.7402597402598,
        749.3506493506493,
        2,
        944.8051948051949,
        750.6493506493506,
        2,
        995.4545454545454,
        840.2597402597403,
        2,
        968.8311688311688,
        837.6623376623377,
        2,
        1005.1948051948052,
        872.7272727272727,
        2,
        962.8787878787879,
        850.0,
        1,
        981.0606060606061,
        887.8787878787879,
        2,
        935.6060606060606,
        866.6666666666666,
        2
      ],
      "num_keypoints": 21,
      "iscrowd": 0,
      "segmentation": []
    },
    {
      "category_id": 1,
      "image_id": 0,
      "id": 1,
      "bbox": [
        686.8421052631579,
        320.91228070175436,
        189.47368421052636,
        650.8708133971293
      ],
      "area": 123322.8909594561,
      "keypoints": [
        761.6883116883117,
        379.2207792207792,
        0,
        768.6131386861314,
        355.4744525547445,
        0,
        766.4233576642335,
        366.42335766423355,
        0,
        726.060606060606,
        362.4242424242424,
        0,
        743.6363636363636,
        375.1515151515151,
        1,
        703.030303030303,
        437.8787878787879,
        0,
        737.8787878787879,
        456.06060606060606,
        2,
        781.8181818181819,
        506.06060606060606,
        1,
        740.9090909090909,
        562.1212121212121,
        2,
        860.5263157894738,
        510.52631578947376,
        2,
        802.6315789473684,
        536.8421052631579,
        2,
        711.4035087719299,
        638.5964912280702,
        0,
        750.0,
        661.4035087719299,
        2,
        737.719298245614,
        749.1228070175439,
        1,
        748.2456140350877,
        773.6842105263158,
        2,
        716.6666666666666,
        857.8947368421053,
        1,
        718.421052631579,
        892.9824561403509,
        2,
        702.6315789473684,
        889.4736842105264,
        1,
        714.9122807017544,
        917.5438596491229,
        2,
        757.0175438596491,
        877.1929824561404,
        2,
        742.9824561403509,
        908.7719298245614,
        2
      ],
      "num_keypoints": 15,
      "iscrowd": 0,
      "segmentation": []
    }
  ]
}