{
  "categories": [
    {
      "supercategory": "person",
      "id": 1,
      "name": "person",
      "keypoints": [
        "nose",
        "left_eye",
        "right_eye",
        "left_ear",
        "right_ear",
        "left_shoulder",
        "right_shoulder",
        "left_elbow",
        "right_elbow",
        "left_wrist",
        "right_wrist",
        "left_hip",
        "right_hip",
        "left_knee",
        "right_knee",
        "left_ankle",
        "right_ankle",
        "left_heel",
        "right_heel",
        "left_foot",
        "right_foot"
      ],
      "skeleton": [
        [
          1,
          2
        ],
        [
          0,
          1
        ],
        [
          0,
          2
        ],
        [
          1,
          3
        ],
        [
          2,
          4
        ],
        [
          5,
          6
        ],
        [
          5,
          7
        ],
        [
          7,
          9
        ],
        [
          6,
          8
        ],
        [
          8,
          10
        ],
        [
          5,
          11
        ],
        [
          6,
          12
        ],
        [
          11,
          12
        ],
        [
          11,
          13
        ],
        [
          13,
          15
        ],
        [
          12,
          14
        ],
        [
          14,
          16
        ],
        [
          16,
          18
        ],
        [
          16,
          20
        ],
        [
          20,
          18
        ],
        [
          15,
          17
        ],
        [
          15,
          19
        ],
        [
          19,
          17
        ]
      ]
    }
  ],
  "images": [
    {
      "file_name": "000000001903.jpg",
      "height": 1200,
      "width": 1600,
      "id": 0
    }
  ],
  "annotations": [
    {
      "category_id": 1,
      "image_id": 0,
      "id": 0,
      "bbox": [
        886.1111111111112,
        264.23160173160176,
        191.6666666666664,
        529.2207792207791
      ],
      "area": 101433.98268398253,
      "keypoints": [
        917.3611111111112,
        331.94444444444446,
        2,
        928.4722222222223,
        308.33333333333337,
        2,
        902.0833333333334,
        312.5,
        2,
        961.8055555555555,
        311.11111111111114,
        2,
        913.1944444444446,
        298.61111111111114,
        0,
        1027.0833333333333,
        341.6666666666667,
        2,
        902.0833333333334,
        338.8888888888889,
        1,
        1053.4722222222222,
        427.77777777777777,
        2,
        914.5833333333334,
        427.77777777777777,
        2,
        1061.8055555555554,
        516.6666666666667,
        2,
        902.0833333333334,
        504.1666666666667,
        2,
        1007.638888888889,
        516.6666666666667,
        2,
        956.2500000000001,
        515.2777777777778,
        2,
        1007.638888888889,
        630.5555555555555,
        2,
        956.2500000000001,
        630.5555555555555,
        2,
        1024.3055555555554,
        704.1666666666667,
        2,
        1021.5277777777779,
        636.1111111111111,
        1,
        1038.3116883116884,
        698.7012987012987,
        2,
        1042.2077922077922,
        614.2857142857142,
        2,
        1016.2337662337662,
        749.3506493506493,
        2,
        1039.6103896103898,
        657.1428571428571,
        1
      ],
      "num_keypoints": 20,
      "iscrowd": 0,
      "segmentation": []
    },
    {
      "category_id": 1,
      "image_id": 0,
      "id": 1,
      "bbox": [
        686.0768398268399,
        326.8095238095238,
        217.07792207792204,
        628.9350649350649
      ],
      "area": 136527.91701804686,
      "keypoints": [
        773.3766233766233,
        388.31168831168833,
        1,
        760.3896103896103,
        375.3246753246753,
        0,
        769.4805194805194,
        370.12987012987014,
        0,
        730.5194805194805,
        379.2207792207792,
        0,
        743.5064935064935,
        379.2207792207792,
        2,
        761.6883116883116,
        432.46753246753246,
        2,
        737.012987012987,
        471.42857142857144,
        2,
        831.8181818181818,
        455.8441558441558,
        2,
        811.038961038961,
        533.7662337662338,
        2,
        885.0649350649351,
        409.09090909090907,
        2,
        870.7792207792207,
        489.6103896103896,
        2,
        781.1688311688312,
        631.1688311688312,
        1,
        737.012987012987,
        641.5584415584416,
        2,
        774.0259740259739,
        733.7662337662338,
        2,
        725.974025974026,
        746.7532467532467,
        2,
        767.5,
        813.3333333333334,
        2,
        709.1666666666667,
        868.3333333333334,
        2,
        757.5,
        835.0000000000001,
        2,
        704.1666666666667,
        901.6666666666667,
        2,
        809.1666666666667,
        833.3333333333334,
        2,
        745.8333333333334,
        903.3333333333334,
        2
      ],
      "num_keypoints": 18,
      "iscrowd": 0,
      "segmentation": []
    }
  ]
}