{
  "categories": [
    {
      "supercategory": "person",
      "id": 1,
      "name": "person",
      "keypoints": [
        "nose",
        "left_eye",
        "right_eye",
        "left_ear",
        "right_ear",
        "left_shoulder",
        "right_shoulder",
        "left_elbow",
        "right_elbow",
        "left_wrist",
        "right_wrist",
        "left_hip",
        "right_hip",
        "left_knee",
        "right_knee",
        "left_ankle",
        "right_ankle",
        "left_heel",
        "right_heel",
        "left_foot",
        "right_foot"
      ],
      "skeleton": [
        [
          1,
          2
        ],
        [
          0,
          1
        ],
        [
          0,
          2
        ],
        [
          1,
          3
        ],
        [
          2,
          4
        ],
        [
          5,
          6
        ],
        [
          5,
          7
        ],
        [
          7,
          9
        ],
        [
          6,
          8
        ],
        [
          8,
          10
        ],
        [
          5,
          11
        ],
        [
          6,
          12
        ],
        [
          11,
          12
        ],
        [
          11,
          13
        ],
        [
          13,
          15
        ],
        [
          12,
          14
        ],
        [
          14,
          16
        ],
        [
          16,
          18
        ],
        [
          16,
          20
        ],
        [
          20,
          18
        ],
        [
          15,
          17
        ],
        [
          15,
          19
        ],
        [
          19,
          17
        ]
      ]
    }
  ],
  "images": [
    {
      "file_name": "000000001923.jpg",
      "height": 1200,
      "width": 1600,
      "id": 0
    }
  ],
  "annotations": [
    {
      "category_id": 1,
      "image_id": 0,
      "id": 0,
      "bbox": [
        891.6666666666667,
        250.74855699855704,
        158.33333333333303,
        607.6839826839828
      ],
      "area": 96216.63059163043,
      "keypoints": [
        934.0277777777779,
        315.27777777777777,
        2,
        949.3055555555555,
        304.1666666666667,
        2,
        921.5277777777779,
        301.3888888888889,
        2,
        985.4166666666669,
        306.94444444444446,
        2,
        911.8055555555557,
        301.3888888888889,
        0,
        1018.7500000000001,
        363.8888888888889,
        2,
        913.1944444444446,
        368.05555555555554,
        2,
        1035.4166666666667,
        461.11111111111114,
        2,
        904.8611111111112,
        440.27777777777777,
        2,
        1036.8055555555554,
        550.0,
        2,
        904.8611111111112,
        522.2222222222223,
        2,
        990.9722222222223,
        563.8888888888889,
        2,
        931.2500000000001,
        545.8333333333334,
        2,
        1000.6944444444445,
        670.8333333333334,
        2,
        945.138888888889,
        666.6666666666667,
        2,
        1006.2500000000001,
        763.8888888888889,
        2,
        957.638888888889,
        765.2777777777778,
        2,
        1021.4285714285714,
        780.5194805194805,
        1,
        974.6753246753248,
        781.8181818181818,
        1,
        1000.6493506493506,
        807.7922077922078,
        2,
        955.1948051948052,
        796.1038961038961,
        2
      ],
      "num_keypoints": 20,
      "iscrowd": 0,
      "segmentation": []
    },
    {
      "category_id": 1,
      "image_id": 0,
      "id": 1,
      "bbox": [
        716.2337662337661,
        336.92857142857144,
        187.0129870129872,
        554.2597402597404
      ],
      "area": 103653.76960701648,
      "keypoints": [
        787.6623376623377,
        400.0,
        2,
        798.051948051948,
        383.1168831168831,
        2,
        778.5714285714286,
        388.31168831168833,
        2,
        766.8831168831168,
        389.6103896103896,
        0,
        742.2077922077922,
        385.7142857142857,
        2,
        807.1428571428571,
        432.46753246753246,
        2,
        731.8181818181818,
        457.1428571428571,
        2,
        853.8961038961039,
        451.94805194805195,
        2,
        804.5454545454545,
        509.09090909090907,
        2,
        887.6623376623377,
        437.6623376623377,
        2,
        886.3636363636364,
        496.1038961038961,
        2,
        818.8311688311688,
        609.0909090909091,
        2,
        777.2727272727273,
        624.6753246753246,
        2,
        805.1948051948051,
        711.6883116883117,
        1,
        776.6233766233765,
        729.8701298701299,
        2,
        782.5,
        798.3333333333334,
        2,
        759.1666666666667,
        830.0000000000001,
        2,
        777.5,
        818.3333333333334,
        1,
        742.5,
        843.3333333333334,
        2,
        804.1666666666667,
        820.0000000000001,
        2,
        772.5,
        845.0000000000001,
        2
      ],
      "num_keypoints": 20,
      "iscrowd": 0,
      "segmentation": []
    }
  ]
}