{
  "categories": [
    {
      "supercategory": "person",
      "id": 1,
      "name": "person",
      "keypoints": [
        "nose",
        "left_eye",
        "right_eye",
        "left_ear",
        "right_ear",
        "left_shoulder",
        "right_shoulder",
        "left_elbow",
        "right_elbow",
        "left_wrist",
        "right_wrist",
        "left_hip",
        "right_hip",
        "left_knee",
        "right_knee",
        "left_ankle",
        "right_ankle",
        "left_heel",
        "right_heel",
        "left_foot",
        "right_foot"
      ],
      "skeleton": [
        [
          1,
          2
        ],
        [
          0,
          1
        ],
        [
          0,
          2
        ],
        [
          1,
          3
        ],
        [
          2,
          4
        ],
        [
          5,
          6
        ],
        [
          5,
          7
        ],
        [
          7,
          9
        ],
        [
          6,
          8
        ],
        [
          8,
          10
        ],
        [
          5,
          11
        ],
        [
          6,
          12
        ],
        [
          11,
          12
        ],
        [
          11,
          13
        ],
        [
          13,
          15
        ],
        [
          12,
          14
        ],
        [
          14,
          16
        ],
        [
          16,
          18
        ],
        [
          16,
          20
        ],
        [
          20,
          18
        ],
        [
          15,
          17
        ],
        [
          15,
          19
        ],
        [
          19,
          17
        ]
      ]
    }
  ],
  "images": [
    {
      "file_name": "000000000109.jpg",
      "height": 1200,
      "width": 1600,
      "id": 0
    }
  ],
  "annotations": [
    {
      "category_id": 1,
      "image_id": 0,
      "id": 0,
      "bbox": [
        539.5081967213115,
        346.99179171476203,
        322.62295081967204,
        644.794151596768
      ],
      "area": 208025.39185941624,
      "keypoints": [
        661.4754098360655,
        413.11475409836066,
        2,
        680.952380952381,
        407.73809523809524,
        2,
        653.5714285714286,
        402.9761904761905,
        2,
        705.7971014492753,
        400.7246376811594,
        2,
        657.3529411764706,
        394.11764705882354,
        0,
        750.9803921568628,
        454.4117647058823,
        2,
        636.7647058823529,
        436.27450980392155,
        2,
        835.2459016393442,
        514.7540983606558,
        2,
        566.3934426229508,
        401.6393442622951,
        2,
        806.8627450980392,
        502.94117647058823,
        2,
        499.01960784313724,
        309.80392156862746,
        0,
        712.295081967213,
        654.0983606557377,
        1,
        638.5245901639344,
        645.9016393442623,
        1,
        722.1311475409835,
        816.3934426229508,
        0,
        669.8795180722891,
        821.6867469879518,
        0,
        727.4336283185839,
        900.8849557522122,
        2,
        683.1858407079645,
        893.8053097345132,
        1,
        741.5929203539822,
        932.7433628318583,
        2,
        694.6902654867256,
        917.6991150442477,
        0,
        707.9646017699114,
        938.0530973451326,
        1,
        657.1428571428571,
        937.5,
        2
      ],
      "num_keypoints": 16,
      "iscrowd": 0,
      "segmentation": []
    },
    {
      "category_id": 1,
      "image_id": 0,
      "id": 1,
      "bbox": [
        489.9547903039631,
        303.2044713553796,
        107.4990380915736,
        593.1252911038657
      ],
      "area": 63760.39826145014,
      "keypoints": [
        542.156862745098,
        365.6862745098039,
        2,
        551.3157894736842,
        352.63157894736844,
        2,
        532.2368421052631,
        360.5263157894737,
        2,
        563.1578947368421,
        358.55263157894734,
        0,
        507.89473684210526,
        372.36842105263156,
        1,
        585.8695652173913,
        417.39130434782606,
        1,
        498.9130434782609,
        430.4347826086956,
        2,
        606.1946902654867,
        482.30088495575217,
        0,
        511.504424778761,
        525.6637168141592,
        2,
        648.6725663716813,
        530.9734513274336,
        0,
        568.1415929203539,
        564.6017699115043,
        2,
        574.5901639344262,
        627.8688524590164,
        0,
        513.9344262295082,
        614.7540983606558,
        2,
        577.8688524590164,
        718.032786885246,
        2,
        510.65573770491807,
        722.9508196721312,
        2,
        562.6506024096385,
        802.4096385542168,
        1,
        510.65573770491807,
        773.7704918032787,
        0,
        550.9803921568628,
        829.4117647058823,
        2,
        529.2035398230088,
        781.4159292035397,
        0,
        588.4955752212388,
        846.9026548672565,
        2,
        503.5398230088495,
        821.2389380530973,
        0
      ],
      "num_keypoints": 14,
      "iscrowd": 0,
      "segmentation": []
    }
  ]
}