{
  "categories": [
    {
      "supercategory": "person",
      "id": 1,
      "name": "person",
      "keypoints": [
        "nose",
        "left_eye",
        "right_eye",
        "left_ear",
        "right_ear",
        "left_shoulder",
        "right_shoulder",
        "left_elbow",
        "right_elbow",
        "left_wrist",
        "right_wrist",
        "left_hip",
        "right_hip",
        "left_knee",
        "right_knee",
        "left_ankle",
        "right_ankle",
        "left_heel",
        "right_heel",
        "left_foot",
        "right_foot"
      ],
      "skeleton": [
        [
          1,
          2
        ],
        [
          0,
          1
        ],
        [
          0,
          2
        ],
        [
          1,
          3
        ],
        [
          2,
          4
        ],
        [
          5,
          6
        ],
        [
          5,
          7
        ],
        [
          7,
          9
        ],
        [
          6,
          8
        ],
        [
          8,
          10
        ],
        [
          5,
          11
        ],
        [
          6,
          12
        ],
        [
          11,
          12
        ],
        [
          11,
          13
        ],
        [
          13,
          15
        ],
        [
          12,
          14
        ],
        [
          14,
          16
        ],
        [
          16,
          18
        ],
        [
          16,
          20
        ],
        [
          20,
          18
        ],
        [
          15,
          17
        ],
        [
          15,
          19
        ],
        [
          19,
          17
        ]
      ]
    }
  ],
  "images": [
    {
      "file_name": "000000001097.jpg",
      "height": 1200,
      "width": 1600,
      "id": 0
    }
  ],
  "annotations": [
    {
      "category_id": 1,
      "image_id": 0,
      "id": 0,
      "bbox": [
        783.7925170068028,
        198.70748299319726,
        390.4081632653059,
        360.96474953617815
      ],
      "area": 140923.5848699405,
      "keypoints": [
        845.0980392156863,
        322.54901960784315,
        2,
        856.2231759656652,
        307.2961373390558,
        2,
        831.7596566523605,
        308.15450643776825,
        2,
        895.7345971563982,
        303.7914691943128,
        2,
        831.7535545023698,
        318.4834123222749,
        0,
        942.8571428571429,
        315.3061224489795,
        2,
        816.3265306122449,
        339.79591836734687,
        2,
        1002.0408163265307,
        429.59183673469386,
        2,
        853.061224489796,
        445.9183673469388,
        2,
        1006.1224489795919,
        529.5918367346939,
        2,
        855.8558558558558,
        516.2162162162161,
        2,
        1003.8961038961039,
        354.54545454545456,
        2,
        938.3116883116883,
        393.5064935064935,
        0,
        1077.2727272727275,
        351.94805194805195,
        2,
        1017.5324675324674,
        319.4805194805195,
        2,
        1111.0389610389611,
        261.038961038961,
        2,
        1081.8181818181818,
        253.24675324675323,
        2,
        1115.909090909091,
        230.30303030303028,
        2,
        1085.6060606060605,
        228.78787878787878,
        2,
        1141.6666666666665,
        254.54545454545453,
        2,
        1106.818181818182,
        240.9090909090909,
        1
      ],
      "num_keypoints": 19,
      "iscrowd": 0,
      "segmentation": []
    },
    {
      "category_id": 1,
      "image_id": 0,
      "id": 1,
      "bbox": [
        643.0891417733523,
        308.24561403508767,
        218.0654338549076,
        664.6889952153111
      ],
      "area": 144945.69412020943,
      "keypoints": [
        701.9480519480519,
        377.9220779220779,
        2,
        700.0,
        363.6363636363636,
        2,
        681.2244897959183,
        377.1428571428571,
        2,
        694.1441441441441,
        355.40540540540536,
        0,
        661.2612612612612,
        394.1441441441441,
        2,
        721.6326530612245,
        426.53061224489795,
        2,
        668.018018018018,
        453.6036036036036,
        2,
        806.0606060606061,
        504.54545454545456,
        2,
        772.7272727272727,
        490.90909090909093,
        2,
        834.2105263157894,
        484.21052631578954,
        2,
        842.9824561403509,
        403.5087719298246,
        2,
        723.6842105263158,
        626.3157894736843,
        0,
        714.9122807017544,
        661.4035087719299,
        2,
        734.2105263157895,
        740.3508771929825,
        1,
        720.1754385964912,
        766.6666666666666,
        2,
        672.8070175438596,
        838.5964912280701,
        1,
        704.3859649122807,
        894.7368421052631,
        1,
        665.7894736842105,
        871.9298245614035,
        2,
        700.8771929824561,
        917.5438596491229,
        1,
        706.140350877193,
        856.140350877193,
        1,
        742.9824561403509,
        915.7894736842105,
        2
      ],
      "num_keypoints": 19,
      "iscrowd": 0,
      "segmentation": []
    }
  ]
}