{
  "categories": [
    {
      "supercategory": "person",
      "id": 1,
      "name": "person",
      "keypoints": [
        "nose",
        "left_eye",
        "right_eye",
        "left_ear",
        "right_ear",
        "left_shoulder",
        "right_shoulder",
        "left_elbow",
        "right_elbow",
        "left_wrist",
        "right_wrist",
        "left_hip",
        "right_hip",
        "left_knee",
        "right_knee",
        "left_ankle",
        "right_ankle",
        "left_heel",
        "right_heel",
        "left_foot",
        "right_foot"
      ],
      "skeleton": [
        [
          1,
          2
        ],
        [
          0,
          1
        ],
        [
          0,
          2
        ],
        [
          1,
          3
        ],
        [
          2,
          4
        ],
        [
          5,
          6
        ],
        [
          5,
          7
        ],
        [
          7,
          9
        ],
        [
          6,
          8
        ],
        [
          8,
          10
        ],
        [
          5,
          11
        ],
        [
          6,
          12
        ],
        [
          11,
          12
        ],
        [
          11,
          13
        ],
        [
          13,
          15
        ],
        [
          12,
          14
        ],
        [
          14,
          16
        ],
        [
          16,
          18
        ],
        [
          16,
          20
        ],
        [
          20,
          18
        ],
        [
          15,
          17
        ],
        [
          15,
          19
        ],
        [
          19,
          17
        ]
      ]
    }
  ],
  "images": [
    {
      "file_name": "000000001531.jpg",
      "height": 1200,
      "width": 1600,
      "id": 0
    }
  ],
  "annotations": [
    {
      "category_id": 1,
      "image_id": 0,
      "id": 0,
      "bbox": [
        840.8333333333334,
        224.16666666666669,
        234.9999999999999,
        660.0
      ],
      "area": 155099.9999999999,
      "keypoints": [
        893.7500000000001,
        298.61111111111114,
        2,
        912.0,
        282.0,
        2,
        881.2500000000001,
        279.1666666666667,
        1,
        952.0833333333334,
        280.55555555555554,
        2,
        878.4722222222223,
        275.0,
        0,
        993.7500000000001,
        347.22222222222223,
        2,
        878.4722222222223,
        327.77777777777777,
        2,
        1011.8055555555555,
        444.44444444444446,
        2,
        870.1388888888889,
        456.94444444444446,
        1,
        1039.5833333333333,
        555.5555555555555,
        2,
        860.4166666666667,
        534.7222222222223,
        2,
        986.8055555555555,
        566.6666666666667,
        2,
        921.5277777777779,
        561.1111111111111,
        2,
        1007.638888888889,
        679.1666666666667,
        2,
        959.0277777777779,
        683.3333333333334,
        2,
        1034.0277777777778,
        766.6666666666667,
        2,
        999.3055555555555,
        750.0,
        1,
        1056.25,
        783.3333333333334,
        2,
        1040.9722222222222,
        750.0000000000001,
        0,
        1027.0833333333333,
        829.1666666666667,
        2,
        1011.8055555555555,
        777.7777777777778,
        0
      ],
      "num_keypoints": 18,
      "iscrowd": 0,
      "segmentation": []
    },
    {
      "category_id": 1,
      "image_id": 0,
      "id": 1,
      "bbox": [
        692.7305194805194,
        272.6190476190476,
        177.23376623376635,
        702.5974025974027
      ],
      "area": 124523.9838083995,
      "keypoints": [
        797.9166666666667,
        350.0,
        2,
        809.7402597402597,
        331.16883116883116,
        2,
        782.4675324675325,
        332.46753246753246,
        2,
        817.5324675324675,
        342.85714285714283,
        0,
        752.5974025974026,
        346.75324675324674,
        2,
        820.1298701298701,
        403.8961038961039,
        2,
        731.8181818181818,
        415.5844155844156,
        2,
        855.1948051948052,
        485.7142857142857,
        1,
        791.5584415584416,
        485.7142857142857,
        2,
        883.7662337662338,
        448.05194805194805,
        0,
        844.8051948051948,
        418.1818181818182,
        2,
        822.7272727272727,
        623.3766233766233,
        2,
        768.1818181818181,
        629.8701298701299,
        2,
        816.8831168831168,
        749.3506493506493,
        2,
        749.3506493506493,
        764.9350649350649,
        2,
        802.5,
        850.0000000000001,
        2,
        722.5,
        883.3333333333334,
        2,
        782.5,
        870.0000000000001,
        2,
        707.5,
        910.0000000000001,
        2,
        825.8333333333335,
        878.3333333333334,
        2,
        749.1666666666667,
        916.6666666666667,
        2
      ],
      "num_keypoints": 19,
      "iscrowd": 0,
      "segmentation": []
    }
  ]
}