{
  "categories": [
    {
      "supercategory": "person",
      "id": 1,
      "name": "person",
      "keypoints": [
        "nose",
        "left_eye",
        "right_eye",
        "left_ear",
        "right_ear",
        "left_shoulder",
        "right_shoulder",
        "left_elbow",
        "right_elbow",
        "left_wrist",
        "right_wrist",
        "left_hip",
        "right_hip",
        "left_knee",
        "right_knee",
        "left_ankle",
        "right_ankle",
        "left_heel",
        "right_heel",
        "left_foot",
        "right_foot"
      ],
      "skeleton": [
        [
          1,
          2
        ],
        [
          0,
          1
        ],
        [
          0,
          2
        ],
        [
          1,
          3
        ],
        [
          2,
          4
        ],
        [
          5,
          6
        ],
        [
          5,
          7
        ],
        [
          7,
          9
        ],
        [
          6,
          8
        ],
        [
          8,
          10
        ],
        [
          5,
          11
        ],
        [
          6,
          12
        ],
        [
          11,
          12
        ],
        [
          11,
          13
        ],
        [
          13,
          15
        ],
        [
          12,
          14
        ],
        [
          14,
          16
        ],
        [
          16,
          18
        ],
        [
          16,
          20
        ],
        [
          20,
          18
        ],
        [
          15,
          17
        ],
        [
          15,
          19
        ],
        [
          19,
          17
        ]
      ]
    }
  ],
  "images": [
    {
      "file_name": "000000000996.jpg",
      "height": 1200,
      "width": 1600,
      "id": 0
    }
  ],
  "annotations": [
    {
      "category_id": 1,
      "image_id": 0,
      "id": 0,
      "bbox": [
        657.0962512664642,
        186.84397163120568,
        404.2066869300909,
        562.1276595744681
      ],
      "area": 227215.75890836175,
      "keypoints": [
        888.2352941176471,
        257.84313725490193,
        2,
        907.8014184397164,
        241.48936170212767,
        2,
        882.2695035460994,
        241.84397163120568,
        2,
        942.1985815602837,
        233.68794326241135,
        2,
        889.5238095238095,
        233.33333333333331,
        0,
        1003.3333333333333,
        307.6190476190476,
        2,
        870.0,
        293.8095238095238,
        2,
        1026.6666666666665,
        422.85714285714283,
        2,
        858.0952380952381,
        420.4761904761905,
        1,
        1027.6190476190475,
        541.4285714285714,
        2,
        847.1428571428571,
        527.6190476190476,
        0,
        963.8095238095237,
        460.9523809523809,
        2,
        870.5128205128206,
        446.15384615384613,
        2,
        871.7948717948718,
        514.1025641025641,
        2,
        823.076923076923,
        521.7948717948718,
        2,
        769.2307692307692,
        641.025641025641,
        2,
        730.7692307692307,
        626.9230769230769,
        1,
        749.6453900709221,
        684.3971631205674,
        1,
        707.0921985815603,
        702.1276595744681,
        1,
        739.7163120567376,
        643.9716312056738,
        2,
        690.7801418439717,
        641.1347517730496,
        1
      ],
      "num_keypoints": 19,
      "iscrowd": 0,
      "segmentation": []
    },
    {
      "category_id": 1,
      "image_id": 0,
      "id": 1,
      "bbox": [
        664.2881241565452,
        326.2672697368421,
        207.48987854251004,
        657.4243421052632
      ],
      "area": 136408.89689431063,
      "keypoints": [
        733.6842105263157,
        392.1052631578947,
        2,
        736.3157894736842,
        381.05263157894734,
        2,
        718.4210526315788,
        387.36842105263156,
        2,
        720.0,
        375.2631578947368,
        0,
        681.578947368421,
        389.4736842105263,
        2,
        737.1794871794872,
        433.3333333333333,
        2,
        696.7948717948718,
        452.56410256410254,
        2,
        800.6410256410256,
        502.56410256410254,
        2,
        800.6410256410256,
        470.5128205128205,
        2,
        846.7948717948717,
        475.0,
        0,
        854.4871794871794,
        386.53846153846155,
        2,
        752.5641025641025,
        592.3076923076923,
        0,
        715.3846153846154,
        630.7692307692307,
        0,
        744.8717948717948,
        774.3589743589744,
        0,
        734.6153846153845,
        787.1794871794872,
        2,
        725.0,
        853.90625,
        0,
        721.09375,
        907.03125,
        2,
        700.78125,
        870.3125,
        0,
        711.71875,
        928.90625,
        1,
        733.59375,
        864.0625,
        1,
        750.78125,
        924.21875,
        2
      ],
      "num_keypoints": 14,
      "iscrowd": 0,
      "segmentation": []
    },
    {
      "category_id": 1,
      "image_id": 0,
      "id": 2,
      "bbox": [
        1113.0859375,
        262.4609375,
        114.84375,
        366.09375
      ],
      "area": 42043.5791015625,
      "keypoints": [
        1174.609375,
        300.78125,
        2,
        1182.8125,
        295.703125,
        2,
        1169.921875,
        292.96875,
        2,
        1192.578125,
        296.875,
        2,
        1160.15625,
        294.53125,
        2,
        1208.203125,
        338.28125,
        2,
        1145.3125,
        333.203125,
        2,
        1218.359375,
        401.5625,
        2,
        1130.46875,
        391.015625,
        2,
        1203.515625,
        437.5,
        2,
        1122.65625,
        427.734375,
        2,
        1183.203125,
        444.921875,
        2,
        1148.828125,
        438.28125,
        2,
        1183.984375,
        523.828125,
        2,
        1144.53125,
        514.453125,
        1,
        1179.6875,
        580.078125,
        2,
        1142.578125,
        565.625,
        2,
        1174.21875,
        586.71875,
        1,
        1146.484375,
        575.390625,
        2,
        1178.90625,
        598.046875,
        2,
        1126.5625,
        576.5625,
        2
      ],
      "num_keypoints": 21,
      "iscrowd": 0,
      "segmentation": []
    }
  ]
}