{
  "categories": [
    {
      "supercategory": "person",
      "id": 1,
      "name": "person",
      "keypoints": [
        "nose",
        "left_eye",
        "right_eye",
        "left_ear",
        "right_ear",
        "left_shoulder",
        "right_shoulder",
        "left_elbow",
        "right_elbow",
        "left_wrist",
        "right_wrist",
        "left_hip",
        "right_hip",
        "left_knee",
        "right_knee",
        "left_ankle",
        "right_ankle",
        "left_heel",
        "right_heel",
        "left_foot",
        "right_foot"
      ],
      "skeleton": [
        [
          1,
          2
        ],
        [
          0,
          1
        ],
        [
          0,
          2
        ],
        [
          1,
          3
        ],
        [
          2,
          4
        ],
        [
          5,
          6
        ],
        [
          5,
          7
        ],
        [
          7,
          9
        ],
        [
          6,
          8
        ],
        [
          8,
          10
        ],
        [
          5,
          11
        ],
        [
          6,
          12
        ],
        [
          11,
          12
        ],
        [
          11,
          13
        ],
        [
          13,
          15
        ],
        [
          12,
          14
        ],
        [
          14,
          16
        ],
        [
          16,
          18
        ],
        [
          16,
          20
        ],
        [
          20,
          18
        ],
        [
          15,
          17
        ],
        [
          15,
          19
        ],
        [
          19,
          17
        ]
      ]
    }
  ],
  "images": [
    {
      "file_name": "000000001911.jpg",
      "height": 1200,
      "width": 1600,
      "id": 0
    }
  ],
  "annotations": [
    {
      "category_id": 1,
      "image_id": 0,
      "id": 0,
      "bbox": [
        909.0277777777778,
        348.33513708513703,
        200.0,
        536.6450216450218
      ],
      "area": 107329.00432900435,
      "keypoints": [
        1030.0,
        404.0,
        2,
        1046.5277777777778,
        395.83333333333337,
        2,
        1020.138888888889,
        394.44444444444446,
        2,
        1070.138888888889,
        393.05555555555554,
        2,
        1015.9722222222223,
        391.6666666666667,
        0,
        1092.361111111111,
        452.77777777777777,
        2,
        1010.4166666666669,
        450.0,
        2,
        1079.861111111111,
        506.94444444444446,
        2,
        953.4722222222223,
        498.61111111111114,
        1,
        1053.4722222222222,
        534.7222222222223,
        2,
        925.6944444444445,
        515.2777777777778,
        2,
        1067.361111111111,
        609.7222222222223,
        2,
        1004.8611111111112,
        608.3333333333334,
        2,
        1052.0833333333333,
        743.0555555555555,
        2,
        997.9166666666669,
        729.1666666666667,
        2,
        1049.3055555555554,
        805.5555555555555,
        2,
        1017.3611111111112,
        793.0555555555555,
        2,
        1064.2857142857144,
        840.2597402597403,
        2,
        1030.5194805194806,
        816.8831168831168,
        1,
        1037.0129870129872,
        837.6623376623377,
        2,
        1001.948051948052,
        827.2727272727273,
        2
      ],
      "num_keypoints": 20,
      "iscrowd": 0,
      "segmentation": []
    },
    {
      "category_id": 1,
      "image_id": 0,
      "id": 1,
      "bbox": [
        728.4188311688312,
        332.1428571428571,
        228.97402597402595,
        564.9350649350652
      ],
      "area": 129355.45623207964,
      "keypoints": [
        811.038961038961,
        388.31168831168833,
        2,
        814.9350649350649,
        379.2207792207792,
        2,
        801.9480519480519,
        381.8181818181818,
        2,
        794.1558441558441,
        388.31168831168833,
        0,
        768.1818181818181,
        380.5194805194805,
        2,
        800.6493506493506,
        432.46753246753246,
        2,
        751.2987012987013,
        451.94805194805195,
        2,
        859.0909090909091,
        485.7142857142857,
        1,
        816.2337662337662,
        506.49350649350646,
        2,
        938.3116883116883,
        480.5194805194805,
        1,
        899.3506493506493,
        498.7012987012987,
        2,
        818.8311688311688,
        611.6883116883117,
        2,
        781.1688311688312,
        624.6753246753246,
        2,
        810.3896103896103,
        707.7922077922078,
        2,
        777.9220779220778,
        716.8831168831168,
        2,
        782.5,
        801.6666666666667,
        2,
        759.1666666666667,
        821.6666666666667,
        2,
        772.5,
        816.6666666666667,
        1,
        747.5,
        836.6666666666667,
        2,
        809.1666666666667,
        825.0000000000001,
        2,
        777.5,
        850.0000000000001,
        2
      ],
      "num_keypoints": 20,
      "iscrowd": 0,
      "segmentation": []
    }
  ]
}