{
  "categories": [
    {
      "supercategory": "person",
      "id": 1,
      "name": "person",
      "keypoints": [
        "nose",
        "left_eye",
        "right_eye",
        "left_ear",
        "right_ear",
        "left_shoulder",
        "right_shoulder",
        "left_elbow",
        "right_elbow",
        "left_wrist",
        "right_wrist",
        "left_hip",
        "right_hip",
        "left_knee",
        "right_knee",
        "left_ankle",
        "right_ankle",
        "left_heel",
        "right_heel",
        "left_foot",
        "right_foot"
      ],
      "skeleton": [
        [
          1,
          2
        ],
        [
          0,
          1
        ],
        [
          0,
          2
        ],
        [
          1,
          3
        ],
        [
          2,
          4
        ],
        [
          5,
          6
        ],
        [
          5,
          7
        ],
        [
          7,
          9
        ],
        [
          6,
          8
        ],
        [
          8,
          10
        ],
        [
          5,
          11
        ],
        [
          6,
          12
        ],
        [
          11,
          12
        ],
        [
          11,
          13
        ],
        [
          13,
          15
        ],
        [
          12,
          14
        ],
        [
          14,
          16
        ],
        [
          16,
          18
        ],
        [
          16,
          20
        ],
        [
          20,
          18
        ],
        [
          15,
          17
        ],
        [
          15,
          19
        ],
        [
          19,
          17
        ]
      ]
    }
  ],
  "images": [
    {
      "file_name": "000000000273.jpg",
      "height": 1200,
      "width": 1600,
      "id": 0
    }
  ],
  "annotations": [
    {
      "category_id": 1,
      "image_id": 0,
      "id": 0,
      "bbox": [
        821.9504643962849,
        232.54901960784315,
        210.27863777089772,
        785.8823529411764
      ],
      "area": 165254.2706246584,
      "keypoints": [
        897.5409836065573,
        324.59016393442624,
        2,
        910.7843137254902,
        311.27450980392155,
        2,
        887.7450980392157,
        313.2352941176471,
        1,
        953.9215686274509,
        298.03921568627453,
        2,
        883.5526315789474,
        295.39473684210526,
        0,
        1009.8684210526316,
        334.86842105263156,
        2,
        885.8407079646017,
        330.9734513274336,
        2,
        1014.7058823529411,
        458.8235294117647,
        2,
        853.9215686274509,
        463.7254901960784,
        1,
        1014.4736842105264,
        573.6842105263158,
        2,
        839.4736842105264,
        555.921052631579,
        1,
        955.7522123893805,
        570.7964601769911,
        2,
        865.4867256637167,
        573.4513274336283,
        2,
        931.967213114754,
        768.8524590163935,
        2,
        861.4754098360655,
        747.5409836065573,
        2,
        941.1764705882352,
        851.9607843137255,
        2,
        876.4705882352941,
        837.2549019607843,
        2,
        957.843137254902,
        899.0196078431372,
        2,
        904.9019607843137,
        892.156862745098,
        2,
        940.1960784313725,
        952.9411764705882,
        2,
        865.2173913043478,
        921.7391304347826,
        2
      ],
      "num_keypoints": 20,
      "iscrowd": 0,
      "segmentation": []
    },
    {
      "category_id": 1,
      "image_id": 0,
      "id": 1,
      "bbox": [
        731.4744582043344,
        284.830220713073,
        119.67492260061908,
        680.4244482173175
      ],
      "area": 81429.74317597641,
      "keypoints": [
        803.5398230088495,
        355.7522123893805,
        2,
        816.6666666666667,
        344.64285714285717,
        2,
        790.3225806451613,
        343.14516129032256,
        2,
        826.2096774193549,
        340.7258064516129,
        0,
        759.2741935483871,
        341.53225806451616,
        2,
        830.3921568627451,
        413.7254901960784,
        0,
        742.156862745098,
        406.8627450980392,
        2,
        892.7710843373493,
        480.722891566265,
        0,
        769.8795180722891,
        475.9036144578313,
        2,
        877.1084337349397,
        466.2650602409638,
        0,
        841.1764705882352,
        394.11764705882354,
        2,
        838.2352941176471,
        627.4509803921569,
        2,
        766.3934426229508,
        626.2295081967213,
        2,
        818.8524590163934,
        747.5409836065573,
        1,
        761.4754098360655,
        750.8196721311475,
        2,
        805.3333333333334,
        844.0,
        2,
        754.2168674698795,
        856.6265060240963,
        2,
        787.6811594202898,
        865.9420289855071,
        2,
        741.4473684210526,
        892.7631578947369,
        1,
        837.5,
        869.7368421052631,
        2,
        776.9736842105264,
        908.5526315789474,
        2
      ],
      "num_keypoints": 17,
      "iscrowd": 0,
      "segmentation": []
    }
  ]
}