{
  "categories": [
    {
      "supercategory": "person",
      "id": 1,
      "name": "person",
      "keypoints": [
        "nose",
        "left_eye",
        "right_eye",
        "left_ear",
        "right_ear",
        "left_shoulder",
        "right_shoulder",
        "left_elbow",
        "right_elbow",
        "left_wrist",
        "right_wrist",
        "left_hip",
        "right_hip",
        "left_knee",
        "right_knee",
        "left_ankle",
        "right_ankle",
        "left_heel",
        "right_heel",
        "left_foot",
        "right_foot"
      ],
      "skeleton": [
        [
          1,
          2
        ],
        [
          0,
          1
        ],
        [
          0,
          2
        ],
        [
          1,
          3
        ],
        [
          2,
          4
        ],
        [
          5,
          6
        ],
        [
          5,
          7
        ],
        [
          7,
          9
        ],
        [
          6,
          8
        ],
        [
          8,
          10
        ],
        [
          5,
          11
        ],
        [
          6,
          12
        ],
        [
          11,
          12
        ],
        [
          11,
          13
        ],
        [
          13,
          15
        ],
        [
          12,
          14
        ],
        [
          14,
          16
        ],
        [
          16,
          18
        ],
        [
          16,
          20
        ],
        [
          20,
          18
        ],
        [
          15,
          17
        ],
        [
          15,
          19
        ],
        [
          19,
          17
        ]
      ]
    }
  ],
  "images": [
    {
      "file_name": "000000001926.jpg",
      "height": 1200,
      "width": 1600,
      "id": 0
    }
  ],
  "annotations": [
    {
      "category_id": 1,
      "image_id": 0,
      "id": 0,
      "bbox": [
        807.4900793650793,
        234.56168831168833,
        260.7683982683984,
        635.2597402597403
      ],
      "area": 165655.66495193128,
      "keypoints": [
        960.4166666666669,
        298.61111111111114,
        2,
        974.3055555555555,
        291.6666666666667,
        2,
        949.3055555555555,
        287.5,
        2,
        1006.2500000000001,
        295.83333333333337,
        2,
        946.5277777777779,
        286.11111111111114,
        0,
        1035.4166666666667,
        361.11111111111114,
        2,
        925.6944444444445,
        354.1666666666667,
        2,
        1042.361111111111,
        458.33333333333337,
        2,
        911.8055555555557,
        440.27777777777777,
        1,
        1046.5277777777778,
        545.8333333333334,
        2,
        906.2500000000001,
        520.8333333333334,
        1,
        988.1944444444445,
        543.0555555555555,
        2,
        931.2500000000001,
        537.5,
        2,
        945.138888888889,
        666.6666666666667,
        2,
        884.0277777777778,
        654.1666666666667,
        1,
        904.8611111111112,
        777.7777777777778,
        2,
        856.2500000000001,
        755.5555555555555,
        2,
        913.6363636363636,
        815.5844155844155,
        2,
        859.0909090909091,
        793.5064935064935,
        1,
        882.4675324675325,
        816.8831168831168,
        2,
        829.2207792207791,
        806.4935064935065,
        2
      ],
      "num_keypoints": 20,
      "iscrowd": 0,
      "segmentation": []
    },
    {
      "category_id": 1,
      "image_id": 0,
      "id": 1,
      "bbox": [
        723.7662337662338,
        333.73809523809524,
        190.12987012987003,
        561.3766233766235
      ],
      "area": 106734.46449654238,
      "keypoints": [
        795.4545454545454,
        400.0,
        2,
        801.9480519480519,
        385.7142857142857,
        2,
        783.7662337662338,
        383.1168831168831,
        2,
        774.6753246753246,
        387.012987012987,
        0,
        755.1948051948052,
        380.5194805194805,
        2,
        807.1428571428571,
        427.27272727272725,
        2,
        739.6103896103896,
        455.8441558441558,
        2,
        865.5844155844155,
        453.24675324675326,
        2,
        812.3376623376623,
        502.5974025974026,
        2,
        898.051948051948,
        435.06493506493507,
        2,
        883.7662337662338,
        493.5064935064935,
        2,
        812.3376623376623,
        609.0909090909091,
        2,
        775.974025974026,
        622.077922077922,
        2,
        807.7922077922077,
        714.2857142857142,
        1,
        774.0259740259739,
        729.8701298701299,
        2,
        782.5,
        796.6666666666667,
        2,
        754.1666666666667,
        818.3333333333334,
        2,
        780.8333333333335,
        816.6666666666667,
        1,
        740.8333333333334,
        838.3333333333334,
        2,
        812.5,
        826.6666666666667,
        1,
        772.5,
        848.3333333333334,
        2
      ],
      "num_keypoints": 20,
      "iscrowd": 0,
      "segmentation": []
    }
  ]
}