{
  "categories": [
    {
      "supercategory": "person",
      "id": 1,
      "name": "person",
      "keypoints": [
        "nose",
        "left_eye",
        "right_eye",
        "left_ear",
        "right_ear",
        "left_shoulder",
        "right_shoulder",
        "left_elbow",
        "right_elbow",
        "left_wrist",
        "right_wrist",
        "left_hip",
        "right_hip",
        "left_knee",
        "right_knee",
        "left_ankle",
        "right_ankle",
        "left_heel",
        "right_heel",
        "left_foot",
        "right_foot"
      ],
      "skeleton": [
        [
          1,
          2
        ],
        [
          0,
          1
        ],
        [
          0,
          2
        ],
        [
          1,
          3
        ],
        [
          2,
          4
        ],
        [
          5,
          6
        ],
        [
          5,
          7
        ],
        [
          7,
          9
        ],
        [
          6,
          8
        ],
        [
          8,
          10
        ],
        [
          5,
          11
        ],
        [
          6,
          12
        ],
        [
          11,
          12
        ],
        [
          11,
          13
        ],
        [
          13,
          15
        ],
        [
          12,
          14
        ],
        [
          14,
          16
        ],
        [
          16,
          18
        ],
        [
          16,
          20
        ],
        [
          20,
          18
        ],
        [
          15,
          17
        ],
        [
          15,
          19
        ],
        [
          19,
          17
        ]
      ]
    }
  ],
  "images": [
    {
      "file_name": "000000000296.jpg",
      "height": 1200,
      "width": 1600,
      "id": 0
    }
  ],
  "annotations": [
    {
      "category_id": 1,
      "image_id": 0,
      "id": 0,
      "bbox": [
        771.0554919908467,
        256.33844842284736,
        307.86041189931336,
        476.87979539641935
      ],
      "area": 146812.41023720196,
      "keypoints": [
        954.2168674698794,
        316.86746987951807,
        1,
        964.7058823529411,
        304.9019607843137,
        1,
        944.6078431372549,
        305.3921568627451,
        1,
        999.0196078431372,
        296.078431372549,
        2,
        943.452380952381,
        295.83333333333337,
        0,
        1046.4285714285716,
        347.0238095238095,
        2,
        937.2549019607843,
        346.078431372549,
        2,
        1050.0,
        448.9130434782609,
        2,
        932.6086956521739,
        442.39130434782606,
        0,
        1053.2608695652173,
        541.3043478260869,
        1,
        917.391304347826,
        508.695652173913,
        0,
        1029.4117647058824,
        520.5882352941177,
        2,
        958.8235294117646,
        498.0392156862745,
        2,
        936.2745098039215,
        560.7843137254902,
        2,
        901.9607843137255,
        547.0588235294117,
        2,
        886.2745098039215,
        632.3529411764706,
        2,
        850.9803921568628,
        602.9411764705882,
        2,
        860.8695652173913,
        693.4782608695651,
        2,
        823.9130434782609,
        641.3043478260869,
        1,
        819.5652173913043,
        660.8695652173913,
        1,
        796.7105263157895,
        630.2631578947369,
        2
      ],
      "num_keypoints": 18,
      "iscrowd": 0,
      "segmentation": []
    },
    {
      "category_id": 1,
      "image_id": 0,
      "id": 1,
      "bbox": [
        789.3563512361466,
        348.9621686746988,
        115.95907928388738,
        536.5503614457831
      ],
      "area": 62217.88590268999,
      "keypoints": [
        854.4,
        406.4,
        2,
        861.6216216216216,
        400.0,
        1,
        844.2771084337348,
        397.8915662650602,
        2,
        853.012048192771,
        391.867469879518,
        0,
        813.5542168674698,
        393.6746987951807,
        2,
        862.7450980392157,
        440.19607843137254,
        1,
        799.0196078431372,
        449.01960784313724,
        2,
        909.7345132743362,
        475.22123893805303,
        0,
        830.0884955752211,
        543.362831858407,
        2,
        921.2389380530973,
        474.33628318584067,
        0,
        895.6521739130434,
        512.3188405797101,
        2,
        879.4117647058823,
        620.5882352941177,
        1,
        850.0,
        636.0655737704918,
        0,
        861.9565217391304,
        729.3478260869565,
        2,
        823.2,
        722.4,
        1,
        847.2,
        801.6,
        2,
        815.9292035398229,
        808.8495575221239,
        2,
        836.2162162162161,
        822.1621621621621,
        1,
        803.2,
        835.2,
        2,
        876.0,
        828.0,
        2,
        836.0,
        840.8,
        2
      ],
      "num_keypoints": 17,
      "iscrowd": 0,
      "segmentation": []
    }
  ]
}