{
  "categories": [
    {
      "supercategory": "person",
      "id": 1,
      "name": "person",
      "keypoints": [
        "nose",
        "left_eye",
        "right_eye",
        "left_ear",
        "right_ear",
        "left_shoulder",
        "right_shoulder",
        "left_elbow",
        "right_elbow",
        "left_wrist",
        "right_wrist",
        "left_hip",
        "right_hip",
        "left_knee",
        "right_knee",
        "left_ankle",
        "right_ankle",
        "left_heel",
        "right_heel",
        "left_foot",
        "right_foot"
      ],
      "skeleton": [
        [
          1,
          2
        ],
        [
          0,
          1
        ],
        [
          0,
          2
        ],
        [
          1,
          3
        ],
        [
          2,
          4
        ],
        [
          5,
          6
        ],
        [
          5,
          7
        ],
        [
          7,
          9
        ],
        [
          6,
          8
        ],
        [
          8,
          10
        ],
        [
          5,
          11
        ],
        [
          6,
          12
        ],
        [
          11,
          12
        ],
        [
          11,
          13
        ],
        [
          13,
          15
        ],
        [
          12,
          14
        ],
        [
          14,
          16
        ],
        [
          16,
          18
        ],
        [
          16,
          20
        ],
        [
          20,
          18
        ],
        [
          15,
          17
        ],
        [
          15,
          19
        ],
        [
          19,
          17
        ]
      ]
    }
  ],
  "images": [
    {
      "file_name": "000000000570.jpg",
      "height": 1200,
      "width": 1600,
      "id": 0
    }
  ],
  "annotations": [
    {
      "category_id": 1,
      "image_id": 0,
      "id": 0,
      "bbox": [
        420.6238464377999,
        304.6108650178418,
        190.60908084163907,
        728.7966039128829
      ],
      "area": 138915.2507923427,
      "keypoints": [
        441.8032786885246,
        377.04918032786884,
        2,
        458.99470899470896,
        369.8412698412698,
        2,
        436.5079365079365,
        365.34391534391534,
        2,
        500.7936507936508,
        372.2222222222222,
        2,
        449.27884615384613,
        370.4326923076923,
        0,
        552.1634615384615,
        458.1730769230769,
        2,
        442.78846153846155,
        446.3942307692308,
        2,
        557.4519230769231,
        590.625,
        2,
        444.49541284403665,
        551.8348623853211,
        0,
        555.045871559633,
        700.9174311926605,
        2,
        452.81690140845075,
        642.2535211267606,
        0,
        521.1267605633803,
        690.1408450704225,
        2,
        443.6842105263158,
        653.1578947368421,
        2,
        527.3684210526316,
        821.578947368421,
        2,
        485.7894736842105,
        824.7368421052631,
        1,
        580.7692307692307,
        944.8717948717948,
        2,
        542.3076923076923,
        932.051282051282,
        2,
        595.3488372093024,
        959.3023255813954,
        2,
        555.232558139535,
        954.6511627906976,
        2,
        556.9767441860465,
        972.6744186046511,
        2,
        519.1860465116279,
        959.8837209302326,
        2
      ],
      "num_keypoints": 18,
      "iscrowd": 0,
      "segmentation": []
    },
    {
      "category_id": 1,
      "image_id": 0,
      "id": 1,
      "bbox": [
        558.2692307692307,
        294.1879111842105,
        131.53846153846155,
        543.1825657894736
      ],
      "area": 71449.39903846153,
      "keypoints": [
        616.796875,
        347.65625,
        2,
        630.078125,
        340.234375,
        2,
        608.59375,
        339.453125,
        2,
        648.046875,
        341.796875,
        2,
        596.09375,
        341.796875,
        1,
        673.046875,
        400.78125,
        2,
        569.2307692307692,
        405.12820512820514,
        2,
        678.8461538461538,
        496.15384615384613,
        2,
        554.4871794871794,
        487.1794871794872,
        0,
        625.0,
        464.7435897435897,
        2,
        591.025641025641,
        466.66666666666663,
        2,
        654.4871794871794,
        544.2307692307692,
        2,
        591.025641025641,
        552.5641025641025,
        2,
        653.8461538461538,
        682.051282051282,
        2,
        601.578947368421,
        681.578947368421,
        2,
        639.4736842105262,
        765.2631578947368,
        2,
        612.1052631578947,
        767.8947368421052,
        1,
        633.1578947368421,
        776.8421052631578,
        2,
        613.6842105263157,
        778.9473684210526,
        1,
        647.8947368421052,
        781.0526315789473,
        2,
        608.421052631579,
        792.1052631578947,
        2
      ],
      "num_keypoints": 20,
      "iscrowd": 0,
      "segmentation": []
    }
  ]
}