{
  "categories": [
    {
      "supercategory": "person",
      "id": 1,
      "name": "person",
      "keypoints": [
        "nose",
        "left_eye",
        "right_eye",
        "left_ear",
        "right_ear",
        "left_shoulder",
        "right_shoulder",
        "left_elbow",
        "right_elbow",
        "left_wrist",
        "right_wrist",
        "left_hip",
        "right_hip",
        "left_knee",
        "right_knee",
        "left_ankle",
        "right_ankle",
        "left_heel",
        "right_heel",
        "left_foot",
        "right_foot"
      ],
      "skeleton": [
        [
          1,
          2
        ],
        [
          0,
          1
        ],
        [
          0,
          2
        ],
        [
          1,
          3
        ],
        [
          2,
          4
        ],
        [
          5,
          6
        ],
        [
          5,
          7
        ],
        [
          7,
          9
        ],
        [
          6,
          8
        ],
        [
          8,
          10
        ],
        [
          5,
          11
        ],
        [
          6,
          12
        ],
        [
          11,
          12
        ],
        [
          11,
          13
        ],
        [
          13,
          15
        ],
        [
          12,
          14
        ],
        [
          14,
          16
        ],
        [
          16,
          18
        ],
        [
          16,
          20
        ],
        [
          20,
          18
        ],
        [
          15,
          17
        ],
        [
          15,
          19
        ],
        [
          19,
          17
        ]
      ]
    }
  ],
  "images": [
    {
      "file_name": "000000001772.jpg",
      "height": 1200,
      "width": 1600,
      "id": 0
    }
  ],
  "annotations": [
    {
      "category_id": 1,
      "image_id": 0,
      "id": 0,
      "bbox": [
        829.0277777777778,
        213.9448051948052,
        160.0,
        582.6623376623376
      ],
      "area": 93225.974025974,
      "keypoints": [
        906.2500000000001,
        276.3888888888889,
        2,
        924.3055555555555,
        263.8888888888889,
        2,
        897.9166666666667,
        262.5,
        2,
        953.4722222222223,
        273.61111111111114,
        2,
        893.7500000000001,
        272.22222222222223,
        0,
        975.6944444444445,
        340.27777777777777,
        2,
        867.3611111111112,
        337.5,
        2,
        975.6944444444445,
        408.33333333333337,
        2,
        870.1388888888889,
        418.05555555555554,
        2,
        968.7500000000001,
        476.3888888888889,
        2,
        842.3611111111112,
        504.1666666666667,
        1,
        942.3611111111112,
        536.1111111111111,
        2,
        885.4166666666667,
        523.6111111111111,
        1,
        939.5833333333334,
        623.6111111111111,
        1,
        896.5277777777778,
        636.1111111111111,
        1,
        943.7500000000001,
        726.3888888888889,
        2,
        896.5277777777778,
        713.8888888888889,
        2,
        957.7922077922078,
        741.5584415584416,
        2,
        909.7402597402597,
        732.4675324675325,
        2,
        931.8181818181818,
        748.051948051948,
        2,
        881.1688311688312,
        733.7662337662338,
        2
      ],
      "num_keypoints": 20,
      "iscrowd": 0,
      "segmentation": []
    },
    {
      "category_id": 1,
      "image_id": 0,
      "id": 1,
      "bbox": [
        487.8452380952381,
        300.76190476190476,
        215.98701298701303,
        660.987012987013
      ],
      "area": 142764.61055827292,
      "keypoints": [
        588.961038961039,
        374.025974025974,
        0,
        598.051948051948,
        358.4415584415584,
        0,
        604.5454545454545,
        357.1428571428571,
        0,
        551.2987012987013,
        357.1428571428571,
        0,
        581.1688311688312,
        355.84415584415586,
        2,
        505.8441558441558,
        441.55844155844153,
        2,
        588.961038961039,
        455.8441558441558,
        2,
        529.2207792207791,
        545.4545454545455,
        0,
        609.7402597402597,
        587.012987012987,
        2,
        569.4805194805194,
        612.9870129870129,
        0,
        629.2207792207791,
        648.051948051948,
        2,
        509.7402597402597,
        636.3636363636364,
        2,
        587.6623376623377,
        663.6363636363636,
        1,
        537.6623376623377,
        762.3376623376623,
        1,
        631.1688311688312,
        774.025974025974,
        1,
        514.1666666666667,
        868.3333333333334,
        1,
        644.1666666666667,
        871.6666666666667,
        2,
        507.5,
        906.6666666666667,
        1,
        635.8333333333334,
        890.0000000000001,
        2,
        547.5,
        885.0000000000001,
        2,
        685.8333333333334,
        881.6666666666667,
        1
      ],
      "num_keypoints": 15,
      "iscrowd": 0,
      "segmentation": []
    }
  ]
}