{
  "categories": [
    {
      "supercategory": "person",
      "id": 1,
      "name": "person",
      "keypoints": [
        "nose",
        "left_eye",
        "right_eye",
        "left_ear",
        "right_ear",
        "left_shoulder",
        "right_shoulder",
        "left_elbow",
        "right_elbow",
        "left_wrist",
        "right_wrist",
        "left_hip",
        "right_hip",
        "left_knee",
        "right_knee",
        "left_ankle",
        "right_ankle",
        "left_heel",
        "right_heel",
        "left_foot",
        "right_foot"
      ],
      "skeleton": [
        [
          1,
          2
        ],
        [
          0,
          1
        ],
        [
          0,
          2
        ],
        [
          1,
          3
        ],
        [
          2,
          4
        ],
        [
          5,
          6
        ],
        [
          5,
          7
        ],
        [
          7,
          9
        ],
        [
          6,
          8
        ],
        [
          8,
          10
        ],
        [
          5,
          11
        ],
        [
          6,
          12
        ],
        [
          11,
          12
        ],
        [
          11,
          13
        ],
        [
          13,
          15
        ],
        [
          12,
          14
        ],
        [
          14,
          16
        ],
        [
          16,
          18
        ],
        [
          16,
          20
        ],
        [
          20,
          18
        ],
        [
          15,
          17
        ],
        [
          15,
          19
        ],
        [
          19,
          17
        ]
      ]
    }
  ],
  "images": [
    {
      "file_name": "000000001308.jpg",
      "height": 1200,
      "width": 1600,
      "id": 0
    }
  ],
  "annotations": [
    {
      "category_id": 1,
      "image_id": 0,
      "id": 0,
      "bbox": [
        509.3469387755101,
        330.3410111900678,
        250.28571428571445,
        742.1073266356286
      ],
      "area": 185738.86232366032,
      "keypoints": [
        537.3493975903614,
        406.0240963855421,
        2,
        548.3168316831683,
        392.8712871287129,
        2,
        531.5363881401618,
        392.1832884097035,
        2,
        600.4043126684636,
        396.0916442048518,
        2,
        551.8367346938775,
        378.7755102040816,
        0,
        655.1020408163265,
        446.1224489795918,
        2,
        530.204081632653,
        464.0816326530612,
        2,
        731.0204081632653,
        528.5714285714286,
        2,
        534.6938775510205,
        609.1836734693877,
        2,
        738.7755102040817,
        594.8979591836735,
        2,
        529.8507462686566,
        679.6019900497512,
        0,
        665.5844155844156,
        697.4025974025974,
        2,
        551.2987012987013,
        692.2077922077922,
        2,
        595.4545454545455,
        833.7662337662338,
        2,
        550.0,
        837.6623376623377,
        1,
        630.5194805194806,
        938.961038961039,
        2,
        609.0909090909091,
        931.1688311688312,
        2,
        653.2467532467533,
        967.5324675324675,
        2,
        609.8484848484849,
        965.1515151515151,
        2,
        638.6363636363636,
        1010.6060606060606,
        2,
        576.5151515151515,
        981.8181818181818,
        2
      ],
      "num_keypoints": 19,
      "iscrowd": 0,
      "segmentation": []
    },
    {
      "category_id": 1,
      "image_id": 0,
      "id": 1,
      "bbox": [
        718.4170058796924,
        280.6,
        155.11533242876533,
        632.8
      ],
      "area": 98156.98236092269,
      "keypoints": [
        761.6883116883117,
        348.05194805194805,
        2,
        771.9696969696969,
        333.33333333333337,
        2,
        753.7037037037037,
        334.4444444444444,
        2,
        810.6122448979592,
        336.3265306122449,
        2,
        749.2592592592592,
        327.77777777777777,
        0,
        842.2222222222222,
        397.4074074074074,
        2,
        731.3432835820895,
        404.47761194029846,
        2,
        860.6060606060606,
        521.2121212121212,
        2,
        731.8181818181819,
        528.7878787878788,
        2,
        815.3333333333333,
        582.0,
        1,
        736.6666666666666,
        570.0,
        1,
        835.3333333333333,
        603.3333333333334,
        2,
        771.3333333333333,
        604.6666666666666,
        2,
        812.6666666666666,
        712.6666666666666,
        2,
        775.3333333333333,
        710.0,
        2,
        826.0,
        808.6666666666666,
        2,
        792.6666666666666,
        799.3333333333334,
        2,
        830.0,
        832.6666666666666,
        2,
        795.3333333333333,
        823.3333333333334,
        2,
        808.6666666666666,
        860.6666666666666,
        2,
        772.6666666666666,
        847.3333333333334,
        2
      ],
      "num_keypoints": 20,
      "iscrowd": 0,
      "segmentation": []
    }
  ]
}