{
  "categories": [
    {
      "supercategory": "person",
      "id": 1,
      "name": "person",
      "keypoints": [
        "nose",
        "left_eye",
        "right_eye",
        "left_ear",
        "right_ear",
        "left_shoulder",
        "right_shoulder",
        "left_elbow",
        "right_elbow",
        "left_wrist",
        "right_wrist",
        "left_hip",
        "right_hip",
        "left_knee",
        "right_knee",
        "left_ankle",
        "right_ankle",
        "left_heel",
        "right_heel",
        "left_foot",
        "right_foot"
      ],
      "skeleton": [
        [
          1,
          2
        ],
        [
          0,
          1
        ],
        [
          0,
          2
        ],
        [
          1,
          3
        ],
        [
          2,
          4
        ],
        [
          5,
          6
        ],
        [
          5,
          7
        ],
        [
          7,
          9
        ],
        [
          6,
          8
        ],
        [
          8,
          10
        ],
        [
          5,
          11
        ],
        [
          6,
          12
        ],
        [
          11,
          12
        ],
        [
          11,
          13
        ],
        [
          13,
          15
        ],
        [
          12,
          14
        ],
        [
          14,
          16
        ],
        [
          16,
          18
        ],
        [
          16,
          20
        ],
        [
          20,
          18
        ],
        [
          15,
          17
        ],
        [
          15,
          19
        ],
        [
          19,
          17
        ]
      ]
    }
  ],
  "images": [
    {
      "file_name": "000000000696.jpg",
      "height": 1200,
      "width": 1600,
      "id": 0
    }
  ],
  "annotations": [
    {
      "category_id": 1,
      "image_id": 0,
      "id": 0,
      "bbox": [
        861.0787172011662,
        376.3143263950098,
        264.1399416909619,
        525.627500169503
      ],
      "area": 138839.2172459386,
      "keypoints": [
        981.4159292035397,
        431.858407079646,
        2,
        996.2099125364431,
        423.6151603498542,
        2,
        974.9271137026238,
        420.11661807580174,
        2,
        1030.612244897959,
        420.4081632653061,
        2,
        985.131195335277,
        419.2419825072886,
        0,
        1065.597667638484,
        468.5131195335277,
        2,
        965.0145772594751,
        451.0204081632653,
        2,
        1103.206997084548,
        524.198250728863,
        2,
        923.6151603498541,
        486.2973760932944,
        2,
        1036.734693877551,
        547.5218658892128,
        2,
        883.0903790087464,
        520.6997084548104,
        2,
        1066.7638483965013,
        622.4489795918367,
        2,
        982.051282051282,
        623.0769230769231,
        2,
        1021.7948717948718,
        757.6923076923076,
        2,
        979.4871794871794,
        751.2820512820513,
        2,
        1064.102564102564,
        826.9230769230769,
        2,
        1008.9743589743589,
        805.1282051282051,
        2,
        1080.2325581395348,
        836.046511627907,
        2,
        1025.5813953488373,
        808.1395348837209,
        1,
        1052.906976744186,
        858.1395348837209,
        2,
        1000.0,
        840.6976744186047,
        2
      ],
      "num_keypoints": 20,
      "iscrowd": 0,
      "segmentation": []
    },
    {
      "category_id": 1,
      "image_id": 0,
      "id": 1,
      "bbox": [
        752.4001192605843,
        307.0679631114675,
        138.6404293381038,
        634.1499599037691
      ],
      "area": 87918.82270579984,
      "keypoints": [
        843.5344827586206,
        371.55172413793105,
        2,
        840.5172413793102,
        360.3448275862069,
        2,
        829.3103448275862,
        359.9137931034483,
        2,
        818.103448275862,
        361.6379310344828,
        0,
        791.8103448275862,
        365.948275862069,
        2,
        836.2068965517241,
        425.43103448275866,
        2,
        785.8974358974359,
        428.2051282051282,
        2,
        837.1794871794872,
        522.4358974358975,
        0,
        828.2051282051282,
        507.6923076923077,
        2,
        891.025641025641,
        517.3076923076923,
        0,
        879.4871794871794,
        497.4358974358974,
        2,
        835.2564102564103,
        592.3076923076923,
        2,
        801.2820512820512,
        601.2820512820513,
        2,
        833.3333333333333,
        725.6410256410256,
        2,
        797.4358974358973,
        738.4615384615385,
        2,
        809.3023255813954,
        836.046511627907,
        2,
        773.2558139534884,
        862.2093023255815,
        2,
        801.1627906976744,
        857.5581395348837,
        2,
        763.953488372093,
        881.9767441860465,
        2,
        831.9767441860465,
        849.4186046511628,
        2,
        786.6279069767442,
        888.3720930232558,
        2
      ],
      "num_keypoints": 18,
      "iscrowd": 0,
      "segmentation": []
    }
  ]
}