{
  "categories": [
    {
      "supercategory": "person",
      "id": 1,
      "name": "person",
      "keypoints": [
        "nose",
        "left_eye",
        "right_eye",
        "left_ear",
        "right_ear",
        "left_shoulder",
        "right_shoulder",
        "left_elbow",
        "right_elbow",
        "left_wrist",
        "right_wrist",
        "left_hip",
        "right_hip",
        "left_knee",
        "right_knee",
        "left_ankle",
        "right_ankle",
        "left_heel",
        "right_heel",
        "left_foot",
        "right_foot"
      ],
      "skeleton": [
        [
          1,
          2
        ],
        [
          0,
          1
        ],
        [
          0,
          2
        ],
        [
          1,
          3
        ],
        [
          2,
          4
        ],
        [
          5,
          6
        ],
        [
          5,
          7
        ],
        [
          7,
          9
        ],
        [
          6,
          8
        ],
        [
          8,
          10
        ],
        [
          5,
          11
        ],
        [
          6,
          12
        ],
        [
          11,
          12
        ],
        [
          11,
          13
        ],
        [
          13,
          15
        ],
        [
          12,
          14
        ],
        [
          14,
          16
        ],
        [
          16,
          18
        ],
        [
          16,
          20
        ],
        [
          20,
          18
        ],
        [
          15,
          17
        ],
        [
          15,
          19
        ],
        [
          19,
          17
        ]
      ]
    }
  ],
  "images": [
    {
      "file_name": "000000000506.jpg",
      "height": 1200,
      "width": 1600,
      "id": 0
    }
  ],
  "annotations": [
    {
      "category_id": 1,
      "image_id": 0,
      "id": 0,
      "bbox": [
        874.2857142857142,
        292.66970618034446,
        252.59475218658895,
        630.8206686930091
      ],
      "area": 159341.99048268897,
      "keypoints": [
        1021.7391304347825,
        363.04347826086956,
        2,
        1035.4609929078015,
        348.2269503546099,
        2,
        1014.0211640211639,
        348.4126984126984,
        2,
        1069.3121693121693,
        345.23809523809524,
        2,
        1011.3702623906705,
        340.5247813411079,
        0,
        1105.8309037900874,
        407.87172011661806,
        2,
        986.2973760932944,
        392.1282798833819,
        2,
        1082.5072886297376,
        477.25947521865885,
        2,
        947.8134110787172,
        455.39358600583085,
        2,
        1047.813411078717,
        524.7813411078716,
        2,
        895.33527696793,
        493.5860058309038,
        2,
        1073.076923076923,
        598.4615384615385,
        2,
        992.1052631578947,
        602.6315789473683,
        2,
        1055.2631578947369,
        748.9473684210526,
        2,
        999.9999999999999,
        737.8947368421052,
        2,
        1058.974358974359,
        829.4871794871794,
        2,
        1017.9487179487178,
        833.3333333333334,
        2,
        1073.076923076923,
        848.7179487179487,
        2,
        1029.7872340425533,
        848.2269503546099,
        2,
        1053.1914893617022,
        870.9219858156029,
        2,
        1006.3829787234043,
        865.9574468085107,
        2
      ],
      "num_keypoints": 20,
      "iscrowd": 0,
      "segmentation": []
    },
    {
      "category_id": 1,
      "image_id": 0,
      "id": 1,
      "bbox": [
        623.1004464285714,
        299.39116379310343,
        144.66964285714278,
        622.8232758620691
      ],
      "area": 90103.62088208125,
      "keypoints": [
        717.6724137931034,
        362.0689655172414,
        2,
        716.8103448275862,
        351.2931034482759,
        2,
        704.7413793103448,
        353.8793103448276,
        2,
        693.103448275862,
        356.0344827586207,
        0,
        669.8275862068965,
        359.05172413793105,
        2,
        715.5172413793102,
        428.448275862069,
        2,
        658.5714285714286,
        429.5238095238095,
        2,
        728.5714285714286,
        531.9047619047619,
        1,
        664.7619047619047,
        535.2380952380952,
        2,
        755.7142857142857,
        521.9047619047619,
        1,
        742.8571428571428,
        508.0952380952381,
        2,
        715.7142857142857,
        599.047619047619,
        1,
        671.7948717948717,
        600.0,
        1,
        697.4358974358973,
        726.9230769230769,
        0,
        733.3333333333333,
        730.7692307692307,
        2,
        653.8461538461538,
        820.5128205128204,
        2,
        689.0625,
        833.59375,
        1,
        635.15625,
        852.34375,
        2,
        671.875,
        858.59375,
        1,
        668.75,
        842.96875,
        1,
        705.46875,
        870.3125,
        1
      ],
      "num_keypoints": 19,
      "iscrowd": 0,
      "segmentation": []
    }
  ]
}