{
  "categories": [
    {
      "supercategory": "person",
      "id": 1,
      "name": "person",
      "keypoints": [
        "nose",
        "left_eye",
        "right_eye",
        "left_ear",
        "right_ear",
        "left_shoulder",
        "right_shoulder",
        "left_elbow",
        "right_elbow",
        "left_wrist",
        "right_wrist",
        "left_hip",
        "right_hip",
        "left_knee",
        "right_knee",
        "left_ankle",
        "right_ankle",
        "left_heel",
        "right_heel",
        "left_foot",
        "right_foot"
      ],
      "skeleton": [
        [
          1,
          2
        ],
        [
          0,
          1
        ],
        [
          0,
          2
        ],
        [
          1,
          3
        ],
        [
          2,
          4
        ],
        [
          5,
          6
        ],
        [
          5,
          7
        ],
        [
          7,
          9
        ],
        [
          6,
          8
        ],
        [
          8,
          10
        ],
        [
          5,
          11
        ],
        [
          6,
          12
        ],
        [
          11,
          12
        ],
        [
          11,
          13
        ],
        [
          13,
          15
        ],
        [
          12,
          14
        ],
        [
          14,
          16
        ],
        [
          16,
          18
        ],
        [
          16,
          20
        ],
        [
          20,
          18
        ],
        [
          15,
          17
        ],
        [
          15,
          19
        ],
        [
          19,
          17
        ]
      ]
    }
  ],
  "images": [
    {
      "file_name": "000000001459.jpg",
      "height": 1200,
      "width": 1600,
      "id": 0
    }
  ],
  "annotations": [
    {
      "category_id": 1,
      "image_id": 0,
      "id": 0,
      "bbox": [
        868.7912087912086,
        338.5383244206773,
        257.6223776223776,
        572.8342245989305
      ],
      "area": 147574.91492464754,
      "keypoints": [
        1012.6112759643917,
        395.6973293768546,
        2,
        1024.6290801186942,
        388.7240356083086,
        2,
        1004.5751633986928,
        386.27450980392155,
        2,
        1053.5947712418301,
        396.4052287581699,
        2,
        1001.098901098901,
        396.15384615384613,
        0,
        1073.6263736263736,
        423.07692307692304,
        2,
        975.2747252747253,
        421.4285714285714,
        2,
        1104.9450549450548,
        508.79120879120876,
        2,
        924.4897959183675,
        484.69387755102036,
        2,
        1048.4848484848485,
        545.4545454545454,
        2,
        890.2597402597402,
        522.077922077922,
        2,
        1056.4935064935066,
        614.2857142857142,
        2,
        969.4805194805195,
        616.8831168831168,
        2,
        1024.025974025974,
        745.4545454545454,
        2,
        973.3766233766233,
        741.5584415584416,
        2,
        1043.859649122807,
        814.0350877192983,
        2,
        1001.7543859649122,
        814.0350877192983,
        2,
        1057.017543859649,
        824.561403508772,
        2,
        1021.9696969696969,
        830.3030303030303,
        1,
        1035.6060606060605,
        863.6363636363636,
        2,
        996.2121212121211,
        853.030303030303,
        2
      ],
      "num_keypoints": 20,
      "iscrowd": 0,
      "segmentation": []
    },
    {
      "category_id": 1,
      "image_id": 0,
      "id": 1,
      "bbox": [
        725.8666666666666,
        348.48333333333335,
        209.60000000000002,
        528.1999999999999
      ],
      "area": 110710.72,
      "keypoints": [
        838.3116883116883,
        411.68831168831167,
        2,
        842.3173803526448,
        397.2292191435768,
        1,
        825.2777777777777,
        397.77777777777777,
        2,
        817.7777777777777,
        386.66666666666663,
        0,
        794.4444444444445,
        392.5,
        2,
        845.0,
        435.0,
        2,
        775.0,
        439.72222222222223,
        2,
        895.4545454545455,
        501.5151515151515,
        1,
        813.6363636363636,
        501.5151515151515,
        2,
        917.9999999999999,
        492.6666666666667,
        1,
        876.6666666666666,
        488.6666666666667,
        2,
        823.3333333333333,
        600.6666666666666,
        2,
        774.0,
        604.6666666666666,
        1,
        836.6666666666666,
        707.3333333333334,
        2,
        782.0,
        704.6666666666666,
        2,
        815.3333333333333,
        776.6666666666666,
        2,
        755.3333333333333,
        776.6666666666666,
        2,
        803.3333333333333,
        800.6666666666666,
        2,
        743.3333333333333,
        804.6666666666666,
        2,
        842.0,
        815.3333333333334,
        2,
        756.6666666666666,
        832.6666666666666,
        2
      ],
      "num_keypoints": 20,
      "iscrowd": 0,
      "segmentation": []
    }
  ]
}