{
  "categories": [
    {
      "supercategory": "person",
      "id": 1,
      "name": "person",
      "keypoints": [
        "nose",
        "left_eye",
        "right_eye",
        "left_ear",
        "right_ear",
        "left_shoulder",
        "right_shoulder",
        "left_elbow",
        "right_elbow",
        "left_wrist",
        "right_wrist",
        "left_hip",
        "right_hip",
        "left_knee",
        "right_knee",
        "left_ankle",
        "right_ankle",
        "left_heel",
        "right_heel",
        "left_foot",
        "right_foot"
      ],
      "skeleton": [
        [
          1,
          2
        ],
        [
          0,
          1
        ],
        [
          0,
          2
        ],
        [
          1,
          3
        ],
        [
          2,
          4
        ],
        [
          5,
          6
        ],
        [
          5,
          7
        ],
        [
          7,
          9
        ],
        [
          6,
          8
        ],
        [
          8,
          10
        ],
        [
          5,
          11
        ],
        [
          6,
          12
        ],
        [
          11,
          12
        ],
        [
          11,
          13
        ],
        [
          13,
          15
        ],
        [
          12,
          14
        ],
        [
          14,
          16
        ],
        [
          16,
          18
        ],
        [
          16,
          20
        ],
        [
          20,
          18
        ],
        [
          15,
          17
        ],
        [
          15,
          19
        ],
        [
          19,
          17
        ]
      ]
    }
  ],
  "images": [
    {
      "file_name": "000000000884.jpg",
      "height": 1200,
      "width": 1600,
      "id": 0
    }
  ],
  "annotations": [
    {
      "category_id": 1,
      "image_id": 0,
      "id": 0,
      "bbox": [
        924.5703125,
        192.0180716663565,
        183.28125,
        648.5528193040135
      ],
      "area": 118867.57141306372,
      "keypoints": [
        966.3934426229507,
        280.327868852459,
        1,
        980.7580174927114,
        268.5131195335277,
        2,
        960.3498542274052,
        271.13702623906704,
        2,
        1016.3265306122448,
        246.06413994169094,
        2,
        957.8125,
        250.390625,
        0,
        1068.75,
        307.03125,
        2,
        943.75,
        287.890625,
        2,
        1092.578125,
        419.53125,
        2,
        940.625,
        396.875,
        2,
        1089.84375,
        511.71875,
        2,
        939.84375,
        490.625,
        2,
        1049.609375,
        465.625,
        2,
        978.2051282051282,
        461.53846153846155,
        2,
        1032.051282051282,
        621.7948717948718,
        2,
        987.1794871794871,
        619.2307692307692,
        2,
        1025.6410256410256,
        741.025641025641,
        2,
        994.8717948717947,
        738.4615384615385,
        2,
        1046.808510638298,
        745.3900709219859,
        2,
        1009.9290780141845,
        741.8439716312057,
        1,
        1017.0212765957448,
        786.5248226950355,
        2,
        987.2340425531916,
        784.3971631205674,
        2
      ],
      "num_keypoints": 20,
      "iscrowd": 0,
      "segmentation": []
    },
    {
      "category_id": 1,
      "image_id": 0,
      "id": 1,
      "bbox": [
        713.209618874773,
        322.02177858439205,
        214.1161524500909,
        584.0145190562612
      ],
      "area": 125046.94179531695,
      "keypoints": [
        792.6724137931034,
        386.2068965517242,
        2,
        797.4137931034483,
        373.7068965517242,
        2,
        783.6206896551723,
        374.1379310344828,
        2,
        773.7068965517241,
        369.82758620689657,
        0,
        745.6896551724137,
        370.68965517241384,
        2,
        796.5517241379309,
        417.2413793103449,
        2,
        734.9137931034483,
        428.01724137931035,
        2,
        869.3965517241379,
        436.2068965517242,
        1,
        799.5689655172413,
        446.12068965517244,
        2,
        909.4827586206897,
        406.46551724137936,
        1,
        895.2586206896551,
        393.1034482758621,
        2,
        815.3846153846154,
        576.9230769230769,
        2,
        762.8205128205127,
        594.8717948717949,
        2,
        797.4358974358973,
        723.0769230769231,
        2,
        766.6666666666666,
        733.3333333333334,
        2,
        782.1052631578947,
        819.9999999999999,
        2,
        743.6842105263157,
        837.8947368421052,
        2,
        773.6842105263157,
        829.4736842105262,
        2,
        731.0526315789473,
        853.6842105263157,
        2,
        801.578947368421,
        831.0526315789473,
        2,
        756.8421052631578,
        857.3684210526316,
        2
      ],
      "num_keypoints": 20,
      "iscrowd": 0,
      "segmentation": []
    }
  ]
}