{
  "categories": [
    {
      "supercategory": "person",
      "id": 1,
      "name": "person",
      "keypoints": [
        "nose",
        "left_eye",
        "right_eye",
        "left_ear",
        "right_ear",
        "left_shoulder",
        "right_shoulder",
        "left_elbow",
        "right_elbow",
        "left_wrist",
        "right_wrist",
        "left_hip",
        "right_hip",
        "left_knee",
        "right_knee",
        "left_ankle",
        "right_ankle",
        "left_heel",
        "right_heel",
        "left_foot",
        "right_foot"
      ],
      "skeleton": [
        [
          1,
          2
        ],
        [
          0,
          1
        ],
        [
          0,
          2
        ],
        [
          1,
          3
        ],
        [
          2,
          4
        ],
        [
          5,
          6
        ],
        [
          5,
          7
        ],
        [
          7,
          9
        ],
        [
          6,
          8
        ],
        [
          8,
          10
        ],
        [
          5,
          11
        ],
        [
          6,
          12
        ],
        [
          11,
          12
        ],
        [
          11,
          13
        ],
        [
          13,
          15
        ],
        [
          12,
          14
        ],
        [
          14,
          16
        ],
        [
          16,
          18
        ],
        [
          16,
          20
        ],
        [
          20,
          18
        ],
        [
          15,
          17
        ],
        [
          15,
          19
        ],
        [
          19,
          17
        ]
      ]
    }
  ],
  "images": [
    {
      "file_name": "000000000318.jpg",
      "height": 1200,
      "width": 1600,
      "id": 0
    }
  ],
  "annotations": [
    {
      "category_id": 1,
      "image_id": 0,
      "id": 0,
      "bbox": [
        985.0668984407921,
        280.80501792114694,
        242.91403286978516,
        571.67311827957
      ],
      "area": 138867.42264453604,
      "keypoints": [
        1146.7391304347825,
        338.04347826086956,
        2,
        1162.6666666666667,
        328.8888888888889,
        1,
        1138.6666666666667,
        328.44444444444446,
        2,
        1182.300884955752,
        341.59292035398227,
        2,
        1125.595238095238,
        342.26190476190476,
        1,
        1207.7380952380952,
        388.6904761904762,
        2,
        1100.0,
        388.4955752212389,
        2,
        1196.4601769911503,
        463.71681415929197,
        2,
        1045.1327433628317,
        442.4778761061946,
        2,
        1168.1415929203538,
        492.03539823008845,
        2,
        1005.3097345132742,
        463.71681415929197,
        2,
        1162.8318584070796,
        583.1858407079645,
        2,
        1100.0,
        580.5309734513273,
        2,
        1150.9803921568628,
        698.0392156862745,
        2,
        1092.1568627450981,
        695.0980392156863,
        2,
        1138.235294117647,
        767.6470588235294,
        2,
        1096.078431372549,
        763.7254901960785,
        2,
        1151.7857142857142,
        795.2380952380953,
        1,
        1107.7380952380952,
        799.4047619047619,
        2,
        1129.8387096774193,
        804.8387096774194,
        2,
        1080.392156862745,
        800.0,
        2
      ],
      "num_keypoints": 21,
      "iscrowd": 0,
      "segmentation": []
    },
    {
      "category_id": 1,
      "image_id": 0,
      "id": 1,
      "bbox": [
        709.5729813664595,
        324.0651260504202,
        259.03726708074544,
        489.7899159663865
      ],
      "area": 126873.84127564072,
      "keypoints": [
        885.8407079646017,
        376.9911504424778,
        2,
        897.0238095238095,
        366.0714285714286,
        2,
        873.8095238095239,
        364.8809523809524,
        2,
        905.1282051282051,
        368.86446886446885,
        0,
        851.2820512820513,
        367.3992673992674,
        2,
        896.4285714285714,
        391.6666666666667,
        0,
        822.0238095238095,
        385.11904761904765,
        2,
        947.0238095238095,
        444.04761904761904,
        2,
        860.1190476190477,
        450.59523809523813,
        2,
        1029.1666666666667,
        460.7142857142857,
        0,
        930.4347826086956,
        496.73913043478257,
        2,
        831.1926605504586,
        561.4678899082569,
        2,
        766.3934426229508,
        565.5737704918033,
        1,
        850.0,
        642.391304347826,
        2,
        757.6086956521739,
        665.2173913043478,
        2,
        814.1304347826086,
        738.0434782608695,
        2,
        750.0,
        739.2156862745098,
        2,
        801.1904761904763,
        765.4761904761905,
        2,
        731.159420289855,
        765.2173913043478,
        2,
        863.2352941176471,
        768.1372549019608,
        2,
        774.5098039215686,
        773.0392156862745,
        2
      ],
      "num_keypoints": 18,
      "iscrowd": 0,
      "segmentation": []
    }
  ]
}