{
  "categories": [
    {
      "supercategory": "person",
      "id": 1,
      "name": "person",
      "keypoints": [
        "nose",
        "left_eye",
        "right_eye",
        "left_ear",
        "right_ear",
        "left_shoulder",
        "right_shoulder",
        "left_elbow",
        "right_elbow",
        "left_wrist",
        "right_wrist",
        "left_hip",
        "right_hip",
        "left_knee",
        "right_knee",
        "left_ankle",
        "right_ankle",
        "left_heel",
        "right_heel",
        "left_foot",
        "right_foot"
      ],
      "skeleton": [
        [
          1,
          2
        ],
        [
          0,
          1
        ],
        [
          0,
          2
        ],
        [
          1,
          3
        ],
        [
          2,
          4
        ],
        [
          5,
          6
        ],
        [
          5,
          7
        ],
        [
          7,
          9
        ],
        [
          6,
          8
        ],
        [
          8,
          10
        ],
        [
          5,
          11
        ],
        [
          6,
          12
        ],
        [
          11,
          12
        ],
        [
          11,
          13
        ],
        [
          13,
          15
        ],
        [
          12,
          14
        ],
        [
          14,
          16
        ],
        [
          16,
          18
        ],
        [
          16,
          20
        ],
        [
          20,
          18
        ],
        [
          15,
          17
        ],
        [
          15,
          19
        ],
        [
          19,
          17
        ]
      ]
    }
  ],
  "images": [
    {
      "file_name": "000000001822.jpg",
      "height": 1200,
      "width": 1600,
      "id": 0
    }
  ],
  "annotations": [
    {
      "category_id": 1,
      "image_id": 0,
      "id": 0,
      "bbox": [
        891.5277777777779,
        372.03823953823957,
        243.33333333333314,
        568.8744588744589
      ],
      "area": 138426.11832611822,
      "keypoints": [
        960.4166666666669,
        436.11111111111114,
        2,
        975.6944444444445,
        423.61111111111114,
        2,
        953.4722222222223,
        425.0,
        2,
        1000.6944444444445,
        423.61111111111114,
        2,
        946.5277777777779,
        419.44444444444446,
        1,
        1050.6944444444443,
        461.11111111111114,
        2,
        947.9166666666669,
        454.1666666666667,
        2,
        1114.5833333333333,
        477.77777777777777,
        2,
        918.7500000000001,
        493.0555555555556,
        2,
        1063.1944444444443,
        541.6666666666667,
        2,
        911.8055555555557,
        519.4444444444445,
        2,
        1021.5277777777779,
        627.7777777777778,
        2,
        965.9722222222223,
        637.5,
        2,
        1013.1944444444445,
        769.4444444444445,
        2,
        964.5833333333334,
        776.3888888888889,
        2,
        1017.3611111111112,
        856.9444444444445,
        2,
        977.0833333333334,
        850.0,
        2,
        1033.1168831168832,
        883.1168831168831,
        2,
        988.961038961039,
        875.3246753246754,
        1,
        1007.1428571428572,
        893.5064935064935,
        2,
        962.9870129870129,
        880.5194805194805,
        2
      ],
      "num_keypoints": 21,
      "iscrowd": 0,
      "segmentation": []
    },
    {
      "category_id": 1,
      "image_id": 0,
      "id": 1,
      "bbox": [
        745.667748917749,
        311.3333333333333,
        161.9870129870128,
        627.6363636363637
      ],
      "area": 101668.93978748514,
      "keypoints": [
        847.4025974025974,
        387.012987012987,
        2,
        833.1168831168831,
        361.038961038961,
        0,
        838.3116883116883,
        363.6363636363636,
        2,
        821.4285714285714,
        364.93506493506493,
        0,
        803.2467532467532,
        367.53246753246754,
        2,
        773.3766233766233,
        449.35064935064935,
        0,
        787.6623376623377,
        454.54545454545456,
        2,
        807.1428571428571,
        516.8831168831168,
        1,
        775.974025974026,
        549.3506493506493,
        2,
        894.1558441558441,
        522.077922077922,
        1,
        842.2077922077922,
        535.0649350649351,
        2,
        820.1298701298701,
        620.7792207792207,
        0,
        803.2467532467532,
        633.7662337662338,
        2,
        798.7012987012987,
        722.077922077922,
        0,
        810.3896103896103,
        733.7662337662338,
        2,
        819.1666666666667,
        823.3333333333334,
        1,
        772.5,
        856.6666666666667,
        2,
        795.8333333333335,
        841.6666666666667,
        1,
        759.1666666666667,
        880.0000000000001,
        2,
        834.1666666666667,
        838.3333333333334,
        2,
        804.1666666666667,
        886.6666666666667,
        2
      ],
      "num_keypoints": 16,
      "iscrowd": 0,
      "segmentation": []
    }
  ]
}