{
  "categories": [
    {
      "supercategory": "person",
      "id": 1,
      "name": "person",
      "keypoints": [
        "nose",
        "left_eye",
        "right_eye",
        "left_ear",
        "right_ear",
        "left_shoulder",
        "right_shoulder",
        "left_elbow",
        "right_elbow",
        "left_wrist",
        "right_wrist",
        "left_hip",
        "right_hip",
        "left_knee",
        "right_knee",
        "left_ankle",
        "right_ankle",
        "left_heel",
        "right_heel",
        "left_foot",
        "right_foot"
      ],
      "skeleton": [
        [
          1,
          2
        ],
        [
          0,
          1
        ],
        [
          0,
          2
        ],
        [
          1,
          3
        ],
        [
          2,
          4
        ],
        [
          5,
          6
        ],
        [
          5,
          7
        ],
        [
          7,
          9
        ],
        [
          6,
          8
        ],
        [
          8,
          10
        ],
        [
          5,
          11
        ],
        [
          6,
          12
        ],
        [
          11,
          12
        ],
        [
          11,
          13
        ],
        [
          13,
          15
        ],
        [
          12,
          14
        ],
        [
          14,
          16
        ],
        [
          16,
          18
        ],
        [
          16,
          20
        ],
        [
          20,
          18
        ],
        [
          15,
          17
        ],
        [
          15,
          19
        ],
        [
          19,
          17
        ]
      ]
    }
  ],
  "images": [
    {
      "file_name": "000000002022.jpg",
      "height": 1200,
      "width": 1600,
      "id": 0
    }
  ],
  "annotations": [
    {
      "category_id": 1,
      "image_id": 0,
      "id": 0,
      "bbox": [
        834.2896174863388,
        207.98617807778845,
        211.4754098360654,
        786.5188042430086
      ],
      "area": 166329.38647106235,
      "keypoints": [
        895.0819672131147,
        318.57923497267757,
        2,
        906.2841530054644,
        303.8251366120218,
        2,
        879.5081967213115,
        302.4590163934426,
        2,
        946.5686274509803,
        273.52941176470586,
        2,
        876.7759562841529,
        290.1639344262295,
        0,
        988.7978142076503,
        304.37158469945354,
        2,
        867.75956284153,
        299.4535519125683,
        2,
        1018.5792349726776,
        461.2021857923497,
        2,
        860.9289617486338,
        434.9726775956284,
        2,
        1028.1420765027322,
        547.8142076502731,
        2,
        851.9125683060109,
        526.2295081967213,
        2,
        991.5300546448087,
        574.5901639344262,
        2,
        911.4754098360655,
        577.0491803278688,
        2,
        963.3879781420765,
        724.8633879781421,
        2,
        907.3770491803278,
        713.6612021857924,
        2,
        956.0109289617486,
        868.5792349726776,
        2,
        909.5628415300546,
        842.0765027322404,
        2,
        987.9781420765026,
        874.0437158469945,
        2,
        934.9726775956284,
        843.1693989071038,
        2,
        935.7923497267759,
        928.9617486338798,
        2,
        889.2156862745098,
        898.5294117647059,
        2
      ],
      "num_keypoints": 20,
      "iscrowd": 0,
      "segmentation": []
    },
    {
      "category_id": 1,
      "image_id": 0,
      "id": 1,
      "bbox": [
        675.3551912568305,
        308.5141433622629,
        190.81967213114763,
        665.0433944069432
      ],
      "area": 126903.3624737184,
      "keypoints": [
        769.672131147541,
        378.41530054644807,
        2,
        770.7650273224043,
        363.9344262295082,
        1,
        759.8360655737705,
        364.20765027322403,
        2,
        743.9890710382514,
        366.66666666666663,
        0,
        711.7486338797814,
        371.3114754098361,
        2,
        766.3934426229508,
        427.04918032786884,
        2,
        712.568306010929,
        436.06557377049177,
        2,
        830.8743169398907,
        498.3606557377049,
        1,
        809.8360655737705,
        489.89071038251365,
        2,
        861.7486338797814,
        423.7704918032787,
        0,
        850.2732240437158,
        412.56830601092895,
        2,
        787.9781420765026,
        647.5409836065573,
        2,
        737.9781420765026,
        652.7322404371585,
        2,
        770.7650273224043,
        755.7377049180327,
        2,
        720.4918032786885,
        755.4644808743169,
        2,
        775.6830601092896,
        837.9781420765026,
        2,
        708.1967213114754,
        890.4371584699453,
        2,
        752.7322404371585,
        857.103825136612,
        2,
        691.2568306010928,
        902.4590163934425,
        2,
        819.3989071038251,
        862.295081967213,
        2,
        742.156862745098,
        918.1372549019608,
        2
      ],
      "num_keypoints": 19,
      "iscrowd": 0,
      "segmentation": []
    }
  ]
}