{
  "categories": [
    {
      "supercategory": "person",
      "id": 1,
      "name": "person",
      "keypoints": [
        "nose",
        "left_eye",
        "right_eye",
        "left_ear",
        "right_ear",
        "left_shoulder",
        "right_shoulder",
        "left_elbow",
        "right_elbow",
        "left_wrist",
        "right_wrist",
        "left_hip",
        "right_hip",
        "left_knee",
        "right_knee",
        "left_ankle",
        "right_ankle",
        "left_heel",
        "right_heel",
        "left_foot",
        "right_foot"
      ],
      "skeleton": [
        [
          1,
          2
        ],
        [
          0,
          1
        ],
        [
          0,
          2
        ],
        [
          1,
          3
        ],
        [
          2,
          4
        ],
        [
          5,
          6
        ],
        [
          5,
          7
        ],
        [
          7,
          9
        ],
        [
          6,
          8
        ],
        [
          8,
          10
        ],
        [
          5,
          11
        ],
        [
          6,
          12
        ],
        [
          11,
          12
        ],
        [
          11,
          13
        ],
        [
          13,
          15
        ],
        [
          12,
          14
        ],
        [
          14,
          16
        ],
        [
          16,
          18
        ],
        [
          16,
          20
        ],
        [
          20,
          18
        ],
        [
          15,
          17
        ],
        [
          15,
          19
        ],
        [
          19,
          17
        ]
      ]
    }
  ],
  "images": [
    {
      "file_name": "000000000927.jpg",
      "height": 1200,
      "width": 1600,
      "id": 0
    }
  ],
  "annotations": [
    {
      "category_id": 1,
      "image_id": 0,
      "id": 0,
      "bbox": [
        911.6398713826367,
        302.92423691860466,
        250.0321543408362,
        616.4716569767443
      ],
      "area": 154137.73648396035,
      "keypoints": [
        1022.1311475409836,
        365.57377049180326,
        1,
        1040.234375,
        354.6875,
        2,
        1014.84375,
        354.296875,
        2,
        1060.546875,
        366.40625,
        2,
        1000.6430868167203,
        361.7363344051447,
        2,
        1093.5691318327974,
        418.9710610932476,
        2,
        990.0321543408361,
        408.03858520900326,
        2,
        1140.8360128617364,
        508.3601286173634,
        2,
        963.3440514469454,
        493.56913183279744,
        2,
        1107.717041800643,
        527.6527331189711,
        2,
        932.475884244373,
        509.00321543408364,
        2,
        1070.7395498392284,
        593.2475884244374,
        2,
        989.7435897435896,
        578.2051282051282,
        1,
        1046.1538461538462,
        729.4871794871794,
        2,
        998.7179487179487,
        725.6410256410256,
        2,
        1052.5641025641025,
        839.7435897435897,
        2,
        1010.2564102564102,
        825.6410256410256,
        2,
        1068.6046511627908,
        851.1627906976744,
        2,
        1026.1627906976744,
        841.2790697674419,
        1,
        1042.4418604651164,
        868.0232558139535,
        2,
        1003.4883720930233,
        859.3023255813954,
        2
      ],
      "num_keypoints": 21,
      "iscrowd": 0,
      "segmentation": []
    },
    {
      "category_id": 1,
      "image_id": 0,
      "id": 1,
      "bbox": [
        601.2790697674419,
        347.12315270935954,
        131.16279069767438,
        531.6650246305421
      ],
      "area": 69734.6683468897,
      "keypoints": [
        674.2857142857142,
        403.8095238095238,
        2,
        682.8571428571428,
        391.4285714285714,
        2,
        663.3333333333333,
        394.2857142857143,
        2,
        690.952380952381,
        391.4285714285714,
        1,
        640.952380952381,
        395.23809523809524,
        2,
        705.8139534883721,
        445.93023255813955,
        2,
        625.5813953488372,
        451.16279069767444,
        2,
        715.1162790697674,
        536.046511627907,
        2,
        612.2093023255815,
        548.8372093023256,
        2,
        721.5116279069767,
        598.8372093023256,
        1,
        626.7441860465117,
        626.7441860465117,
        1,
        699.9999999999999,
        601.2820512820513,
        1,
        653.8461538461538,
        605.1282051282051,
        2,
        697.4358974358973,
        701.2820512820513,
        1,
        649.9999999999999,
        714.1025641025641,
        2,
        704.3103448275862,
        801.7241379310345,
        2,
        649.9999999999999,
        811.2068965517242,
        2,
        692.2413793103448,
        817.2413793103449,
        2,
        641.3793103448276,
        829.3103448275863,
        2,
        710.3448275862069,
        826.7241379310345,
        2,
        662.9310344827586,
        834.4827586206898,
        2
      ],
      "num_keypoints": 21,
      "iscrowd": 0,
      "segmentation": []
    }
  ]
}