{
  "categories": [
    {
      "supercategory": "person",
      "id": 1,
      "name": "person",
      "keypoints": [
        "nose",
        "left_eye",
        "right_eye",
        "left_ear",
        "right_ear",
        "left_shoulder",
        "right_shoulder",
        "left_elbow",
        "right_elbow",
        "left_wrist",
        "right_wrist",
        "left_hip",
        "right_hip",
        "left_knee",
        "right_knee",
        "left_ankle",
        "right_ankle",
        "left_heel",
        "right_heel",
        "left_foot",
        "right_foot"
      ],
      "skeleton": [
        [
          1,
          2
        ],
        [
          0,
          1
        ],
        [
          0,
          2
        ],
        [
          1,
          3
        ],
        [
          2,
          4
        ],
        [
          5,
          6
        ],
        [
          5,
          7
        ],
        [
          7,
          9
        ],
        [
          6,
          8
        ],
        [
          8,
          10
        ],
        [
          5,
          11
        ],
        [
          6,
          12
        ],
        [
          11,
          12
        ],
        [
          11,
          13
        ],
        [
          13,
          15
        ],
        [
          12,
          14
        ],
        [
          14,
          16
        ],
        [
          16,
          18
        ],
        [
          16,
          20
        ],
        [
          20,
          18
        ],
        [
          15,
          17
        ],
        [
          15,
          19
        ],
        [
          19,
          17
        ]
      ]
    }
  ],
  "images": [
    {
      "file_name": "000000001736.jpg",
      "height": 1200,
      "width": 1600,
      "id": 0
    }
  ],
  "annotations": [
    {
      "category_id": 1,
      "image_id": 0,
      "id": 0,
      "bbox": [
        769.7222222222223,
        281.80555555555554,
        254.9999999999999,
        485.0
      ],
      "area": 123674.99999999994,
      "keypoints": [
        807.6388888888889,
        361.11111111111114,
        2,
        817.3611111111112,
        351.3888888888889,
        2,
        790.9722222222223,
        350.0,
        2,
        849.3055555555557,
        322.22222222222223,
        2,
        784.0277777777778,
        343.05555555555554,
        0,
        903.4722222222223,
        393.05555555555554,
        2,
        796.5277777777778,
        386.11111111111114,
        2,
        931.2500000000001,
        493.0555555555556,
        2,
        799.3055555555557,
        472.22222222222223,
        2,
        946.5277777777779,
        577.7777777777778,
        2,
        799.3055555555557,
        555.5555555555555,
        2,
        903.4722222222223,
        573.6111111111111,
        2,
        843.7500000000001,
        568.0555555555555,
        2,
        957.638888888889,
        650.0,
        2,
        909.0277777777778,
        658.3333333333334,
        2,
        982.638888888889,
        680.5555555555555,
        2,
        947.9166666666669,
        688.8888888888889,
        2,
        1003.4722222222223,
        669.4444444444445,
        2,
        970.138888888889,
        695.8333333333334,
        1,
        996.5277777777779,
        722.2222222222223,
        2,
        961.8055555555555,
        726.3888888888889,
        2
      ],
      "num_keypoints": 20,
      "iscrowd": 0,
      "segmentation": []
    },
    {
      "category_id": 1,
      "image_id": 0,
      "id": 1,
      "bbox": [
        604.9350649350649,
        362.4285714285714,
        182.33766233766232,
        575.5324675324678
      ],
      "area": 104941.24472929671,
      "keypoints": [
        678.5714285714286,
        425.97402597402595,
        2,
        682.4675324675325,
        410.38961038961037,
        2,
        666.8831168831168,
        410.38961038961037,
        2,
        656.4935064935065,
        414.2857142857143,
        0,
        625.3246753246754,
        415.5844155844156,
        2,
        687.6623376623377,
        453.24675324675326,
        2,
        620.1298701298701,
        471.42857142857144,
        2,
        731.8181818181818,
        450.64935064935065,
        2,
        698.051948051948,
        487.012987012987,
        2,
        772.077922077922,
        448.05194805194805,
        2,
        768.1818181818181,
        498.7012987012987,
        2,
        692.8571428571429,
        640.2597402597403,
        2,
        646.1038961038961,
        653.2467532467532,
        2,
        675.3246753246752,
        757.1428571428571,
        1,
        624.6753246753246,
        772.7272727272727,
        1,
        685.8333333333334,
        836.6666666666667,
        2,
        634.1666666666667,
        861.6666666666667,
        2,
        680.8333333333334,
        855.0000000000001,
        2,
        632.5,
        870.0000000000001,
        1,
        715.8333333333334,
        861.6666666666667,
        2,
        639.1666666666667,
        890.0000000000001,
        2
      ],
      "num_keypoints": 20,
      "iscrowd": 0,
      "segmentation": []
    }
  ]
}