{
  "categories": [
    {
      "supercategory": "person",
      "id": 1,
      "name": "person",
      "keypoints": [
        "nose",
        "left_eye",
        "right_eye",
        "left_ear",
        "right_ear",
        "left_shoulder",
        "right_shoulder",
        "left_elbow",
        "right_elbow",
        "left_wrist",
        "right_wrist",
        "left_hip",
        "right_hip",
        "left_knee",
        "right_knee",
        "left_ankle",
        "right_ankle",
        "left_heel",
        "right_heel",
        "left_foot",
        "right_foot"
      ],
      "skeleton": [
        [
          1,
          2
        ],
        [
          0,
          1
        ],
        [
          0,
          2
        ],
        [
          1,
          3
        ],
        [
          2,
          4
        ],
        [
          5,
          6
        ],
        [
          5,
          7
        ],
        [
          7,
          9
        ],
        [
          6,
          8
        ],
        [
          8,
          10
        ],
        [
          5,
          11
        ],
        [
          6,
          12
        ],
        [
          11,
          12
        ],
        [
          11,
          13
        ],
        [
          13,
          15
        ],
        [
          12,
          14
        ],
        [
          14,
          16
        ],
        [
          16,
          18
        ],
        [
          16,
          20
        ],
        [
          20,
          18
        ],
        [
          15,
          17
        ],
        [
          15,
          19
        ],
        [
          19,
          17
        ]
      ]
    }
  ],
  "images": [
    {
      "file_name": "000000001716.jpg",
      "height": 1200,
      "width": 1600,
      "id": 0
    }
  ],
  "annotations": [
    {
      "category_id": 1,
      "image_id": 0,
      "id": 0,
      "bbox": [
        676.103896103896,
        311.2380952380952,
        216.62337662337677,
        613.1948051948053
      ],
      "area": 132832.32922921245,
      "keypoints": [
        764.2857142857142,
        379.2207792207792,
        2,
        782.4675324675325,
        362.3376623376623,
        2,
        751.2987012987013,
        370.12987012987014,
        2,
        785.0649350649351,
        372.7272727272727,
        0,
        725.3246753246754,
        367.53246753246754,
        2,
        790.2597402597403,
        431.16883116883116,
        2,
        694.1558441558441,
        437.6623376623377,
        2,
        842.2077922077922,
        500.0,
        2,
        727.9220779220778,
        512.987012987013,
        2,
        874.6753246753246,
        497.4025974025974,
        2,
        788.961038961039,
        531.1688311688312,
        2,
        786.3636363636364,
        627.2727272727273,
        2,
        733.1168831168831,
        628.5714285714286,
        2,
        763.6363636363636,
        731.1688311688312,
        2,
        731.1688311688312,
        736.3636363636364,
        2,
        772.5,
        815.0000000000001,
        2,
        729.1666666666667,
        841.6666666666667,
        2,
        754.1666666666667,
        843.3333333333334,
        2,
        707.5,
        861.6666666666667,
        2,
        792.5,
        846.6666666666667,
        2,
        739.1666666666667,
        873.3333333333334,
        2
      ],
      "num_keypoints": 20,
      "iscrowd": 0,
      "segmentation": []
    }
  ]
}