{
  "categories": [
    {
      "supercategory": "person",
      "id": 1,
      "name": "person",
      "keypoints": [
        "nose",
        "left_eye",
        "right_eye",
        "left_ear",
        "right_ear",
        "left_shoulder",
        "right_shoulder",
        "left_elbow",
        "right_elbow",
        "left_wrist",
        "right_wrist",
        "left_hip",
        "right_hip",
        "left_knee",
        "right_knee",
        "left_ankle",
        "right_ankle",
        "left_heel",
        "right_heel",
        "left_foot",
        "right_foot"
      ],
      "skeleton": [
        [
          1,
          2
        ],
        [
          0,
          1
        ],
        [
          0,
          2
        ],
        [
          1,
          3
        ],
        [
          2,
          4
        ],
        [
          5,
          6
        ],
        [
          5,
          7
        ],
        [
          7,
          9
        ],
        [
          6,
          8
        ],
        [
          8,
          10
        ],
        [
          5,
          11
        ],
        [
          6,
          12
        ],
        [
          11,
          12
        ],
        [
          11,
          13
        ],
        [
          13,
          15
        ],
        [
          12,
          14
        ],
        [
          14,
          16
        ],
        [
          16,
          18
        ],
        [
          16,
          20
        ],
        [
          20,
          18
        ],
        [
          15,
          17
        ],
        [
          15,
          19
        ],
        [
          19,
          17
        ]
      ]
    }
  ],
  "images": [
    {
      "file_name": "000000000298.jpg",
      "height": 1200,
      "width": 1600,
      "id": 0
    }
  ],
  "annotations": [
    {
      "category_id": 1,
      "image_id": 0,
      "id": 0,
      "bbox": [
        725.5835240274599,
        251.73503611971105,
        358.2151029748285,
        320.3560371517027
      ],
      "area": 114756.37083690516,
      "keypoints": [
        972.950819672131,
        293.44262295081967,
        2,
        987.5675675675675,
        280.0,
        1,
        965.9459459459459,
        282.16216216216213,
        1,
        1020.5882352941177,
        278.4313725490196,
        2,
        971.4285714285714,
        273.8095238095238,
        0,
        1051.7857142857142,
        338.09523809523813,
        2,
        953.6,
        336.0,
        2,
        1051.9607843137255,
        457.84313725490193,
        2,
        930.3921568627451,
        423.52941176470586,
        0,
        1053.9473684210527,
        545.3947368421052,
        2,
        911.8421052631579,
        518.421052631579,
        0,
        993.6,
        490.4,
        2,
        939.2,
        493.6,
        1,
        922.1311475409836,
        439.344262295082,
        1,
        887.7049180327868,
        477.04918032786884,
        0,
        851.9607843137255,
        423.52941176470586,
        2,
        819.6078431372549,
        442.156862745098,
        2,
        815.2173913043478,
        429.3478260869565,
        2,
        755.4347826086956,
        428.2608695652174,
        2,
        812.0,
        372.8,
        1,
        762.7450980392157,
        346.078431372549,
        1
      ],
      "num_keypoints": 17,
      "iscrowd": 0,
      "segmentation": []
    },
    {
      "category_id": 1,
      "image_id": 0,
      "id": 1,
      "bbox": [
        794.7619047619048,
        348.03571428571433,
        91.42857142857133,
        537.8571428571428
      ],
      "area": 49175.51020408158,
      "keypoints": [
        861.7647058823529,
        407.84313725490193,
        0,
        872.0238095238095,
        392.8571428571429,
        1,
        849.4047619047619,
        397.0238095238095,
        0,
        860.1190476190477,
        391.6666666666667,
        0,
        829.1666666666667,
        397.61904761904765,
        0,
        880.5309734513273,
        434.51327433628313,
        0,
        802.6548672566371,
        454.8672566371681,
        2,
        904.9019607843137,
        486.27450980392155,
        0,
        827.4509803921568,
        543.1372549019608,
        2,
        929.4117647058823,
        483.3333333333333,
        0,
        898.9130434782609,
        507.6086956521739,
        0,
        877.1739130434783,
        628.2608695652174,
        1,
        827.0491803278688,
        629.5081967213115,
        2,
        859.0361445783132,
        733.7349397590361,
        2,
        824.4047619047619,
        738.6904761904763,
        2,
        850.0,
        799.4047619047619,
        2,
        817.6470588235294,
        810.7843137254902,
        2,
        832.1428571428572,
        820.2380952380953,
        1,
        802.3809523809524,
        834.5238095238095,
        2,
        878.5714285714286,
        826.1904761904763,
        2,
        840.4761904761905,
        841.0714285714286,
        2
      ],
      "num_keypoints": 13,
      "iscrowd": 0,
      "segmentation": []
    }
  ]
}