{
  "categories": [
    {
      "supercategory": "person",
      "id": 1,
      "name": "person",
      "keypoints": [
        "nose",
        "left_eye",
        "right_eye",
        "left_ear",
        "right_ear",
        "left_shoulder",
        "right_shoulder",
        "left_elbow",
        "right_elbow",
        "left_wrist",
        "right_wrist",
        "left_hip",
        "right_hip",
        "left_knee",
        "right_knee",
        "left_ankle",
        "right_ankle",
        "left_heel",
        "right_heel",
        "left_foot",
        "right_foot"
      ],
      "skeleton": [
        [
          1,
          2
        ],
        [
          0,
          1
        ],
        [
          0,
          2
        ],
        [
          1,
          3
        ],
        [
          2,
          4
        ],
        [
          5,
          6
        ],
        [
          5,
          7
        ],
        [
          7,
          9
        ],
        [
          6,
          8
        ],
        [
          8,
          10
        ],
        [
          5,
          11
        ],
        [
          6,
          12
        ],
        [
          11,
          12
        ],
        [
          11,
          13
        ],
        [
          13,
          15
        ],
        [
          12,
          14
        ],
        [
          14,
          16
        ],
        [
          16,
          18
        ],
        [
          16,
          20
        ],
        [
          20,
          18
        ],
        [
          15,
          17
        ],
        [
          15,
          19
        ],
        [
          19,
          17
        ]
      ]
    }
  ],
  "images": [
    {
      "file_name": "000000000275.jpg",
      "height": 1200,
      "width": 1600,
      "id": 0
    }
  ],
  "annotations": [
    {
      "category_id": 1,
      "image_id": 0,
      "id": 0,
      "bbox": [
        814.7619047619048,
        314.61203026805174,
        365.71428571428555,
        281.29280492497116
      ],
      "area": 102872.79722970369,
      "keypoints": [
        861.3333333333334,
        377.3333333333333,
        1,
        873.5294117647059,
        363.2352941176471,
        2,
        849.5098039215686,
        360.78431372549016,
        1,
        910.6194690265486,
        338.0530973451327,
        2,
        845.2380952380953,
        342.26190476190476,
        1,
        975.5952380952382,
        364.8809523809524,
        2,
        852.8,
        372.8,
        0,
        1013.0434782608695,
        469.5652173913043,
        2,
        867.391304347826,
        456.52173913043475,
        2,
        1021.0144927536231,
        572.463768115942,
        2,
        852.8985507246376,
        546.3768115942029,
        2,
        1050.4,
        492.8,
        2,
        985.6,
        515.2,
        2,
        1079.5081967213114,
        542.6229508196722,
        1,
        1043.4426229508197,
        522.9508196721312,
        0,
        1123.9130434782608,
        508.695652173913,
        2,
        1089.1304347826087,
        495.65217391304344,
        0,
        1138.235294117647,
        474.5098039215686,
        2,
        1111.764705882353,
        474.5098039215686,
        2,
        1150.0,
        514.4927536231884,
        2,
        1113.0434782608695,
        523.9130434782609,
        0
      ],
      "num_keypoints": 17,
      "iscrowd": 0,
      "segmentation": []
    },
    {
      "category_id": 1,
      "image_id": 0,
      "id": 1,
      "bbox": [
        724.0176190476191,
        284.5238095238095,
        134.18857142857144,
        685.7142857142857
      ],
      "area": 92015.02040816327,
      "keypoints": [
        796.4601769911503,
        356.6371681415929,
        2,
        807.1428571428572,
        341.6666666666667,
        2,
        782.392026578073,
        345.51495016611295,
        2,
        812.624584717608,
        334.8837209302325,
        0,
        743.8538205980066,
        346.843853820598,
        2,
        819.2,
        402.4,
        0,
        735.2,
        415.2,
        2,
        872.8260869565217,
        509.78260869565213,
        0,
        785.8695652173913,
        493.4782608695652,
        2,
        882.6086956521739,
        463.04347826086956,
        0,
        837.2549019607843,
        409.80392156862746,
        2,
        828.4313725490196,
        627.4509803921569,
        2,
        781.1475409836065,
        636.0655737704918,
        2,
        828.2608695652174,
        745.6521739130435,
        2,
        764.1304347826086,
        755.4347826086956,
        2,
        807.6086956521739,
        840.2173913043478,
        2,
        753.6764705882352,
        863.235294117647,
        2,
        786.7256637168141,
        861.0619469026548,
        2,
        738.6904761904763,
        895.2380952380953,
        2,
        847.0238095238095,
        872.6190476190477,
        2,
        777.3809523809524,
        913.0952380952381,
        2
      ],
      "num_keypoints": 17,
      "iscrowd": 0,
      "segmentation": []
    }
  ]
}