{
  "categories": [
    {
      "supercategory": "person",
      "id": 1,
      "name": "person",
      "keypoints": [
        "nose",
        "left_eye",
        "right_eye",
        "left_ear",
        "right_ear",
        "left_shoulder",
        "right_shoulder",
        "left_elbow",
        "right_elbow",
        "left_wrist",
        "right_wrist",
        "left_hip",
        "right_hip",
        "left_knee",
        "right_knee",
        "left_ankle",
        "right_ankle",
        "left_heel",
        "right_heel",
        "left_foot",
        "right_foot"
      ],
      "skeleton": [
        [
          1,
          2
        ],
        [
          0,
          1
        ],
        [
          0,
          2
        ],
        [
          1,
          3
        ],
        [
          2,
          4
        ],
        [
          5,
          6
        ],
        [
          5,
          7
        ],
        [
          7,
          9
        ],
        [
          6,
          8
        ],
        [
          8,
          10
        ],
        [
          5,
          11
        ],
        [
          6,
          12
        ],
        [
          11,
          12
        ],
        [
          11,
          13
        ],
        [
          13,
          15
        ],
        [
          12,
          14
        ],
        [
          14,
          16
        ],
        [
          16,
          18
        ],
        [
          16,
          20
        ],
        [
          20,
          18
        ],
        [
          15,
          17
        ],
        [
          15,
          19
        ],
        [
          19,
          17
        ]
      ]
    }
  ],
  "images": [
    {
      "file_name": "000000000334.jpg",
      "height": 1200,
      "width": 1600,
      "id": 0
    }
  ],
  "annotations": [
    {
      "category_id": 1,
      "image_id": 0,
      "id": 0,
      "bbox": [
        851.6361556064073,
        159.56496255291435,
        345.58352402746004,
        446.3015304461087
      ],
      "area": 154234.455670415,
      "keypoints": [
        1090.2173913043478,
        210.86956521739128,
        2,
        1105.4054054054054,
        200.0,
        2,
        1080.5405405405404,
        196.75675675675674,
        2,
        1135.2941176470588,
        216.66666666666666,
        2,
        1075.0,
        211.8421052631579,
        1,
        1168.421052631579,
        292.7631578947368,
        2,
        1034.313725490196,
        284.3137254901961,
        1,
        1160.0,
        404.8,
        2,
        1016.0,
        384.8,
        2,
        1161.6,
        494.4,
        2,
        1004.0,
        460.8,
        0,
        1116.6666666666667,
        452.94117647058823,
        2,
        1035.2941176470588,
        428.4313725490196,
        2,
        1031.3725490196077,
        477.45098039215685,
        2,
        982.3529411764706,
        457.84313725490193,
        2,
        976.4705882352941,
        526.4705882352941,
        2,
        927.4509803921568,
        497.05882352941177,
        2,
        942.1686746987951,
        568.6746987951807,
        2,
        890.3614457831325,
        536.144578313253,
        2,
        933.3333333333334,
        509.80392156862746,
        2,
        880.4347826086956,
        469.5652173913043,
        2
      ],
      "num_keypoints": 20,
      "iscrowd": 0,
      "segmentation": []
    },
    {
      "category_id": 1,
      "image_id": 0,
      "id": 1,
      "bbox": [
        830.3410059676044,
        239.56130043086563,
        201.12531969309453,
        660.3995299647472
      ],
      "area": 132823.06658932913,
      "keypoints": [
        946.9026548672565,
        307.9646017699115,
        1,
        950.2702702702702,
        294.5945945945946,
        1,
        935.1351351351351,
        295.6756756756757,
        2,
        922.1621621621621,
        297.2972972972973,
        0,
        895.1351351351351,
        305.94594594594594,
        2,
        955.7971014492753,
        386.9565217391304,
        0,
        894.2028985507245,
        364.4927536231884,
        2,
        985.5072463768115,
        444.2028985507246,
        0,
        967.391304347826,
        365.2173913043478,
        2,
        1012.31884057971,
        428.98550724637676,
        0,
        1014.7058823529411,
        300.0,
        2,
        927.4509803921568,
        581.3725490196078,
        1,
        887.7049180327868,
        567.2131147540983,
        2,
        908.695652173913,
        693.4782608695651,
        0,
        877.5362318840579,
        712.3188405797101,
        2,
        873.9130434782608,
        769.5652173913043,
        0,
        867.6470588235294,
        811.7647058823529,
        2,
        852.9411764705882,
        792.156862745098,
        0,
        847.1014492753623,
        834.0579710144926,
        2,
        916.6666666666666,
        802.1739130434781,
        2,
        896.3768115942029,
        844.927536231884,
        2
      ],
      "num_keypoints": 14,
      "iscrowd": 0,
      "segmentation": []
    }
  ]
}