{
  "categories": [
    {
      "supercategory": "person",
      "id": 1,
      "name": "person",
      "keypoints": [
        "nose",
        "left_eye",
        "right_eye",
        "left_ear",
        "right_ear",
        "left_shoulder",
        "right_shoulder",
        "left_elbow",
        "right_elbow",
        "left_wrist",
        "right_wrist",
        "left_hip",
        "right_hip",
        "left_knee",
        "right_knee",
        "left_ankle",
        "right_ankle",
        "left_heel",
        "right_heel",
        "left_foot",
        "right_foot"
      ],
      "skeleton": [
        [
          1,
          2
        ],
        [
          0,
          1
        ],
        [
          0,
          2
        ],
        [
          1,
          3
        ],
        [
          2,
          4
        ],
        [
          5,
          6
        ],
        [
          5,
          7
        ],
        [
          7,
          9
        ],
        [
          6,
          8
        ],
        [
          8,
          10
        ],
        [
          5,
          11
        ],
        [
          6,
          12
        ],
        [
          11,
          12
        ],
        [
          11,
          13
        ],
        [
          13,
          15
        ],
        [
          12,
          14
        ],
        [
          14,
          16
        ],
        [
          16,
          18
        ],
        [
          16,
          20
        ],
        [
          20,
          18
        ],
        [
          15,
          17
        ],
        [
          15,
          19
        ],
        [
          19,
          17
        ]
      ]
    }
  ],
  "images": [
    {
      "file_name": "000000001984.jpg",
      "height": 1200,
      "width": 1600,
      "id": 0
    }
  ],
  "annotations": [
    {
      "category_id": 1,
      "image_id": 0,
      "id": 0,
      "bbox": [
        897.7777777777778,
        266.11832611832614,
        118.33333333333337,
        539.9134199134198
      ],
      "area": 63889.7546897547,
      "keypoints": [
        930.0,
        324.0,
        2,
        943.7500000000001,
        311.11111111111114,
        2,
        921.5277777777779,
        316.6666666666667,
        2,
        977.0833333333334,
        316.6666666666667,
        2,
        931.2500000000001,
        315.27777777777777,
        0,
        999.3055555555555,
        391.6666666666667,
        2,
        917.3611111111112,
        372.22222222222223,
        2,
        1003.4722222222223,
        466.6666666666667,
        2,
        918.7500000000001,
        459.72222222222223,
        1,
        1006.2500000000001,
        556.9444444444445,
        1,
        907.6388888888889,
        540.2777777777778,
        1,
        965.9722222222223,
        556.9444444444445,
        2,
        927.0833333333334,
        544.4444444444445,
        1,
        984.0277777777779,
        662.5,
        2,
        932.638888888889,
        652.7777777777778,
        1,
        981.2500000000001,
        720.8333333333334,
        2,
        939.5833333333334,
        726.3888888888889,
        2,
        970.7792207792207,
        746.7532467532467,
        1,
        956.4935064935065,
        746.7532467532467,
        2,
        986.3636363636364,
        761.038961038961,
        2,
        921.4285714285714,
        748.051948051948,
        2
      ],
      "num_keypoints": 20,
      "iscrowd": 0,
      "segmentation": []
    },
    {
      "category_id": 1,
      "image_id": 0,
      "id": 1,
      "bbox": [
        494.8333333333333,
        284.047619047619,
        92.00000000000006,
        690.1298701298704
      ],
      "area": 63491.948051948115,
      "keypoints": [
        581.1688311688312,
        359.7402597402597,
        0,
        568.1818181818181,
        335.06493506493507,
        0,
        581.1688311688312,
        333.76623376623377,
        0,
        538.3116883116883,
        344.15584415584414,
        0,
        548.7012987012987,
        341.55844155844153,
        2,
        500.6493506493506,
        411.68831168831167,
        0,
        533.1168831168831,
        424.67532467532465,
        2,
        481.16883116883116,
        514.2857142857142,
        0,
        505.8441558441558,
        531.1688311688312,
        2,
        524.025974025974,
        623.3766233766233,
        0,
        550.0,
        631.1688311688312,
        2,
        524.025974025974,
        645.4545454545455,
        0,
        539.6103896103896,
        654.5454545454545,
        1,
        522.077922077922,
        736.3636363636364,
        1,
        563.6363636363636,
        737.6623376623377,
        2,
        520.8333333333334,
        855.0000000000001,
        1,
        527.5,
        880.0000000000001,
        2,
        502.5,
        885.0000000000001,
        1,
        507.5,
        916.6666666666667,
        2,
        564.1666666666667,
        871.6666666666667,
        2,
        579.1666666666667,
        905.0000000000001,
        2
      ],
      "num_keypoints": 13,
      "iscrowd": 0,
      "segmentation": []
    }
  ]
}