{
  "categories": [
    {
      "supercategory": "person",
      "id": 1,
      "name": "person",
      "keypoints": [
        "nose",
        "left_eye",
        "right_eye",
        "left_ear",
        "right_ear",
        "left_shoulder",
        "right_shoulder",
        "left_elbow",
        "right_elbow",
        "left_wrist",
        "right_wrist",
        "left_hip",
        "right_hip",
        "left_knee",
        "right_knee",
        "left_ankle",
        "right_ankle",
        "left_heel",
        "right_heel",
        "left_foot",
        "right_foot"
      ],
      "skeleton": [
        [
          1,
          2
        ],
        [
          0,
          1
        ],
        [
          0,
          2
        ],
        [
          1,
          3
        ],
        [
          2,
          4
        ],
        [
          5,
          6
        ],
        [
          5,
          7
        ],
        [
          7,
          9
        ],
        [
          6,
          8
        ],
        [
          8,
          10
        ],
        [
          5,
          11
        ],
        [
          6,
          12
        ],
        [
          11,
          12
        ],
        [
          11,
          13
        ],
        [
          13,
          15
        ],
        [
          12,
          14
        ],
        [
          14,
          16
        ],
        [
          16,
          18
        ],
        [
          16,
          20
        ],
        [
          20,
          18
        ],
        [
          15,
          17
        ],
        [
          15,
          19
        ],
        [
          19,
          17
        ]
      ]
    }
  ],
  "images": [
    {
      "file_name": "000000000854.jpg",
      "height": 1200,
      "width": 1600,
      "id": 0
    }
  ],
  "annotations": [
    {
      "category_id": 1,
      "image_id": 0,
      "id": 0,
      "bbox": [
        866.1578947368421,
        183.00640490114174,
        273.47368421052647,
        762.6532999164577
      ],
      "area": 208565.6077034693,
      "keypoints": [
        995.575221238938,
        287.6106194690265,
        2,
        1006.084656084656,
        274.6031746031746,
        2,
        984.1269841269841,
        274.86772486772486,
        2,
        1043.6507936507935,
        246.56084656084656,
        2,
        984.7368421052631,
        253.15789473684208,
        0,
        1102.1052631578946,
        294.7368421052631,
        2,
        958.4210526315788,
        279.4736842105263,
        2,
        1116.842105263158,
        418.4210526315789,
        2,
        952.1052631578947,
        385.2631578947368,
        2,
        1113.6842105263156,
        518.421052631579,
        2,
        936.8421052631578,
        494.7368421052631,
        2,
        1078.421052631579,
        482.1052631578947,
        2,
        989.7435897435896,
        464.1025641025641,
        2,
        1005.1282051282051,
        650.0,
        2,
        941.0256410256409,
        661.5384615384615,
        2,
        993.5897435897434,
        842.3076923076923,
        2,
        911.5384615384614,
        815.3846153846154,
        2,
        1010.5263157894736,
        868.4210526315788,
        2,
        935.2631578947368,
        843.1578947368421,
        2,
        965.7894736842104,
        882.1052631578947,
        2,
        888.9473684210526,
        866.3157894736842,
        2
      ],
      "num_keypoints": 20,
      "iscrowd": 0,
      "segmentation": []
    },
    {
      "category_id": 1,
      "image_id": 0,
      "id": 1,
      "bbox": [
        740.8160919540229,
        292.88793103448273,
        213.65517241379314,
        628.4482758620691
      ],
      "area": 134271.22473246139,
      "keypoints": [
        828.8793103448276,
        364.65517241379314,
        2,
        833.1896551724137,
        352.15517241379314,
        2,
        816.8103448275862,
        353.448275862069,
        2,
        808.6206896551723,
        343.5344827586207,
        0,
        774.5689655172413,
        345.2586206896552,
        2,
        826.6666666666666,
        401.4285714285714,
        2,
        769.047619047619,
        430.0,
        2,
        899.5238095238095,
        463.8095238095238,
        2,
        828.0952380952381,
        533.8095238095237,
        2,
        936.6666666666666,
        389.5238095238095,
        1,
        901.4285714285714,
        487.1428571428571,
        2,
        841.0256410256409,
        607.6923076923077,
        2,
        785.8974358974358,
        625.6410256410256,
        2,
        828.2051282051282,
        724.3589743589744,
        2,
        775.6410256410255,
        730.7692307692307,
        2,
        831.0344827586206,
        800.0,
        2,
        771.5517241379309,
        837.0689655172414,
        2,
        822.4137931034483,
        820.6896551724138,
        2,
        758.6206896551723,
        855.1724137931035,
        2,
        860.3448275862069,
        822.4137931034484,
        2,
        773.2758620689655,
        868.9655172413794,
        2
      ],
      "num_keypoints": 20,
      "iscrowd": 0,
      "segmentation": []
    }
  ]
}