{
  "categories": [
    {
      "supercategory": "person",
      "id": 1,
      "name": "person",
      "keypoints": [
        "nose",
        "left_eye",
        "right_eye",
        "left_ear",
        "right_ear",
        "left_shoulder",
        "right_shoulder",
        "left_elbow",
        "right_elbow",
        "left_wrist",
        "right_wrist",
        "left_hip",
        "right_hip",
        "left_knee",
        "right_knee",
        "left_ankle",
        "right_ankle",
        "left_heel",
        "right_heel",
        "left_foot",
        "right_foot"
      ],
      "skeleton": [
        [
          1,
          2
        ],
        [
          0,
          1
        ],
        [
          0,
          2
        ],
        [
          1,
          3
        ],
        [
          2,
          4
        ],
        [
          5,
          6
        ],
        [
          5,
          7
        ],
        [
          7,
          9
        ],
        [
          6,
          8
        ],
        [
          8,
          10
        ],
        [
          5,
          11
        ],
        [
          6,
          12
        ],
        [
          11,
          12
        ],
        [
          11,
          13
        ],
        [
          13,
          15
        ],
        [
          12,
          14
        ],
        [
          14,
          16
        ],
        [
          16,
          18
        ],
        [
          16,
          20
        ],
        [
          20,
          18
        ],
        [
          15,
          17
        ],
        [
          15,
          19
        ],
        [
          19,
          17
        ]
      ]
    }
  ],
  "images": [
    {
      "file_name": "000000000440.jpg",
      "height": 1200,
      "width": 1600,
      "id": 0
    }
  ],
  "annotations": [
    {
      "category_id": 1,
      "image_id": 0,
      "id": 0,
      "bbox": [
        573.3734939759036,
        349.55069124423966,
        232.7710843373493,
        691.1059907834101
      ],
      "area": 160869.4908666925,
      "keypoints": [
        753.9215686274509,
        419.6078431372549,
        2,
        767.8571428571429,
        407.14285714285717,
        2,
        737.5,
        408.92857142857144,
        2,
        776.0869565217391,
        420.65217391304344,
        1,
        703.9473684210526,
        414.4736842105263,
        2,
        763.8157894736842,
        469.07894736842104,
        1,
        664.7058823529412,
        498.0392156862745,
        2,
        759.0361445783132,
        543.3734939759036,
        0,
        592.7710843373493,
        596.3855421686746,
        2,
        786.7469879518071,
        555.4216867469879,
        1,
        669.8795180722891,
        590.3614457831325,
        1,
        751.9607843137255,
        698.0392156862745,
        2,
        699.0196078431372,
        718.6274509803922,
        1,
        720.0,
        822.6666666666666,
        2,
        666.6666666666666,
        856.0,
        2,
        715.6862745098039,
        894.1176470588235,
        2,
        658.8235294117646,
        921.5686274509803,
        1,
        700.0,
        922.5490196078431,
        2,
        643.421052631579,
        959.2105263157895,
        1,
        754.6052631578947,
        926.3157894736842,
        2,
        666.5322580645161,
        983.0645161290323,
        2
      ],
      "num_keypoints": 20,
      "iscrowd": 0,
      "segmentation": []
    }
  ]
}