{
  "categories": [
    {
      "supercategory": "person",
      "id": 1,
      "name": "person",
      "keypoints": [
        "nose",
        "left_eye",
        "right_eye",
        "left_ear",
        "right_ear",
        "left_shoulder",
        "right_shoulder",
        "left_elbow",
        "right_elbow",
        "left_wrist",
        "right_wrist",
        "left_hip",
        "right_hip",
        "left_knee",
        "right_knee",
        "left_ankle",
        "right_ankle",
        "left_heel",
        "right_heel",
        "left_foot",
        "right_foot"
      ],
      "skeleton": [
        [
          1,
          2
        ],
        [
          0,
          1
        ],
        [
          0,
          2
        ],
        [
          1,
          3
        ],
        [
          2,
          4
        ],
        [
          5,
          6
        ],
        [
          5,
          7
        ],
        [
          7,
          9
        ],
        [
          6,
          8
        ],
        [
          8,
          10
        ],
        [
          5,
          11
        ],
        [
          6,
          12
        ],
        [
          11,
          12
        ],
        [
          11,
          13
        ],
        [
          13,
          15
        ],
        [
          12,
          14
        ],
        [
          14,
          16
        ],
        [
          16,
          18
        ],
        [
          16,
          20
        ],
        [
          20,
          18
        ],
        [
          15,
          17
        ],
        [
          15,
          19
        ],
        [
          19,
          17
        ]
      ]
    }
  ],
  "images": [
    {
      "file_name": "000000001290.jpg",
      "height": 1200,
      "width": 1600,
      "id": 0
    }
  ],
  "annotations": [
    {
      "category_id": 1,
      "image_id": 0,
      "id": 0,
      "bbox": [
        792.825417766051,
        258.03914705723975,
        380.55408970976237,
        345.2188896666847
      ],
      "area": 131374.4603077201,
      "keypoints": [
        838.0530973451326,
        309.7345132743363,
        2,
        849.7029702970298,
        295.0495049504951,
        2,
        824.5382585751979,
        293.6675461741425,
        2,
        895.778364116095,
        286.8073878627968,
        2,
        823.4234234234234,
        280.6306306306306,
        0,
        942.3423423423422,
        323.87387387387383,
        2,
        825.2252252252251,
        339.6396396396396,
        2,
        1004.3010752688172,
        453.76344086021504,
        2,
        859.1836734693878,
        458.1632653061224,
        0,
        1014.2857142857144,
        574.4897959183673,
        2,
        857.1428571428572,
        556.1224489795918,
        2,
        1043.5064935064934,
        409.09090909090907,
        2,
        977.2727272727274,
        450.64935064935065,
        0,
        1073.3766233766232,
        438.9610389610389,
        1,
        1038.3116883116882,
        440.2597402597402,
        0,
        1121.4285714285716,
        409.09090909090907,
        2,
        1085.7142857142858,
        398.7012987012987,
        2,
        1118.1818181818182,
        375.3246753246753,
        2,
        1100.7575757575755,
        365.1515151515152,
        1,
        1141.6666666666665,
        413.6363636363636,
        2,
        1105.3030303030305,
        425.75757575757575,
        1
      ],
      "num_keypoints": 17,
      "iscrowd": 0,
      "segmentation": []
    },
    {
      "category_id": 1,
      "image_id": 0,
      "id": 1,
      "bbox": [
        655.0666666666667,
        295.33333333333326,
        179.19999999999982,
        656.0
      ],
      "area": 117555.19999999988,
      "keypoints": [
        752.5974025974025,
        370.12987012987014,
        2,
        746.2121212121211,
        360.6060606060606,
        1,
        742.0765027322404,
        356.8306010928962,
        2,
        726.6666666666666,
        334.6666666666667,
        0,
        706.3253012048192,
        349.99999999999994,
        2,
        750.8196721311475,
        395.08196721311475,
        2,
        671.0843373493975,
        414.15662650602405,
        2,
        810.6060606060606,
        480.3030303030303,
        2,
        721.2121212121212,
        537.8787878787879,
        2,
        843.3333333333333,
        439.3333333333333,
        0,
        819.3333333333333,
        558.0,
        2,
        756.6666666666666,
        602.0,
        2,
        714.0,
        614.0,
        2,
        756.6666666666666,
        736.6666666666666,
        2,
        730.0,
        751.3333333333334,
        2,
        724.6666666666666,
        844.6666666666666,
        1,
        700.6666666666666,
        855.3333333333334,
        2,
        700.6666666666666,
        878.0,
        1,
        670.0,
        882.0,
        2,
        766.0,
        884.6666666666666,
        2,
        743.3333333333333,
        896.6666666666666,
        2
      ],
      "num_keypoints": 19,
      "iscrowd": 0,
      "segmentation": []
    }
  ]
}