{
  "categories": [
    {
      "supercategory": "person",
      "id": 1,
      "name": "person",
      "keypoints": [
        "nose",
        "left_eye",
        "right_eye",
        "left_ear",
        "right_ear",
        "left_shoulder",
        "right_shoulder",
        "left_elbow",
        "right_elbow",
        "left_wrist",
        "right_wrist",
        "left_hip",
        "right_hip",
        "left_knee",
        "right_knee",
        "left_ankle",
        "right_ankle",
        "left_heel",
        "right_heel",
        "left_foot",
        "right_foot"
      ],
      "skeleton": [
        [
          1,
          2
        ],
        [
          0,
          1
        ],
        [
          0,
          2
        ],
        [
          1,
          3
        ],
        [
          2,
          4
        ],
        [
          5,
          6
        ],
        [
          5,
          7
        ],
        [
          7,
          9
        ],
        [
          6,
          8
        ],
        [
          8,
          10
        ],
        [
          5,
          11
        ],
        [
          6,
          12
        ],
        [
          11,
          12
        ],
        [
          11,
          13
        ],
        [
          13,
          15
        ],
        [
          12,
          14
        ],
        [
          14,
          16
        ],
        [
          16,
          18
        ],
        [
          16,
          20
        ],
        [
          20,
          18
        ],
        [
          15,
          17
        ],
        [
          15,
          19
        ],
        [
          19,
          17
        ]
      ]
    }
  ],
  "images": [
    {
      "file_name": "000000001686.jpg",
      "height": 1200,
      "width": 1600,
      "id": 0
    }
  ],
  "annotations": [
    {
      "category_id": 1,
      "image_id": 0,
      "id": 0,
      "bbox": [
        801.25,
        305.69444444444446,
        226.66666666666674,
        498.3333333333335
      ],
      "area": 112955.55555555563,
      "keypoints": [
        862.0,
        361.0,
        2,
        875.6944444444446,
        350.0,
        2,
        859.0277777777778,
        351.3888888888889,
        1,
        909.0277777777778,
        347.22222222222223,
        2,
        859.0277777777778,
        344.44444444444446,
        0,
        954.8611111111112,
        395.83333333333337,
        2,
        850.6944444444446,
        394.44444444444446,
        2,
        1009.0277777777779,
        451.3888888888889,
        2,
        834.0277777777778,
        476.3888888888889,
        2,
        965.9722222222223,
        497.22222222222223,
        2,
        875.6944444444446,
        508.33333333333337,
        1,
        920.138888888889,
        556.9444444444445,
        2,
        854.8611111111112,
        559.7222222222223,
        2,
        900.6944444444446,
        643.0555555555555,
        1,
        846.5277777777778,
        645.8333333333334,
        1,
        889.5833333333334,
        729.1666666666667,
        2,
        840.9722222222223,
        725.0,
        2,
        893.7500000000001,
        743.0555555555555,
        1,
        856.2500000000001,
        726.3888888888889,
        2,
        877.0833333333334,
        762.5000000000001,
        2,
        820.1388888888889,
        752.7777777777778,
        2
      ],
      "num_keypoints": 20,
      "iscrowd": 0,
      "segmentation": []
    },
    {
      "category_id": 1,
      "image_id": 0,
      "id": 1,
      "bbox": [
        618.5876623376623,
        338.4761904761905,
        226.9480519480519,
        598.025974025974
      ],
      "area": 135720.8298195311,
      "keypoints": [
        729.2207792207791,
        400.0,
        0,
        737.012987012987,
        381.8181818181818,
        0,
        746.1038961038961,
        383.1168831168831,
        0,
        708.4415584415584,
        381.8181818181818,
        0,
        724.025974025974,
        388.31168831168833,
        2,
        674.6753246753246,
        451.94805194805195,
        1,
        717.5324675324675,
        471.42857142857144,
        2,
        727.9220779220778,
        535.0649350649351,
        0,
        775.974025974026,
        546.7532467532467,
        2,
        766.8831168831168,
        516.8831168831168,
        1,
        826.6233766233765,
        505.19480519480516,
        2,
        760.3896103896103,
        631.1688311688312,
        1,
        735.7142857142857,
        640.2597402597403,
        2,
        789.6103896103896,
        737.6623376623377,
        2,
        736.3636363636364,
        751.9480519480519,
        2,
        784.1666666666667,
        826.6666666666667,
        2,
        662.5,
        865.0000000000001,
        1,
        767.5,
        856.6666666666667,
        2,
        637.5,
        883.3333333333334,
        1,
        807.5,
        841.6666666666667,
        2,
        682.5,
        886.6666666666667,
        2
      ],
      "num_keypoints": 16,
      "iscrowd": 0,
      "segmentation": []
    }
  ]
}