{
  "categories": [
    {
      "supercategory": "person",
      "id": 1,
      "name": "person",
      "keypoints": [
        "nose",
        "left_eye",
        "right_eye",
        "left_ear",
        "right_ear",
        "left_shoulder",
        "right_shoulder",
        "left_elbow",
        "right_elbow",
        "left_wrist",
        "right_wrist",
        "left_hip",
        "right_hip",
        "left_knee",
        "right_knee",
        "left_ankle",
        "right_ankle",
        "left_heel",
        "right_heel",
        "left_foot",
        "right_foot"
      ],
      "skeleton": [
        [
          1,
          2
        ],
        [
          0,
          1
        ],
        [
          0,
          2
        ],
        [
          1,
          3
        ],
        [
          2,
          4
        ],
        [
          5,
          6
        ],
        [
          5,
          7
        ],
        [
          7,
          9
        ],
        [
          6,
          8
        ],
        [
          8,
          10
        ],
        [
          5,
          11
        ],
        [
          6,
          12
        ],
        [
          11,
          12
        ],
        [
          11,
          13
        ],
        [
          13,
          15
        ],
        [
          12,
          14
        ],
        [
          14,
          16
        ],
        [
          16,
          18
        ],
        [
          16,
          20
        ],
        [
          20,
          18
        ],
        [
          15,
          17
        ],
        [
          15,
          19
        ],
        [
          19,
          17
        ]
      ]
    }
  ],
  "images": [
    {
      "file_name": "000000000972.jpg",
      "height": 1200,
      "width": 1600,
      "id": 0
    }
  ],
  "annotations": [
    {
      "category_id": 1,
      "image_id": 0,
      "id": 0,
      "bbox": [
        1061.33997031907,
        286.9316549223507,
        224.69206035122443,
        207.88397071902585
      ],
      "area": 46709.87769485153,
      "keypoints": [
        1103.921568627451,
        329.4117647058823,
        2,
        1117.0212765957447,
        321.2765957446809,
        2,
        1096.099290780142,
        317.73049645390074,
        2,
        1143.2624113475179,
        304.25531914893617,
        2,
        1091.9614147909967,
        307.7170418006431,
        0,
        1174.2765273311898,
        323.79421221864953,
        2,
        1080.0643086816722,
        329.90353697749197,
        2,
        1205.144694533762,
        400.0,
        2,
        1092.604501607717,
        393.56913183279744,
        2,
        1213.5048231511255,
        477.49196141479104,
        2,
        1090.032154340836,
        456.9131832797428,
        2,
        1228.2958199356913,
        418.32797427652736,
        2,
        1155.128205128205,
        423.0769230769231,
        2,
        1232.051282051282,
        461.53846153846155,
        2,
        1188.4615384615383,
        476.9230769230769,
        2,
        1253.8461538461538,
        442.3076923076923,
        2,
        1229.4871794871794,
        443.5897435897436,
        0,
        1262.8205128205127,
        428.8461538461538,
        2,
        1232.051282051282,
        427.56410256410254,
        1,
        1267.3076923076924,
        468.5897435897436,
        2,
        1227.5641025641025,
        469.87179487179486,
        0
      ],
      "num_keypoints": 18,
      "iscrowd": 0,
      "segmentation": []
    },
    {
      "category_id": 1,
      "image_id": 0,
      "id": 1,
      "bbox": [
        894.7680921052631,
        261.015625,
        194.03289473684208,
        533.4375
      ],
      "area": 103504.4222861842,
      "keypoints": [
        1005.078125,
        331.640625,
        2,
        1008.59375,
        319.53125,
        1,
        1001.171875,
        321.484375,
        2,
        988.671875,
        307.03125,
        0,
        974.21875,
        305.46875,
        2,
        997.3684210526316,
        345.7894736842105,
        2,
        936.8421052631578,
        360.0,
        2,
        1035.7894736842104,
        417.36842105263156,
        2,
        967.3684210526316,
        457.8947368421052,
        2,
        1072.6315789473683,
        377.36842105263156,
        2,
        1041.578947368421,
        474.7368421052631,
        2,
        1002.5641025641025,
        525.6410256410256,
        2,
        966.6666666666665,
        534.6153846153846,
        2,
        993.5897435897434,
        633.3333333333334,
        2,
        953.8461538461538,
        637.1794871794872,
        2,
        966.40625,
        723.4375,
        2,
        917.96875,
        732.8125,
        2,
        958.59375,
        737.5,
        2,
        910.9375,
        748.4375,
        2,
        988.28125,
        736.71875,
        2,
        935.15625,
        750.0,
        2
      ],
      "num_keypoints": 20,
      "iscrowd": 0,
      "segmentation": []
    }
  ]
}