{
  "categories": [
    {
      "supercategory": "person",
      "id": 1,
      "name": "person",
      "keypoints": [
        "nose",
        "left_eye",
        "right_eye",
        "left_ear",
        "right_ear",
        "left_shoulder",
        "right_shoulder",
        "left_elbow",
        "right_elbow",
        "left_wrist",
        "right_wrist",
        "left_hip",
        "right_hip",
        "left_knee",
        "right_knee",
        "left_ankle",
        "right_ankle",
        "left_heel",
        "right_heel",
        "left_foot",
        "right_foot"
      ],
      "skeleton": [
        [
          1,
          2
        ],
        [
          0,
          1
        ],
        [
          0,
          2
        ],
        [
          1,
          3
        ],
        [
          2,
          4
        ],
        [
          5,
          6
        ],
        [
          5,
          7
        ],
        [
          7,
          9
        ],
        [
          6,
          8
        ],
        [
          8,
          10
        ],
        [
          5,
          11
        ],
        [
          6,
          12
        ],
        [
          11,
          12
        ],
        [
          11,
          13
        ],
        [
          13,
          15
        ],
        [
          12,
          14
        ],
        [
          14,
          16
        ],
        [
          16,
          18
        ],
        [
          16,
          20
        ],
        [
          20,
          18
        ],
        [
          15,
          17
        ],
        [
          15,
          19
        ],
        [
          19,
          17
        ]
      ]
    }
  ],
  "images": [
    {
      "file_name": "000000001950.jpg",
      "height": 1200,
      "width": 1600,
      "id": 0
    }
  ],
  "annotations": [
    {
      "category_id": 1,
      "image_id": 0,
      "id": 0,
      "bbox": [
        786.6369047619047,
        178.57683982683983,
        339.57792207792215,
        607.077922077922
      ],
      "area": 206150.2593186035,
      "keypoints": [
        1003.0,
        252.0,
        2,
        1017.3611111111112,
        236.11111111111111,
        2,
        988.1944444444445,
        240.2777777777778,
        2,
        1053.4722222222222,
        229.16666666666669,
        2,
        979.8611111111112,
        229.16666666666669,
        0,
        1081.25,
        316.6666666666667,
        2,
        971.5277777777779,
        312.5,
        2,
        1097.9166666666667,
        422.22222222222223,
        2,
        959.0277777777779,
        397.22222222222223,
        2,
        1090.9722222222222,
        519.4444444444445,
        2,
        947.9166666666669,
        508.33333333333337,
        1,
        1038.1944444444443,
        476.3888888888889,
        2,
        975.6944444444445,
        462.5,
        2,
        968.7500000000001,
        577.7777777777778,
        2,
        921.5277777777779,
        563.8888888888889,
        2,
        899.3055555555557,
        672.2222222222223,
        2,
        871.5277777777778,
        683.3333333333334,
        1,
        887.6623376623377,
        720.7792207792207,
        2,
        856.4935064935065,
        735.0649350649351,
        2,
        851.2987012987013,
        684.4155844155844,
        1,
        814.9350649350649,
        707.7922077922078,
        1
      ],
      "num_keypoints": 20,
      "iscrowd": 0,
      "segmentation": []
    },
    {
      "category_id": 1,
      "image_id": 0,
      "id": 1,
      "bbox": [
        804.1666666666667,
        260.54761904761904,
        120.0,
        644.857142857143
      ],
      "area": 77382.85714285716,
      "keypoints": [
        885.0649350649351,
        331.16883116883116,
        2,
        899.3506493506493,
        315.5844155844156,
        2,
        872.077922077922,
        314.2857142857143,
        2,
        900.6493506493506,
        320.7792207792208,
        0,
        844.8051948051948,
        323.37662337662334,
        2,
        913.6363636363636,
        371.42857142857144,
        2,
        814.9350649350649,
        392.2077922077922,
        2,
        950.0,
        463.6363636363636,
        0,
        821.4285714285714,
        488.31168831168833,
        2,
        962.9870129870129,
        461.038961038961,
        0,
        911.038961038961,
        477.9220779220779,
        2,
        913.6363636363636,
        593.5064935064935,
        1,
        859.0909090909091,
        581.8181818181818,
        2,
        910.3896103896103,
        661.038961038961,
        1,
        836.3636363636364,
        679.2207792207791,
        1,
        892.5,
        788.3333333333334,
        2,
        830.8333333333335,
        810.0000000000001,
        2,
        874.1666666666667,
        801.6666666666667,
        2,
        814.1666666666667,
        826.6666666666667,
        2,
        914.1666666666667,
        820.0000000000001,
        2,
        847.5,
        851.6666666666667,
        2
      ],
      "num_keypoints": 18,
      "iscrowd": 0,
      "segmentation": []
    }
  ]
}