{
  "categories": [
    {
      "supercategory": "person",
      "id": 1,
      "name": "person",
      "keypoints": [
        "nose",
        "left_eye",
        "right_eye",
        "left_ear",
        "right_ear",
        "left_shoulder",
        "right_shoulder",
        "left_elbow",
        "right_elbow",
        "left_wrist",
        "right_wrist",
        "left_hip",
        "right_hip",
        "left_knee",
        "right_knee",
        "left_ankle",
        "right_ankle",
        "left_heel",
        "right_heel",
        "left_foot",
        "right_foot"
      ],
      "skeleton": [
        [
          1,
          2
        ],
        [
          0,
          1
        ],
        [
          0,
          2
        ],
        [
          1,
          3
        ],
        [
          2,
          4
        ],
        [
          5,
          6
        ],
        [
          5,
          7
        ],
        [
          7,
          9
        ],
        [
          6,
          8
        ],
        [
          8,
          10
        ],
        [
          5,
          11
        ],
        [
          6,
          12
        ],
        [
          11,
          12
        ],
        [
          11,
          13
        ],
        [
          13,
          15
        ],
        [
          12,
          14
        ],
        [
          14,
          16
        ],
        [
          16,
          18
        ],
        [
          16,
          20
        ],
        [
          20,
          18
        ],
        [
          15,
          17
        ],
        [
          15,
          19
        ],
        [
          19,
          17
        ]
      ]
    }
  ],
  "images": [
    {
      "file_name": "000000000074.jpg",
      "height": 1200,
      "width": 1600,
      "id": 0
    }
  ],
  "annotations": [
    {
      "category_id": 1,
      "image_id": 0,
      "id": 0,
      "bbox": [
        897.9411764705882,
        226.92583227981459,
        224.70588235294133,
        505.46144121365353
      ],
      "area": 113580.1591433034,
      "keypoints": [
        979.5081967213114,
        280.327868852459,
        2,
        994.6902654867256,
        269.91150442477874,
        2,
        970.7964601769911,
        269.91150442477874,
        2,
        1023.8095238095239,
        269.04761904761904,
        2,
        965.1960784313725,
        276.4705882352941,
        0,
        1054.4117647058824,
        321.078431372549,
        2,
        962.2549019607843,
        315.19607843137254,
        2,
        1084.313725490196,
        434.3137254901961,
        2,
        949.0196078431372,
        418.62745098039215,
        2,
        1070.5882352941176,
        515.6862745098039,
        2,
        916.6666666666666,
        491.1764705882353,
        2,
        1033.606557377049,
        518.0327868852459,
        1,
        981.1475409836066,
        511.47540983606564,
        2,
        1056.862745098039,
        614.7058823529412,
        2,
        1023.5294117647059,
        626.4705882352941,
        1,
        1089.2156862745098,
        644.1176470588235,
        2,
        1058.8235294117646,
        656.8627450980392,
        2,
        1103.921568627451,
        638.2352941176471,
        1,
        1072.0,
        655.2,
        0,
        1093.6,
        688.0,
        2,
        1063.716814159292,
        690.2654867256637,
        2
      ],
      "num_keypoints": 19,
      "iscrowd": 0,
      "segmentation": []
    },
    {
      "category_id": 1,
      "image_id": 0,
      "id": 1,
      "bbox": [
        710.3003921568628,
        307.5516279069767,
        250.7952941176469,
        634.9618604651164
      ],
      "area": 159245.44654883715,
      "keypoints": [
        792.0,
        365.3333333333333,
        1,
        781.063122923588,
        358.47176079734214,
        0,
        784.3853820598006,
        360.4651162790697,
        1,
        760.797342192691,
        365.1162790697674,
        0,
        747.1760797342192,
        374.41860465116275,
        2,
        743.4426229508197,
        431.1475409836066,
        0,
        771.311475409836,
        432.78688524590166,
        2,
        841.1764705882352,
        486.27450980392155,
        1,
        866.6666666666666,
        462.7450980392157,
        2,
        904.9019607843137,
        468.62745098039215,
        1,
        940.1960784313725,
        411.7647058823529,
        2,
        725.4098360655737,
        632.7868852459017,
        0,
        761.4754098360655,
        640.983606557377,
        2,
        725.4098360655737,
        740.983606557377,
        0,
        787.7049180327868,
        747.5409836065573,
        2,
        697.8260869565217,
        836.9565217391304,
        0,
        780.4347826086956,
        856.5217391304348,
        2,
        691.3043478260869,
        861.9565217391304,
        0,
        768.0,
        885.6,
        2,
        731.2,
        865.6,
        2,
        824.8,
        889.6,
        2
      ],
      "num_keypoints": 14,
      "iscrowd": 0,
      "segmentation": []
    }
  ]
}