{
  "categories": [
    {
      "supercategory": "person",
      "id": 1,
      "name": "person",
      "keypoints": [
        "nose",
        "left_eye",
        "right_eye",
        "left_ear",
        "right_ear",
        "left_shoulder",
        "right_shoulder",
        "left_elbow",
        "right_elbow",
        "left_wrist",
        "right_wrist",
        "left_hip",
        "right_hip",
        "left_knee",
        "right_knee",
        "left_ankle",
        "right_ankle",
        "left_heel",
        "right_heel",
        "left_foot",
        "right_foot"
      ],
      "skeleton": [
        [
          1,
          2
        ],
        [
          0,
          1
        ],
        [
          0,
          2
        ],
        [
          1,
          3
        ],
        [
          2,
          4
        ],
        [
          5,
          6
        ],
        [
          5,
          7
        ],
        [
          7,
          9
        ],
        [
          6,
          8
        ],
        [
          8,
          10
        ],
        [
          5,
          11
        ],
        [
          6,
          12
        ],
        [
          11,
          12
        ],
        [
          11,
          13
        ],
        [
          13,
          15
        ],
        [
          12,
          14
        ],
        [
          14,
          16
        ],
        [
          16,
          18
        ],
        [
          16,
          20
        ],
        [
          20,
          18
        ],
        [
          15,
          17
        ],
        [
          15,
          19
        ],
        [
          19,
          17
        ]
      ]
    }
  ],
  "images": [
    {
      "file_name": "000000000268.jpg",
      "height": 1200,
      "width": 1600,
      "id": 0
    }
  ],
  "annotations": [
    {
      "category_id": 1,
      "image_id": 0,
      "id": 0,
      "bbox": [
        820.1555555555556,
        272.7450980392157,
        323.4666666666667,
        421.17647058823525
      ],
      "area": 136236.54901960783,
      "keypoints": [
        854.9180327868852,
        332.78688524590166,
        2,
        872.0,
        317.3333333333333,
        2,
        847.1111111111111,
        319.55555555555554,
        1,
        913.7254901960785,
        307.84313725490193,
        1,
        844.6428571428572,
        304.76190476190476,
        0,
        986.3095238095239,
        352.9761904761905,
        2,
        858.8235294117646,
        356.8627450980392,
        0,
        1000.0,
        472.8260869565217,
        2,
        854.3478260869565,
        466.30434782608694,
        2,
        1015.2,
        568.0,
        2,
        851.2,
        555.2,
        2,
        1032.3529411764705,
        502.94117647058823,
        2,
        953.9215686274509,
        531.3725490196078,
        2,
        1054.3478260869565,
        591.3043478260869,
        2,
        1008.695652173913,
        606.5217391304348,
        2,
        1090.1960784313726,
        616.6666666666666,
        2,
        1055.8823529411764,
        609.8039215686274,
        2,
        1116.6666666666667,
        607.843137254902,
        2,
        1081.3725490196077,
        598.0392156862745,
        1,
        1104.9019607843138,
        658.8235294117646,
        2,
        1067.2,
        646.4,
        2
      ],
      "num_keypoints": 19,
      "iscrowd": 0,
      "segmentation": []
    },
    {
      "category_id": 1,
      "image_id": 0,
      "id": 1,
      "bbox": [
        717.6991150442477,
        286.048377581121,
        138.05309734513276,
        679.4194690265485
      ],
      "area": 93795.96209570051,
      "keypoints": [
        788.4955752212388,
        354.8672566371681,
        2,
        799.2753623188405,
        342.75362318840575,
        2,
        772.0,
        342.6666666666667,
        2,
        803.5555555555555,
        336.0,
        0,
        740.0,
        348.8888888888889,
        2,
        822.1238938053096,
        392.92035398230087,
        1,
        729.2035398230088,
        406.19469026548666,
        2,
        869.6078431372549,
        507.84313725490193,
        0,
        771.5686274509803,
        491.1764705882353,
        2,
        881.3725490196078,
        473.52941176470586,
        0,
        834.313725490196,
        414.70588235294116,
        2,
        829.4117647058823,
        619.6078431372549,
        2,
        759.8360655737705,
        634.4262295081967,
        2,
        820.6521739130435,
        739.1304347826086,
        2,
        756.5217391304348,
        758.695652173913,
        2,
        808.695652173913,
        846.7391304347826,
        2,
        756.8627450980392,
        859.8039215686274,
        2,
        786.8421052631579,
        862.5,
        2,
        739.8230088495575,
        895.575221238938,
        2,
        844.2477876106194,
        875.221238938053,
        2,
        776.1061946902654,
        908.8495575221237,
        2
      ],
      "num_keypoints": 18,
      "iscrowd": 0,
      "segmentation": []
    }
  ]
}