{
  "categories": [
    {
      "supercategory": "person",
      "id": 1,
      "name": "person",
      "keypoints": [
        "nose",
        "left_eye",
        "right_eye",
        "left_ear",
        "right_ear",
        "left_shoulder",
        "right_shoulder",
        "left_elbow",
        "right_elbow",
        "left_wrist",
        "right_wrist",
        "left_hip",
        "right_hip",
        "left_knee",
        "right_knee",
        "left_ankle",
        "right_ankle",
        "left_heel",
        "right_heel",
        "left_foot",
        "right_foot"
      ],
      "skeleton": [
        [
          1,
          2
        ],
        [
          0,
          1
        ],
        [
          0,
          2
        ],
        [
          1,
          3
        ],
        [
          2,
          4
        ],
        [
          5,
          6
        ],
        [
          5,
          7
        ],
        [
          7,
          9
        ],
        [
          6,
          8
        ],
        [
          8,
          10
        ],
        [
          5,
          11
        ],
        [
          6,
          12
        ],
        [
          11,
          12
        ],
        [
          11,
          13
        ],
        [
          13,
          15
        ],
        [
          12,
          14
        ],
        [
          14,
          16
        ],
        [
          16,
          18
        ],
        [
          16,
          20
        ],
        [
          20,
          18
        ],
        [
          15,
          17
        ],
        [
          15,
          19
        ],
        [
          19,
          17
        ]
      ]
    }
  ],
  "images": [
    {
      "file_name": "000000001913.jpg",
      "height": 1200,
      "width": 1600,
      "id": 0
    }
  ],
  "annotations": [
    {
      "category_id": 1,
      "image_id": 0,
      "id": 0,
      "bbox": [
        904.1666666666669,
        345.40945165945163,
        208.33333333333314,
        538.4199134199134
      ],
      "area": 112170.81529581519,
      "keypoints": [
        1030.0,
        404.0,
        2,
        1043.0,
        394.0,
        2,
        1020.138888888889,
        390.27777777777777,
        2,
        1071.5277777777778,
        394.44444444444446,
        2,
        1014.5833333333334,
        388.8888888888889,
        0,
        1095.138888888889,
        462.5,
        2,
        1003.4722222222223,
        443.0555555555556,
        2,
        1085.4166666666667,
        513.8888888888889,
        2,
        961.8055555555555,
        494.44444444444446,
        1,
        1050.6944444444443,
        536.1111111111111,
        2,
        921.5277777777779,
        513.8888888888889,
        2,
        1060.4166666666667,
        623.6111111111111,
        2,
        1002.0833333333334,
        619.4444444444445,
        2,
        1054.861111111111,
        750.0,
        2,
        1002.0833333333334,
        723.6111111111111,
        2,
        1045.138888888889,
        809.7222222222223,
        2,
        1007.638888888889,
        794.4444444444445,
        2,
        1062.987012987013,
        838.961038961039,
        2,
        1024.0259740259742,
        816.8831168831168,
        1,
        1039.6103896103898,
        837.6623376623377,
        2,
        1008.4415584415584,
        829.8701298701299,
        2
      ],
      "num_keypoints": 20,
      "iscrowd": 0,
      "segmentation": []
    },
    {
      "category_id": 1,
      "image_id": 0,
      "id": 1,
      "bbox": [
        719.9015151515152,
        332.3095238095238,
        231.18181818181802,
        562.9350649350649
      ],
      "area": 130140.3518299881,
      "keypoints": [
        813.6363636363636,
        394.8051948051948,
        2,
        818.8311688311688,
        381.8181818181818,
        2,
        807.1428571428571,
        379.2207792207792,
        2,
        792.8571428571429,
        387.012987012987,
        0,
        772.077922077922,
        385.7142857142857,
        2,
        803.2467532467532,
        432.46753246753246,
        2,
        757.7922077922078,
        453.24675324675326,
        2,
        859.0909090909091,
        487.012987012987,
        1,
        813.6363636363636,
        507.79220779220776,
        2,
        931.8181818181818,
        481.8181818181818,
        1,
        899.3506493506493,
        497.4025974025974,
        2,
        824.025974025974,
        609.0909090909091,
        2,
        783.7662337662338,
        618.1818181818181,
        2,
        814.2857142857142,
        715.5844155844155,
        2,
        771.4285714285714,
        716.8831168831168,
        2,
        787.5,
        795.0000000000001,
        2,
        754.1666666666667,
        820.0000000000001,
        2,
        777.5,
        820.0000000000001,
        1,
        739.1666666666667,
        840.0000000000001,
        2,
        805.8333333333335,
        828.3333333333334,
        2,
        769.1666666666667,
        848.3333333333334,
        2
      ],
      "num_keypoints": 20,
      "iscrowd": 0,
      "segmentation": []
    }
  ]
}