{
  "categories": [
    {
      "supercategory": "person",
      "id": 1,
      "name": "person",
      "keypoints": [
        "nose",
        "left_eye",
        "right_eye",
        "left_ear",
        "right_ear",
        "left_shoulder",
        "right_shoulder",
        "left_elbow",
        "right_elbow",
        "left_wrist",
        "right_wrist",
        "left_hip",
        "right_hip",
        "left_knee",
        "right_knee",
        "left_ankle",
        "right_ankle",
        "left_heel",
        "right_heel",
        "left_foot",
        "right_foot"
      ],
      "skeleton": [
        [
          1,
          2
        ],
        [
          0,
          1
        ],
        [
          0,
          2
        ],
        [
          1,
          3
        ],
        [
          2,
          4
        ],
        [
          5,
          6
        ],
        [
          5,
          7
        ],
        [
          7,
          9
        ],
        [
          6,
          8
        ],
        [
          8,
          10
        ],
        [
          5,
          11
        ],
        [
          6,
          12
        ],
        [
          11,
          12
        ],
        [
          11,
          13
        ],
        [
          13,
          15
        ],
        [
          12,
          14
        ],
        [
          14,
          16
        ],
        [
          16,
          18
        ],
        [
          16,
          20
        ],
        [
          20,
          18
        ],
        [
          15,
          17
        ],
        [
          15,
          19
        ],
        [
          19,
          17
        ]
      ]
    }
  ],
  "images": [
    {
      "file_name": "000000001278.jpg",
      "height": 1200,
      "width": 1600,
      "id": 0
    }
  ],
  "annotations": [
    {
      "category_id": 1,
      "image_id": 0,
      "id": 0,
      "bbox": [
        831.5900284164298,
        297.15785304020596,
        281.6791526737278,
        713.8443256090314
      ],
      "area": 201075.06477850061,
      "keypoints": [
        925.0,
        370.65217391304344,
        2,
        939.2900856793145,
        358.8739290085679,
        2,
        916.3398692810458,
        356.6448801742919,
        2,
        980.6100217864924,
        357.29847494553377,
        2,
        918.6111111111111,
        349.1666666666667,
        0,
        1018.3673469387757,
        419.38775510204084,
        2,
        902.0408163265307,
        398.9795918367347,
        2,
        1089.795918367347,
        494.8979591836735,
        2,
        875.5102040816328,
        478.57142857142856,
        2,
        1020.7407407407406,
        568.5185185185185,
        2,
        855.0632911392405,
        543.0379746835442,
        2,
        1004.5454545454546,
        654.5454545454545,
        2,
        901.948051948052,
        633.7662337662338,
        1,
        995.4545454545454,
        796.1038961038961,
        2,
        934.4155844155845,
        794.8051948051948,
        2,
        988.961038961039,
        894.8051948051948,
        2,
        948.051948051948,
        883.1168831168831,
        2,
        1005.1948051948052,
        918.1818181818181,
        2,
        964.3939393939394,
        909.0909090909091,
        2,
        984.0909090909091,
        951.5151515151515,
        2,
        923.4848484848484,
        928.7878787878788,
        2
      ],
      "num_keypoints": 20,
      "iscrowd": 0,
      "segmentation": []
    },
    {
      "category_id": 1,
      "image_id": 0,
      "id": 1,
      "bbox": [
        655.2,
        273.6666666666667,
        177.5999999999999,
        679.6363636363635
      ],
      "area": 120703.4181818181,
      "keypoints": [
        743.5064935064935,
        348.05194805194805,
        2,
        749.2424242424241,
        330.3030303030303,
        2,
        732.2344322344322,
        335.16483516483515,
        2,
        746.1538461538462,
        317.2161172161172,
        0,
        692.0245398773005,
        340.28629856850716,
        2,
        764.4444444444445,
        395.55555555555554,
        2,
        679.5555555555555,
        420.0,
        2,
        790.9090909090909,
        518.1818181818181,
        1,
        687.8787878787879,
        546.969696969697,
        2,
        818.0,
        580.6666666666666,
        1,
        762.0,
        562.0,
        2,
        760.6666666666666,
        598.0,
        2,
        714.0,
        614.0,
        2,
        755.3333333333333,
        738.0,
        2,
        730.0,
        751.3333333333334,
        2,
        726.0,
        840.6666666666666,
        1,
        707.3333333333333,
        848.6666666666666,
        2,
        696.6666666666666,
        870.0,
        1,
        670.0,
        882.0,
        2,
        766.0,
        884.6666666666666,
        2,
        743.3333333333333,
        896.6666666666666,
        2
      ],
      "num_keypoints": 20,
      "iscrowd": 0,
      "segmentation": []
    }
  ]
}