{
  "categories": [
    {
      "supercategory": "person",
      "id": 1,
      "name": "person",
      "keypoints": [
        "nose",
        "left_eye",
        "right_eye",
        "left_ear",
        "right_ear",
        "left_shoulder",
        "right_shoulder",
        "left_elbow",
        "right_elbow",
        "left_wrist",
        "right_wrist",
        "left_hip",
        "right_hip",
        "left_knee",
        "right_knee",
        "left_ankle",
        "right_ankle",
        "left_heel",
        "right_heel",
        "left_foot",
        "right_foot"
      ],
      "skeleton": [
        [
          1,
          2
        ],
        [
          0,
          1
        ],
        [
          0,
          2
        ],
        [
          1,
          3
        ],
        [
          2,
          4
        ],
        [
          5,
          6
        ],
        [
          5,
          7
        ],
        [
          7,
          9
        ],
        [
          6,
          8
        ],
        [
          8,
          10
        ],
        [
          5,
          11
        ],
        [
          6,
          12
        ],
        [
          11,
          12
        ],
        [
          11,
          13
        ],
        [
          13,
          15
        ],
        [
          12,
          14
        ],
        [
          14,
          16
        ],
        [
          16,
          18
        ],
        [
          16,
          20
        ],
        [
          20,
          18
        ],
        [
          15,
          17
        ],
        [
          15,
          19
        ],
        [
          19,
          17
        ]
      ]
    }
  ],
  "images": [
    {
      "file_name": "000000000453.jpg",
      "height": 1200,
      "width": 1600,
      "id": 0
    }
  ],
  "annotations": [
    {
      "category_id": 1,
      "image_id": 0,
      "id": 0,
      "bbox": [
        585.0257997936017,
        332.82021151586366,
        191.45510835913308,
        708.8601645123384
      ],
      "area": 135714.89960818266,
      "keypoints": [
        696.0784313725491,
        404.9019607843137,
        2,
        710.2702702702702,
        391.8918918918919,
        2,
        678.3783783783783,
        394.05405405405406,
        2,
        728.9473684210526,
        402.63157894736844,
        0,
        663.8157894736842,
        401.9736842105263,
        2,
        744.078947368421,
        465.7894736842105,
        2,
        641.3043478260869,
        481.52173913043475,
        2,
        727.4509803921568,
        552.9411764705882,
        0,
        600.9803921568628,
        601.9607843137255,
        2,
        763.7254901960785,
        558.8235294117648,
        0,
        689.2156862745098,
        579.4117647058823,
        1,
        733.695652173913,
        701.0869565217391,
        1,
        678.2608695652174,
        708.695652173913,
        1,
        715.6862745098039,
        818.6274509803922,
        2,
        663.7254901960785,
        846.078431372549,
        2,
        712.7450980392157,
        883.3333333333334,
        2,
        655.921052631579,
        914.4736842105264,
        1,
        701.9607843137255,
        923.5294117647059,
        2,
        649.3421052631579,
        966.4473684210526,
        1,
        760.5263157894736,
        926.3157894736842,
        2,
        668.8405797101449,
        982.6086956521739,
        2
      ],
      "num_keypoints": 18,
      "iscrowd": 0,
      "segmentation": []
    }
  ]
}