{
  "categories": [
    {
      "supercategory": "person",
      "id": 1,
      "name": "person",
      "keypoints": [
        "nose",
        "left_eye",
        "right_eye",
        "left_ear",
        "right_ear",
        "left_shoulder",
        "right_shoulder",
        "left_elbow",
        "right_elbow",
        "left_wrist",
        "right_wrist",
        "left_hip",
        "right_hip",
        "left_knee",
        "right_knee",
        "left_ankle",
        "right_ankle",
        "left_heel",
        "right_heel",
        "left_foot",
        "right_foot"
      ],
      "skeleton": [
        [
          1,
          2
        ],
        [
          0,
          1
        ],
        [
          0,
          2
        ],
        [
          1,
          3
        ],
        [
          2,
          4
        ],
        [
          5,
          6
        ],
        [
          5,
          7
        ],
        [
          7,
          9
        ],
        [
          6,
          8
        ],
        [
          8,
          10
        ],
        [
          5,
          11
        ],
        [
          6,
          12
        ],
        [
          11,
          12
        ],
        [
          11,
          13
        ],
        [
          13,
          15
        ],
        [
          12,
          14
        ],
        [
          14,
          16
        ],
        [
          16,
          18
        ],
        [
          16,
          20
        ],
        [
          20,
          18
        ],
        [
          15,
          17
        ],
        [
          15,
          19
        ],
        [
          19,
          17
        ]
      ]
    }
  ],
  "images": [
    {
      "file_name": "000000001092.jpg",
      "height": 1200,
      "width": 1600,
      "id": 0
    }
  ],
  "annotations": [
    {
      "category_id": 1,
      "image_id": 0,
      "id": 0,
      "bbox": [
        517.3639455782313,
        166.7559992993519,
        564.3599257884973,
        419.7372569626904
      ],
      "area": 236882.8871901314,
      "keypoints": [
        949.3975903614457,
        209.63855421686745,
        2,
        966.4739884393064,
        202.89017341040463,
        2,
        945.664739884393,
        201.73410404624278,
        2,
        998.9399293286219,
        227.56183745583039,
        2,
        943.1095406360424,
        224.73498233215548,
        0,
        1026.530612244898,
        307.1428571428571,
        2,
        906.1224489795919,
        298.9795918367347,
        2,
        1034.6938775510205,
        441.8367346938776,
        2,
        879.591836734694,
        415.3061224489795,
        0,
        1016.326530612245,
        529.5918367346939,
        2,
        852.0325203252032,
        515.4471544715448,
        2,
        897.4025974025974,
        449.35064935064935,
        2,
        827.9220779220778,
        409.09090909090907,
        2,
        788.961038961039,
        429.87012987012986,
        2,
        772.0779220779222,
        418.1818181818182,
        2,
        657.7922077922078,
        493.5064935064935,
        2,
        614.2857142857142,
        492.2077922077922,
        1,
        629.8701298701299,
        541.5584415584416,
        2,
        581.060606060606,
        551.5151515151515,
        2,
        599.2424242424242,
        516.6666666666666,
        2,
        564.3939393939394,
        507.57575757575756,
        2
      ],
      "num_keypoints": 19,
      "iscrowd": 0,
      "segmentation": []
    },
    {
      "category_id": 1,
      "image_id": 0,
      "id": 1,
      "bbox": [
        663.859649122807,
        302.53132832080195,
        86.31578947368428,
        670.9227614490774
      ],
      "area": 57911.22783034146,
      "keypoints": [
        720.1298701298701,
        372.7272727272727,
        2,
        714.2857142857143,
        358.4415584415584,
        2,
        694.9494949494949,
        373.06397306397304,
        2,
        708.6111111111111,
        357.22222222222223,
        0,
        676.7676767676767,
        391.2457912457912,
        2,
        739.057239057239,
        426.9360269360269,
        0,
        661.6161616161615,
        448.1481481481481,
        0,
        806.0606060606061,
        501.5151515151515,
        0,
        818.1818181818181,
        478.7878787878788,
        0,
        830.7017543859649,
        459.6491228070176,
        0,
        878.0701754385964,
        380.701754385965,
        0,
        723.6842105263158,
        626.3157894736843,
        0,
        714.9122807017544,
        652.6315789473684,
        2,
        734.2105263157895,
        740.3508771929825,
        1,
        727.1929824561404,
        768.421052631579,
        2,
        672.8070175438596,
        838.5964912280701,
        1,
        713.1578947368421,
        894.7368421052631,
        1,
        671.0526315789474,
        868.421052631579,
        2,
        700.8771929824561,
        917.5438596491229,
        1,
        706.140350877193,
        856.140350877193,
        1,
        742.9824561403509,
        915.7894736842105,
        2
      ],
      "num_keypoints": 13,
      "iscrowd": 0,
      "segmentation": []
    }
  ]
}