{
  "categories": [
    {
      "supercategory": "person",
      "id": 1,
      "name": "person",
      "keypoints": [
        "nose",
        "left_eye",
        "right_eye",
        "left_ear",
        "right_ear",
        "left_shoulder",
        "right_shoulder",
        "left_elbow",
        "right_elbow",
        "left_wrist",
        "right_wrist",
        "left_hip",
        "right_hip",
        "left_knee",
        "right_knee",
        "left_ankle",
        "right_ankle",
        "left_heel",
        "right_heel",
        "left_foot",
        "right_foot"
      ],
      "skeleton": [
        [
          1,
          2
        ],
        [
          0,
          1
        ],
        [
          0,
          2
        ],
        [
          1,
          3
        ],
        [
          2,
          4
        ],
        [
          5,
          6
        ],
        [
          5,
          7
        ],
        [
          7,
          9
        ],
        [
          6,
          8
        ],
        [
          8,
          10
        ],
        [
          5,
          11
        ],
        [
          6,
          12
        ],
        [
          11,
          12
        ],
        [
          11,
          13
        ],
        [
          13,
          15
        ],
        [
          12,
          14
        ],
        [
          14,
          16
        ],
        [
          16,
          18
        ],
        [
          16,
          20
        ],
        [
          20,
          18
        ],
        [
          15,
          17
        ],
        [
          15,
          19
        ],
        [
          19,
          17
        ]
      ]
    }
  ],
  "images": [
    {
      "file_name": "000000000078.jpg",
      "height": 1200,
      "width": 1600,
      "id": 0
    }
  ],
  "annotations": [
    {
      "category_id": 1,
      "image_id": 0,
      "id": 0,
      "bbox": [
        715.7137360523277,
        197.1078431372549,
        395.5059638322432,
        499.4117647058823
      ],
      "area": 197520.33134916145,
      "keypoints": [
        977.8688524590164,
        263.9344262295082,
        2,
        989.1304347826086,
        252.17391304347825,
        2,
        968.1159420289854,
        250.7246376811594,
        2,
        1015.6862745098039,
        238.72549019607843,
        2,
        958.8235294117646,
        243.62745098039215,
        0,
        1066.1764705882354,
        302.94117647058823,
        2,
        951.9607843137255,
        289.2156862745098,
        2,
        1078.2608695652173,
        422.82608695652175,
        2,
        935.8695652173913,
        381.52173913043475,
        2,
        1071.7391304347825,
        509.78260869565213,
        2,
        916.3043478260869,
        483.695652173913,
        0,
        1002.4590163934427,
        465.57377049180326,
        2,
        928.688524590164,
        439.344262295082,
        2,
        906.8627450980392,
        540.1960784313725,
        1,
        877.4509803921568,
        501.96078431372547,
        2,
        854.3478260869565,
        601.0869565217391,
        2,
        797.8260869565217,
        567.391304347826,
        2,
        827.4509803921568,
        654.9019607843137,
        1,
        782.3529411764706,
        628.4313725490196,
        1,
        792.156862745098,
        620.5882352941177,
        2,
        748.6725663716813,
        596.4601769911504,
        2
      ],
      "num_keypoints": 19,
      "iscrowd": 0,
      "segmentation": [],
      "group_id": 1
    },
    {
      "category_id": 1,
      "image_id": 0,
      "id": 1,
      "bbox": [
        693.036231884058,
        306.56058608058606,
        243.56521739130426,
        642.152087912088
      ],
      "area": 156405.9128905876,
      "keypoints": [
        768.4782608695651,
        371.73913043478257,
        2,
        769.2307692307693,
        360.0732600732601,
        1,
        753.4798534798534,
        369.5970695970696,
        2,
        754.5787545787546,
        349.0842490842491,
        0,
        720.1465201465202,
        380.95238095238096,
        2,
        773.4513274336282,
        408.84955752212386,
        1,
        747.787610619469,
        430.97345132743357,
        2,
        857.6086956521739,
        463.04347826086956,
        1,
        839.1304347826086,
        446.73913043478257,
        2,
        893.4782608695651,
        442.39130434782606,
        0,
        916.3043478260869,
        383.695652173913,
        1,
        736.8852459016393,
        624.5901639344262,
        0,
        741.8032786885245,
        627.8688524590164,
        1,
        735.2459016393442,
        719.672131147541,
        0,
        777.8688524590164,
        749.1803278688525,
        2,
        716.867469879518,
        818.0722891566264,
        2,
        777.3333333333334,
        869.3333333333334,
        2,
        713.3333333333334,
        849.3333333333334,
        1,
        762.4,
        895.2,
        2,
        748.0,
        844.0,
        1,
        820.0,
        887.2,
        2
      ],
      "num_keypoints": 17,
      "iscrowd": 0,
      "segmentation": [],
      "group_id": 2
    }
  ]
}