{
  "categories": [
    {
      "supercategory": "person",
      "id": 1,
      "name": "person",
      "keypoints": [
        "nose",
        "left_eye",
        "right_eye",
        "left_ear",
        "right_ear",
        "left_shoulder",
        "right_shoulder",
        "left_elbow",
        "right_elbow",
        "left_wrist",
        "right_wrist",
        "left_hip",
        "right_hip",
        "left_knee",
        "right_knee",
        "left_ankle",
        "right_ankle",
        "left_heel",
        "right_heel",
        "left_foot",
        "right_foot"
      ],
      "skeleton": [
        [
          1,
          2
        ],
        [
          0,
          1
        ],
        [
          0,
          2
        ],
        [
          1,
          3
        ],
        [
          2,
          4
        ],
        [
          5,
          6
        ],
        [
          5,
          7
        ],
        [
          7,
          9
        ],
        [
          6,
          8
        ],
        [
          8,
          10
        ],
        [
          5,
          11
        ],
        [
          6,
          12
        ],
        [
          11,
          12
        ],
        [
          11,
          13
        ],
        [
          13,
          15
        ],
        [
          12,
          14
        ],
        [
          14,
          16
        ],
        [
          16,
          18
        ],
        [
          16,
          20
        ],
        [
          20,
          18
        ],
        [
          15,
          17
        ],
        [
          15,
          19
        ],
        [
          19,
          17
        ]
      ]
    }
  ],
  "images": [
    {
      "file_name": "000000000101.jpg",
      "height": 1200,
      "width": 1600,
      "id": 0
    }
  ],
  "annotations": [
    {
      "category_id": 1,
      "image_id": 0,
      "id": 0,
      "bbox": [
        479.3872643324355,
        207.19679633867278,
        640.2731819930743,
        324.16475972540036
      ],
      "area": 207554.0021994025,
      "keypoints": [
        938.5245901639344,
        240.98360655737704,
        2,
        952.6315789473684,
        234.8684210526316,
        2,
        934.8684210526316,
        234.21052631578948,
        2,
        989.8809523809524,
        241.66666666666669,
        2,
        941.9354838709678,
        233.8709677419355,
        0,
        1009.6551724137931,
        307.58620689655174,
        2,
        918.6206896551724,
        286.89655172413796,
        2,
        1036.8852459016393,
        414.75409836065575,
        2,
        905.7377049180327,
        418.0327868852459,
        0,
        1066.304347826087,
        504.3478260869565,
        2,
        909.7826086956521,
        491.30434782608694,
        2,
        858.1967213114754,
        427.8688524590164,
        2,
        810.655737704918,
        357.3770491803279,
        2,
        752.9411764705882,
        372.54901960784315,
        2,
        734.2105263157895,
        342.7631578947368,
        2,
        603.9215686274509,
        368.62745098039215,
        2,
        595.0980392156863,
        329.4117647058823,
        2,
        546.9879518072289,
        387.95180722891564,
        2,
        553.0120481927711,
        351.8072289156626,
        2,
        551.8072289156626,
        319.2771084337349,
        1,
        532.7433628318583,
        285.84070796460173,
        1
      ],
      "num_keypoints": 19,
      "iscrowd": 0,
      "segmentation": [],
      "group_id": 1
    },
    {
      "category_id": 1,
      "image_id": 0,
      "id": 1,
      "bbox": [
        589.2710997442455,
        365.30902654867253,
        233.09462915601023,
        589.0916814159291
      ],
      "area": 137314.1070185365,
      "keypoints": [
        734.7826086956521,
        365.2173913043478,
        0,
        736.9047619047619,
        356.54761904761904,
        0,
        711.3095238095239,
        358.33333333333337,
        0,
        716.0714285714286,
        347.0238095238095,
        0,
        683.9285714285714,
        385.11904761904765,
        0,
        715.2,
        414.4,
        1,
        696.0,
        441.6,
        2,
        802.9411764705882,
        455.88235294117646,
        1,
        791.1764705882352,
        447.05882352941177,
        1,
        878.4313725490196,
        433.3333333333333,
        0,
        880.3921568627451,
        376.4705882352941,
        0,
        681.1475409836065,
        631.1475409836065,
        0,
        681.1475409836065,
        642.6229508196722,
        2,
        718.8524590163934,
        721.3114754098361,
        0,
        740.1639344262295,
        763.9344262295082,
        2,
        632.6086956521739,
        790.2173913043478,
        2,
        723.9130434782609,
        866.3043478260869,
        2,
        608.695652173913,
        809.7826086956521,
        2,
        711.504424778761,
        900.8849557522122,
        1,
        659.29203539823,
        834.5132743362831,
        2,
        754.8672566371681,
        905.3097345132743,
        2
      ],
      "num_keypoints": 12,
      "iscrowd": 0,
      "segmentation": [],
      "group_id": 2
    }
  ]
}