{
  "categories": [
    {
      "supercategory": "person",
      "id": 1,
      "name": "person",
      "keypoints": [
        "nose",
        "left_eye",
        "right_eye",
        "left_ear",
        "right_ear",
        "left_shoulder",
        "right_shoulder",
        "left_elbow",
        "right_elbow",
        "left_wrist",
        "right_wrist",
        "left_hip",
        "right_hip",
        "left_knee",
        "right_knee",
        "left_ankle",
        "right_ankle",
        "left_heel",
        "right_heel",
        "left_foot",
        "right_foot"
      ],
      "skeleton": [
        [
          1,
          2
        ],
        [
          0,
          1
        ],
        [
          0,
          2
        ],
        [
          1,
          3
        ],
        [
          2,
          4
        ],
        [
          5,
          6
        ],
        [
          5,
          7
        ],
        [
          7,
          9
        ],
        [
          6,
          8
        ],
        [
          8,
          10
        ],
        [
          5,
          11
        ],
        [
          6,
          12
        ],
        [
          11,
          12
        ],
        [
          11,
          13
        ],
        [
          13,
          15
        ],
        [
          12,
          14
        ],
        [
          14,
          16
        ],
        [
          16,
          18
        ],
        [
          16,
          20
        ],
        [
          20,
          18
        ],
        [
          15,
          17
        ],
        [
          15,
          19
        ],
        [
          19,
          17
        ]
      ]
    }
  ],
  "images": [
    {
      "file_name": "000000001413.jpg",
      "height": 1200,
      "width": 1600,
      "id": 0
    }
  ],
  "annotations": [
    {
      "category_id": 1,
      "image_id": 0,
      "id": 0,
      "bbox": [
        991.5306122448981,
        234.38679993653813,
        126.12244897959204,
        504.63588767253697
      ],
      "area": 63645.91399625068,
      "keypoints": [
        1086.3366336633665,
        287.5247524752475,
        2,
        1091.881188118812,
        278.21782178217825,
        2,
        1079.5811518324606,
        276.4397905759162,
        2,
        1088.48167539267,
        282.7225130890052,
        0,
        1053.3333333333333,
        284.2424242424242,
        2,
        1101.212121212121,
        329.6969696969697,
        2,
        1010.3030303030303,
        344.2424242424242,
        2,
        1105.4545454545453,
        396.3636363636363,
        1,
        1002.0408163265307,
        419.38775510204084,
        2,
        1100.0,
        429.3877551020408,
        0,
        999.5918367346939,
        480.81632653061223,
        0,
        1107.1428571428573,
        476.6233766233766,
        2,
        1046.1038961038962,
        481.8181818181818,
        1,
        1087.6623376623374,
        579.2207792207793,
        2,
        1035.7142857142858,
        574.025974025974,
        1,
        1072.7272727272727,
        653.2467532467532,
        0,
        1032.4675324675325,
        657.1428571428571,
        2,
        1061.3636363636365,
        669.6969696969697,
        1,
        1037.121212121212,
        674.2424242424242,
        2,
        1078.030303030303,
        696.969696969697,
        2,
        1006.8181818181819,
        677.2727272727273,
        2
      ],
      "num_keypoints": 17,
      "iscrowd": 0,
      "segmentation": [],
      "group_id": 1
    },
    {
      "category_id": 1,
      "image_id": 0,
      "id": 1,
      "bbox": [
        536.4,
        275.2,
        115.20000000000005,
        679.4181818181819
      ],
      "area": 78268.97454545459,
      "keypoints": [
        616.2337662337662,
        346.75324675324674,
        1,
        609.8484848484849,
        331.8181818181818,
        1,
        618.960244648318,
        337.61467889908255,
        2,
        588.5654885654885,
        333.8877338877339,
        0,
        592.3076923076923,
        348.2328482328482,
        2,
        536.3914373088685,
        407.3394495412844,
        0,
        572.782874617737,
        430.8868501529052,
        2,
        616.6666666666666,
        530.3030303030303,
        0,
        595.4545454545455,
        554.5454545454545,
        2,
        599.3333333333333,
        591.3333333333334,
        2,
        604.6666666666666,
        607.3333333333334,
        0,
        583.3333333333333,
        628.6666666666666,
        2,
        578.0,
        636.6666666666666,
        2,
        599.3333333333333,
        743.3333333333334,
        1,
        618.0,
        750.0,
        2,
        570.0,
        832.6666666666666,
        1,
        579.3333333333333,
        862.0,
        2,
        546.0,
        867.3333333333334,
        2,
        548.6666666666666,
        898.0,
        2,
        632.6666666666666,
        843.3333333333334,
        2,
        642.0,
        887.3333333333334,
        2
      ],
      "num_keypoints": 17,
      "iscrowd": 0,
      "segmentation": [],
      "group_id": 2
    }
  ]
}