{
  "categories": [
    {
      "supercategory": "person",
      "id": 1,
      "name": "person",
      "keypoints": [
        "nose",
        "left_eye",
        "right_eye",
        "left_ear",
        "right_ear",
        "left_shoulder",
        "right_shoulder",
        "left_elbow",
        "right_elbow",
        "left_wrist",
        "right_wrist",
        "left_hip",
        "right_hip",
        "left_knee",
        "right_knee",
        "left_ankle",
        "right_ankle",
        "left_heel",
        "right_heel",
        "left_foot",
        "right_foot"
      ],
      "skeleton": [
        [
          1,
          2
        ],
        [
          0,
          1
        ],
        [
          0,
          2
        ],
        [
          1,
          3
        ],
        [
          2,
          4
        ],
        [
          5,
          6
        ],
        [
          5,
          7
        ],
        [
          7,
          9
        ],
        [
          6,
          8
        ],
        [
          8,
          10
        ],
        [
          5,
          11
        ],
        [
          6,
          12
        ],
        [
          11,
          12
        ],
        [
          11,
          13
        ],
        [
          13,
          15
        ],
        [
          12,
          14
        ],
        [
          14,
          16
        ],
        [
          16,
          18
        ],
        [
          16,
          20
        ],
        [
          20,
          18
        ],
        [
          15,
          17
        ],
        [
          15,
          19
        ],
        [
          19,
          17
        ]
      ]
    }
  ],
  "images": [
    {
      "file_name": "000000001073.jpg",
      "height": 1200,
      "width": 1600,
      "id": 0
    }
  ],
  "annotations": [
    {
      "category_id": 1,
      "image_id": 0,
      "id": 0,
      "bbox": [
        838.3673469387755,
        293.0621667316946,
        249.7959183673471,
        670.3784627389778
      ],
      "area": 167457.80375357333,
      "keypoints": [
        994.5652173913043,
        359.7826086956522,
        2,
        1008.1545064377682,
        350.2145922746781,
        2,
        986.695278969957,
        348.92703862660943,
        2,
        1036.480686695279,
        362.23175965665234,
        2,
        983.5443037974683,
        365.82278481012656,
        0,
        1055.1020408163265,
        431.63265306122446,
        2,
        953.061224489796,
        427.55102040816325,
        2,
        1067.3469387755104,
        496.9387755102041,
        2,
        916.3265306122449,
        484.69387755102036,
        2,
        1020.4081632653063,
        539.7959183673469,
        2,
        859.1836734693878,
        521.4285714285714,
        2,
        1040.2597402597403,
        644.1558441558442,
        2,
        951.2987012987013,
        624.6753246753246,
        2,
        1020.12987012987,
        753.2467532467532,
        1,
        969.4805194805195,
        749.3506493506493,
        2,
        1030.5194805194806,
        855.8441558441558,
        2,
        989.3617021276596,
        850.0,
        2,
        1043.6170212765958,
        877.659574468085,
        2,
        1006.8181818181819,
        874.2424242424242,
        2,
        1028.030303030303,
        907.5757575757575,
        2,
        987.1212121212121,
        890.9090909090909,
        2
      ],
      "num_keypoints": 20,
      "iscrowd": 0,
      "segmentation": [],
      "group_id": 1
    },
    {
      "category_id": 1,
      "image_id": 0,
      "id": 1,
      "bbox": [
        645.0859291084855,
        301.95488721804514,
        120.19334049409235,
        646.6712235133286
      ],
      "area": 77725.5745554688,
      "keypoints": [
        721.4285714285714,
        372.7272727272727,
        2,
        727.2727272727273,
        355.84415584415586,
        2,
        708.1632653061224,
        366.53061224489795,
        2,
        691.0204081632653,
        357.1428571428571,
        0,
        680.408163265306,
        373.469387755102,
        2,
        722.8571428571428,
        419.59183673469386,
        2,
        655.1020408163265,
        440.81632653061223,
        2,
        745.4545454545455,
        527.2727272727273,
        1,
        656.0606060606061,
        543.939393939394,
        2,
        755.2631578947369,
        612.280701754386,
        1,
        681.578947368421,
        638.5964912280702,
        2,
        734.2105263157895,
        621.0526315789474,
        1,
        692.1052631578947,
        654.3859649122808,
        1,
        730.7017543859649,
        724.561403508772,
        2,
        690.3508771929825,
        745.6140350877193,
        1,
        702.6315789473684,
        828.0701754385965,
        1,
        667.5438596491229,
        857.8947368421053,
        2,
        692.1052631578947,
        850.8771929824561,
        1,
        658.7719298245614,
        880.7017543859649,
        2,
        730.7017543859649,
        852.6315789473684,
        2,
        692.1052631578947,
        894.7368421052631,
        1
      ],
      "num_keypoints": 20,
      "iscrowd": 0,
      "segmentation": [],
      "group_id": 2
    }
  ]
}