{
  "categories": [
    {
      "supercategory": "person",
      "id": 1,
      "name": "person",
      "keypoints": [
        "nose",
        "left_eye",
        "right_eye",
        "left_ear",
        "right_ear",
        "left_shoulder",
        "right_shoulder",
        "left_elbow",
        "right_elbow",
        "left_wrist",
        "right_wrist",
        "left_hip",
        "right_hip",
        "left_knee",
        "right_knee",
        "left_ankle",
        "right_ankle",
        "left_heel",
        "right_heel",
        "left_foot",
        "right_foot"
      ],
      "skeleton": [
        [
          1,
          2
        ],
        [
          0,
          1
        ],
        [
          0,
          2
        ],
        [
          1,
          3
        ],
        [
          2,
          4
        ],
        [
          5,
          6
        ],
        [
          5,
          7
        ],
        [
          7,
          9
        ],
        [
          6,
          8
        ],
        [
          8,
          10
        ],
        [
          5,
          11
        ],
        [
          6,
          12
        ],
        [
          11,
          12
        ],
        [
          11,
          13
        ],
        [
          13,
          15
        ],
        [
          12,
          14
        ],
        [
          14,
          16
        ],
        [
          16,
          18
        ],
        [
          16,
          20
        ],
        [
          20,
          18
        ],
        [
          15,
          17
        ],
        [
          15,
          19
        ],
        [
          19,
          17
        ]
      ]
    }
  ],
  "images": [
    {
      "file_name": "000000000432.jpg",
      "height": 1200,
      "width": 1600,
      "id": 0
    }
  ],
  "annotations": [
    {
      "category_id": 1,
      "image_id": 0,
      "id": 0,
      "bbox": [
        604.7165387894288,
        329.88691322901843,
        217.3145780051151,
        718.1137980085349
      ],
      "area": 156056.59697387522,
      "keypoints": [
        670.7964601769911,
        400.88495575221236,
        2,
        688.6486486486486,
        389.7297297297297,
        2,
        657.8378378378378,
        390.27027027027026,
        2,
        711.504424778761,
        400.88495575221236,
        2,
        644.3243243243243,
        408.10810810810807,
        2,
        727.5675675675675,
        450.27027027027026,
        2,
        622.8260869565217,
        482.6086956521739,
        2,
        803.9215686274509,
        525.4901960784314,
        1,
        671.5686274509803,
        576.4705882352941,
        2,
        745.0980392156863,
        544.1176470588235,
        1,
        732.3529411764706,
        563.7254901960785,
        2,
        726.0869565217391,
        686.9565217391304,
        2,
        672.8260869565217,
        701.0869565217391,
        2,
        724.5098039215686,
        808.8235294117646,
        2,
        662.7450980392157,
        842.156862745098,
        2,
        714.1304347826086,
        883.695652173913,
        2,
        660.8695652173913,
        914.1304347826086,
        1,
        703.5398230088495,
        920.3539823008848,
        2,
        647.3684210526316,
        961.8421052631579,
        1,
        759.5555555555555,
        920.4444444444445,
        2,
        676.9736842105264,
        988.1578947368421,
        2
      ],
      "num_keypoints": 21,
      "iscrowd": 0,
      "segmentation": [],
      "group_id": 2
    }
  ]
}