{
  "categories": [
    {
      "supercategory": "person",
      "id": 1,
      "name": "person",
      "keypoints": [
        "nose",
        "left_eye",
        "right_eye",
        "left_ear",
        "right_ear",
        "left_shoulder",
        "right_shoulder",
        "left_elbow",
        "right_elbow",
        "left_wrist",
        "right_wrist",
        "left_hip",
        "right_hip",
        "left_knee",
        "right_knee",
        "left_ankle",
        "right_ankle",
        "left_heel",
        "right_heel",
        "left_foot",
        "right_foot"
      ],
      "skeleton": [
        [
          1,
          2
        ],
        [
          0,
          1
        ],
        [
          0,
          2
        ],
        [
          1,
          3
        ],
        [
          2,
          4
        ],
        [
          5,
          6
        ],
        [
          5,
          7
        ],
        [
          7,
          9
        ],
        [
          6,
          8
        ],
        [
          8,
          10
        ],
        [
          5,
          11
        ],
        [
          6,
          12
        ],
        [
          11,
          12
        ],
        [
          11,
          13
        ],
        [
          13,
          15
        ],
        [
          12,
          14
        ],
        [
          14,
          16
        ],
        [
          16,
          18
        ],
        [
          16,
          20
        ],
        [
          20,
          18
        ],
        [
          15,
          17
        ],
        [
          15,
          19
        ],
        [
          19,
          17
        ]
      ]
    }
  ],
  "images": [
    {
      "file_name": "000000000360.jpg",
      "height": 1200,
      "width": 1600,
      "id": 0
    }
  ],
  "annotations": [
    {
      "category_id": 1,
      "image_id": 0,
      "id": 0,
      "bbox": [
        942.4906277244986,
        318.3545945945946,
        262.00435919790766,
        266.23135135135135
      ],
      "area": 69753.77460920381,
      "keypoints": [
        973.4939759036143,
        349.39759036144574,
        1,
        982.7027027027027,
        340.5405405405405,
        2,
        964.3243243243243,
        340.5405405405405,
        2,
        1003.623188405797,
        344.927536231884,
        0,
        956.8888888888889,
        328.44444444444446,
        0,
        1073.7777777777778,
        347.55555555555554,
        2,
        965.6862745098039,
        360.78431372549016,
        1,
        1098.0392156862745,
        445.09803921568624,
        2,
        967.6470588235294,
        440.19607843137254,
        2,
        1122.549019607843,
        513.7254901960785,
        2,
        973.5294117647059,
        501.96078431372547,
        2,
        1094.1176470588234,
        480.3921568627451,
        2,
        1064.7058823529412,
        495.09803921568624,
        2,
        1128.2608695652173,
        522.8260869565217,
        0,
        1095.6521739130435,
        528.2608695652174,
        0,
        1154.867256637168,
        523.0088495575221,
        0,
        1130.9734513274336,
        540.7079646017698,
        0,
        1169.9115044247787,
        499.1150442477876,
        1,
        1144.3243243243244,
        504.86486486486484,
        2,
        1182.6612903225807,
        537.9032258064516,
        1,
        1146.4,
        562.4,
        1
      ],
      "num_keypoints": 15,
      "iscrowd": 0,
      "segmentation": [],
      "group_id": 1
    },
    {
      "category_id": 1,
      "image_id": 0,
      "id": 1,
      "bbox": [
        831.4492753623188,
        346.7015276145711,
        109.56521739130426,
        496.8789659224441
      ],
      "area": 54440.65191845904,
      "keypoints": [
        912.3893805309733,
        396.4601769911504,
        2,
        922.1621621621621,
        388.10810810810807,
        2,
        904.8192771084337,
        388.855421686747,
        2,
        925.301204819277,
        391.867469879518,
        0,
        880.4216867469879,
        392.4698795180723,
        1,
        928.0,
        436.8,
        2,
        862.4,
        439.2,
        2,
        969.6078431372549,
        470.5882352941176,
        0,
        893.421052631579,
        495.39473684210526,
        2,
        978.9473684210526,
        456.57894736842104,
        0,
        950.4424778761061,
        505.3097345132743,
        0,
        920.3947368421052,
        597.3684210526316,
        2,
        872.5490196078431,
        595.0980392156863,
        2,
        924.3421052631579,
        692.7631578947369,
        2,
        869.078947368421,
        695.3947368421052,
        2,
        916.4473684210526,
        755.2631578947369,
        2,
        856.8627450980392,
        774.5098039215686,
        2,
        905.921052631579,
        778.2894736842105,
        1,
        840.5797101449275,
        794.927536231884,
        2,
        931.8840579710144,
        776.8115942028985,
        2,
        870.2898550724638,
        802.1739130434781,
        2
      ],
      "num_keypoints": 17,
      "iscrowd": 0,
      "segmentation": [],
      "group_id": 2
    }
  ]
}