{
  "categories": [
    {
      "supercategory": "person",
      "id": 1,
      "name": "person",
      "keypoints": [
        "nose",
        "left_eye",
        "right_eye",
        "left_ear",
        "right_ear",
        "left_shoulder",
        "right_shoulder",
        "left_elbow",
        "right_elbow",
        "left_wrist",
        "right_wrist",
        "left_hip",
        "right_hip",
        "left_knee",
        "right_knee",
        "left_ankle",
        "right_ankle",
        "left_heel",
        "right_heel",
        "left_foot",
        "right_foot"
      ],
      "skeleton": [
        [
          1,
          2
        ],
        [
          0,
          1
        ],
        [
          0,
          2
        ],
        [
          1,
          3
        ],
        [
          2,
          4
        ],
        [
          5,
          6
        ],
        [
          5,
          7
        ],
        [
          7,
          9
        ],
        [
          6,
          8
        ],
        [
          8,
          10
        ],
        [
          5,
          11
        ],
        [
          6,
          12
        ],
        [
          11,
          12
        ],
        [
          11,
          13
        ],
        [
          13,
          15
        ],
        [
          12,
          14
        ],
        [
          14,
          16
        ],
        [
          16,
          18
        ],
        [
          16,
          20
        ],
        [
          20,
          18
        ],
        [
          15,
          17
        ],
        [
          15,
          19
        ],
        [
          19,
          17
        ]
      ]
    }
  ],
  "images": [
    {
      "file_name": "000000000572.jpg",
      "height": 1200,
      "width": 1600,
      "id": 0
    }
  ],
  "annotations": [
    {
      "category_id": 1,
      "image_id": 0,
      "id": 0,
      "bbox": [
        944.1534391534391,
        346.83239775461107,
        190.79365079365095,
        555.2526062550121
      ],
      "area": 105938.67186008336,
      "keypoints": [
        1010.8433734939758,
        402.4096385542168,
        2,
        1023.7068965517241,
        393.1034482758621,
        2,
        1001.2931034482758,
        393.96551724137936,
        2,
        1041.8103448275863,
        393.5344827586207,
        2,
        988.8888888888888,
        392.32804232804233,
        0,
        1080.1587301587301,
        449.47089947089944,
        2,
        978.042328042328,
        435.44973544973544,
        2,
        1119.047619047619,
        496.8253968253968,
        2,
        976.9841269841269,
        489.9470899470899,
        0,
        1102.6455026455026,
        522.2222222222222,
        2,
        960.05291005291,
        503.17460317460313,
        2,
        1065.873015873016,
        604.7619047619047,
        2,
        996.7948717948717,
        604.4871794871794,
        2,
        1043.5897435897436,
        729.4871794871794,
        2,
        994.2307692307692,
        730.1282051282051,
        2,
        1050.0,
        826.9230769230769,
        2,
        1005.1282051282051,
        828.2051282051282,
        2,
        1063.953488372093,
        841.8604651162791,
        2,
        1023.2558139534884,
        840.1162790697674,
        1,
        1029.0697674418604,
        855.8139534883721,
        2,
        994.7674418604652,
        848.8372093023256,
        2
      ],
      "num_keypoints": 19,
      "iscrowd": 0,
      "segmentation": [],
      "group_id": 1
    },
    {
      "category_id": 1,
      "image_id": 0,
      "id": 1,
      "bbox": [
        795.2144281914893,
        325.92672413793105,
        179.30186170212778,
        578.5344827586207
      ],
      "area": 103732.30981749824,
      "keypoints": [
        870.6896551724137,
        387.5,
        2,
        876.7241379310344,
        379.3103448275862,
        1,
        862.0689655172413,
        380.6034482758621,
        2,
        856.4655172413793,
        372.8448275862069,
        0,
        825.4310344827586,
        374.1379310344828,
        2,
        869.8275862068965,
        410.3448275862069,
        2,
        813.4751773049646,
        436.17021276595744,
        2,
        876.5957446808511,
        497.1631205673759,
        0,
        823.404255319149,
        524.822695035461,
        2,
        959.5744680851064,
        490.07092198581563,
        2,
        903.5460992907801,
        514.8936170212767,
        2,
        885.8156028368795,
        563.8297872340426,
        2,
        834.6153846153845,
        582.051282051282,
        2,
        885.8974358974358,
        705.1282051282051,
        2,
        856.4102564102564,
        715.3846153846154,
        2,
        856.4102564102564,
        797.4358974358975,
        1,
        819.53125,
        835.15625,
        2,
        841.40625,
        810.9375,
        0,
        810.15625,
        850.0,
        2,
        870.3125,
        811.71875,
        2,
        843.75,
        856.25,
        2
      ],
      "num_keypoints": 18,
      "iscrowd": 0,
      "segmentation": [],
      "group_id": 2
    }
  ]
}