{
  "categories": [
    {
      "supercategory": "person",
      "id": 1,
      "name": "person",
      "keypoints": [
        "nose",
        "left_eye",
        "right_eye",
        "left_ear",
        "right_ear",
        "left_shoulder",
        "right_shoulder",
        "left_elbow",
        "right_elbow",
        "left_wrist",
        "right_wrist",
        "left_hip",
        "right_hip",
        "left_knee",
        "right_knee",
        "left_ankle",
        "right_ankle",
        "left_heel",
        "right_heel",
        "left_foot",
        "right_foot"
      ],
      "skeleton": [
        [
          1,
          2
        ],
        [
          0,
          1
        ],
        [
          0,
          2
        ],
        [
          1,
          3
        ],
        [
          2,
          4
        ],
        [
          5,
          6
        ],
        [
          5,
          7
        ],
        [
          7,
          9
        ],
        [
          6,
          8
        ],
        [
          8,
          10
        ],
        [
          5,
          11
        ],
        [
          6,
          12
        ],
        [
          11,
          12
        ],
        [
          11,
          13
        ],
        [
          13,
          15
        ],
        [
          12,
          14
        ],
        [
          14,
          16
        ],
        [
          16,
          18
        ],
        [
          16,
          20
        ],
        [
          20,
          18
        ],
        [
          15,
          17
        ],
        [
          15,
          19
        ],
        [
          19,
          17
        ]
      ]
    }
  ],
  "images": [
    {
      "file_name": "000000001284.jpg",
      "height": 1200,
      "width": 1600,
      "id": 0
    }
  ],
  "annotations": [
    {
      "category_id": 1,
      "image_id": 0,
      "id": 0,
      "bbox": [
        838.2721088435372,
        190.47049441786282,
        209.82560296846043,
        745.933014354067
      ],
      "area": 156515.84451092337,
      "keypoints": [
        896.078431372549,
        268.62745098039215,
        2,
        910.7711138310893,
        252.6315789473684,
        2,
        885.5769230769231,
        253.52564102564102,
        2,
        952.8846153846154,
        254.48717948717947,
        2,
        885.9327217125382,
        245.56574923547402,
        0,
        979.8165137614678,
        314.9847094801223,
        2,
        864.8318042813455,
        314.6788990825688,
        2,
        1016.260162601626,
        439.8373983739838,
        2,
        865.3061224489796,
        437.75510204081627,
        2,
        1030.6122448979593,
        576.530612244898,
        2,
        855.7575757575756,
        550.3030303030303,
        2,
        990.2597402597402,
        567.5324675324675,
        2,
        894.1558441558442,
        558.4415584415584,
        2,
        959.0909090909091,
        693.5064935064935,
        2,
        916.2337662337662,
        690.9090909090909,
        2,
        947.4025974025975,
        823.3766233766233,
        2,
        919.4805194805194,
        812.9870129870129,
        2,
        972.7272727272727,
        840.2597402597403,
        1,
        929.5454545454546,
        837.8787878787879,
        1,
        947.7272727272726,
        866.6666666666666,
        2,
        909.8484848484849,
        874.2424242424242,
        2
      ],
      "num_keypoints": 20,
      "iscrowd": 0,
      "segmentation": [],
      "group_id": 1
    },
    {
      "category_id": 1,
      "image_id": 0,
      "id": 1,
      "bbox": [
        655.0666666666667,
        294.59999999999997,
        179.19999999999982,
        656.8
      ],
      "area": 117698.55999999987,
      "keypoints": [
        750.0000000000001,
        377.9220779220779,
        2,
        747.7272727272726,
        360.6060606060606,
        1,
        737.9652605459056,
        368.73449131513644,
        2,
        726.6666666666666,
        334.6666666666667,
        0,
        700.4444444444445,
        349.3333333333333,
        2,
        752.8888888888889,
        397.77777777777777,
        2,
        675.5555555555555,
        419.55555555555554,
        2,
        810.6060606060606,
        480.3030303030303,
        2,
        721.2121212121212,
        537.8787878787879,
        2,
        844.6666666666666,
        440.6666666666667,
        0,
        819.3333333333333,
        558.0,
        2,
        756.6666666666666,
        602.0,
        2,
        714.0,
        614.0,
        2,
        758.0,
        738.0,
        2,
        730.0,
        751.3333333333334,
        2,
        722.0,
        839.3333333333334,
        1,
        698.0,
        848.6666666666666,
        2,
        698.0,
        872.6666666666666,
        1,
        670.0,
        882.0,
        2,
        766.0,
        884.6666666666666,
        2,
        743.3333333333333,
        896.6666666666666,
        2
      ],
      "num_keypoints": 19,
      "iscrowd": 0,
      "segmentation": [],
      "group_id": 2
    }
  ]
}