{
  "categories": [
    {
      "supercategory": "person",
      "id": 1,
      "name": "person",
      "keypoints": [
        "nose",
        "left_eye",
        "right_eye",
        "left_ear",
        "right_ear",
        "left_shoulder",
        "right_shoulder",
        "left_elbow",
        "right_elbow",
        "left_wrist",
        "right_wrist",
        "left_hip",
        "right_hip",
        "left_knee",
        "right_knee",
        "left_ankle",
        "right_ankle",
        "left_heel",
        "right_heel",
        "left_foot",
        "right_foot"
      ],
      "skeleton": [
        [
          1,
          2
        ],
        [
          0,
          1
        ],
        [
          0,
          2
        ],
        [
          1,
          3
        ],
        [
          2,
          4
        ],
        [
          5,
          6
        ],
        [
          5,
          7
        ],
        [
          7,
          9
        ],
        [
          6,
          8
        ],
        [
          8,
          10
        ],
        [
          5,
          11
        ],
        [
          6,
          12
        ],
        [
          11,
          12
        ],
        [
          11,
          13
        ],
        [
          13,
          15
        ],
        [
          12,
          14
        ],
        [
          14,
          16
        ],
        [
          16,
          18
        ],
        [
          16,
          20
        ],
        [
          20,
          18
        ],
        [
          15,
          17
        ],
        [
          15,
          19
        ],
        [
          19,
          17
        ]
      ]
    }
  ],
  "images": [
    {
      "file_name": "000000000900.jpg",
      "height": 1200,
      "width": 1600,
      "id": 0
    }
  ],
  "annotations": [
    {
      "category_id": 1,
      "image_id": 0,
      "id": 0,
      "bbox": [
        919.2857142857142,
        214.19799498746863,
        191.42857142857156,
        578.1954887218044
      ],
      "area": 110683.13641245977,
      "keypoints": [
        982.3529411764706,
        298.03921568627453,
        2,
        999.047619047619,
        287.1428571428571,
        2,
        972.3809523809523,
        287.1428571428571,
        2,
        1023.3333333333333,
        262.38095238095235,
        2,
        969.047619047619,
        266.1904761904762,
        0,
        1074.2857142857142,
        298.57142857142856,
        2,
        943.8095238095237,
        292.38095238095235,
        2,
        1094.7619047619048,
        419.5238095238095,
        2,
        942.8571428571428,
        392.38095238095235,
        2,
        1084.2857142857142,
        504.76190476190476,
        2,
        935.2380952380952,
        487.1428571428571,
        2,
        1051.904761904762,
        477.1428571428571,
        2,
        969.230769230769,
        475.64102564102564,
        2,
        1041.0256410256409,
        606.4102564102564,
        2,
        988.4615384615383,
        611.5384615384615,
        2,
        1050.0,
        698.7179487179487,
        2,
        1024.3589743589744,
        696.1538461538462,
        1,
        1064.7368421052631,
        706.8421052631578,
        2,
        1032.6315789473683,
        709.4736842105262,
        1,
        1048.9473684210525,
        744.2105263157894,
        2,
        1017.3684210526316,
        740.5263157894736,
        2
      ],
      "num_keypoints": 20,
      "iscrowd": 0,
      "segmentation": [],
      "group_id": 1
    },
    {
      "category_id": 1,
      "image_id": 0,
      "id": 1,
      "bbox": [
        711.5229885057471,
        322.5431034482759,
        223.79310344827582,
        582.9310344827586
      ],
      "area": 130455.94530321044,
      "keypoints": [
        799.9999999999999,
        383.18965517241384,
        2,
        803.448275862069,
        373.2758620689655,
        2,
        791.8103448275862,
        372.8448275862069,
        2,
        780.603448275862,
        369.39655172413796,
        0,
        758.1896551724137,
        371.12068965517244,
        2,
        803.3333333333333,
        417.1428571428571,
        2,
        743.8095238095237,
        429.5238095238095,
        2,
        870.0,
        437.6190476190476,
        2,
        805.2380952380952,
        446.66666666666663,
        2,
        916.6666666666666,
        404.2857142857143,
        1,
        894.7619047619047,
        392.38095238095235,
        2,
        819.2307692307692,
        583.3333333333334,
        2,
        776.9230769230769,
        592.3076923076923,
        2,
        799.9999999999999,
        728.2051282051282,
        2,
        776.9230769230769,
        733.3333333333334,
        2,
        777.5862068965516,
        816.3793103448277,
        2,
        742.2413793103448,
        842.2413793103449,
        2,
        774.1379310344827,
        828.4482758620691,
        2,
        730.1724137931034,
        851.7241379310345,
        2,
        802.5862068965516,
        829.3103448275863,
        2,
        755.1724137931034,
        856.896551724138,
        2
      ],
      "num_keypoints": 20,
      "iscrowd": 0,
      "segmentation": [],
      "group_id": 2
    }
  ]
}