{
  "categories": [
    {
      "supercategory": "person",
      "id": 1,
      "name": "person",
      "keypoints": [
        "nose",
        "left_eye",
        "right_eye",
        "left_ear",
        "right_ear",
        "left_shoulder",
        "right_shoulder",
        "left_elbow",
        "right_elbow",
        "left_wrist",
        "right_wrist",
        "left_hip",
        "right_hip",
        "left_knee",
        "right_knee",
        "left_ankle",
        "right_ankle",
        "left_heel",
        "right_heel",
        "left_foot",
        "right_foot"
      ],
      "skeleton": [
        [
          1,
          2
        ],
        [
          0,
          1
        ],
        [
          0,
          2
        ],
        [
          1,
          3
        ],
        [
          2,
          4
        ],
        [
          5,
          6
        ],
        [
          5,
          7
        ],
        [
          7,
          9
        ],
        [
          6,
          8
        ],
        [
          8,
          10
        ],
        [
          5,
          11
        ],
        [
          6,
          12
        ],
        [
          11,
          12
        ],
        [
          11,
          13
        ],
        [
          13,
          15
        ],
        [
          12,
          14
        ],
        [
          14,
          16
        ],
        [
          16,
          18
        ],
        [
          16,
          20
        ],
        [
          20,
          18
        ],
        [
          15,
          17
        ],
        [
          15,
          19
        ],
        [
          19,
          17
        ]
      ]
    }
  ],
  "images": [
    {
      "file_name": "000000001977.jpg",
      "height": 1200,
      "width": 1600,
      "id": 0
    }
  ],
  "annotations": [
    {
      "category_id": 1,
      "image_id": 0,
      "id": 0,
      "bbox": [
        916.2500000000001,
        202.21861471861476,
        196.66666666666663,
        673.3766233766233
      ],
      "area": 132430.7359307359,
      "keypoints": [
        936.8055555555555,
        294.44444444444446,
        2,
        950.6944444444445,
        284.72222222222223,
        2,
        932.638888888889,
        279.1666666666667,
        1,
        988.1944444444445,
        258.33333333333337,
        2,
        940.9722222222223,
        268.05555555555554,
        0,
        1040.9722222222222,
        322.22222222222223,
        2,
        943.7500000000001,
        326.3888888888889,
        1,
        1092.361111111111,
        422.22222222222223,
        2,
        943.7500000000001,
        419.44444444444446,
        2,
        1096.5277777777778,
        526.3888888888889,
        2,
        938.1944444444445,
        501.3888888888889,
        1,
        1029.861111111111,
        526.3888888888889,
        2,
        972.9166666666669,
        511.11111111111114,
        2,
        1003.4722222222223,
        634.7222222222223,
        2,
        954.8611111111112,
        636.1111111111111,
        2,
        997.9166666666669,
        758.3333333333334,
        2,
        952.0833333333334,
        765.2777777777778,
        2,
        994.1558441558442,
        793.5064935064935,
        1,
        968.1818181818181,
        796.1038961038961,
        1,
        973.3766233766233,
        819.4805194805194,
        2,
        947.4025974025974,
        809.0909090909091,
        2
      ],
      "num_keypoints": 20,
      "iscrowd": 0,
      "segmentation": [],
      "group_id": 1
    },
    {
      "category_id": 1,
      "image_id": 0,
      "id": 1,
      "bbox": [
        720.680735930736,
        272.99999999999994,
        221.83116883116884,
        651.2727272727275
      ],
      "area": 144472.59031877219,
      "keypoints": [
        894.1558441558441,
        349.35064935064935,
        2,
        904.5454545454545,
        337.6623376623377,
        1,
        892.8571428571428,
        331.16883116883116,
        2,
        875.974025974026,
        331.16883116883116,
        0,
        851.2987012987013,
        327.27272727272725,
        2,
        875.974025974026,
        389.6103896103896,
        0,
        814.9350649350649,
        401.2987012987013,
        2,
        908.4415584415584,
        484.4155844155844,
        1,
        885.0649350649351,
        463.6363636363636,
        2,
        937.012987012987,
        451.94805194805195,
        0,
        924.025974025974,
        385.7142857142857,
        2,
        887.6623376623377,
        603.8961038961039,
        2,
        848.7012987012987,
        610.3896103896104,
        2,
        890.9090909090909,
        687.012987012987,
        2,
        836.3636363636364,
        703.8961038961039,
        2,
        884.1666666666667,
        796.6666666666667,
        2,
        760.8333333333334,
        818.3333333333334,
        2,
        870.8333333333335,
        810.0000000000001,
        2,
        739.1666666666667,
        863.3333333333334,
        2,
        907.5,
        816.6666666666667,
        2,
        785.8333333333335,
        870.0000000000001,
        2
      ],
      "num_keypoints": 18,
      "iscrowd": 0,
      "segmentation": [],
      "group_id": 2
    }
  ]
}