{
  "categories": [
    {
      "supercategory": "person",
      "id": 1,
      "name": "person",
      "keypoints": [
        "nose",
        "left_eye",
        "right_eye",
        "left_ear",
        "right_ear",
        "left_shoulder",
        "right_shoulder",
        "left_elbow",
        "right_elbow",
        "left_wrist",
        "right_wrist",
        "left_hip",
        "right_hip",
        "left_knee",
        "right_knee",
        "left_ankle",
        "right_ankle",
        "left_heel",
        "right_heel",
        "left_foot",
        "right_foot"
      ],
      "skeleton": [
        [
          1,
          2
        ],
        [
          0,
          1
        ],
        [
          0,
          2
        ],
        [
          1,
          3
        ],
        [
          2,
          4
        ],
        [
          5,
          6
        ],
        [
          5,
          7
        ],
        [
          7,
          9
        ],
        [
          6,
          8
        ],
        [
          8,
          10
        ],
        [
          5,
          11
        ],
        [
          6,
          12
        ],
        [
          11,
          12
        ],
        [
          11,
          13
        ],
        [
          13,
          15
        ],
        [
          12,
          14
        ],
        [
          14,
          16
        ],
        [
          16,
          18
        ],
        [
          16,
          20
        ],
        [
          20,
          18
        ],
        [
          15,
          17
        ],
        [
          15,
          19
        ],
        [
          19,
          17
        ]
      ]
    }
  ],
  "images": [
    {
      "file_name": "000000001521.jpg",
      "height": 1200,
      "width": 1600,
      "id": 0
    }
  ],
  "annotations": [
    {
      "category_id": 1,
      "image_id": 0,
      "id": 0,
      "bbox": [
        585.2777777777778,
        356.9111111111111,
        235.0000000000001,
        553.0666666666666
      ],
      "area": 129970.66666666672,
      "keypoints": [
        689.5833333333334,
        418.05555555555554,
        2,
        704.0,
        403.0,
        2,
        682.6388888888889,
        404.1666666666667,
        2,
        732.6388888888889,
        409.72222222222223,
        1,
        690.9722222222223,
        393.05555555555554,
        0,
        739.5833333333334,
        458.33333333333337,
        2,
        682.6388888888889,
        459.72222222222223,
        2,
        781.2500000000001,
        456.94444444444446,
        2,
        604.8611111111112,
        452.77777777777777,
        2,
        747.9166666666667,
        406.94444444444446,
        2,
        661.8055555555557,
        408.33333333333337,
        2,
        728.4722222222223,
        629.1666666666667,
        2,
        681.2500000000001,
        633.3333333333334,
        1,
        742.3611111111112,
        756.9444444444445,
        2,
        699.3055555555557,
        766.6666666666667,
        2,
        775.6944444444446,
        827.7777777777778,
        2,
        729.8611111111112,
        820.8333333333334,
        2,
        800.6944444444446,
        834.7222222222223,
        2,
        747.9166666666667,
        844.4444444444446,
        2,
        771.5277777777778,
        863.8888888888889,
        2,
        709.0277777777778,
        850.0000000000001,
        2
      ],
      "num_keypoints": 20,
      "iscrowd": 0,
      "segmentation": [],
      "group_id": 1
    },
    {
      "category_id": 1,
      "image_id": 0,
      "id": 1,
      "bbox": [
        320.2597402597402,
        356.45238095238096,
        232.20779220779224,
        787.5064935064934
      ],
      "area": 182865.1442064429,
      "keypoints": [
        404.86111111111114,
        434.72222222222223,
        0,
        386.3636363636364,
        420.7792207792208,
        0,
        429.2207792207792,
        411.68831168831167,
        0,
        366.8831168831169,
        428.57142857142856,
        0,
        412.3376623376623,
        422.0779220779221,
        2,
        339.6103896103896,
        506.49350649350646,
        1,
        435.7142857142857,
        531.1688311688312,
        2,
        368.1818181818182,
        657.1428571428571,
        0,
        475.97402597402595,
        662.3376623376623,
        2,
        438.3116883116883,
        646.7532467532467,
        0,
        533.1168831168831,
        641.5584415584416,
        2,
        374.67532467532465,
        758.4415584415584,
        1,
        464.2857142857142,
        751.9480519480519,
        2,
        396.1038961038961,
        884.4155844155844,
        1,
        474.025974025974,
        885.7142857142857,
        1,
        409.16666666666674,
        1018.3333333333334,
        2,
        459.16666666666674,
        1050.0,
        1,
        402.5,
        1045.0,
        2,
        462.5,
        1078.3333333333333,
        1,
        417.5,
        996.6666666666667,
        1,
        510.83333333333337,
        1060.0,
        2
      ],
      "num_keypoints": 15,
      "iscrowd": 0,
      "segmentation": [],
      "group_id": 2
    }
  ]
}