{
  "categories": [
    {
      "supercategory": "person",
      "id": 1,
      "name": "person",
      "keypoints": [
        "nose",
        "left_eye",
        "right_eye",
        "left_ear",
        "right_ear",
        "left_shoulder",
        "right_shoulder",
        "left_elbow",
        "right_elbow",
        "left_wrist",
        "right_wrist",
        "left_hip",
        "right_hip",
        "left_knee",
        "right_knee",
        "left_ankle",
        "right_ankle",
        "left_heel",
        "right_heel",
        "left_foot",
        "right_foot"
      ],
      "skeleton": [
        [
          1,
          2
        ],
        [
          0,
          1
        ],
        [
          0,
          2
        ],
        [
          1,
          3
        ],
        [
          2,
          4
        ],
        [
          5,
          6
        ],
        [
          5,
          7
        ],
        [
          7,
          9
        ],
        [
          6,
          8
        ],
        [
          8,
          10
        ],
        [
          5,
          11
        ],
        [
          6,
          12
        ],
        [
          11,
          12
        ],
        [
          11,
          13
        ],
        [
          13,
          15
        ],
        [
          12,
          14
        ],
        [
          14,
          16
        ],
        [
          16,
          18
        ],
        [
          16,
          20
        ],
        [
          20,
          18
        ],
        [
          15,
          17
        ],
        [
          15,
          19
        ],
        [
          19,
          17
        ]
      ]
    }
  ],
  "images": [
    {
      "file_name": "000000000036.jpg",
      "height": 1200,
      "width": 1600,
      "id": 0
    }
  ],
  "annotations": [
    {
      "category_id": 1,
      "image_id": 0,
      "id": 0,
      "bbox": [
        840.0,
        253.0392156862745,
        331.7647058823529,
        292.9411764705882
      ],
      "area": 97187.54325259513,
      "keypoints": [
        876.2295081967213,
        290.1639344262295,
        2,
        892.156862745098,
        277.45098039215685,
        2,
        867.6470588235294,
        280.3921568627451,
        1,
        932.3529411764706,
        281.37254901960785,
        2,
        864.7058823529412,
        288.72549019607845,
        0,
        1000.9803921568628,
        349.01960784313724,
        2,
        871.5686274509803,
        339.70588235294116,
        2,
        1029.4117647058824,
        445.09803921568624,
        2,
        893.1372549019608,
        436.27450980392155,
        1,
        1048.0392156862745,
        521.5686274509803,
        2,
        896.078431372549,
        499.01960784313724,
        2,
        1048.360655737705,
        400.0,
        2,
        987.704918032787,
        411.4754098360656,
        0,
        1086.0655737704917,
        439.344262295082,
        1,
        1050.9803921568628,
        439.2156862745098,
        0,
        1129.4117647058824,
        421.5686274509804,
        2,
        1075.4901960784314,
        439.2156862745098,
        0,
        1124.5098039215686,
        402.94117647058823,
        1,
        1097.0588235294117,
        421.5686274509804,
        0,
        1144.1176470588234,
        451.96078431372547,
        2,
        1103.5398230088495,
        470.7964601769911,
        2
      ],
      "num_keypoints": 16,
      "iscrowd": 0,
      "segmentation": [],
      "group_id": 1
    },
    {
      "category_id": 1,
      "image_id": 0,
      "id": 1,
      "bbox": [
        701.8788819875776,
        327.028853046595,
        163.16770186335395,
        599.8473118279571
      ],
      "area": 97875.70733987843,
      "keypoints": [
        779.4117647058823,
        390.19607843137254,
        1,
        783.4677419354839,
        381.0483870967742,
        0,
        769.758064516129,
        377.01612903225805,
        2,
        775.4032258064516,
        369.758064516129,
        0,
        741.5322580645161,
        377.4193548387097,
        2,
        788.4955752212388,
        421.2389380530973,
        1,
        715.4761904761905,
        436.30952380952385,
        2,
        851.4492753623188,
        452.17391304347825,
        1,
        752.8985507246376,
        478.98550724637676,
        2,
        881.8840579710144,
        415.9420289855072,
        0,
        831.159420289855,
        439.85507246376807,
        2,
        802.9411764705882,
        608.8235294117646,
        2,
        757.843137254902,
        615.6862745098039,
        2,
        799.9999999999999,
        740.7079646017698,
        2,
        752.2123893805309,
        753.9823008849556,
        2,
        776.1061946902654,
        823.008849557522,
        2,
        737.2549019607843,
        833.3333333333334,
        2,
        759.8039215686274,
        842.156862745098,
        0,
        721.081081081081,
        860.5405405405405,
        2,
        807.1111111111111,
        848.4444444444445,
        2,
        757.3333333333334,
        876.8888888888889,
        2
      ],
      "num_keypoints": 17,
      "iscrowd": 0,
      "segmentation": [],
      "group_id": 2
    }
  ]
}