{
  "categories": [
    {
      "supercategory": "person",
      "id": 1,
      "name": "person",
      "keypoints": [
        "nose",
        "left_eye",
        "right_eye",
        "left_ear",
        "right_ear",
        "left_shoulder",
        "right_shoulder",
        "left_elbow",
        "right_elbow",
        "left_wrist",
        "right_wrist",
        "left_hip",
        "right_hip",
        "left_knee",
        "right_knee",
        "left_ankle",
        "right_ankle",
        "left_heel",
        "right_heel",
        "left_foot",
        "right_foot"
      ],
      "skeleton": [
        [
          1,
          2
        ],
        [
          0,
          1
        ],
        [
          0,
          2
        ],
        [
          1,
          3
        ],
        [
          2,
          4
        ],
        [
          5,
          6
        ],
        [
          5,
          7
        ],
        [
          7,
          9
        ],
        [
          6,
          8
        ],
        [
          8,
          10
        ],
        [
          5,
          11
        ],
        [
          6,
          12
        ],
        [
          11,
          12
        ],
        [
          11,
          13
        ],
        [
          13,
          15
        ],
        [
          12,
          14
        ],
        [
          14,
          16
        ],
        [
          16,
          18
        ],
        [
          16,
          20
        ],
        [
          20,
          18
        ],
        [
          15,
          17
        ],
        [
          15,
          19
        ],
        [
          19,
          17
        ]
      ]
    }
  ],
  "images": [
    {
      "file_name": "000000000424.jpg",
      "height": 1200,
      "width": 1600,
      "id": 0
    }
  ],
  "annotations": [
    {
      "category_id": 1,
      "image_id": 0,
      "id": 0,
      "bbox": [
        616.6304347826086,
        310.39473684210526,
        230.86956521739137,
        625.2631578947369
      ],
      "area": 144354.23340961104,
      "keypoints": [
        723.1884057971014,
        375.3623188405797,
        2,
        741.5322580645161,
        370.16129032258067,
        2,
        719.758064516129,
        362.5,
        2,
        765.6862745098039,
        382.3529411764706,
        2,
        712.5,
        372.0238095238095,
        0,
        792.2619047619048,
        433.33333333333337,
        2,
        684.9557522123893,
        429.2035398230088,
        2,
        828.2608695652174,
        516.3043478260869,
        2,
        635.8695652173913,
        514.1304347826086,
        2,
        779.3478260869565,
        522.8260869565217,
        2,
        672.8260869565217,
        530.4347826086956,
        2,
        750.6172839506172,
        634.5679012345679,
        2,
        703.7037037037037,
        633.3333333333333,
        2,
        741.3333333333334,
        748.0,
        2,
        721.3333333333334,
        737.3333333333334,
        1,
        736.2745098039215,
        828.4313725490196,
        2,
        750.0,
        789.2156862745098,
        0,
        717.6991150442477,
        871.6814159292035,
        2,
        769.0265486725663,
        814.1592920353982,
        2,
        741.4473684210526,
        883.5526315789474,
        2,
        732.1428571428572,
        826.7857142857143,
        0
      ],
      "num_keypoints": 18,
      "iscrowd": 0,
      "segmentation": [],
      "group_id": 2
    }
  ]
}