{
  "categories": [
    {
      "supercategory": "person",
      "id": 1,
      "name": "person",
      "keypoints": [
        "nose",
        "left_eye",
        "right_eye",
        "left_ear",
        "right_ear",
        "left_shoulder",
        "right_shoulder",
        "left_elbow",
        "right_elbow",
        "left_wrist",
        "right_wrist",
        "left_hip",
        "right_hip",
        "left_knee",
        "right_knee",
        "left_ankle",
        "right_ankle",
        "left_heel",
        "right_heel",
        "left_foot",
        "right_foot"
      ],
      "skeleton": [
        [
          1,
          2
        ],
        [
          0,
          1
        ],
        [
          0,
          2
        ],
        [
          1,
          3
        ],
        [
          2,
          4
        ],
        [
          5,
          6
        ],
        [
          5,
          7
        ],
        [
          7,
          9
        ],
        [
          6,
          8
        ],
        [
          8,
          10
        ],
        [
          5,
          11
        ],
        [
          6,
          12
        ],
        [
          11,
          12
        ],
        [
          11,
          13
        ],
        [
          13,
          15
        ],
        [
          12,
          14
        ],
        [
          14,
          16
        ],
        [
          16,
          18
        ],
        [
          16,
          20
        ],
        [
          20,
          18
        ],
        [
          15,
          17
        ],
        [
          15,
          19
        ],
        [
          19,
          17
        ]
      ]
    }
  ],
  "images": [
    {
      "file_name": "000000000279.jpg",
      "height": 1200,
      "width": 1600,
      "id": 0
    }
  ],
  "annotations": [
    {
      "category_id": 1,
      "image_id": 0,
      "id": 0,
      "bbox": [
        661.3725490196078,
        228.42200610221207,
        392.9411764705882,
        724.7254004576658
      ],
      "area": 284774.4514739534,
      "keypoints": [
        913.9344262295083,
        308.1967213114754,
        2,
        927.4509803921568,
        298.03921568627453,
        2,
        902.9411764705882,
        298.03921568627453,
        2,
        964.7058823529411,
        289.2156862745098,
        2,
        895.3947368421052,
        288.8157894736842,
        1,
        1013.1578947368421,
        330.92105263157896,
        2,
        893.4782608695651,
        332.6086956521739,
        1,
        1016.867469879518,
        450.6024096385542,
        2,
        853.012048192771,
        451.8072289156626,
        2,
        1021.5686274509803,
        564.7058823529412,
        2,
        839.2156862745098,
        549.0196078431372,
        1,
        945.6521739130434,
        555.4347826086956,
        2,
        859.7826086956521,
        536.9565217391304,
        2,
        854.9180327868852,
        703.2786885245902,
        2,
        789.344262295082,
        698.360655737705,
        1,
        788.0434782608695,
        823.9130434782609,
        2,
        746.7391304347826,
        809.7826086956521,
        2,
        765.0602409638553,
        893.9759036144577,
        0,
        734.9397590361446,
        883.1325301204819,
        0,
        736.9565217391304,
        892.7536231884058,
        1,
        694.1176470588235,
        885.2941176470588,
        2
      ],
      "num_keypoints": 19,
      "iscrowd": 0,
      "segmentation": [],
      "group_id": 1
    },
    {
      "category_id": 1,
      "image_id": 0,
      "id": 1,
      "bbox": [
        721.4811985898942,
        284.8251158870628,
        150.87426556991772,
        639.2414664981036
      ],
      "area": 96445.08677973854,
      "keypoints": [
        804.0,
        352.8,
        2,
        815.4761904761905,
        338.09523809523813,
        2,
        790.4761904761905,
        341.75824175824175,
        2,
        819.047619047619,
        332.23443223443223,
        0,
        753.8461538461538,
        344.32234432234435,
        2,
        819.4594594594594,
        402.7027027027027,
        0,
        734.0540540540541,
        410.8108108108108,
        2,
        864.1304347826086,
        484.78260869565213,
        0,
        791.3043478260869,
        473.9130434782609,
        2,
        860.8695652173913,
        460.8695652173913,
        0,
        859.7826086956521,
        390.2173913043478,
        2,
        832.6086956521739,
        622.8260869565217,
        0,
        771.311475409836,
        622.9508196721312,
        1,
        815.5737704918032,
        732.7868852459017,
        0,
        758.1967213114754,
        736.0655737704918,
        0,
        802.4590163934427,
        832.7868852459017,
        0,
        753.2608695652174,
        848.9130434782609,
        0,
        792.391304347826,
        868.4782608695651,
        1,
        738.0530973451326,
        877.8761061946901,
        0,
        846.9026548672565,
        870.7964601769911,
        2,
        771.6814159292035,
        904.4247787610618,
        0
      ],
      "num_keypoints": 10,
      "iscrowd": 0,
      "segmentation": [],
      "group_id": 2
    }
  ]
}