{
  "categories": [
    {
      "supercategory": "person",
      "id": 1,
      "name": "person",
      "keypoints": [
        "nose",
        "left_eye",
        "right_eye",
        "left_ear",
        "right_ear",
        "left_shoulder",
        "right_shoulder",
        "left_elbow",
        "right_elbow",
        "left_wrist",
        "right_wrist",
        "left_hip",
        "right_hip",
        "left_knee",
        "right_knee",
        "left_ankle",
        "right_ankle",
        "left_heel",
        "right_heel",
        "left_foot",
        "right_foot"
      ],
      "skeleton": [
        [
          1,
          2
        ],
        [
          0,
          1
        ],
        [
          0,
          2
        ],
        [
          1,
          3
        ],
        [
          2,
          4
        ],
        [
          5,
          6
        ],
        [
          5,
          7
        ],
        [
          7,
          9
        ],
        [
          6,
          8
        ],
        [
          8,
          10
        ],
        [
          5,
          11
        ],
        [
          6,
          12
        ],
        [
          11,
          12
        ],
        [
          11,
          13
        ],
        [
          13,
          15
        ],
        [
          12,
          14
        ],
        [
          14,
          16
        ],
        [
          16,
          18
        ],
        [
          16,
          20
        ],
        [
          20,
          18
        ],
        [
          15,
          17
        ],
        [
          15,
          19
        ],
        [
          19,
          17
        ]
      ]
    }
  ],
  "images": [
    {
      "file_name": "000000001101.jpg",
      "height": 1200,
      "width": 1600,
      "id": 0
    }
  ],
  "annotations": [
    {
      "category_id": 1,
      "image_id": 0,
      "id": 0,
      "bbox": [
        668.0102040816327,
        161.18651301749895,
        411.15027829313556,
        753.0857874519845
      ],
      "area": 309631.43108948856,
      "keypoints": [
        940.2173913043478,
        236.95652173913044,
        2,
        957.7464788732395,
        228.16901408450704,
        2,
        931.6901408450705,
        223.943661971831,
        2,
        992.3076923076923,
        241.34615384615384,
        2,
        932.3717948717948,
        235.89743589743588,
        0,
        1008.1632653061225,
        309.1836734693877,
        2,
        897.9591836734695,
        311.2244897959183,
        2,
        1044.8979591836735,
        437.75510204081627,
        2,
        857.1428571428572,
        443.8775510204082,
        2,
        1020.4081632653063,
        531.6326530612245,
        2,
        854.5045045045044,
        520.2702702702702,
        0,
        954.5454545454545,
        533.7662337662338,
        2,
        856.4935064935065,
        512.987012987013,
        2,
        862.9870129870129,
        612.9870129870129,
        2,
        816.2337662337662,
        620.7792207792207,
        2,
        779.87012987013,
        784.4155844155844,
        2,
        750.6493506493506,
        770.1298701298701,
        2,
        788.3116883116883,
        840.2597402597403,
        2,
        756.8181818181819,
        822.7272727272727,
        1,
        747.7272727272726,
        851.5151515151515,
        2,
        702.2727272727273,
        848.4848484848485,
        1
      ],
      "num_keypoints": 19,
      "iscrowd": 0,
      "segmentation": [],
      "group_id": 1
    },
    {
      "category_id": 1,
      "image_id": 0,
      "id": 1,
      "bbox": [
        641.5101944049312,
        309.6741854636591,
        237.0128022759601,
        663.1305536568696
      ],
      "area": 157170.43079702358,
      "keypoints": [
        709.7402597402597,
        383.1168831168831,
        2,
        711.6883116883117,
        364.93506493506493,
        2,
        691.4373088685015,
        380.1223241590214,
        2,
        694.1441441441441,
        355.40540540540536,
        0,
        661.2612612612612,
        394.1441441441441,
        2,
        719.647355163728,
        425.1889168765743,
        2,
        668.018018018018,
        453.6036036036036,
        2,
        800.0,
        493.93939393939394,
        2,
        792.4242424242424,
        451.5151515151515,
        2,
        837.719298245614,
        473.68421052631584,
        1,
        858.7719298245613,
        391.22807017543863,
        2,
        720.1754385964912,
        622.8070175438596,
        0,
        714.9122807017544,
        661.4035087719299,
        2,
        734.2105263157895,
        740.3508771929825,
        1,
        727.1929824561404,
        766.6666666666666,
        2,
        679.8245614035088,
        835.0877192982456,
        1,
        704.3859649122807,
        894.7368421052631,
        1,
        664.0350877192983,
        868.421052631579,
        2,
        700.8771929824561,
        917.5438596491229,
        1,
        706.140350877193,
        856.140350877193,
        1,
        742.9824561403509,
        915.7894736842105,
        2
      ],
      "num_keypoints": 19,
      "iscrowd": 0,
      "segmentation": [],
      "group_id": 2
    }
  ]
}