{
  "categories": [
    {
      "supercategory": "person",
      "id": 1,
      "name": "person",
      "keypoints": [
        "nose",
        "left_eye",
        "right_eye",
        "left_ear",
        "right_ear",
        "left_shoulder",
        "right_shoulder",
        "left_elbow",
        "right_elbow",
        "left_wrist",
        "right_wrist",
        "left_hip",
        "right_hip",
        "left_knee",
        "right_knee",
        "left_ankle",
        "right_ankle",
        "left_heel",
        "right_heel",
        "left_foot",
        "right_foot"
      ],
      "skeleton": [
        [
          1,
          2
        ],
        [
          0,
          1
        ],
        [
          0,
          2
        ],
        [
          1,
          3
        ],
        [
          2,
          4
        ],
        [
          5,
          6
        ],
        [
          5,
          7
        ],
        [
          7,
          9
        ],
        [
          6,
          8
        ],
        [
          8,
          10
        ],
        [
          5,
          11
        ],
        [
          6,
          12
        ],
        [
          11,
          12
        ],
        [
          11,
          13
        ],
        [
          13,
          15
        ],
        [
          12,
          14
        ],
        [
          14,
          16
        ],
        [
          16,
          18
        ],
        [
          16,
          20
        ],
        [
          20,
          18
        ],
        [
          15,
          17
        ],
        [
          15,
          19
        ],
        [
          19,
          17
        ]
      ]
    }
  ],
  "images": [
    {
      "file_name": "000000000154.jpg",
      "height": 1200,
      "width": 1600,
      "id": 0
    }
  ],
  "annotations": [
    {
      "category_id": 1,
      "image_id": 0,
      "id": 0,
      "bbox": [
        798.6306653809065,
        375.97649823736776,
        263.49083895853414,
        619.0928319623971
      ],
      "area": 163125.2896869868,
      "keypoints": [
        878.6764705882352,
        445.5882352941176,
        2,
        892.9729729729729,
        430.8108108108108,
        2,
        868.6486486486486,
        427.56756756756755,
        1,
        929.4117647058823,
        436.27450980392155,
        2,
        863.8157894736842,
        433.55263157894734,
        1,
        971.7105263157895,
        465.7894736842105,
        2,
        850.6578947368421,
        446.05263157894734,
        2,
        1040.1639344262294,
        493.44262295081967,
        2,
        833.6065573770492,
        462.29508196721315,
        2,
        1000.0,
        545.0980392156863,
        2,
        820.5882352941177,
        526.4705882352941,
        2,
        959.8360655737704,
        678.688524590164,
        2,
        876.2295081967213,
        677.0491803278688,
        2,
        935.2459016393443,
        827.8688524590165,
        2,
        836.8852459016393,
        816.3934426229508,
        2,
        962.6666666666666,
        893.3333333333334,
        2,
        864.0,
        868.0,
        2,
        976.4705882352941,
        916.6666666666666,
        2,
        893.1372549019608,
        880.3921568627451,
        2,
        956.5217391304348,
        943.4782608695651,
        2,
        870.4,
        924.0,
        2
      ],
      "num_keypoints": 21,
      "iscrowd": 0,
      "segmentation": [],
      "group_id": 1
    },
    {
      "category_id": 1,
      "image_id": 0,
      "id": 1,
      "bbox": [
        622.7407600208223,
        327.0056100981767,
        183.74804789172322,
        663.0294530154277
      ],
      "area": 121830.36768630186,
      "keypoints": [
        695.575221238938,
        397.3451327433628,
        2,
        700.0,
        382.258064516129,
        1,
        686.2903225806451,
        387.0967741935484,
        2,
        663.3064516129032,
        381.0483870967742,
        0,
        638.7096774193549,
        385.48387096774195,
        2,
        696.4601769911503,
        441.59292035398227,
        1,
        638.0530973451326,
        465.48672566371675,
        2,
        771.5686274509803,
        495.09803921568624,
        2,
        724.5098039215686,
        544.1176470588235,
        2,
        820.5882352941177,
        474.5098039215686,
        0,
        791.1764705882352,
        518.6274509803922,
        2,
        726.4705882352941,
        655.8823529411765,
        2,
        673.5294117647059,
        668.6274509803922,
        2,
        707.3770491803278,
        785.2459016393443,
        2,
        667.6470588235294,
        802.9411764705882,
        2,
        702.9411764705882,
        852.9411764705882,
        2,
        659.5588235294117,
        877.9411764705882,
        2,
        693.6,
        886.4,
        2,
        638.0434782608695,
        913.0434782608695,
        0,
        747.1014492753623,
        882.6086956521739,
        2,
        688.4057971014493,
        934.7826086956521,
        2
      ],
      "num_keypoints": 18,
      "iscrowd": 0,
      "segmentation": [],
      "group_id": 2
    }
  ]
}