{
  "categories": [
    {
      "supercategory": "person",
      "id": 1,
      "name": "person",
      "keypoints": [
        "nose",
        "left_eye",
        "right_eye",
        "left_ear",
        "right_ear",
        "left_shoulder",
        "right_shoulder",
        "left_elbow",
        "right_elbow",
        "left_wrist",
        "right_wrist",
        "left_hip",
        "right_hip",
        "left_knee",
        "right_knee",
        "left_ankle",
        "right_ankle",
        "left_heel",
        "right_heel",
        "left_foot",
        "right_foot"
      ],
      "skeleton": [
        [
          1,
          2
        ],
        [
          0,
          1
        ],
        [
          0,
          2
        ],
        [
          1,
          3
        ],
        [
          2,
          4
        ],
        [
          5,
          6
        ],
        [
          5,
          7
        ],
        [
          7,
          9
        ],
        [
          6,
          8
        ],
        [
          8,
          10
        ],
        [
          5,
          11
        ],
        [
          6,
          12
        ],
        [
          11,
          12
        ],
        [
          11,
          13
        ],
        [
          13,
          15
        ],
        [
          12,
          14
        ],
        [
          14,
          16
        ],
        [
          16,
          18
        ],
        [
          16,
          20
        ],
        [
          20,
          18
        ],
        [
          15,
          17
        ],
        [
          15,
          19
        ],
        [
          19,
          17
        ]
      ]
    }
  ],
  "images": [
    {
      "file_name": "000000001786.jpg",
      "height": 1200,
      "width": 1600,
      "id": 0
    }
  ],
  "annotations": [
    {
      "category_id": 1,
      "image_id": 0,
      "id": 0,
      "bbox": [
        891.6531385281386,
        278.7463924963925,
        225.16233766233756,
        371.70995670995666
      ],
      "area": 83695.08278518014,
      "keypoints": [
        947.9166666666669,
        337.5,
        2,
        959.0277777777779,
        320.83333333333337,
        2,
        935.4166666666669,
        318.05555555555554,
        2,
        988.1944444444445,
        309.72222222222223,
        2,
        922.9166666666669,
        316.6666666666667,
        0,
        1034.0277777777778,
        365.27777777777777,
        2,
        921.5277777777779,
        365.27777777777777,
        2,
        1059.0277777777778,
        444.44444444444446,
        2,
        910.4166666666667,
        436.11111111111114,
        1,
        1071.5277777777778,
        543.0555555555555,
        2,
        929.8611111111112,
        513.8888888888889,
        1,
        1022.9166666666669,
        529.1666666666667,
        2,
        961.8055555555555,
        530.5555555555555,
        2,
        1052.0833333333333,
        609.7222222222223,
        2,
        1009.0277777777779,
        604.1666666666667,
        1,
        1085.4166666666667,
        588.8888888888889,
        2,
        1065.9722222222222,
        570.8333333333334,
        1,
        1098.051948051948,
        572.7272727272727,
        2,
        1068.1818181818182,
        557.1428571428571,
        0,
        1095.4545454545455,
        619.4805194805194,
        2,
        1062.987012987013,
        590.9090909090909,
        0
      ],
      "num_keypoints": 18,
      "iscrowd": 0,
      "segmentation": [],
      "group_id": 1
    },
    {
      "category_id": 1,
      "image_id": 0,
      "id": 1,
      "bbox": [
        723.9274891774893,
        352.0952380952381,
        182.87012987012974,
        590.4415584415585
      ],
      "area": 107974.12447292962,
      "keypoints": [
        812.3376623376623,
        425.97402597402595,
        0,
        812.3376623376623,
        405.1948051948052,
        0,
        817.5324675324675,
        407.79220779220776,
        0,
        781.1688311688312,
        393.5064935064935,
        0,
        795.4545454545454,
        401.2987012987013,
        2,
        738.3116883116883,
        459.7402597402597,
        0,
        790.2597402597403,
        476.6233766233766,
        2,
        842.2077922077922,
        467.53246753246754,
        2,
        821.4285714285714,
        555.8441558441558,
        1,
        878.5714285714286,
        436.3636363636364,
        2,
        891.5584415584416,
        525.974025974026,
        2,
        738.3116883116883,
        641.5584415584416,
        0,
        795.4545454545454,
        668.8311688311688,
        1,
        753.2467532467532,
        742.8571428571429,
        1,
        798.7012987012987,
        751.9480519480519,
        2,
        750.8333333333334,
        863.3333333333334,
        1,
        779.1666666666667,
        871.6666666666667,
        2,
        739.1666666666667,
        876.6666666666667,
        2,
        764.1666666666667,
        893.3333333333334,
        2,
        779.1666666666667,
        866.6666666666667,
        1,
        807.5,
        883.3333333333334,
        2
      ],
      "num_keypoints": 15,
      "iscrowd": 0,
      "segmentation": [],
      "group_id": 2
    }
  ]
}