{
  "categories": [
    {
      "supercategory": "person",
      "id": 1,
      "name": "person",
      "keypoints": [
        "nose",
        "left_eye",
        "right_eye",
        "left_ear",
        "right_ear",
        "left_shoulder",
        "right_shoulder",
        "left_elbow",
        "right_elbow",
        "left_wrist",
        "right_wrist",
        "left_hip",
        "right_hip",
        "left_knee",
        "right_knee",
        "left_ankle",
        "right_ankle",
        "left_heel",
        "right_heel",
        "left_foot",
        "right_foot"
      ],
      "skeleton": [
        [
          1,
          2
        ],
        [
          0,
          1
        ],
        [
          0,
          2
        ],
        [
          1,
          3
        ],
        [
          2,
          4
        ],
        [
          5,
          6
        ],
        [
          5,
          7
        ],
        [
          7,
          9
        ],
        [
          6,
          8
        ],
        [
          8,
          10
        ],
        [
          5,
          11
        ],
        [
          6,
          12
        ],
        [
          11,
          12
        ],
        [
          11,
          13
        ],
        [
          13,
          15
        ],
        [
          12,
          14
        ],
        [
          14,
          16
        ],
        [
          16,
          18
        ],
        [
          16,
          20
        ],
        [
          20,
          18
        ],
        [
          15,
          17
        ],
        [
          15,
          19
        ],
        [
          19,
          17
        ]
      ]
    }
  ],
  "images": [
    {
      "file_name": "000000000898.jpg",
      "height": 1200,
      "width": 1600,
      "id": 0
    }
  ],
  "annotations": [
    {
      "category_id": 1,
      "image_id": 0,
      "id": 0,
      "bbox": [
        744.0521778584391,
        206.5638469827586,
        393.4791288566246,
        329.0463362068966
      ],
      "area": 129472.86572415369,
      "keypoints": [
        1009.8039215686274,
        255.88235294117646,
        2,
        1023.828125,
        242.96875,
        2,
        1001.953125,
        242.1875,
        2,
        1055.859375,
        233.984375,
        2,
        1003.448275862069,
        231.89655172413794,
        0,
        1096.5517241379312,
        295.2586206896552,
        2,
        973.2758620689655,
        278.8793103448276,
        2,
        1104.7413793103449,
        418.5344827586207,
        2,
        948.2758620689655,
        380.1724137931035,
        1,
        1090.0862068965519,
        508.18965517241384,
        2,
        930.1724137931034,
        494.39655172413796,
        1,
        1041.3793103448277,
        408.18965517241384,
        2,
        947.4358974358975,
        401.28205128205127,
        2,
        969.230769230769,
        425.64102564102564,
        2,
        916.6666666666665,
        415.38461538461536,
        2,
        857.6923076923076,
        473.0769230769231,
        2,
        814.1025641025641,
        480.7692307692308,
        1,
        838.4210526315788,
        506.31578947368416,
        2,
        787.3684210526316,
        507.8947368421052,
        2,
        820.5263157894736,
        452.1052631578947,
        1,
        776.8421052631578,
        441.57894736842104,
        1
      ],
      "num_keypoints": 20,
      "iscrowd": 0,
      "segmentation": [],
      "group_id": 1
    },
    {
      "category_id": 1,
      "image_id": 0,
      "id": 1,
      "bbox": [
        715.1052631578946,
        322.4568965517242,
        229.26315789473688,
        583.9655172413793
      ],
      "area": 133881.77858439204,
      "keypoints": [
        790.948275862069,
        382.7586206896552,
        2,
        796.9827586206897,
        371.12068965517244,
        2,
        780.603448275862,
        372.4137931034483,
        2,
        780.1724137931034,
        366.3793103448276,
        0,
        746.9827586206895,
        373.7068965517242,
        2,
        808.9473684210526,
        413.1578947368421,
        0,
        734.2105263157894,
        429.99999999999994,
        2,
        872.1052631578947,
        436.31578947368416,
        0,
        804.2105263157894,
        455.7894736842105,
        0,
        925.2631578947368,
        396.31578947368416,
        1,
        897.3684210526316,
        390.52631578947364,
        2,
        814.1025641025641,
        585.8974358974359,
        2,
        776.9230769230769,
        589.7435897435897,
        2,
        796.1538461538461,
        729.4871794871794,
        2,
        769.2307692307692,
        737.1794871794872,
        2,
        777.5862068965516,
        815.5172413793103,
        2,
        742.2413793103448,
        841.3793103448277,
        2,
        776.7241379310344,
        830.1724137931035,
        2,
        734.4827586206895,
        849.1379310344828,
        2,
        801.7241379310344,
        831.0344827586207,
        2,
        758.6206896551723,
        857.7586206896552,
        2
      ],
      "num_keypoints": 17,
      "iscrowd": 0,
      "segmentation": [],
      "group_id": 2
    }
  ]
}