{
  "categories": [
    {
      "supercategory": "person",
      "id": 1,
      "name": "person",
      "keypoints": [
        "nose",
        "left_eye",
        "right_eye",
        "left_ear",
        "right_ear",
        "left_shoulder",
        "right_shoulder",
        "left_elbow",
        "right_elbow",
        "left_wrist",
        "right_wrist",
        "left_hip",
        "right_hip",
        "left_knee",
        "right_knee",
        "left_ankle",
        "right_ankle",
        "left_heel",
        "right_heel",
        "left_foot",
        "right_foot"
      ],
      "skeleton": [
        [
          1,
          2
        ],
        [
          0,
          1
        ],
        [
          0,
          2
        ],
        [
          1,
          3
        ],
        [
          2,
          4
        ],
        [
          5,
          6
        ],
        [
          5,
          7
        ],
        [
          7,
          9
        ],
        [
          6,
          8
        ],
        [
          8,
          10
        ],
        [
          5,
          11
        ],
        [
          6,
          12
        ],
        [
          11,
          12
        ],
        [
          11,
          13
        ],
        [
          13,
          15
        ],
        [
          12,
          14
        ],
        [
          14,
          16
        ],
        [
          16,
          18
        ],
        [
          16,
          20
        ],
        [
          20,
          18
        ],
        [
          15,
          17
        ],
        [
          15,
          19
        ],
        [
          19,
          17
        ]
      ]
    }
  ],
  "images": [
    {
      "file_name": "000000001701.jpg",
      "height": 1200,
      "width": 1600,
      "id": 0
    }
  ],
  "annotations": [
    {
      "category_id": 1,
      "image_id": 0,
      "id": 0,
      "bbox": [
        211.11111111111111,
        347.5,
        241.6666666666666,
        580.0000000000001
      ],
      "area": 140166.66666666666,
      "keypoints": [
        254.8611111111111,
        418.05555555555554,
        2,
        267.3611111111111,
        406.94444444444446,
        2,
        246.52777777777777,
        409.72222222222223,
        2,
        299.30555555555554,
        395.83333333333337,
        2,
        235.41666666666669,
        409.72222222222223,
        0,
        325.69444444444446,
        472.22222222222223,
        2,
        231.25,
        455.5555555555556,
        2,
        313.19444444444446,
        561.1111111111111,
        2,
        293.75,
        531.9444444444445,
        0,
        231.25,
        529.1666666666667,
        2,
        274.30555555555554,
        595.8333333333334,
        0,
        311.80555555555554,
        634.7222222222223,
        2,
        260.4166666666667,
        650.0,
        2,
        345.1388888888889,
        731.9444444444445,
        1,
        263.19444444444446,
        745.8333333333334,
        1,
        406.25000000000006,
        812.5,
        1,
        274.30555555555554,
        851.3888888888889,
        2,
        432.63888888888886,
        797.2222222222223,
        1,
        290.97222222222223,
        870.8333333333334,
        1,
        393.75,
        838.8888888888889,
        2,
        242.3611111111111,
        879.1666666666667,
        2
      ],
      "num_keypoints": 18,
      "iscrowd": 0,
      "segmentation": [],
      "group_id": 1
    },
    {
      "category_id": 1,
      "image_id": 0,
      "id": 1,
      "bbox": [
        650.9090909090909,
        314.5,
        207.27272727272725,
        589.6363636363637
      ],
      "area": 122215.53719008266,
      "keypoints": [
        743.5064935064935,
        379.2207792207792,
        2,
        761.6883116883116,
        368.83116883116884,
        2,
        734.4155844155844,
        363.6363636363636,
        2,
        792.8571428571429,
        367.53246753246754,
        2,
        743.5064935064935,
        370.12987012987014,
        0,
        826.6233766233765,
        449.35064935064935,
        2,
        704.5454545454545,
        433.76623376623377,
        2,
        840.9090909090909,
        540.2597402597403,
        1,
        674.6753246753246,
        512.987012987013,
        2,
        805.8441558441558,
        563.6363636363636,
        1,
        668.1818181818181,
        540.2597402597403,
        1,
        778.5714285714286,
        632.4675324675325,
        2,
        721.4285714285714,
        624.6753246753246,
        2,
        776.6233766233765,
        725.974025974026,
        2,
        705.1948051948052,
        735.0649350649351,
        1,
        764.1666666666667,
        811.6666666666667,
        2,
        705.8333333333334,
        821.6666666666667,
        2,
        750.8333333333334,
        831.6666666666667,
        2,
        709.1666666666667,
        836.6666666666667,
        1,
        795.8333333333335,
        846.6666666666667,
        2,
        707.5,
        855.0000000000001,
        2
      ],
      "num_keypoints": 20,
      "iscrowd": 0,
      "segmentation": [],
      "group_id": 2
    }
  ]
}