{
  "categories": [
    {
      "supercategory": "person",
      "id": 1,
      "name": "person",
      "keypoints": [
        "nose",
        "left_eye",
        "right_eye",
        "left_ear",
        "right_ear",
        "left_shoulder",
        "right_shoulder",
        "left_elbow",
        "right_elbow",
        "left_wrist",
        "right_wrist",
        "left_hip",
        "right_hip",
        "left_knee",
        "right_knee",
        "left_ankle",
        "right_ankle",
        "left_heel",
        "right_heel",
        "left_foot",
        "right_foot"
      ],
      "skeleton": [
        [
          1,
          2
        ],
        [
          0,
          1
        ],
        [
          0,
          2
        ],
        [
          1,
          3
        ],
        [
          2,
          4
        ],
        [
          5,
          6
        ],
        [
          5,
          7
        ],
        [
          7,
          9
        ],
        [
          6,
          8
        ],
        [
          8,
          10
        ],
        [
          5,
          11
        ],
        [
          6,
          12
        ],
        [
          11,
          12
        ],
        [
          11,
          13
        ],
        [
          13,
          15
        ],
        [
          12,
          14
        ],
        [
          14,
          16
        ],
        [
          16,
          18
        ],
        [
          16,
          20
        ],
        [
          20,
          18
        ],
        [
          15,
          17
        ],
        [
          15,
          19
        ],
        [
          19,
          17
        ]
      ]
    }
  ],
  "images": [
    {
      "file_name": "000000000908.jpg",
      "height": 1200,
      "width": 1600,
      "id": 0
    }
  ],
  "annotations": [
    {
      "category_id": 1,
      "image_id": 0,
      "id": 0,
      "bbox": [
        528.8644688644688,
        218.3272283272283,
        607.4725274725274,
        318.5347985347985
      ],
      "area": 193501.13915388635,
      "keypoints": [
        921.5686274509803,
        276.4705882352941,
        1,
        930.4964539007093,
        265.60283687943263,
        2,
        910.2836879432624,
        264.1843971631206,
        2,
        965.9574468085107,
        252.1276595744681,
        2,
        941.7989417989418,
        253.96825396825395,
        0,
        1007.6719576719576,
        306.3492063492063,
        2,
        906.8783068783068,
        287.3015873015873,
        2,
        1059.7883597883597,
        412.16931216931215,
        2,
        915.6084656084655,
        395.2380952380952,
        0,
        1085.7142857142856,
        510.3174603174603,
        2,
        928.8359788359787,
        488.35978835978835,
        2,
        912.1693121693121,
        423.28042328042324,
        2,
        887.1794871794871,
        419.2307692307692,
        0,
        799.9999999999999,
        365.38461538461536,
        2,
        788.4615384615383,
        378.2051282051282,
        1,
        637.1794871794871,
        305.12820512820514,
        2,
        628.2051282051282,
        296.15384615384613,
        1,
        610.8974358974359,
        318.5897435897436,
        2,
        579.4871794871794,
        315.38461538461536,
        2,
        614.7435897435897,
        244.87179487179486,
        1,
        623.7179487179487,
        258.3333333333333,
        1
      ],
      "num_keypoints": 18,
      "iscrowd": 0,
      "segmentation": [],
      "group_id": 1
    },
    {
      "category_id": 1,
      "image_id": 0,
      "id": 1,
      "bbox": [
        727.3539019963702,
        320.1699507389162,
        106.23593466424688,
        580.8177339901479
      ],
      "area": 61703.71484001328,
      "keypoints": [
        807.1428571428571,
        383.3333333333333,
        0,
        809.047619047619,
        370.0,
        0,
        784.7619047619047,
        368.57142857142856,
        1,
        796.6666666666666,
        371.90476190476187,
        0,
        770.0,
        376.66666666666663,
        0,
        828.9473684210526,
        419.4736842105263,
        0,
        741.578947368421,
        434.7368421052631,
        2,
        874.2105263157894,
        443.1578947368421,
        0,
        758.9473684210526,
        529.4736842105262,
        2,
        900.5263157894736,
        402.1052631578947,
        0,
        824.7368421052631,
        485.2631578947368,
        2,
        819.2307692307692,
        574.3589743589744,
        2,
        780.7692307692307,
        594.8717948717949,
        2,
        806.4102564102564,
        728.2051282051282,
        2,
        775.6410256410255,
        730.7692307692307,
        2,
        780.1724137931034,
        816.3793103448277,
        2,
        744.8275862068965,
        839.6551724137931,
        2,
        779.3103448275862,
        831.0344827586207,
        2,
        736.2068965517241,
        848.2758620689656,
        2,
        798.2758620689655,
        831.0344827586207,
        2,
        757.7586206896551,
        852.5862068965517,
        2
      ],
      "num_keypoints": 14,
      "iscrowd": 0,
      "segmentation": [],
      "group_id": 2
    }
  ]
}