{
  "categories": [
    {
      "supercategory": "person",
      "id": 1,
      "name": "person",
      "keypoints": [
        "nose",
        "left_eye",
        "right_eye",
        "left_ear",
        "right_ear",
        "left_shoulder",
        "right_shoulder",
        "left_elbow",
        "right_elbow",
        "left_wrist",
        "right_wrist",
        "left_hip",
        "right_hip",
        "left_knee",
        "right_knee",
        "left_ankle",
        "right_ankle",
        "left_heel",
        "right_heel",
        "left_foot",
        "right_foot"
      ],
      "skeleton": [
        [
          1,
          2
        ],
        [
          0,
          1
        ],
        [
          0,
          2
        ],
        [
          1,
          3
        ],
        [
          2,
          4
        ],
        [
          5,
          6
        ],
        [
          5,
          7
        ],
        [
          7,
          9
        ],
        [
          6,
          8
        ],
        [
          8,
          10
        ],
        [
          5,
          11
        ],
        [
          6,
          12
        ],
        [
          11,
          12
        ],
        [
          11,
          13
        ],
        [
          13,
          15
        ],
        [
          12,
          14
        ],
        [
          14,
          16
        ],
        [
          16,
          18
        ],
        [
          16,
          20
        ],
        [
          20,
          18
        ],
        [
          15,
          17
        ],
        [
          15,
          19
        ],
        [
          19,
          17
        ]
      ]
    }
  ],
  "images": [
    {
      "file_name": "000000001158.jpg",
      "height": 1200,
      "width": 1600,
      "id": 0
    }
  ],
  "annotations": [
    {
      "category_id": 1,
      "image_id": 0,
      "id": 0,
      "bbox": [
        1073.4693877551022,
        317.5592417061612,
        220.40816326530603,
        471.75355450236964
      ],
      "area": 103978.33446174674,
      "keypoints": [
        1170.5882352941176,
        365.6862745098039,
        2,
        1184.7122302158273,
        357.91366906474815,
        2,
        1163.9810426540284,
        356.872037914692,
        2,
        1210.9004739336494,
        354.97630331753555,
        0,
        1164.8106904231624,
        365.47884187082406,
        0,
        1228.5714285714287,
        376.53061224489795,
        2,
        1118.3673469387757,
        394.8979591836735,
        2,
        1275.5102040816328,
        462.2448979591836,
        2,
        1091.8367346938776,
        441.8367346938776,
        2,
        1220.4081632653063,
        474.48979591836735,
        2,
        1080.7692307692307,
        463.7362637362637,
        0,
        1233.7662337662337,
        562.3376623376623,
        2,
        1144.8051948051948,
        558.4415584415584,
        2,
        1191.5584415584417,
        662.3376623376623,
        2,
        1143.5064935064934,
        659.7402597402597,
        2,
        1201.9480519480521,
        718.1818181818181,
        2,
        1170.1298701298701,
        715.5844155844155,
        1,
        1209.090909090909,
        733.7662337662338,
        2,
        1177.9591836734694,
        722.0408163265306,
        1,
        1197.7272727272725,
        750.0,
        2,
        1168.939393939394,
        740.9090909090909,
        2
      ],
      "num_keypoints": 18,
      "iscrowd": 0,
      "segmentation": [],
      "group_id": 1
    },
    {
      "category_id": 1,
      "image_id": 0,
      "id": 1,
      "bbox": [
        854.3859649122808,
        269.74937343358397,
        221.05263157894728,
        534.4360902255639
      ],
      "area": 118138.50415512461,
      "keypoints": [
        972.0779220779222,
        327.27272727272725,
        2,
        980.5194805194805,
        314.2857142857143,
        1,
        962.6262626262626,
        317.5084175084175,
        2,
        958.3333333333334,
        292.42424242424244,
        0,
        939.3939393939394,
        317.5084175084175,
        2,
        964.3097643097642,
        359.25925925925924,
        2,
        915.8249158249158,
        366.66666666666663,
        2,
        996.9696969696969,
        425.75757575757575,
        2,
        956.060606060606,
        466.6666666666667,
        2,
        1057.017543859649,
        421.0526315789474,
        2,
        1027.1929824561403,
        443.85964912280707,
        2,
        979.8245614035088,
        535.0877192982457,
        2,
        946.4912280701753,
        538.5964912280702,
        2,
        983.3333333333333,
        612.280701754386,
        1,
        964.0350877192982,
        621.0526315789474,
        2,
        895.6140350877192,
        668.421052631579,
        2,
        967.5438596491229,
        731.578947368421,
        2,
        872.8070175438597,
        675.438596491228,
        2,
        953.5087719298244,
        747.3684210526316,
        2,
        893.859649122807,
        691.2280701754386,
        2,
        979.8245614035088,
        759.6491228070175,
        2
      ],
      "num_keypoints": 20,
      "iscrowd": 0,
      "segmentation": [],
      "group_id": 2
    }
  ]
}