{
  "categories": [
    {
      "supercategory": "person",
      "id": 1,
      "name": "person",
      "keypoints": [
        "nose",
        "left_eye",
        "right_eye",
        "left_ear",
        "right_ear",
        "left_shoulder",
        "right_shoulder",
        "left_elbow",
        "right_elbow",
        "left_wrist",
        "right_wrist",
        "left_hip",
        "right_hip",
        "left_knee",
        "right_knee",
        "left_ankle",
        "right_ankle",
        "left_heel",
        "right_heel",
        "left_foot",
        "right_foot"
      ],
      "skeleton": [
        [
          1,
          2
        ],
        [
          0,
          1
        ],
        [
          0,
          2
        ],
        [
          1,
          3
        ],
        [
          2,
          4
        ],
        [
          5,
          6
        ],
        [
          5,
          7
        ],
        [
          7,
          9
        ],
        [
          6,
          8
        ],
        [
          8,
          10
        ],
        [
          5,
          11
        ],
        [
          6,
          12
        ],
        [
          11,
          12
        ],
        [
          11,
          13
        ],
        [
          13,
          15
        ],
        [
          12,
          14
        ],
        [
          14,
          16
        ],
        [
          16,
          18
        ],
        [
          16,
          20
        ],
        [
          20,
          18
        ],
        [
          15,
          17
        ],
        [
          15,
          19
        ],
        [
          19,
          17
        ]
      ]
    }
  ],
  "images": [
    {
      "file_name": "000000001142.jpg",
      "height": 1200,
      "width": 1600,
      "id": 0
    }
  ],
  "annotations": [
    {
      "category_id": 1,
      "image_id": 0,
      "id": 0,
      "bbox": [
        458.57142857142856,
        295.65996941896026,
        178.77551020408168,
        739.6803669724771
      ],
      "area": 132236.73499344697,
      "keypoints": [
        482.6086956521739,
        373.9130434782609,
        2,
        499.1285403050109,
        357.7342047930283,
        2,
        478.3,
        357.3,
        2,
        540.8866995073892,
        374.38423645320194,
        2,
        514.7783251231526,
        373.8916256157635,
        0,
        583.6734693877552,
        456.1224489795918,
        2,
        473.46938775510205,
        439.79591836734687,
        2,
        622.4489795918367,
        598.9795918367347,
        2,
        475.51020408163265,
        562.2448979591836,
        1,
        604.0816326530613,
        694.8979591836735,
        2,
        484.0796019900497,
        651.2437810945273,
        0,
        588.3116883116883,
        718.1818181818181,
        2,
        494.1558441558442,
        703.8961038961039,
        2,
        561.6883116883117,
        805.1948051948052,
        2,
        518.8311688311688,
        812.9870129870129,
        2,
        578.5714285714286,
        922.077922077922,
        2,
        549.3506493506493,
        916.8831168831168,
        2,
        611.6883116883117,
        949.3506493506493,
        2,
        562.1890547263681,
        943.781094527363,
        1,
        584.4036697247707,
        973.7003058103976,
        2,
        539.080459770115,
        958.0459770114943,
        2
      ],
      "num_keypoints": 19,
      "iscrowd": 0,
      "segmentation": [],
      "group_id": 1
    }
  ]
}