{
  "categories": [
    {
      "supercategory": "person",
      "id": 1,
      "name": "person",
      "keypoints": [
        "nose",
        "left_eye",
        "right_eye",
        "left_ear",
        "right_ear",
        "left_shoulder",
        "right_shoulder",
        "left_elbow",
        "right_elbow",
        "left_wrist",
        "right_wrist",
        "left_hip",
        "right_hip",
        "left_knee",
        "right_knee",
        "left_ankle",
        "right_ankle",
        "left_heel",
        "right_heel",
        "left_foot",
        "right_foot"
      ],
      "skeleton": [
        [
          1,
          2
        ],
        [
          0,
          1
        ],
        [
          0,
          2
        ],
        [
          1,
          3
        ],
        [
          2,
          4
        ],
        [
          5,
          6
        ],
        [
          5,
          7
        ],
        [
          7,
          9
        ],
        [
          6,
          8
        ],
        [
          8,
          10
        ],
        [
          5,
          11
        ],
        [
          6,
          12
        ],
        [
          11,
          12
        ],
        [
          11,
          13
        ],
        [
          13,
          15
        ],
        [
          12,
          14
        ],
        [
          14,
          16
        ],
        [
          16,
          18
        ],
        [
          16,
          20
        ],
        [
          20,
          18
        ],
        [
          15,
          17
        ],
        [
          15,
          19
        ],
        [
          19,
          17
        ]
      ]
    }
  ],
  "images": [
    {
      "file_name": "000000001031.jpg",
      "height": 1200,
      "width": 1600,
      "id": 0
    }
  ],
  "annotations": [
    {
      "category_id": 1,
      "image_id": 0,
      "id": 0,
      "bbox": [
        334.100185528757,
        317.1274899243237,
        325.4916512059369,
        722.1746063962421
      ],
      "area": 235061.80509491038,
      "keypoints": [
        502.4590163934426,
        390.1639344262295,
        0,
        520.0527704485488,
        377.30870712401054,
        2,
        491.02902374670185,
        379.155672823219,
        2,
        549.7382198952879,
        387.43455497382195,
        2,
        495.3125,
        404.6875,
        0,
        602.0408163265307,
        439.79591836734687,
        2,
        514.2857142857143,
        443.8775510204082,
        2,
        571.4285714285714,
        513.2653061224489,
        2,
        412.2448979591837,
        492.8571428571429,
        2,
        473.46938775510205,
        472.44897959183675,
        2,
        361.2244897959184,
        427.55102040816325,
        2,
        592.2077922077922,
        697.4025974025974,
        2,
        537.012987012987,
        692.2077922077922,
        2,
        538.3116883116883,
        825.974025974026,
        2,
        595.4545454545455,
        812.9870129870129,
        1,
        601.9480519480519,
        927.2727272727273,
        2,
        632.4675324675325,
        919.4805194805194,
        2,
        620.7792207792207,
        955.8441558441558,
        1,
        642.0408163265306,
        941.6326530612245,
        0,
        603.8461538461538,
        979.1208791208791,
        2,
        601.098901098901,
        961.5384615384615,
        1
      ],
      "num_keypoints": 18,
      "iscrowd": 0,
      "segmentation": [],
      "group_id": 1
    },
    {
      "category_id": 1,
      "image_id": 0,
      "id": 1,
      "bbox": [
        528.0296896086369,
        292.42105263157896,
        171.33603238866408,
        570.9473684210526
      ],
      "area": 97823.85680801199,
      "keypoints": [
        635.6060606060606,
        351.5151515151515,
        2,
        646.2121212121212,
        340.90909090909093,
        1,
        630.0,
        340.0,
        2,
        602.7472527472527,
        334.0659340659341,
        0,
        582.967032967033,
        355.49450549450546,
        0,
        652.0,
        402.0,
        2,
        542.3076923076923,
        417.032967032967,
        2,
        671.2121212121212,
        492.42424242424244,
        1,
        537.8787878787879,
        513.6363636363636,
        0,
        679.8245614035088,
        556.140350877193,
        1,
        595.6140350877193,
        550.8771929824562,
        0,
        679.8245614035088,
        587.719298245614,
        2,
        600.8771929824561,
        600.0,
        0,
        685.0877192982456,
        673.6842105263158,
        2,
        614.9122807017544,
        684.2105263157895,
        0,
        657.0175438596491,
        778.9473684210526,
        2,
        600.8771929824561,
        768.421052631579,
        1,
        634.2105263157895,
        791.2280701754386,
        2,
        604.3859649122807,
        791.2280701754386,
        0,
        669.2982456140351,
        810.5263157894736,
        1,
        590.3508771929825,
        815.7894736842105,
        1
      ],
      "num_keypoints": 14,
      "iscrowd": 0,
      "segmentation": [],
      "group_id": 2
    },
    {
      "category_id": 1,
      "image_id": 0,
      "id": 2,
      "bbox": [
        1180.695652173913,
        273.8260869565217,
        116.86956521739103,
        387.1304347826087
      ],
      "area": 45243.76559546303,
      "keypoints": [
        1265.2173913043478,
        317.39130434782606,
        2,
        1271.3043478260868,
        306.08695652173907,
        2,
        1253.9130434782608,
        306.08695652173907,
        2,
        1277.391304347826,
        310.4347826086956,
        0,
        1243.478260869565,
        311.30434782608694,
        1,
        1279.1304347826085,
        341.73913043478257,
        2,
        1218.2608695652173,
        346.9565217391304,
        2,
        1287.8260869565215,
        406.9565217391304,
        1,
        1190.4347826086955,
        415.65217391304344,
        2,
        1279.9999999999998,
        457.391304347826,
        1,
        1192.173913043478,
        458.2608695652173,
        1,
        1252.173913043478,
        461.73913043478257,
        1,
        1230.4347826086955,
        459.13043478260863,
        2,
        1241.7391304347825,
        535.6521739130434,
        1,
        1237.391304347826,
        532.1739130434783,
        1,
        1206.086956521739,
        599.1304347826086,
        1,
        1230.4347826086955,
        596.5217391304348,
        2,
        1196.5217391304348,
        609.5652173913043,
        1,
        1216.5217391304348,
        619.1304347826086,
        1,
        1231.3043478260868,
        614.7826086956521,
        0,
        1253.9130434782608,
        628.695652173913,
        2
      ],
      "num_keypoints": 19,
      "iscrowd": 0,
      "segmentation": [],
      "group_id": 3
    },
    {
      "category_id": 1,
      "image_id": 0,
      "id": 3,
      "bbox": [
        1463.4117647058822,
        309.74819401444785,
        142.58823529411802,
        504.1981424148608
      ],
      "area": 71892.7233655074,
      "keypoints": [
        1577.6470588235295,
        362.3529411764706,
        2,
        1591.764705882353,
        356.47058823529414,
        2,
        1565.8823529411766,
        351.7647058823529,
        2,
        1594.1176470588236,
        365.88235294117646,
        1,
        1556.4705882352941,
        364.70588235294116,
        1,
        1594.1176470588236,
        408.2352941176471,
        0,
        1517.6470588235295,
        409.4117647058824,
        2,
        1592.9411764705883,
        494.11764705882354,
        0,
        1475.2941176470588,
        456.47058823529414,
        2,
        1588.235294117647,
        558.8235294117648,
        1,
        1487.0588235294117,
        491.7647058823529,
        1,
        1560.0,
        572.9411764705883,
        2,
        1505.8823529411766,
        577.6470588235294,
        2,
        1560.0,
        661.1764705882354,
        2,
        1492.1052631578946,
        650.8771929824562,
        2,
        1576.315789473684,
        735.0877192982457,
        2,
        1488.59649122807,
        708.7719298245614,
        1,
        1562.2807017543857,
        764.9122807017544,
        1,
        1476.315789473684,
        714.0350877192983,
        1,
        1588.59649122807,
        771.9298245614036,
        1,
        1483.3333333333333,
        736.8421052631579,
        2
      ],
      "num_keypoints": 19,
      "iscrowd": 0,
      "segmentation": [],
      "group_id": 4
    }
  ]
}