{
  "categories": [
    {
      "supercategory": "person",
      "id": 1,
      "name": "person",
      "keypoints": [
        "nose",
        "left_eye",
        "right_eye",
        "left_ear",
        "right_ear",
        "left_shoulder",
        "right_shoulder",
        "left_elbow",
        "right_elbow",
        "left_wrist",
        "right_wrist",
        "left_hip",
        "right_hip",
        "left_knee",
        "right_knee",
        "left_ankle",
        "right_ankle",
        "left_heel",
        "right_heel",
        "left_foot",
        "right_foot"
      ],
      "skeleton": [
        [
          1,
          2
        ],
        [
          0,
          1
        ],
        [
          0,
          2
        ],
        [
          1,
          3
        ],
        [
          2,
          4
        ],
        [
          5,
          6
        ],
        [
          5,
          7
        ],
        [
          7,
          9
        ],
        [
          6,
          8
        ],
        [
          8,
          10
        ],
        [
          5,
          11
        ],
        [
          6,
          12
        ],
        [
          11,
          12
        ],
        [
          11,
          13
        ],
        [
          13,
          15
        ],
        [
          12,
          14
        ],
        [
          14,
          16
        ],
        [
          16,
          18
        ],
        [
          16,
          20
        ],
        [
          20,
          18
        ],
        [
          15,
          17
        ],
        [
          15,
          19
        ],
        [
          19,
          17
        ]
      ]
    }
  ],
  "images": [
    {
      "file_name": "000000000120.jpg",
      "height": 1200,
      "width": 1600,
      "id": 0
    }
  ],
  "annotations": [
    {
      "category_id": 1,
      "image_id": 0,
      "id": 0,
      "bbox": [
        1021.0466395599137,
        249.74838555369527,
        182.83855536952888,
        622.478832815116
      ],
      "area": 113813.1305400263,
      "keypoints": [
        1130.327868852459,
        311.4754098360656,
        2,
        1148.6486486486485,
        301.6216216216216,
        2,
        1120.0,
        302.16216216216213,
        2,
        1164.4927536231883,
        314.4927536231884,
        2,
        1104.3243243243244,
        317.2972972972973,
        1,
        1188.6486486486485,
        371.8918918918919,
        1,
        1088.6486486486485,
        365.94594594594594,
        2,
        1177.1084337349396,
        444.578313253012,
        2,
        1036.2831858407078,
        431.858407079646,
        2,
        1154.320987654321,
        498.7654320987654,
        2,
        982.7160493827159,
        469.1358024691358,
        0,
        1146.987951807229,
        583.1325301204819,
        2,
        1084.3373493975903,
        581.9277108433735,
        2,
        1134.513274336283,
        701.7699115044247,
        2,
        1083.5526315789473,
        694.7368421052631,
        2,
        1127.2,
        769.6,
        2,
        1089.6,
        768.0,
        2,
        1132.7433628318583,
        808.8495575221239,
        1,
        1100.8849557522124,
        803.5398230088495,
        1,
        1115.0442477876104,
        820.3539823008849,
        2,
        1070.4,
        811.2,
        2
      ],
      "num_keypoints": 20,
      "iscrowd": 0,
      "segmentation": [],
      "group_id": 1
    },
    {
      "category_id": 1,
      "image_id": 0,
      "id": 1,
      "bbox": [
        796.961651917404,
        282.70227560050574,
        185.132743362832,
        593.2869785082173
      ],
      "area": 109836.84593267183,
      "keypoints": [
        914.4,
        341.6,
        2,
        921.4285714285714,
        332.73809523809524,
        1,
        908.3333333333334,
        332.14285714285717,
        2,
        894.6428571428572,
        316.6666666666667,
        0,
        869.047619047619,
        332.14285714285717,
        2,
        907.079646017699,
        389.3805309734513,
        1,
        850.0,
        396.7105263157895,
        2,
        948.0392156862745,
        485.29411764705884,
        1,
        889.2156862745098,
        477.45098039215685,
        2,
        1018.6274509803922,
        445.09803921568624,
        0,
        966.6666666666666,
        446.078431372549,
        2,
        913.0434782608695,
        598.9130434782609,
        1,
        855.4347826086956,
        598.9130434782609,
        2,
        902.4590163934427,
        688.5245901639345,
        2,
        850.6666666666666,
        709.3333333333334,
        2,
        878.4,
        758.4,
        2,
        835.3982300884954,
        785.8407079646017,
        2,
        861.9469026548671,
        786.7256637168141,
        2,
        812.3893805309733,
        812.3893805309733,
        2,
        914.1592920353982,
        788.4955752212388,
        2,
        849.5575221238937,
        826.5486725663716,
        2
      ],
      "num_keypoints": 19,
      "iscrowd": 0,
      "segmentation": [],
      "group_id": 2
    }
  ]
}