{
  "categories": [
    {
      "supercategory": "person",
      "id": 1,
      "name": "person",
      "keypoints": [
        "nose",
        "left_eye",
        "right_eye",
        "left_ear",
        "right_ear",
        "left_shoulder",
        "right_shoulder",
        "left_elbow",
        "right_elbow",
        "left_wrist",
        "right_wrist",
        "left_hip",
        "right_hip",
        "left_knee",
        "right_knee",
        "left_ankle",
        "right_ankle",
        "left_heel",
        "right_heel",
        "left_foot",
        "right_foot"
      ],
      "skeleton": [
        [
          1,
          2
        ],
        [
          0,
          1
        ],
        [
          0,
          2
        ],
        [
          1,
          3
        ],
        [
          2,
          4
        ],
        [
          5,
          6
        ],
        [
          5,
          7
        ],
        [
          7,
          9
        ],
        [
          6,
          8
        ],
        [
          8,
          10
        ],
        [
          5,
          11
        ],
        [
          6,
          12
        ],
        [
          11,
          12
        ],
        [
          11,
          13
        ],
        [
          13,
          15
        ],
        [
          12,
          14
        ],
        [
          14,
          16
        ],
        [
          16,
          18
        ],
        [
          16,
          20
        ],
        [
          20,
          18
        ],
        [
          15,
          17
        ],
        [
          15,
          19
        ],
        [
          19,
          17
        ]
      ]
    }
  ],
  "images": [
    {
      "file_name": "000000000837.jpg",
      "height": 1200,
      "width": 1600,
      "id": 0
    }
  ],
  "annotations": [
    {
      "category_id": 1,
      "image_id": 0,
      "id": 0,
      "bbox": [
        927.8515625,
        231.73623511904762,
        261.09375,
        711.3526785714286
      ],
      "area": 185729.73842075892,
      "keypoints": [
        1053.0973451327432,
        312.3893805309734,
        2,
        1070.703125,
        297.265625,
        2,
        1045.3125,
        297.265625,
        2,
        1097.265625,
        291.015625,
        2,
        1025.390625,
        292.1875,
        2,
        1137.5,
        360.9375,
        2,
        1012.109375,
        344.140625,
        2,
        1167.1875,
        475.390625,
        2,
        983.203125,
        442.1875,
        2,
        1130.46875,
        509.765625,
        2,
        949.609375,
        490.234375,
        1,
        1093.359375,
        575.390625,
        2,
        1010.2564102564102,
        561.5384615384615,
        2,
        1070.5128205128203,
        730.7692307692307,
        2,
        1003.8461538461538,
        723.0769230769231,
        2,
        1062.8205128205127,
        841.025641025641,
        2,
        1010.2564102564102,
        829.4871794871794,
        2,
        1078.5714285714284,
        868.5714285714286,
        2,
        1020.4761904761905,
        852.3809523809523,
        2,
        1062.3809523809523,
        883.8095238095237,
        2,
        979.5238095238095,
        865.7142857142857,
        2
      ],
      "num_keypoints": 21,
      "iscrowd": 0,
      "segmentation": [],
      "group_id": 1
    },
    {
      "category_id": 1,
      "image_id": 0,
      "id": 1,
      "bbox": [
        734.3286413708689,
        292.46823956442836,
        270.1615667074665,
        628.3121597096188
      ],
      "area": 169745.7974485025,
      "keypoints": [
        852.155172413793,
        357.7586206896552,
        2,
        856.8965517241379,
        349.5689655172414,
        2,
        845.2586206896551,
        350.43103448275866,
        2,
        827.5862068965516,
        343.5344827586207,
        0,
        797.8448275862069,
        344.82758620689657,
        2,
        855.232558139535,
        411.04651162790697,
        2,
        784.8837209302326,
        428.48837209302326,
        2,
        895.3488372093024,
        480.2325581395349,
        1,
        828.4883720930233,
        526.1627906976744,
        2,
        981.9767441860465,
        434.8837209302326,
        1,
        903.4883720930233,
        494.7674418604651,
        2,
        855.232558139535,
        601.1627906976744,
        2,
        810.2564102564102,
        601.2820512820513,
        2,
        837.1794871794871,
        706.4102564102564,
        2,
        788.4615384615383,
        719.2307692307692,
        2,
        835.2631578947368,
        801.578947368421,
        2,
        770.5263157894736,
        838.4210526315788,
        2,
        820.5263157894736,
        820.5263157894736,
        2,
        756.8421052631578,
        857.8947368421052,
        2,
        864.7368421052631,
        823.1578947368421,
        2,
        782.1052631578947,
        868.4210526315788,
        2
      ],
      "num_keypoints": 20,
      "iscrowd": 0,
      "segmentation": [],
      "group_id": 2
    }
  ]
}