{
  "categories": [
    {
      "supercategory": "person",
      "id": 1,
      "name": "person",
      "keypoints": [
        "nose",
        "left_eye",
        "right_eye",
        "left_ear",
        "right_ear",
        "left_shoulder",
        "right_shoulder",
        "left_elbow",
        "right_elbow",
        "left_wrist",
        "right_wrist",
        "left_hip",
        "right_hip",
        "left_knee",
        "right_knee",
        "left_ankle",
        "right_ankle",
        "left_heel",
        "right_heel",
        "left_foot",
        "right_foot"
      ],
      "skeleton": [
        [
          1,
          2
        ],
        [
          0,
          1
        ],
        [
          0,
          2
        ],
        [
          1,
          3
        ],
        [
          2,
          4
        ],
        [
          5,
          6
        ],
        [
          5,
          7
        ],
        [
          7,
          9
        ],
        [
          6,
          8
        ],
        [
          8,
          10
        ],
        [
          5,
          11
        ],
        [
          6,
          12
        ],
        [
          11,
          12
        ],
        [
          11,
          13
        ],
        [
          13,
          15
        ],
        [
          12,
          14
        ],
        [
          14,
          16
        ],
        [
          16,
          18
        ],
        [
          16,
          20
        ],
        [
          20,
          18
        ],
        [
          15,
          17
        ],
        [
          15,
          19
        ],
        [
          19,
          17
        ]
      ]
    }
  ],
  "images": [
    {
      "file_name": "000000000731.jpg",
      "height": 1200,
      "width": 1600,
      "id": 0
    }
  ],
  "annotations": [
    {
      "category_id": 1,
      "image_id": 0,
      "id": 0,
      "bbox": [
        681.2146330680813,
        299.5982768571193,
        379.2705570291779,
        382.95572594607967
      ],
      "area": 145243.83149708284,
      "keypoints": [
        895.1807228915662,
        367.4698795180723,
        1,
        898.7138263665595,
        357.55627009646304,
        2,
        880.0643086816721,
        360.7717041800643,
        2,
        933.4405144694534,
        331.5112540192926,
        2,
        884.0517241379309,
        334.48275862068965,
        0,
        1000.0,
        375.0,
        2,
        884.0517241379309,
        366.3793103448276,
        1,
        1018.103448275862,
        464.22413793103453,
        2,
        879.3103448275862,
        458.18965517241384,
        2,
        1028.8793103448277,
        560.344827586207,
        2,
        876.7241379310344,
        539.2241379310345,
        0,
        987.9310344827586,
        508.62068965517244,
        2,
        902.5641025641025,
        488.46153846153845,
        2,
        892.3076923076922,
        555.1282051282051,
        2,
        839.7435897435896,
        532.0512820512821,
        2,
        771.7948717948717,
        624.3589743589744,
        2,
        757.6923076923076,
        589.7435897435897,
        1,
        747.4358974358975,
        650.6410256410256,
        2,
        712.8205128205128,
        630.7692307692307,
        1,
        749.3589743589744,
        607.6923076923076,
        1,
        721.1538461538461,
        576.9230769230769,
        1
      ],
      "num_keypoints": 19,
      "iscrowd": 0,
      "segmentation": [],
      "group_id": 1
    },
    {
      "category_id": 1,
      "image_id": 0,
      "id": 1,
      "bbox": [
        751.6002214839424,
        310.8110671284843,
        120.33222591362119,
        631.9693221177635
      ],
      "area": 76046.27523955275,
      "keypoints": [
        808.5106382978723,
        377.6595744680851,
        2,
        814.1843971631206,
        363.4751773049646,
        2,
        794.6808510638298,
        367.3758865248227,
        2,
        806.0283687943263,
        364.5390070921986,
        0,
        764.8936170212767,
        370.21276595744683,
        2,
        836.1904761904761,
        420.4761904761905,
        2,
        763.3333333333333,
        443.3333333333333,
        2,
        894.7619047619047,
        501.4285714285714,
        0,
        785.7142857142857,
        544.7619047619047,
        2,
        892.3809523809523,
        467.6190476190476,
        0,
        861.9047619047618,
        499.5238095238095,
        2,
        850.4761904761905,
        590.0,
        0,
        799.9999999999999,
        610.2564102564103,
        0,
        860.2564102564102,
        720.5128205128206,
        2,
        791.025641025641,
        752.5641025641025,
        2,
        839.5348837209302,
        818.6046511627907,
        2,
        765.6976744186046,
        868.0232558139535,
        2,
        829.6511627906976,
        833.1395348837209,
        2,
        761.6279069767442,
        881.9767441860465,
        2,
        856.9767441860465,
        840.1162790697674,
        2,
        784.3023255813954,
        890.1162790697674,
        2
      ],
      "num_keypoints": 16,
      "iscrowd": 0,
      "segmentation": [],
      "group_id": 2
    }
  ]
}