{
  "categories": [
    {
      "supercategory": "person",
      "id": 1,
      "name": "person",
      "keypoints": [
        "nose",
        "left_eye",
        "right_eye",
        "left_ear",
        "right_ear",
        "left_shoulder",
        "right_shoulder",
        "left_elbow",
        "right_elbow",
        "left_wrist",
        "right_wrist",
        "left_hip",
        "right_hip",
        "left_knee",
        "right_knee",
        "left_ankle",
        "right_ankle",
        "left_heel",
        "right_heel",
        "left_foot",
        "right_foot"
      ],
      "skeleton": [
        [
          1,
          2
        ],
        [
          0,
          1
        ],
        [
          0,
          2
        ],
        [
          1,
          3
        ],
        [
          2,
          4
        ],
        [
          5,
          6
        ],
        [
          5,
          7
        ],
        [
          7,
          9
        ],
        [
          6,
          8
        ],
        [
          8,
          10
        ],
        [
          5,
          11
        ],
        [
          6,
          12
        ],
        [
          11,
          12
        ],
        [
          11,
          13
        ],
        [
          13,
          15
        ],
        [
          12,
          14
        ],
        [
          14,
          16
        ],
        [
          16,
          18
        ],
        [
          16,
          20
        ],
        [
          20,
          18
        ],
        [
          15,
          17
        ],
        [
          15,
          19
        ],
        [
          19,
          17
        ]
      ]
    }
  ],
  "images": [
    {
      "file_name": "000000001986.jpg",
      "height": 1200,
      "width": 1600,
      "id": 0
    }
  ],
  "annotations": [
    {
      "category_id": 1,
      "image_id": 0,
      "id": 0,
      "bbox": [
        843.0555555555557,
        264.23881673881675,
        191.66666666666674,
        595.8008658008657
      ],
      "area": 114195.16594516598,
      "keypoints": [
        942.0,
        322.0,
        2,
        963.1944444444445,
        316.6666666666667,
        2,
        938.1944444444445,
        313.8888888888889,
        2,
        989.5833333333334,
        316.6666666666667,
        1,
        927.0833333333334,
        312.5,
        0,
        1017.3611111111112,
        388.8888888888889,
        2,
        915.9722222222223,
        373.61111111111114,
        2,
        1007.638888888889,
        472.22222222222223,
        2,
        896.5277777777778,
        469.44444444444446,
        2,
        1018.7500000000001,
        548.6111111111111,
        2,
        859.0277777777778,
        533.3333333333334,
        2,
        982.638888888889,
        576.3888888888889,
        2,
        931.2500000000001,
        573.6111111111111,
        2,
        954.8611111111112,
        677.7777777777778,
        2,
        907.6388888888889,
        665.2777777777778,
        2,
        915.9722222222223,
        772.2222222222223,
        2,
        895.1388888888889,
        772.2222222222223,
        2,
        926.6233766233765,
        806.4935064935065,
        2,
        892.8571428571428,
        801.2987012987013,
        1,
        904.5454545454545,
        810.3896103896104,
        2,
        869.4805194805194,
        807.7922077922078,
        2
      ],
      "num_keypoints": 20,
      "iscrowd": 0,
      "segmentation": [],
      "group_id": 1
    },
    {
      "category_id": 1,
      "image_id": 0,
      "id": 1,
      "bbox": [
        671.7997835497836,
        352.90476190476187,
        228.4025974025974,
        549.5584415584417
      ],
      "area": 125520.57547647161,
      "keypoints": [
        769.4805194805194,
        414.2857142857143,
        2,
        778.5714285714286,
        398.7012987012987,
        2,
        761.6883116883116,
        401.2987012987013,
        2,
        748.7012987012987,
        402.5974025974026,
        0,
        729.2207792207791,
        402.5974025974026,
        2,
        777.2727272727273,
        448.05194805194805,
        2,
        705.8441558441558,
        472.7272727272727,
        2,
        834.4155844155844,
        453.24675324675326,
        2,
        779.8701298701299,
        487.012987012987,
        2,
        881.1688311688312,
        450.64935064935065,
        2,
        860.3896103896103,
        497.4025974025974,
        2,
        769.4805194805194,
        624.6753246753246,
        2,
        733.1168831168831,
        628.5714285714286,
        2,
        766.2337662337662,
        712.9870129870129,
        1,
        719.4805194805194,
        722.077922077922,
        1,
        745.8333333333334,
        818.3333333333334,
        2,
        705.8333333333334,
        820.0000000000001,
        1,
        745.8333333333334,
        841.6666666666667,
        2,
        690.8333333333334,
        836.6666666666667,
        1,
        772.5,
        841.6666666666667,
        2,
        710.8333333333334,
        856.6666666666667,
        1
      ],
      "num_keypoints": 20,
      "iscrowd": 0,
      "segmentation": [],
      "group_id": 2
    }
  ]
}