{
  "categories": [
    {
      "supercategory": "person",
      "id": 1,
      "name": "person",
      "keypoints": [
        "nose",
        "left_eye",
        "right_eye",
        "left_ear",
        "right_ear",
        "left_shoulder",
        "right_shoulder",
        "left_elbow",
        "right_elbow",
        "left_wrist",
        "right_wrist",
        "left_hip",
        "right_hip",
        "left_knee",
        "right_knee",
        "left_ankle",
        "right_ankle",
        "left_heel",
        "right_heel",
        "left_foot",
        "right_foot"
      ],
      "skeleton": [
        [
          1,
          2
        ],
        [
          0,
          1
        ],
        [
          0,
          2
        ],
        [
          1,
          3
        ],
        [
          2,
          4
        ],
        [
          5,
          6
        ],
        [
          5,
          7
        ],
        [
          7,
          9
        ],
        [
          6,
          8
        ],
        [
          8,
          10
        ],
        [
          5,
          11
        ],
        [
          6,
          12
        ],
        [
          11,
          12
        ],
        [
          11,
          13
        ],
        [
          13,
          15
        ],
        [
          12,
          14
        ],
        [
          14,
          16
        ],
        [
          16,
          18
        ],
        [
          16,
          20
        ],
        [
          20,
          18
        ],
        [
          15,
          17
        ],
        [
          15,
          19
        ],
        [
          19,
          17
        ]
      ]
    }
  ],
  "images": [
    {
      "file_name": "000000000375.jpg",
      "height": 1200,
      "width": 1600,
      "id": 0
    }
  ],
  "annotations": [
    {
      "category_id": 1,
      "image_id": 0,
      "id": 0,
      "bbox": [
        692.8001154290112,
        499.3702706169039,
        255.96383224317037,
        357.9992304732589
      ],
      "area": 91634.85497204133,
      "keypoints": [
        758.1967213114754,
        545.9016393442623,
        2,
        771.3513513513514,
        543.2432432432432,
        2,
        749.7297297297297,
        537.8378378378378,
        1,
        791.3043478260869,
        547.1014492753623,
        1,
        756.4444444444445,
        530.6666666666666,
        1,
        833.7777777777778,
        549.3333333333334,
        1,
        734.313725490196,
        577.4509803921569,
        2,
        895.575221238938,
        570.7964601769911,
        1,
        726.5486725663716,
        657.5221238938052,
        2,
        927.4336283185839,
        529.2035398230088,
        1,
        709.6774193548387,
        708.0645161290323,
        0,
        818.6274509803922,
        711.7647058823529,
        2,
        769.6078431372549,
        689.2156862745098,
        1,
        750.0,
        756.5217391304348,
        2,
        714.1304347826086,
        760.8695652173913,
        2,
        797.3451327433628,
        793.8053097345132,
        2,
        762.8318584070796,
        793.8053097345132,
        1,
        824.5098039215686,
        799.0196078431372,
        2,
        786.2745098039215,
        792.156862745098,
        2,
        793.4782608695651,
        827.5362318840579,
        2,
        746.3768115942029,
        814.4927536231884,
        2
      ],
      "num_keypoints": 20,
      "iscrowd": 0,
      "segmentation": [],
      "group_id": 1
    },
    {
      "category_id": 1,
      "image_id": 0,
      "id": 1,
      "bbox": [
        861.30178273695,
        340.224578313253,
        116.55252020007697,
        457.06409638554226
      ],
      "area": 53271.97232670584,
      "keypoints": [
        896.4601769911503,
        388.4955752212389,
        0,
        907.7380952380953,
        382.73809523809524,
        0,
        891.5662650602409,
        383.1325301204819,
        2,
        927.1084337349397,
        381.62650602409633,
        2,
        883.433734939759,
        378.31325301204816,
        1,
        949.9999999999999,
        431.88405797101444,
        2,
        871.0144927536231,
        427.53623188405794,
        2,
        968.1415929203539,
        520.3539823008849,
        1,
        859.29203539823,
        501.7699115044247,
        0,
        962.8318584070795,
        565.4867256637168,
        2,
        860.7843137254902,
        544.1176470588235,
        0,
        927.4509803921568,
        583.3333333333334,
        2,
        881.3725490196078,
        585.2941176470588,
        2,
        928.9473684210526,
        667.1052631578947,
        2,
        884.2105263157895,
        671.0526315789474,
        2,
        932.2368421052631,
        728.2894736842105,
        2,
        901.0869565217391,
        722.8260869565217,
        2,
        947.3684210526316,
        745.3947368421052,
        2,
        908.8,
        746.4,
        1,
        924.8,
        759.2,
        2,
        883.2,
        759.2,
        2
      ],
      "num_keypoints": 17,
      "iscrowd": 0,
      "segmentation": [],
      "group_id": 2
    }
  ]
}