{
  "categories": [
    {
      "supercategory": "person",
      "id": 1,
      "name": "person",
      "keypoints": [
        "nose",
        "left_eye",
        "right_eye",
        "left_ear",
        "right_ear",
        "left_shoulder",
        "right_shoulder",
        "left_elbow",
        "right_elbow",
        "left_wrist",
        "right_wrist",
        "left_hip",
        "right_hip",
        "left_knee",
        "right_knee",
        "left_ankle",
        "right_ankle",
        "left_heel",
        "right_heel",
        "left_foot",
        "right_foot"
      ],
      "skeleton": [
        [
          1,
          2
        ],
        [
          0,
          1
        ],
        [
          0,
          2
        ],
        [
          1,
          3
        ],
        [
          2,
          4
        ],
        [
          5,
          6
        ],
        [
          5,
          7
        ],
        [
          7,
          9
        ],
        [
          6,
          8
        ],
        [
          8,
          10
        ],
        [
          5,
          11
        ],
        [
          6,
          12
        ],
        [
          11,
          12
        ],
        [
          11,
          13
        ],
        [
          13,
          15
        ],
        [
          12,
          14
        ],
        [
          14,
          16
        ],
        [
          16,
          18
        ],
        [
          16,
          20
        ],
        [
          20,
          18
        ],
        [
          15,
          17
        ],
        [
          15,
          19
        ],
        [
          19,
          17
        ]
      ]
    }
  ],
  "images": [
    {
      "file_name": "000000000199.jpg",
      "height": 1200,
      "width": 1600,
      "id": 0
    }
  ],
  "annotations": [
    {
      "category_id": 1,
      "image_id": 0,
      "id": 0,
      "bbox": [
        851.5369059656218,
        266.771646711782,
        268.5136501516681,
        388.12077043206665
      ],
      "area": 104215.72476839184,
      "keypoints": [
        893.3333333333334,
        312.0,
        2,
        904.4444444444445,
        301.77777777777777,
        2,
        881.7777777777778,
        301.3333333333333,
        2,
        942.4778761061946,
        299.1150442477876,
        2,
        875.6756756756756,
        305.94594594594594,
        0,
        998.3783783783783,
        366.48648648648646,
        2,
        874.5901639344262,
        357.3770491803279,
        2,
        1010.8695652173913,
        469.5652173913043,
        2,
        873.9130434782609,
        455.4347826086956,
        2,
        1026.086956521739,
        553.2608695652174,
        2,
        876.0869565217391,
        526.0869565217391,
        0,
        1002.4590163934427,
        531.1475409836065,
        2,
        940.1639344262294,
        544.2622950819672,
        2,
        1050.0,
        582.6086956521739,
        1,
        1012.31884057971,
        596.3768115942029,
        2,
        1083.695652173913,
        585.8695652173913,
        2,
        1040.2173913043478,
        593.4782608695652,
        2,
        1092.1568627450981,
        568.6274509803922,
        2,
        1056.547619047619,
        557.1428571428571,
        1,
        1097.674418604651,
        612.2923588039866,
        2,
        1056.862745098039,
        622.5490196078431,
        2
      ],
      "num_keypoints": 19,
      "iscrowd": 0,
      "segmentation": [],
      "group_id": 1
    },
    {
      "category_id": 1,
      "image_id": 0,
      "id": 1,
      "bbox": [
        750.4413134606427,
        308.95050125313287,
        105.23055426176052,
        635.4511278195488
      ],
      "area": 66868.87438671195,
      "keypoints": [
        824.0,
        373.6,
        1,
        832.7380952380953,
        362.5,
        1,
        808.3333333333334,
        361.9047619047619,
        2,
        795.8333333333334,
        365.4761904761905,
        0,
        773.8095238095239,
        372.61904761904765,
        2,
        834.313725490196,
        416.6666666666667,
        1,
        773.5294117647059,
        433.3333333333333,
        2,
        869.6078431372549,
        469.6078431372549,
        0,
        778.4313725490196,
        550.9803921568628,
        2,
        886.2745098039215,
        462.7450980392157,
        0,
        846.9026548672565,
        507.0796460176991,
        2,
        841.5929203539822,
        616.8141592920354,
        2,
        799.9999999999999,
        624.7787610619469,
        2,
        829.3478260869565,
        736.9565217391304,
        1,
        795.6521739130435,
        752.1739130434783,
        2,
        815.2173913043478,
        819.5652173913043,
        1,
        779.646017699115,
        846.9026548672565,
        2,
        795.8333333333334,
        842.8571428571429,
        1,
        759.2105263157895,
        873.6842105263157,
        2,
        844.7368421052631,
        849.3421052631579,
        2,
        805.921052631579,
        891.4473684210526,
        2
      ],
      "num_keypoints": 18,
      "iscrowd": 0,
      "segmentation": [],
      "group_id": 2
    }
  ]
}