{
  "categories": [
    {
      "supercategory": "person",
      "id": 1,
      "name": "person",
      "keypoints": [
        "nose",
        "left_eye",
        "right_eye",
        "left_ear",
        "right_ear",
        "left_shoulder",
        "right_shoulder",
        "left_elbow",
        "right_elbow",
        "left_wrist",
        "right_wrist",
        "left_hip",
        "right_hip",
        "left_knee",
        "right_knee",
        "left_ankle",
        "right_ankle",
        "left_heel",
        "right_heel",
        "left_foot",
        "right_foot"
      ],
      "skeleton": [
        [
          1,
          2
        ],
        [
          0,
          1
        ],
        [
          0,
          2
        ],
        [
          1,
          3
        ],
        [
          2,
          4
        ],
        [
          5,
          6
        ],
        [
          5,
          7
        ],
        [
          7,
          9
        ],
        [
          6,
          8
        ],
        [
          8,
          10
        ],
        [
          5,
          11
        ],
        [
          6,
          12
        ],
        [
          11,
          12
        ],
        [
          11,
          13
        ],
        [
          13,
          15
        ],
        [
          12,
          14
        ],
        [
          14,
          16
        ],
        [
          16,
          18
        ],
        [
          16,
          20
        ],
        [
          20,
          18
        ],
        [
          15,
          17
        ],
        [
          15,
          19
        ],
        [
          19,
          17
        ]
      ]
    }
  ],
  "images": [
    {
      "file_name": "000000000494.jpg",
      "height": 1200,
      "width": 1600,
      "id": 0
    }
  ],
  "annotations": [
    {
      "category_id": 1,
      "image_id": 0,
      "id": 0,
      "bbox": [
        968.3823529411765,
        263.768115942029,
        214.70588235294133,
        330.4347826086956
      ],
      "area": 70946.29156010234,
      "keypoints": [
        1013.7254901960785,
        309.80392156862746,
        2,
        1025.0,
        302.94117647058823,
        2,
        1004.4117647058823,
        305.3921568627451,
        2,
        1052.1739130434783,
        291.30434782608694,
        1,
        997.1014492753623,
        292.0289855072464,
        0,
        1094.2028985507245,
        339.1304347826087,
        2,
        1000.9803921568628,
        339.2156862745098,
        2,
        1116.6666666666667,
        437.2549019607843,
        2,
        986.2745098039215,
        432.3529411764706,
        2,
        1128.9473684210527,
        505.92105263157896,
        2,
        986.8421052631579,
        492.7631578947368,
        2,
        1093.1372549019607,
        514.7058823529412,
        2,
        1034.313725490196,
        517.6470588235294,
        2,
        1126.4705882352941,
        566.6666666666666,
        2,
        1100.0,
        558.8235294117648,
        2,
        1154.867256637168,
        546.9026548672566,
        2,
        1128.6486486486485,
        550.8108108108108,
        0,
        1163.0434782608695,
        521.7391304347826,
        0,
        1138.4057971014493,
        528.2608695652174,
        0,
        1165.1960784313726,
        566.6666666666666,
        2,
        1144.8648648648648,
        555.6756756756756,
        0
      ],
      "num_keypoints": 16,
      "iscrowd": 0,
      "segmentation": [],
      "group_id": 1
    },
    {
      "category_id": 1,
      "image_id": 0,
      "id": 1,
      "bbox": [
        789.2763157894738,
        341.6014619883041,
        199.73684210526312,
        519.4491228070176
      ],
      "area": 103753.1274238227,
      "keypoints": [
        896.8,
        393.6,
        2,
        897.3333333333334,
        384.8888888888889,
        2,
        888.0,
        386.22222222222223,
        2,
        872.8888888888889,
        387.55555555555554,
        0,
        857.7380952380953,
        394.04761904761904,
        2,
        898.8095238095239,
        422.61904761904765,
        2,
        825.0,
        445.83333333333337,
        2,
        961.1842105263157,
        440.7894736842105,
        2,
        882.8947368421052,
        501.3157894736842,
        2,
        972.3684210526316,
        412.5,
        2,
        955.7522123893805,
        477.87610619469024,
        2,
        896.4601769911503,
        592.9203539823009,
        2,
        844.1176470588235,
        600.0,
        2,
        878.9855072463768,
        692.7536231884058,
        2,
        844.927536231884,
        699.2753623188405,
        2,
        859.7826086956521,
        767.391304347826,
        2,
        819.2,
        782.4,
        2,
        852.4509803921568,
        783.8235294117646,
        2,
        805.921052631579,
        808.5526315789474,
        2,
        889.4736842105264,
        788.1578947368421,
        2,
        847.3684210526316,
        817.7631578947369,
        2
      ],
      "num_keypoints": 20,
      "iscrowd": 0,
      "segmentation": [],
      "group_id": 2
    }
  ]
}