{
  "categories": [
    {
      "supercategory": "person",
      "id": 1,
      "name": "person",
      "keypoints": [
        "nose",
        "left_eye",
        "right_eye",
        "left_ear",
        "right_ear",
        "left_shoulder",
        "right_shoulder",
        "left_elbow",
        "right_elbow",
        "left_wrist",
        "right_wrist",
        "left_hip",
        "right_hip",
        "left_knee",
        "right_knee",
        "left_ankle",
        "right_ankle",
        "left_heel",
        "right_heel",
        "left_foot",
        "right_foot"
      ],
      "skeleton": [
        [
          1,
          2
        ],
        [
          0,
          1
        ],
        [
          0,
          2
        ],
        [
          1,
          3
        ],
        [
          2,
          4
        ],
        [
          5,
          6
        ],
        [
          5,
          7
        ],
        [
          7,
          9
        ],
        [
          6,
          8
        ],
        [
          8,
          10
        ],
        [
          5,
          11
        ],
        [
          6,
          12
        ],
        [
          11,
          12
        ],
        [
          11,
          13
        ],
        [
          13,
          15
        ],
        [
          12,
          14
        ],
        [
          14,
          16
        ],
        [
          16,
          18
        ],
        [
          16,
          20
        ],
        [
          20,
          18
        ],
        [
          15,
          17
        ],
        [
          15,
          19
        ],
        [
          19,
          17
        ]
      ]
    }
  ],
  "images": [
    {
      "file_name": "000000001683.jpg",
      "height": 1200,
      "width": 1600,
      "id": 0
    }
  ],
  "annotations": [
    {
      "category_id": 1,
      "image_id": 0,
      "id": 0,
      "bbox": [
        839.3055555555557,
        231.80555555555554,
        303.33333333333326,
        335.0
      ],
      "area": 101616.66666666664,
      "keypoints": [
        899.3055555555557,
        276.3888888888889,
        2,
        913.1944444444446,
        261.11111111111114,
        2,
        889.5833333333334,
        259.72222222222223,
        2,
        953.4722222222223,
        261.11111111111114,
        2,
        871.5277777777778,
        266.6666666666667,
        0,
        999.3055555555555,
        347.22222222222223,
        2,
        864.5833333333334,
        358.33333333333337,
        2,
        1031.25,
        437.5,
        2,
        882.6388888888889,
        433.33333333333337,
        2,
        1045.138888888889,
        529.1666666666667,
        2,
        889.5833333333334,
        505.5555555555556,
        1,
        1018.7500000000001,
        519.4444444444445,
        2,
        968.7500000000001,
        538.8888888888889,
        1,
        1077.0833333333333,
        531.9444444444445,
        1,
        1025.6944444444443,
        486.11111111111114,
        1,
        1103.4722222222222,
        473.61111111111114,
        2,
        1063.1944444444443,
        466.6666666666667,
        2,
        1100.6944444444443,
        445.83333333333337,
        2,
        1068.75,
        448.6111111111111,
        2,
        1117.361111111111,
        484.72222222222223,
        2,
        1071.5277777777778,
        481.9444444444444,
        1
      ],
      "num_keypoints": 20,
      "iscrowd": 0,
      "segmentation": [],
      "group_id": 1
    },
    {
      "category_id": 1,
      "image_id": 0,
      "id": 1,
      "bbox": [
        697.5811688311688,
        322.16666666666663,
        179.02597402597394,
        606.7272727272729
      ],
      "area": 108619.94096812276,
      "keypoints": [
        795.4545454545454,
        389.6103896103896,
        2,
        781.1688311688312,
        376.6233766233766,
        0,
        792.8571428571429,
        372.7272727272727,
        1,
        772.077922077922,
        374.025974025974,
        0,
        759.0909090909091,
        372.7272727272727,
        2,
        777.2727272727273,
        429.87012987012986,
        2,
        720.1298701298701,
        474.025974025974,
        2,
        850.0,
        464.93506493506493,
        2,
        783.7662337662338,
        542.8571428571429,
        2,
        861.6883116883116,
        427.27272727272725,
        1,
        852.5974025974026,
        518.1818181818181,
        2,
        792.8571428571429,
        631.1688311688312,
        2,
        756.4935064935065,
        642.8571428571429,
        2,
        783.1168831168831,
        738.961038961039,
        2,
        729.8701298701299,
        750.6493506493506,
        2,
        780.8333333333335,
        810.0000000000001,
        2,
        724.1666666666667,
        845.0000000000001,
        2,
        762.5,
        841.6666666666667,
        2,
        712.5,
        878.3333333333334,
        2,
        810.8333333333335,
        846.6666666666667,
        2,
        742.5,
        876.6666666666667,
        2
      ],
      "num_keypoints": 19,
      "iscrowd": 0,
      "segmentation": [],
      "group_id": 2
    }
  ]
}