{
  "categories": [
    {
      "supercategory": "person",
      "id": 1,
      "name": "person",
      "keypoints": [
        "nose",
        "left_eye",
        "right_eye",
        "left_ear",
        "right_ear",
        "left_shoulder",
        "right_shoulder",
        "left_elbow",
        "right_elbow",
        "left_wrist",
        "right_wrist",
        "left_hip",
        "right_hip",
        "left_knee",
        "right_knee",
        "left_ankle",
        "right_ankle",
        "left_heel",
        "right_heel",
        "left_foot",
        "right_foot"
      ],
      "skeleton": [
        [
          1,
          2
        ],
        [
          0,
          1
        ],
        [
          0,
          2
        ],
        [
          1,
          3
        ],
        [
          2,
          4
        ],
        [
          5,
          6
        ],
        [
          5,
          7
        ],
        [
          7,
          9
        ],
        [
          6,
          8
        ],
        [
          8,
          10
        ],
        [
          5,
          11
        ],
        [
          6,
          12
        ],
        [
          11,
          12
        ],
        [
          11,
          13
        ],
        [
          13,
          15
        ],
        [
          12,
          14
        ],
        [
          14,
          16
        ],
        [
          16,
          18
        ],
        [
          16,
          20
        ],
        [
          20,
          18
        ],
        [
          15,
          17
        ],
        [
          15,
          19
        ],
        [
          19,
          17
        ]
      ]
    }
  ],
  "images": [
    {
      "file_name": "000000000439.jpg",
      "height": 1200,
      "width": 1600,
      "id": 0
    }
  ],
  "annotations": [
    {
      "category_id": 1,
      "image_id": 0,
      "id": 0,
      "bbox": [
        584.2391304347826,
        351.00666666666666,
        228.26086956521726,
        687.9200000000001
      ],
      "area": 157025.21739130426,
      "keypoints": [
        753.0973451327433,
        419.4690265486725,
        2,
        766.6666666666666,
        408.3333333333333,
        2,
        735.2941176470588,
        408.8235294117647,
        2,
        770.5882352941177,
        418.62745098039215,
        1,
        703.5714285714286,
        411.30952380952385,
        2,
        763.6904761904763,
        469.04761904761904,
        1,
        660.0,
        497.3333333333333,
        2,
        757.6086956521739,
        544.5652173913044,
        0,
        603.2608695652174,
        601.0869565217391,
        2,
        793.4782608695651,
        545.6521739130435,
        1,
        671.7391304347826,
        590.2173913043478,
        1,
        748.0,
        704.0,
        2,
        688.0,
        714.6666666666666,
        1,
        730.3921568627451,
        808.8235294117646,
        2,
        668.6274509803922,
        848.0392156862745,
        2,
        720.3539823008849,
        881.4159292035397,
        2,
        658.4070796460177,
        922.1238938053096,
        1,
        700.8,
        922.4,
        2,
        645.9459459459459,
        967.5675675675675,
        1,
        751.3513513513514,
        924.8648648648648,
        2,
        672.8,
        981.6,
        2
      ],
      "num_keypoints": 20,
      "iscrowd": 0,
      "segmentation": [],
      "group_id": 2
    }
  ]
}