{
  "categories": [
    {
      "supercategory": "person",
      "id": 1,
      "name": "person",
      "keypoints": [
        "nose",
        "left_eye",
        "right_eye",
        "left_ear",
        "right_ear",
        "left_shoulder",
        "right_shoulder",
        "left_elbow",
        "right_elbow",
        "left_wrist",
        "right_wrist",
        "left_hip",
        "right_hip",
        "left_knee",
        "right_knee",
        "left_ankle",
        "right_ankle",
        "left_heel",
        "right_heel",
        "left_foot",
        "right_foot"
      ],
      "skeleton": [
        [
          1,
          2
        ],
        [
          0,
          1
        ],
        [
          0,
          2
        ],
        [
          1,
          3
        ],
        [
          2,
          4
        ],
        [
          5,
          6
        ],
        [
          5,
          7
        ],
        [
          7,
          9
        ],
        [
          6,
          8
        ],
        [
          8,
          10
        ],
        [
          5,
          11
        ],
        [
          6,
          12
        ],
        [
          11,
          12
        ],
        [
          11,
          13
        ],
        [
          13,
          15
        ],
        [
          12,
          14
        ],
        [
          14,
          16
        ],
        [
          16,
          18
        ],
        [
          16,
          20
        ],
        [
          20,
          18
        ],
        [
          15,
          17
        ],
        [
          15,
          19
        ],
        [
          19,
          17
        ]
      ]
    }
  ],
  "images": [
    {
      "file_name": "000000000926.jpg",
      "height": 1200,
      "width": 1600,
      "id": 0
    }
  ],
  "annotations": [
    {
      "category_id": 1,
      "image_id": 0,
      "id": 0,
      "bbox": [
        913.7890625,
        302.6943108974359,
        251.71875,
        614.5432692307692
      ],
      "area": 154692.0635516827,
      "keypoints": [
        1027.0491803278687,
        365.57377049180326,
        1,
        1044.53125,
        357.03125,
        2,
        1014.0625,
        353.90625,
        2,
        1062.5,
        364.453125,
        2,
        1004.6875,
        359.765625,
        2,
        1100.0,
        423.046875,
        2,
        991.40625,
        416.796875,
        2,
        1144.53125,
        510.9375,
        2,
        964.453125,
        492.578125,
        2,
        1105.859375,
        526.953125,
        2,
        934.765625,
        512.5,
        2,
        1067.96875,
        589.0625,
        2,
        992.3076923076922,
        578.2051282051282,
        1,
        1046.1538461538462,
        738.4615384615385,
        2,
        1001.2820512820513,
        730.7692307692307,
        2,
        1057.6923076923076,
        834.6153846153846,
        2,
        1008.9743589743589,
        824.3589743589744,
        2,
        1072.4358974358975,
        849.3589743589744,
        2,
        1025.0,
        840.3846153846154,
        1,
        1042.948717948718,
        866.025641025641,
        2,
        998.7179487179487,
        857.051282051282,
        2
      ],
      "num_keypoints": 21,
      "iscrowd": 0,
      "segmentation": [],
      "group_id": 1
    },
    {
      "category_id": 1,
      "image_id": 0,
      "id": 1,
      "bbox": [
        610.6410256410256,
        344.29813102893894,
        141.53846153846155,
        529.5156752411576
      ],
      "area": 74946.83403413308,
      "keypoints": [
        678.4565916398714,
        401.2861736334405,
        2,
        687.4598070739551,
        388.4244372990354,
        2,
        666.8810289389068,
        390.03215434083603,
        2,
        695.4983922829582,
        390.9967845659164,
        1,
        646.6237942122186,
        388.7459807073955,
        2,
        712.1794871794872,
        439.7435897435897,
        2,
        633.3333333333333,
        452.56410256410254,
        2,
        726.2820512820513,
        532.051282051282,
        2,
        622.4358974358975,
        551.9230769230769,
        2,
        740.3846153846154,
        591.6666666666666,
        1,
        629.4871794871794,
        623.7179487179487,
        1,
        707.6923076923076,
        598.7179487179487,
        1,
        651.2820512820513,
        605.1282051282051,
        2,
        707.6923076923076,
        701.2820512820513,
        1,
        658.9743589743589,
        710.2564102564103,
        2,
        716.40625,
        808.59375,
        2,
        653.90625,
        810.15625,
        2,
        696.875,
        819.53125,
        2,
        636.71875,
        821.09375,
        2,
        727.34375,
        826.5625,
        2,
        657.8125,
        829.6875,
        2
      ],
      "num_keypoints": 21,
      "iscrowd": 0,
      "segmentation": [],
      "group_id": 2
    }
  ]
}