{
  "categories": [
    {
      "supercategory": "person",
      "id": 1,
      "name": "person",
      "keypoints": [
        "nose",
        "left_eye",
        "right_eye",
        "left_ear",
        "right_ear",
        "left_shoulder",
        "right_shoulder",
        "left_elbow",
        "right_elbow",
        "left_wrist",
        "right_wrist",
        "left_hip",
        "right_hip",
        "left_knee",
        "right_knee",
        "left_ankle",
        "right_ankle",
        "left_heel",
        "right_heel",
        "left_foot",
        "right_foot"
      ],
      "skeleton": [
        [
          1,
          2
        ],
        [
          0,
          1
        ],
        [
          0,
          2
        ],
        [
          1,
          3
        ],
        [
          2,
          4
        ],
        [
          5,
          6
        ],
        [
          5,
          7
        ],
        [
          7,
          9
        ],
        [
          6,
          8
        ],
        [
          8,
          10
        ],
        [
          5,
          11
        ],
        [
          6,
          12
        ],
        [
          11,
          12
        ],
        [
          11,
          13
        ],
        [
          13,
          15
        ],
        [
          12,
          14
        ],
        [
          14,
          16
        ],
        [
          16,
          18
        ],
        [
          16,
          20
        ],
        [
          20,
          18
        ],
        [
          15,
          17
        ],
        [
          15,
          19
        ],
        [
          19,
          17
        ]
      ]
    }
  ],
  "images": [
    {
      "file_name": "000000000351.jpg",
      "height": 1200,
      "width": 1600,
      "id": 0
    }
  ],
  "annotations": [
    {
      "category_id": 1,
      "image_id": 0,
      "id": 0,
      "bbox": [
        1073.6932632584806,
        335.96774193548384,
        176.55040611562367,
        468.3870967741936
      ],
      "area": 82693.9321548018,
      "keypoints": [
        1176.4705882352941,
        382.3529411764706,
        2,
        1189.2156862745098,
        375.4901960784314,
        1,
        1168.627450980392,
        375.0,
        2,
        1208.9285714285716,
        382.14285714285717,
        0,
        1163.3699633699634,
        383.5164835164835,
        1,
        1235.5311355311355,
        412.8205128205128,
        2,
        1155.952380952381,
        413.09523809523813,
        2,
        1215.686274509804,
        454.9019607843137,
        2,
        1127.450980392157,
        450.98039215686276,
        2,
        1183.3333333333333,
        471.5686274509804,
        2,
        1088.4057971014493,
        471.01449275362313,
        2,
        1213.6904761904761,
        564.2857142857143,
        2,
        1156.547619047619,
        561.3095238095239,
        2,
        1207.079646017699,
        653.0973451327433,
        2,
        1138.9380530973451,
        646.0176991150441,
        2,
        1209.6,
        705.6,
        2,
        1120.0,
        724.0,
        2,
        1219.111111111111,
        733.3333333333334,
        2,
        1125.8064516129032,
        765.3225806451613,
        2,
        1199.5967741935483,
        739.516129032258,
        2,
        1104.7619047619048,
        761.3095238095239,
        2
      ],
      "num_keypoints": 20,
      "iscrowd": 0,
      "segmentation": [],
      "group_id": 1
    },
    {
      "category_id": 1,
      "image_id": 0,
      "id": 1,
      "bbox": [
        771.304347826087,
        344.7368421052632,
        109.56521739130426,
        489.4736842105263
      ],
      "area": 53629.29061784893,
      "keypoints": [
        859.29203539823,
        395.575221238938,
        1,
        868.421052631579,
        385.5263157894737,
        2,
        851.2096774193549,
        385.88709677419354,
        2,
        877.4193548387096,
        389.11290322580646,
        0,
        832.6612903225806,
        390.3225806451613,
        2,
        871.7391304347825,
        444.2028985507246,
        1,
        807.9710144927535,
        438.40579710144925,
        2,
        862.4,
        528.0,
        0,
        781.6,
        525.6,
        2,
        842.4,
        568.8,
        0,
        780.4347826086956,
        594.5652173913044,
        2,
        847.8260869565217,
        594.5652173913044,
        2,
        815.2173913043478,
        605.4347826086956,
        2,
        844.7368421052631,
        688.8157894736842,
        1,
        813.2352941176471,
        698.5294117647059,
        1,
        837.0967741935484,
        752.4193548387096,
        2,
        806.1946902654867,
        770.7964601769911,
        2,
        827.6315789473684,
        776.3157894736842,
        2,
        791.4473684210526,
        786.8421052631579,
        2,
        864.4736842105264,
        776.9736842105264,
        2,
        823.0263157894736,
        793.421052631579,
        2
      ],
      "num_keypoints": 18,
      "iscrowd": 0,
      "segmentation": [],
      "group_id": 2
    }
  ]
}