{
  "categories": [
    {
      "supercategory": "person",
      "id": 1,
      "name": "person",
      "keypoints": [
        "nose",
        "left_eye",
        "right_eye",
        "left_ear",
        "right_ear",
        "left_shoulder",
        "right_shoulder",
        "left_elbow",
        "right_elbow",
        "left_wrist",
        "right_wrist",
        "left_hip",
        "right_hip",
        "left_knee",
        "right_knee",
        "left_ankle",
        "right_ankle",
        "left_heel",
        "right_heel",
        "left_foot",
        "right_foot"
      ],
      "skeleton": [
        [
          1,
          2
        ],
        [
          0,
          1
        ],
        [
          0,
          2
        ],
        [
          1,
          3
        ],
        [
          2,
          4
        ],
        [
          5,
          6
        ],
        [
          5,
          7
        ],
        [
          7,
          9
        ],
        [
          6,
          8
        ],
        [
          8,
          10
        ],
        [
          5,
          11
        ],
        [
          6,
          12
        ],
        [
          11,
          12
        ],
        [
          11,
          13
        ],
        [
          13,
          15
        ],
        [
          12,
          14
        ],
        [
          14,
          16
        ],
        [
          16,
          18
        ],
        [
          16,
          20
        ],
        [
          20,
          18
        ],
        [
          15,
          17
        ],
        [
          15,
          19
        ],
        [
          19,
          17
        ]
      ]
    }
  ],
  "images": [
    {
      "file_name": "000000001994.jpg",
      "height": 1200,
      "width": 1600,
      "id": 0
    }
  ],
  "annotations": [
    {
      "category_id": 1,
      "image_id": 0,
      "id": 0,
      "bbox": [
        673.6805555555555,
        284.8611111111111,
        370.3787878787879,
        298.33333333333337
      ],
      "area": 110496.3383838384,
      "keypoints": [
        921.5277777777779,
        331.94444444444446,
        1,
        938.1944444444445,
        316.6666666666667,
        2,
        911.8055555555557,
        312.5,
        2,
        967.3611111111112,
        309.72222222222223,
        1,
        897.9166666666667,
        312.5,
        0,
        1002.0833333333334,
        379.1666666666667,
        2,
        913.1944444444446,
        366.6666666666667,
        2,
        1007.638888888889,
        466.6666666666667,
        2,
        881.2500000000001,
        479.1666666666667,
        0,
        1013.1944444444445,
        558.3333333333334,
        2,
        857.6388888888889,
        537.5,
        1,
        934.0277777777779,
        509.72222222222223,
        2,
        890.9722222222223,
        512.5,
        1,
        872.9166666666667,
        465.27777777777777,
        1,
        822.9166666666667,
        498.61111111111114,
        1,
        804.8611111111112,
        418.05555555555554,
        2,
        749.3055555555557,
        413.8888888888889,
        1,
        756.4935064935065,
        437.6623376623377,
        2,
        704.5454545454545,
        428.57142857142856,
        2,
        759.0909090909091,
        362.3376623376623,
        1,
        714.9350649350649,
        363.6363636363636,
        1
      ],
      "num_keypoints": 19,
      "iscrowd": 0,
      "segmentation": [],
      "group_id": 1
    },
    {
      "category_id": 1,
      "image_id": 0,
      "id": 1,
      "bbox": [
        683.9534632034633,
        411.9761904761905,
        182.55844155844147,
        479.6623376623378
      ],
      "area": 87566.40883791531,
      "keypoints": [
        757.7922077922078,
        409.09090909090907,
        0,
        772.077922077922,
        396.1038961038961,
        0,
        734.4155844155844,
        403.8961038961039,
        0,
        731.8181818181818,
        387.012987012987,
        0,
        704.5454545454545,
        407.79220779220776,
        0,
        775.974025974026,
        446.75324675324674,
        0,
        700.6493506493506,
        455.8441558441558,
        2,
        814.9350649350649,
        451.94805194805195,
        1,
        792.8571428571429,
        484.4155844155844,
        1,
        865.5844155844155,
        455.8441558441558,
        0,
        851.2987012987013,
        498.7012987012987,
        1,
        769.4805194805194,
        622.077922077922,
        2,
        733.1168831168831,
        618.1818181818181,
        1,
        763.6363636363636,
        716.8831168831168,
        1,
        705.1948051948052,
        757.1428571428571,
        1,
        752.5,
        803.3333333333334,
        2,
        699.1666666666667,
        823.3333333333334,
        1,
        730.8333333333334,
        826.6666666666667,
        2,
        700.8333333333334,
        818.3333333333334,
        1,
        765.8333333333334,
        831.6666666666667,
        2,
        704.1666666666667,
        851.6666666666667,
        1
      ],
      "num_keypoints": 14,
      "iscrowd": 0,
      "segmentation": [],
      "group_id": 2
    }
  ]
}