{
  "categories": [
    {
      "supercategory": "person",
      "id": 1,
      "name": "person",
      "keypoints": [
        "nose",
        "left_eye",
        "right_eye",
        "left_ear",
        "right_ear",
        "left_shoulder",
        "right_shoulder",
        "left_elbow",
        "right_elbow",
        "left_wrist",
        "right_wrist",
        "left_hip",
        "right_hip",
        "left_knee",
        "right_knee",
        "left_ankle",
        "right_ankle",
        "left_heel",
        "right_heel",
        "left_foot",
        "right_foot"
      ],
      "skeleton": [
        [
          1,
          2
        ],
        [
          0,
          1
        ],
        [
          0,
          2
        ],
        [
          1,
          3
        ],
        [
          2,
          4
        ],
        [
          5,
          6
        ],
        [
          5,
          7
        ],
        [
          7,
          9
        ],
        [
          6,
          8
        ],
        [
          8,
          10
        ],
        [
          5,
          11
        ],
        [
          6,
          12
        ],
        [
          11,
          12
        ],
        [
          11,
          13
        ],
        [
          13,
          15
        ],
        [
          12,
          14
        ],
        [
          14,
          16
        ],
        [
          16,
          18
        ],
        [
          16,
          20
        ],
        [
          20,
          18
        ],
        [
          15,
          17
        ],
        [
          15,
          19
        ],
        [
          19,
          17
        ]
      ]
    }
  ],
  "images": [
    {
      "file_name": "000000001938.jpg",
      "height": 1200,
      "width": 1600,
      "id": 0
    }
  ],
  "annotations": [
    {
      "category_id": 1,
      "image_id": 0,
      "id": 0,
      "bbox": [
        726.3888888888889,
        409.37770562770567,
        225.0000000000001,
        437.4675324675324
      ],
      "area": 98430.19480519484,
      "keypoints": [
        761.8055555555557,
        472.22222222222223,
        2,
        774.0,
        460.0,
        2,
        753.4722222222223,
        461.11111111111114,
        2,
        804.8611111111112,
        445.83333333333337,
        2,
        743.7500000000001,
        459.72222222222223,
        0,
        849.3055555555557,
        470.83333333333337,
        2,
        745.1388888888889,
        509.72222222222223,
        2,
        932.638888888889,
        475.0,
        2,
        774.3055555555557,
        572.2222222222223,
        1,
        893.7500000000001,
        525.0,
        2,
        845.1388888888889,
        581.9444444444445,
        1,
        871.5277777777778,
        561.1111111111111,
        1,
        817.3611111111112,
        594.4444444444445,
        1,
        877.0833333333334,
        675.0,
        2,
        821.5277777777778,
        677.7777777777778,
        1,
        900.6944444444446,
        768.0555555555555,
        2,
        817.3611111111112,
        773.6111111111111,
        2,
        908.4415584415584,
        792.2077922077922,
        2,
        827.9220779220778,
        783.1168831168831,
        2,
        878.5714285714286,
        800.0,
        2,
        805.8441558441558,
        810.3896103896104,
        2
      ],
      "num_keypoints": 20,
      "iscrowd": 0,
      "segmentation": [],
      "group_id": 1
    },
    {
      "category_id": 1,
      "image_id": 0,
      "id": 1,
      "bbox": [
        578.7132034632035,
        351.4761904761905,
        185.4415584415584,
        551.1168831168832
      ],
      "area": 102199.97368864901,
      "keypoints": [
        699.3506493506493,
        410.38961038961037,
        1,
        688.961038961039,
        396.1038961038961,
        0,
        699.3506493506493,
        393.5064935064935,
        0,
        686.3636363636364,
        403.8961038961039,
        0,
        665.5844155844155,
        397.4025974025974,
        2,
        661.6883116883116,
        450.64935064935065,
        0,
        665.5844155844155,
        467.53246753246754,
        2,
        660.3896103896104,
        540.2597402597403,
        0,
        679.8701298701299,
        554.5454545454545,
        2,
        720.1298701298701,
        529.8701298701299,
        1,
        748.7012987012987,
        546.7532467532467,
        2,
        673.3766233766233,
        640.2597402597403,
        0,
        694.1558441558441,
        641.5584415584416,
        2,
        677.9220779220778,
        722.077922077922,
        1,
        716.8831168831168,
        732.4675324675325,
        1,
        619.1666666666667,
        796.6666666666667,
        2,
        704.1666666666667,
        836.6666666666667,
        1,
        594.1666666666667,
        811.6666666666667,
        2,
        667.5,
        855.0000000000001,
        1,
        627.5,
        816.6666666666667,
        2,
        722.5,
        856.6666666666667,
        1
      ],
      "num_keypoints": 15,
      "iscrowd": 0,
      "segmentation": [],
      "group_id": 2
    }
  ]
}