{
  "categories": [
    {
      "supercategory": "person",
      "id": 1,
      "name": "person",
      "keypoints": [
        "nose",
        "left_eye",
        "right_eye",
        "left_ear",
        "right_ear",
        "left_shoulder",
        "right_shoulder",
        "left_elbow",
        "right_elbow",
        "left_wrist",
        "right_wrist",
        "left_hip",
        "right_hip",
        "left_knee",
        "right_knee",
        "left_ankle",
        "right_ankle",
        "left_heel",
        "right_heel",
        "left_foot",
        "right_foot"
      ],
      "skeleton": [
        [
          1,
          2
        ],
        [
          0,
          1
        ],
        [
          0,
          2
        ],
        [
          1,
          3
        ],
        [
          2,
          4
        ],
        [
          5,
          6
        ],
        [
          5,
          7
        ],
        [
          7,
          9
        ],
        [
          6,
          8
        ],
        [
          8,
          10
        ],
        [
          5,
          11
        ],
        [
          6,
          12
        ],
        [
          11,
          12
        ],
        [
          11,
          13
        ],
        [
          13,
          15
        ],
        [
          12,
          14
        ],
        [
          14,
          16
        ],
        [
          16,
          18
        ],
        [
          16,
          20
        ],
        [
          20,
          18
        ],
        [
          15,
          17
        ],
        [
          15,
          19
        ],
        [
          19,
          17
        ]
      ]
    }
  ],
  "images": [
    {
      "file_name": "000000000197.jpg",
      "height": 1200,
      "width": 1600,
      "id": 0
    }
  ],
  "annotations": [
    {
      "category_id": 1,
      "image_id": 0,
      "id": 0,
      "bbox": [
        818.8191913933714,
        235.42567567567562,
        230.80687142113482,
        684.0810810810812
      ],
      "area": 157890.614122712,
      "keypoints": [
        930.1204819277108,
        302.4096385542168,
        2,
        944.3243243243243,
        292.4324324324324,
        2,
        920.0,
        293.5135135135135,
        2,
        978.4,
        293.6,
        2,
        909.8039215686274,
        284.3137254901961,
        0,
        1019.6078431372549,
        357.3529411764706,
        2,
        909.016393442623,
        340.9836065573771,
        2,
        1024.5098039215686,
        460.78431372549016,
        2,
        883.3333333333334,
        449.01960784313724,
        2,
        1030.392156862745,
        548.0392156862745,
        2,
        868.6274509803922,
        531.3725490196078,
        2,
        981.1475409836066,
        565.5737704918033,
        2,
        894.2622950819672,
        559.016393442623,
        2,
        923.7704918032787,
        716.3934426229508,
        2,
        873.9130434782609,
        700.0,
        2,
        915.9292035398229,
        806.1946902654867,
        2,
        858.4070796460176,
        792.0353982300884,
        2,
        922.5490196078431,
        837.2549019607843,
        2,
        875.4901960784314,
        829.4117647058823,
        2,
        887.5,
        862.5,
        2,
        838.0530973451326,
        841.5929203539822,
        2
      ],
      "num_keypoints": 20,
      "iscrowd": 0,
      "segmentation": [],
      "group_id": 1
    },
    {
      "category_id": 1,
      "image_id": 0,
      "id": 1,
      "bbox": [
        751.0887512899897,
        308.93783371472153,
        113.25077399380802,
        631.8764302059496
      ],
      "area": 71560.49478926821,
      "keypoints": [
        829.2035398230088,
        375.22123893805303,
        1,
        835.5072463768115,
        360.86956521739125,
        0,
        821.7391304347825,
        361.5942028985507,
        2,
        799.2753623188405,
        363.76811594202894,
        0,
        784.7826086956521,
        370.28985507246375,
        2,
        840.0,
        425.6,
        1,
        779.2,
        433.6,
        2,
        862.7450980392157,
        496.078431372549,
        0,
        784.313725490196,
        548.0392156862745,
        2,
        884.0579710144926,
        468.8405797101449,
        0,
        854.9019607843137,
        500.0,
        2,
        832.3529411764706,
        620.5882352941177,
        2,
        794.1176470588235,
        615.6862745098039,
        2,
        831.5217391304348,
        718.4782608695651,
        1,
        796.7391304347826,
        733.695652173913,
        2,
        817.391304347826,
        822.8260869565217,
        1,
        778.4313725490196,
        853.9215686274509,
        2,
        800.0,
        838.1578947368421,
        1,
        760.5263157894736,
        871.0526315789474,
        2,
        854.6052631578947,
        836.8421052631579,
        0,
        803.9473684210526,
        888.1578947368421,
        2
      ],
      "num_keypoints": 16,
      "iscrowd": 0,
      "segmentation": [],
      "group_id": 2
    }
  ]
}