{
  "categories": [
    {
      "supercategory": "person",
      "id": 1,
      "name": "person",
      "keypoints": [
        "nose",
        "left_eye",
        "right_eye",
        "left_ear",
        "right_ear",
        "left_shoulder",
        "right_shoulder",
        "left_elbow",
        "right_elbow",
        "left_wrist",
        "right_wrist",
        "left_hip",
        "right_hip",
        "left_knee",
        "right_knee",
        "left_ankle",
        "right_ankle",
        "left_heel",
        "right_heel",
        "left_foot",
        "right_foot"
      ],
      "skeleton": [
        [
          1,
          2
        ],
        [
          0,
          1
        ],
        [
          0,
          2
        ],
        [
          1,
          3
        ],
        [
          2,
          4
        ],
        [
          5,
          6
        ],
        [
          5,
          7
        ],
        [
          7,
          9
        ],
        [
          6,
          8
        ],
        [
          8,
          10
        ],
        [
          5,
          11
        ],
        [
          6,
          12
        ],
        [
          11,
          12
        ],
        [
          11,
          13
        ],
        [
          13,
          15
        ],
        [
          12,
          14
        ],
        [
          14,
          16
        ],
        [
          16,
          18
        ],
        [
          16,
          20
        ],
        [
          20,
          18
        ],
        [
          15,
          17
        ],
        [
          15,
          19
        ],
        [
          19,
          17
        ]
      ]
    }
  ],
  "images": [
    {
      "file_name": "000000001659.jpg",
      "height": 1200,
      "width": 1600,
      "id": 0
    }
  ],
  "annotations": [
    {
      "category_id": 1,
      "image_id": 0,
      "id": 0,
      "bbox": [
        662.0833333333334,
        444.5833333333333,
        180.0,
        448.3333333333334
      ],
      "area": 80700.00000000001,
      "keypoints": [
        703.4722222222223,
        497.22222222222223,
        2,
        718.7500000000001,
        483.33333333333337,
        2,
        693.7500000000001,
        487.5,
        2,
        739.5833333333334,
        481.94444444444446,
        1,
        685.4166666666667,
        495.83333333333337,
        1,
        774.3055555555557,
        512.5,
        2,
        677.0833333333334,
        534.7222222222223,
        2,
        827.0833333333334,
        552.7777777777778,
        1,
        681.2500000000001,
        625.0,
        2,
        811.8055555555557,
        570.8333333333334,
        1,
        688.1944444444445,
        687.5,
        2,
        772.9166666666667,
        645.8333333333334,
        2,
        707.6388888888889,
        663.8888888888889,
        2,
        759.0277777777778,
        747.2222222222223,
        2,
        713.1944444444445,
        744.4444444444445,
        2,
        757.6388888888889,
        822.2222222222223,
        2,
        724.3055555555557,
        816.6666666666667,
        2,
        771.5277777777778,
        837.5,
        2,
        740.9722222222223,
        836.1111111111112,
        1,
        757.6388888888889,
        855.5555555555557,
        2,
        713.1944444444445,
        848.6111111111112,
        2
      ],
      "num_keypoints": 21,
      "iscrowd": 0,
      "segmentation": [],
      "group_id": 1
    },
    {
      "category_id": 1,
      "image_id": 0,
      "id": 1,
      "bbox": [
        399.35064935064935,
        360.07142857142856,
        124.6753246753247,
        572.6493506493508
      ],
      "area": 71395.24371732167,
      "keypoints": [
        490.2597402597403,
        424.67532467532465,
        2,
        495.4545454545454,
        411.68831168831167,
        2,
        478.57142857142856,
        412.987012987013,
        2,
        466.8831168831168,
        411.68831168831167,
        0,
        439.6103896103896,
        407.79220779220776,
        2,
        509.7402597402597,
        464.93506493506493,
        2,
        420.12987012987014,
        492.2077922077922,
        2,
        516.2337662337662,
        572.7272727272727,
        0,
        409.7402597402597,
        576.6233766233767,
        2,
        503.2467532467532,
        632.4675324675325,
        0,
        409.7402597402597,
        654.5454545454545,
        2,
        513.6363636363636,
        657.1428571428571,
        1,
        453.89610389610385,
        663.6363636363636,
        2,
        487.01298701298697,
        755.8441558441558,
        2,
        436.3636363636363,
        762.3376623376623,
        2,
        480.83333333333337,
        845.0000000000001,
        1,
        432.5,
        851.6666666666667,
        1,
        459.16666666666674,
        863.3333333333334,
        1,
        427.5,
        885.0000000000001,
        1,
        505.83333333333337,
        865.0000000000001,
        2,
        452.5,
        885.0000000000001,
        2
      ],
      "num_keypoints": 18,
      "iscrowd": 0,
      "segmentation": [],
      "group_id": 2
    }
  ]
}