{
  "categories": [
    {
      "supercategory": "person",
      "id": 1,
      "name": "person",
      "keypoints": [
        "nose",
        "left_eye",
        "right_eye",
        "left_ear",
        "right_ear",
        "left_shoulder",
        "right_shoulder",
        "left_elbow",
        "right_elbow",
        "left_wrist",
        "right_wrist",
        "left_hip",
        "right_hip",
        "left_knee",
        "right_knee",
        "left_ankle",
        "right_ankle",
        "left_heel",
        "right_heel",
        "left_foot",
        "right_foot"
      ],
      "skeleton": [
        [
          1,
          2
        ],
        [
          0,
          1
        ],
        [
          0,
          2
        ],
        [
          1,
          3
        ],
        [
          2,
          4
        ],
        [
          5,
          6
        ],
        [
          5,
          7
        ],
        [
          7,
          9
        ],
        [
          6,
          8
        ],
        [
          8,
          10
        ],
        [
          5,
          11
        ],
        [
          6,
          12
        ],
        [
          11,
          12
        ],
        [
          11,
          13
        ],
        [
          13,
          15
        ],
        [
          12,
          14
        ],
        [
          14,
          16
        ],
        [
          16,
          18
        ],
        [
          16,
          20
        ],
        [
          20,
          18
        ],
        [
          15,
          17
        ],
        [
          15,
          19
        ],
        [
          19,
          17
        ]
      ]
    }
  ],
  "images": [
    {
      "file_name": "000000001881.jpg",
      "height": 1200,
      "width": 1600,
      "id": 0
    }
  ],
  "annotations": [
    {
      "category_id": 1,
      "image_id": 0,
      "id": 0,
      "bbox": [
        845.6845238095237,
        200.17135642135645,
        238.7987012987013,
        681.2770562770562
      ],
      "area": 162688.07626356327,
      "keypoints": [
        938.1944444444445,
        286.11111111111114,
        2,
        950.6944444444445,
        273.61111111111114,
        2,
        924.3055555555555,
        272.22222222222223,
        2,
        985.4166666666669,
        256.94444444444446,
        2,
        911.8055555555557,
        259.72222222222223,
        0,
        1035.4166666666667,
        309.72222222222223,
        2,
        925.6944444444445,
        312.5,
        2,
        1064.5833333333333,
        415.27777777777777,
        2,
        911.8055555555557,
        427.77777777777777,
        1,
        1060.4166666666667,
        515.2777777777778,
        2,
        895.1388888888889,
        504.1666666666667,
        1,
        993.7500000000001,
        513.8888888888889,
        2,
        922.9166666666669,
        515.2777777777778,
        2,
        972.9166666666669,
        651.3888888888889,
        2,
        904.8611111111112,
        652.7777777777778,
        1,
        945.138888888889,
        766.6666666666667,
        2,
        890.9722222222223,
        769.4444444444445,
        2,
        938.3116883116883,
        803.8961038961039,
        1,
        899.3506493506493,
        824.6753246753246,
        2,
        925.3246753246754,
        822.077922077922,
        2,
        865.5844155844155,
        816.8831168831168,
        2
      ],
      "num_keypoints": 20,
      "iscrowd": 0,
      "segmentation": [],
      "group_id": 1
    },
    {
      "category_id": 1,
      "image_id": 0,
      "id": 1,
      "bbox": [
        685.5725108225108,
        321.4285714285714,
        243.12987012987014,
        631.1688311688313
      ],
      "area": 153455.99595209988,
      "keypoints": [
        782.4675324675325,
        394.8051948051948,
        1,
        772.077922077922,
        376.6233766233766,
        0,
        781.1688311688312,
        376.6233766233766,
        1,
        762.9870129870129,
        377.9220779220779,
        0,
        748.7012987012987,
        374.025974025974,
        2,
        777.2727272727273,
        431.16883116883116,
        2,
        738.3116883116883,
        474.025974025974,
        2,
        844.8051948051948,
        444.15584415584414,
        2,
        811.038961038961,
        529.8701298701299,
        2,
        908.4415584415584,
        403.8961038961039,
        1,
        872.077922077922,
        494.8051948051948,
        2,
        783.7662337662338,
        640.2597402597403,
        1,
        750.0,
        641.5584415584416,
        2,
        772.7272727272726,
        737.6623376623377,
        2,
        732.4675324675325,
        740.2597402597403,
        2,
        777.5,
        816.6666666666667,
        2,
        712.5,
        876.6666666666667,
        2,
        762.5,
        841.6666666666667,
        2,
        705.8333333333334,
        900.0000000000001,
        2,
        807.5,
        843.3333333333334,
        2,
        745.8333333333334,
        900.0000000000001,
        2
      ],
      "num_keypoints": 19,
      "iscrowd": 0,
      "segmentation": [],
      "group_id": 2
    }
  ]
}