{
  "categories": [
    {
      "supercategory": "person",
      "id": 1,
      "name": "person",
      "keypoints": [
        "nose",
        "left_eye",
        "right_eye",
        "left_ear",
        "right_ear",
        "left_shoulder",
        "right_shoulder",
        "left_elbow",
        "right_elbow",
        "left_wrist",
        "right_wrist",
        "left_hip",
        "right_hip",
        "left_knee",
        "right_knee",
        "left_ankle",
        "right_ankle",
        "left_heel",
        "right_heel",
        "left_foot",
        "right_foot"
      ],
      "skeleton": [
        [
          1,
          2
        ],
        [
          0,
          1
        ],
        [
          0,
          2
        ],
        [
          1,
          3
        ],
        [
          2,
          4
        ],
        [
          5,
          6
        ],
        [
          5,
          7
        ],
        [
          7,
          9
        ],
        [
          6,
          8
        ],
        [
          8,
          10
        ],
        [
          5,
          11
        ],
        [
          6,
          12
        ],
        [
          11,
          12
        ],
        [
          11,
          13
        ],
        [
          13,
          15
        ],
        [
          12,
          14
        ],
        [
          14,
          16
        ],
        [
          16,
          18
        ],
        [
          16,
          20
        ],
        [
          20,
          18
        ],
        [
          15,
          17
        ],
        [
          15,
          19
        ],
        [
          19,
          17
        ]
      ]
    }
  ],
  "images": [
    {
      "file_name": "000000000315.jpg",
      "height": 1200,
      "width": 1600,
      "id": 0
    }
  ],
  "annotations": [
    {
      "category_id": 1,
      "image_id": 0,
      "id": 0,
      "bbox": [
        987.9610619469025,
        279.84048754636984,
        240.04247787610632,
        579.2114467408585
      ],
      "area": 139035.35088988006,
      "keypoints": [
        1146.987951807229,
        338.55421686746985,
        2,
        1161.081081081081,
        328.64864864864865,
        2,
        1138.918918918919,
        328.10810810810807,
        2,
        1182.6086956521738,
        344.927536231884,
        2,
        1127.5555555555557,
        336.8888888888889,
        1,
        1208.0,
        391.1111111111111,
        2,
        1100.8849557522124,
        382.30088495575217,
        2,
        1198.230088495575,
        458.4070796460177,
        2,
        1046.0176991150443,
        438.93805309734506,
        2,
        1170.796460176991,
        493.80530973451323,
        2,
        1007.9646017699114,
        465.48672566371675,
        2,
        1162.8318584070796,
        585.8407079646017,
        2,
        1107.079646017699,
        576.9911504424778,
        2,
        1156.862745098039,
        689.2156862745098,
        2,
        1087.2549019607843,
        687.2549019607843,
        2,
        1144.1176470588234,
        763.7254901960785,
        2,
        1092.1568627450981,
        770.5882352941177,
        2,
        1150.4901960784314,
        796.5686274509803,
        1,
        1106.3725490196077,
        801.4705882352941,
        2,
        1128.921568627451,
        810.7843137254902,
        2,
        1072.6190476190477,
        801.7857142857143,
        2
      ],
      "num_keypoints": 21,
      "iscrowd": 0,
      "segmentation": [],
      "group_id": 1
    },
    {
      "category_id": 1,
      "image_id": 0,
      "id": 1,
      "bbox": [
        710.5329900839054,
        323.5078184591914,
        260.4462242562929,
        491.8192219679635
      ],
      "area": 128092.45937822372,
      "keypoints": [
        880.0,
        378.4,
        2,
        893.4782608695651,
        366.66666666666663,
        2,
        871.0144927536231,
        364.4927536231884,
        2,
        902.6666666666666,
        372.0,
        1,
        848.4444444444445,
        368.0,
        2,
        894.1176470588235,
        393.1372549019608,
        0,
        821.5686274509803,
        393.1372549019608,
        2,
        949.2753623188405,
        449.99999999999994,
        2,
        864.4927536231884,
        460.1449275362318,
        2,
        1029.7101449275362,
        455.7971014492753,
        0,
        926.4705882352941,
        495.09803921568624,
        2,
        815.6862745098039,
        571.5686274509803,
        2,
        768.0327868852459,
        570.4918032786885,
        1,
        838.5542168674698,
        645.7831325301204,
        2,
        756.6265060240963,
        660.2409638554217,
        2,
        821.6,
        740.0,
        2,
        753.0973451327433,
        739.8230088495575,
        2,
        803.5714285714286,
        766.6666666666667,
        2,
        732.2368421052631,
        765.1315789473684,
        2,
        859.2105263157895,
        767.7631578947369,
        2,
        771.7105263157895,
        774.3421052631579,
        2
      ],
      "num_keypoints": 19,
      "iscrowd": 0,
      "segmentation": [],
      "group_id": 2
    }
  ]
}