{
  "categories": [
    {
      "supercategory": "person",
      "id": 1,
      "name": "person",
      "keypoints": [
        "nose",
        "left_eye",
        "right_eye",
        "left_ear",
        "right_ear",
        "left_shoulder",
        "right_shoulder",
        "left_elbow",
        "right_elbow",
        "left_wrist",
        "right_wrist",
        "left_hip",
        "right_hip",
        "left_knee",
        "right_knee",
        "left_ankle",
        "right_ankle",
        "left_heel",
        "right_heel",
        "left_foot",
        "right_foot"
      ],
      "skeleton": [
        [
          1,
          2
        ],
        [
          0,
          1
        ],
        [
          0,
          2
        ],
        [
          1,
          3
        ],
        [
          2,
          4
        ],
        [
          5,
          6
        ],
        [
          5,
          7
        ],
        [
          7,
          9
        ],
        [
          6,
          8
        ],
        [
          8,
          10
        ],
        [
          5,
          11
        ],
        [
          6,
          12
        ],
        [
          11,
          12
        ],
        [
          11,
          13
        ],
        [
          13,
          15
        ],
        [
          12,
          14
        ],
        [
          14,
          16
        ],
        [
          16,
          18
        ],
        [
          16,
          20
        ],
        [
          20,
          18
        ],
        [
          15,
          17
        ],
        [
          15,
          19
        ],
        [
          19,
          17
        ]
      ]
    }
  ],
  "images": [
    {
      "file_name": "000000001387.jpg",
      "height": 1200,
      "width": 1600,
      "id": 0
    }
  ],
  "annotations": [
    {
      "category_id": 1,
      "image_id": 0,
      "id": 0,
      "bbox": [
        906.4095238095238,
        320.5909343715239,
        315.0857142857142,
        591.1735261401557
      ],
      "area": 186270.33275067527,
      "keypoints": [
        1046.8409586056646,
        387.58169934640523,
        2,
        1062.0915032679738,
        374.0740740740741,
        2,
        1036.4849833147941,
        373.41490545050056,
        2,
        1087.6529477196884,
        369.85539488320353,
        2,
        1033.8308457711441,
        362.68656716417905,
        0,
        1121.8905472636814,
        405.9701492537313,
        2,
        1015.4228855721392,
        397.51243781094524,
        2,
        1195.2380952380952,
        496.42857142857144,
        2,
        967.3469387755102,
        466.32653061224494,
        2,
        1122.4489795918369,
        523.469387755102,
        2,
        932.6666666666666,
        488.0,
        2,
        1118.8311688311687,
        607.7922077922078,
        2,
        1022.7272727272726,
        611.6883116883117,
        2,
        1061.6883116883118,
        745.4545454545454,
        2,
        1018.8311688311688,
        737.6623376623377,
        2,
        1094.8051948051948,
        810.3896103896104,
        2,
        1051.948051948052,
        820.7792207792207,
        2,
        1111.6883116883116,
        827.2727272727273,
        2,
        1061.0294117647059,
        831.6176470588234,
        2,
        1097.7941176470588,
        862.4999999999999,
        2,
        1047.7272727272725,
        857.5757575757575,
        2
      ],
      "num_keypoints": 20,
      "iscrowd": 0,
      "segmentation": [],
      "group_id": 1
    },
    {
      "category_id": 1,
      "image_id": 0,
      "id": 1,
      "bbox": [
        737.5999999999999,
        285.9333333333333,
        228.80000000000018,
        641.5272727272728
      ],
      "area": 146781.44000000015,
      "keypoints": [
        851.2987012987013,
        346.75324675324674,
        2,
        859.9326599326599,
        339.3939393939394,
        1,
        850.5050505050505,
        341.75084175084174,
        2,
        827.4725274725274,
        332.96703296703294,
        0,
        797.8021978021977,
        340.65934065934067,
        2,
        848.9010989010989,
        410.4395604395604,
        2,
        791.5824915824916,
        415.4882154882155,
        2,
        892.4242424242424,
        500.0,
        2,
        874.2424242424242,
        477.27272727272725,
        2,
        951.3333333333334,
        472.6666666666667,
        0,
        947.3333333333334,
        438.0,
        2,
        844.6666666666666,
        586.0,
        2,
        816.6666666666666,
        592.6666666666666,
        2,
        858.0,
        692.6666666666666,
        2,
        803.3333333333333,
        719.3333333333334,
        2,
        842.0,
        790.0,
        2,
        774.0,
        826.0,
        2,
        820.6666666666666,
        812.6666666666666,
        2,
        756.6666666666666,
        851.3333333333334,
        2,
        899.3333333333334,
        827.3333333333334,
        2,
        808.6666666666666,
        874.0,
        2
      ],
      "num_keypoints": 19,
      "iscrowd": 0,
      "segmentation": [],
      "group_id": 2
    }
  ]
}