{
  "categories": [
    {
      "supercategory": "person",
      "id": 1,
      "name": "person",
      "keypoints": [
        "nose",
        "left_eye",
        "right_eye",
        "left_ear",
        "right_ear",
        "left_shoulder",
        "right_shoulder",
        "left_elbow",
        "right_elbow",
        "left_wrist",
        "right_wrist",
        "left_hip",
        "right_hip",
        "left_knee",
        "right_knee",
        "left_ankle",
        "right_ankle",
        "left_heel",
        "right_heel",
        "left_foot",
        "right_foot"
      ],
      "skeleton": [
        [
          1,
          2
        ],
        [
          0,
          1
        ],
        [
          0,
          2
        ],
        [
          1,
          3
        ],
        [
          2,
          4
        ],
        [
          5,
          6
        ],
        [
          5,
          7
        ],
        [
          7,
          9
        ],
        [
          6,
          8
        ],
        [
          8,
          10
        ],
        [
          5,
          11
        ],
        [
          6,
          12
        ],
        [
          11,
          12
        ],
        [
          11,
          13
        ],
        [
          13,
          15
        ],
        [
          12,
          14
        ],
        [
          14,
          16
        ],
        [
          16,
          18
        ],
        [
          16,
          20
        ],
        [
          20,
          18
        ],
        [
          15,
          17
        ],
        [
          15,
          19
        ],
        [
          19,
          17
        ]
      ]
    }
  ],
  "images": [
    {
      "file_name": "000000001630.jpg",
      "height": 1200,
      "width": 1600,
      "id": 0
    }
  ],
  "annotations": [
    {
      "category_id": 1,
      "image_id": 0,
      "id": 0,
      "bbox": [
        821.9444444444446,
        375.4166666666667,
        228.33333333333326,
        545.0
      ],
      "area": 124441.66666666663,
      "keypoints": [
        974.3055555555555,
        433.33333333333337,
        2,
        987.0,
        424.0,
        2,
        964.5833333333334,
        422.22222222222223,
        2,
        1007.638888888889,
        425.0,
        1,
        949.3055555555555,
        420.83333333333337,
        1,
        1031.25,
        479.1666666666667,
        2,
        938.1944444444445,
        477.77777777777777,
        2,
        1013.1944444444445,
        520.8333333333334,
        2,
        890.9722222222223,
        509.72222222222223,
        2,
        970.138888888889,
        556.9444444444445,
        2,
        840.9722222222223,
        543.0555555555555,
        2,
        993.7500000000001,
        640.2777777777778,
        2,
        936.8055555555555,
        640.2777777777778,
        2,
        990.9722222222223,
        743.0555555555555,
        2,
        947.9166666666669,
        740.2777777777778,
        2,
        995.138888888889,
        845.8333333333334,
        2,
        954.8611111111112,
        843.0555555555555,
        2,
        1009.0277777777779,
        873.6111111111112,
        2,
        977.0833333333334,
        856.9444444444446,
        1,
        975.6944444444445,
        872.2222222222223,
        2,
        940.9722222222223,
        875.0000000000001,
        2
      ],
      "num_keypoints": 21,
      "iscrowd": 0,
      "segmentation": [],
      "group_id": 1
    },
    {
      "category_id": 1,
      "image_id": 0,
      "id": 1,
      "bbox": [
        639.9999999999999,
        359.4761904761904,
        260.2597402597404,
        564.2077922077924
      ],
      "area": 146840.57345252164,
      "keypoints": [
        721.4285714285714,
        419.4805194805195,
        2,
        729.2207792207791,
        406.49350649350646,
        2,
        711.038961038961,
        406.49350649350646,
        2,
        698.051948051948,
        407.79220779220776,
        0,
        674.6753246753246,
        409.09090909090907,
        2,
        740.9090909090909,
        457.1428571428571,
        2,
        661.6883116883116,
        484.4155844155844,
        2,
        809.7402597402597,
        485.7142857142857,
        2,
        735.7142857142857,
        520.7792207792207,
        2,
        878.5714285714286,
        501.2987012987013,
        1,
        824.025974025974,
        511.68831168831167,
        2,
        740.9090909090909,
        646.7532467532467,
        2,
        700.6493506493506,
        650.6493506493506,
        2,
        736.3636363636364,
        748.051948051948,
        2,
        697.4025974025974,
        753.2467532467532,
        2,
        722.5,
        843.3333333333334,
        2,
        684.1666666666667,
        856.6666666666667,
        2,
        707.5,
        853.3333333333334,
        1,
        677.5,
        871.6666666666667,
        2,
        742.5,
        860.0000000000001,
        2,
        704.1666666666667,
        876.6666666666667,
        2
      ],
      "num_keypoints": 20,
      "iscrowd": 0,
      "segmentation": [],
      "group_id": 2
    }
  ]
}