{
  "categories": [
    {
      "supercategory": "person",
      "id": 1,
      "name": "person",
      "keypoints": [
        "nose",
        "left_eye",
        "right_eye",
        "left_ear",
        "right_ear",
        "left_shoulder",
        "right_shoulder",
        "left_elbow",
        "right_elbow",
        "left_wrist",
        "right_wrist",
        "left_hip",
        "right_hip",
        "left_knee",
        "right_knee",
        "left_ankle",
        "right_ankle",
        "left_heel",
        "right_heel",
        "left_foot",
        "right_foot"
      ],
      "skeleton": [
        [
          1,
          2
        ],
        [
          0,
          1
        ],
        [
          0,
          2
        ],
        [
          1,
          3
        ],
        [
          2,
          4
        ],
        [
          5,
          6
        ],
        [
          5,
          7
        ],
        [
          7,
          9
        ],
        [
          6,
          8
        ],
        [
          8,
          10
        ],
        [
          5,
          11
        ],
        [
          6,
          12
        ],
        [
          11,
          12
        ],
        [
          11,
          13
        ],
        [
          13,
          15
        ],
        [
          12,
          14
        ],
        [
          14,
          16
        ],
        [
          16,
          18
        ],
        [
          16,
          20
        ],
        [
          20,
          18
        ],
        [
          15,
          17
        ],
        [
          15,
          19
        ],
        [
          19,
          17
        ]
      ]
    }
  ],
  "images": [
    {
      "file_name": "000000000842.jpg",
      "height": 1200,
      "width": 1600,
      "id": 0
    }
  ],
  "annotations": [
    {
      "category_id": 1,
      "image_id": 0,
      "id": 0,
      "bbox": [
        932.0212765957447,
        239.26584663120568,
        258.29787234042556,
        700.6848404255319
      ],
      "area": 180985.4034631055,
      "keypoints": [
        1035.2941176470588,
        326.4705882352941,
        2,
        1052.34375,
        311.71875,
        2,
        1025.390625,
        308.59375,
        2,
        1087.890625,
        297.65625,
        2,
        1018.0851063829788,
        303.54609929078015,
        2,
        1135.4609929078015,
        365.95744680851067,
        2,
        1011.7021276595746,
        347.5177304964539,
        2,
        1168.7943262411347,
        473.40425531914894,
        2,
        987.5886524822696,
        428.01418439716315,
        2,
        1125.886524822695,
        504.2553191489362,
        2,
        953.5460992907801,
        481.9148936170213,
        1,
        1097.5177304964539,
        612.0567375886525,
        2,
        1003.8461538461538,
        588.4615384615385,
        1,
        1061.5384615384614,
        748.7179487179487,
        2,
        992.3076923076922,
        739.7435897435897,
        2,
        1067.9487179487178,
        847.4358974358975,
        2,
        1016.6666666666665,
        832.051282051282,
        2,
        1082.2695035460993,
        865.2482269503547,
        2,
        1022.6950354609929,
        851.0638297872341,
        2,
        1055.3191489361702,
        881.5602836879433,
        2,
        982.9787234042553,
        861.7021276595746,
        2
      ],
      "num_keypoints": 21,
      "iscrowd": 0,
      "segmentation": [],
      "group_id": 1
    },
    {
      "category_id": 1,
      "image_id": 0,
      "id": 1,
      "bbox": [
        743.2186932849364,
        291.47224260210317,
        174.47912885662436,
        629.9926632428468
      ],
      "area": 109920.57106867663,
      "keypoints": [
        852.4822695035461,
        354.25531914893617,
        2,
        854.9645390070923,
        346.45390070921985,
        2,
        844.3262411347519,
        346.09929078014187,
        2,
        828.7234042553192,
        336.8794326241135,
        0,
        794.3262411347519,
        343.97163120567376,
        2,
        852.1052631578947,
        402.6315789473684,
        2,
        784.7368421052631,
        418.9473684210526,
        2,
        898.4210526315788,
        480.52631578947364,
        1,
        823.1578947368421,
        520.5263157894736,
        2,
        1003.6842105263157,
        435.2631578947368,
        0,
        903.1578947368421,
        488.4210526315789,
        2,
        856.4102564102564,
        605.1282051282051,
        2,
        805.1282051282051,
        596.1538461538462,
        2,
        838.4615384615383,
        711.5384615384615,
        2,
        788.4615384615383,
        719.2307692307692,
        2,
        830.1724137931034,
        803.4482758620691,
        2,
        772.4137931034483,
        834.4827586206898,
        2,
        817.2413793103448,
        828.4482758620691,
        2,
        757.7586206896551,
        856.896551724138,
        2,
        854.3103448275862,
        826.7241379310345,
        2,
        780.1724137931034,
        868.9655172413794,
        2
      ],
      "num_keypoints": 19,
      "iscrowd": 0,
      "segmentation": [],
      "group_id": 2
    }
  ]
}