{
  "categories": [
    {
      "supercategory": "person",
      "id": 1,
      "name": "person",
      "keypoints": [
        "nose",
        "left_eye",
        "right_eye",
        "left_ear",
        "right_ear",
        "left_shoulder",
        "right_shoulder",
        "left_elbow",
        "right_elbow",
        "left_wrist",
        "right_wrist",
        "left_hip",
        "right_hip",
        "left_knee",
        "right_knee",
        "left_ankle",
        "right_ankle",
        "left_heel",
        "right_heel",
        "left_foot",
        "right_foot"
      ],
      "skeleton": [
        [
          1,
          2
        ],
        [
          0,
          1
        ],
        [
          0,
          2
        ],
        [
          1,
          3
        ],
        [
          2,
          4
        ],
        [
          5,
          6
        ],
        [
          5,
          7
        ],
        [
          7,
          9
        ],
        [
          6,
          8
        ],
        [
          8,
          10
        ],
        [
          5,
          11
        ],
        [
          6,
          12
        ],
        [
          11,
          12
        ],
        [
          11,
          13
        ],
        [
          13,
          15
        ],
        [
          12,
          14
        ],
        [
          14,
          16
        ],
        [
          16,
          18
        ],
        [
          16,
          20
        ],
        [
          20,
          18
        ],
        [
          15,
          17
        ],
        [
          15,
          19
        ],
        [
          19,
          17
        ]
      ]
    }
  ],
  "images": [
    {
      "file_name": "000000000276.jpg",
      "height": 1200,
      "width": 1600,
      "id": 0
    }
  ],
  "annotations": [
    {
      "category_id": 1,
      "image_id": 0,
      "id": 0,
      "bbox": [
        824.0626086956521,
        263.74427917620136,
        248.8486956521739,
        632.4370709382151
      ],
      "area": 157381.1401850562,
      "keypoints": [
        864.7540983606557,
        345.9016393442623,
        1,
        882.843137254902,
        331.37254901960785,
        2,
        855.3921568627451,
        332.84313725490193,
        1,
        916.6666666666666,
        316.6666666666667,
        2,
        854.6052631578947,
        316.4473684210526,
        1,
        977.6315789473684,
        350.0,
        2,
        860.1769911504424,
        355.7522123893805,
        0,
        996.3855421686746,
        465.0602409638554,
        2,
        857.8313253012047,
        459.0361445783132,
        2,
        1023.2,
        576.8,
        2,
        844.8,
        552.0,
        2,
        974.3362831858406,
        572.5663716814158,
        2,
        909.7345132743362,
        579.646017699115,
        2,
        997.5903614457831,
        707.2289156626506,
        2,
        943.3734939759036,
        712.0481927710842,
        2,
        1031.3725490196077,
        785.2941176470588,
        2,
        987.2549019607843,
        771.5686274509803,
        1,
        1052.1739130434783,
        794.5652173913043,
        2,
        1007.6086956521739,
        798.9130434782609,
        2,
        1023.1884057971014,
        843.4782608695651,
        2,
        978.7610619469026,
        839.8230088495575,
        2
      ],
      "num_keypoints": 20,
      "iscrowd": 0,
      "segmentation": [],
      "group_id": 1
    },
    {
      "category_id": 1,
      "image_id": 0,
      "id": 1,
      "bbox": [
        712.9662745098038,
        284.0476190476191,
        142.00470588235305,
        684.2857142857142
      ],
      "area": 97171.79159663872,
      "keypoints": [
        794.6902654867256,
        353.9823008849557,
        2,
        801.7857142857143,
        341.0714285714286,
        2,
        780.6451612903226,
        341.1290322580645,
        2,
        811.2903225806451,
        340.3225806451613,
        0,
        745.5645161290323,
        347.5806451612903,
        2,
        819.2,
        401.6,
        0,
        724.8,
        419.2,
        2,
        852.6315789473684,
        503.2894736842105,
        0,
        784.8684210526316,
        488.1578947368421,
        2,
        860.5263157894736,
        469.7368421052632,
        0,
        843.1372549019608,
        402.94117647058823,
        2,
        826.4705882352941,
        628.4313725490196,
        2,
        781.1475409836065,
        634.4262295081967,
        2,
        822.5490196078431,
        745.0980392156863,
        2,
        763.7254901960785,
        751.9607843137255,
        2,
        812.0,
        834.4,
        2,
        756.6265060240963,
        866.2650602409637,
        2,
        792.8,
        864.8,
        2,
        736.3095238095239,
        895.2380952380953,
        1,
        839.2857142857143,
        874.4047619047619,
        2,
        779.1666666666667,
        911.3095238095239,
        2
      ],
      "num_keypoints": 17,
      "iscrowd": 0,
      "segmentation": [],
      "group_id": 2
    }
  ]
}