{
  "categories": [
    {
      "supercategory": "person",
      "id": 1,
      "name": "person",
      "keypoints": [
        "nose",
        "left_eye",
        "right_eye",
        "left_ear",
        "right_ear",
        "left_shoulder",
        "right_shoulder",
        "left_elbow",
        "right_elbow",
        "left_wrist",
        "right_wrist",
        "left_hip",
        "right_hip",
        "left_knee",
        "right_knee",
        "left_ankle",
        "right_ankle",
        "left_heel",
        "right_heel",
        "left_foot",
        "right_foot"
      ],
      "skeleton": [
        [
          1,
          2
        ],
        [
          0,
          1
        ],
        [
          0,
          2
        ],
        [
          1,
          3
        ],
        [
          2,
          4
        ],
        [
          5,
          6
        ],
        [
          5,
          7
        ],
        [
          7,
          9
        ],
        [
          6,
          8
        ],
        [
          8,
          10
        ],
        [
          5,
          11
        ],
        [
          6,
          12
        ],
        [
          11,
          12
        ],
        [
          11,
          13
        ],
        [
          13,
          15
        ],
        [
          12,
          14
        ],
        [
          14,
          16
        ],
        [
          16,
          18
        ],
        [
          16,
          20
        ],
        [
          20,
          18
        ],
        [
          15,
          17
        ],
        [
          15,
          19
        ],
        [
          19,
          17
        ]
      ]
    }
  ],
  "images": [
    {
      "file_name": "000000002027.jpg",
      "height": 1200,
      "width": 1600,
      "id": 0
    }
  ],
  "annotations": [
    {
      "category_id": 1,
      "image_id": 0,
      "id": 0,
      "bbox": [
        817.8456995201182,
        270.6581213566508,
        296.54928017718726,
        560.8863275039746
      ],
      "area": 166330.43668252978,
      "keypoints": [
        861.9932432432432,
        335.6418918918919,
        2,
        873.1418918918919,
        317.39864864864865,
        2,
        851.1824324324324,
        319.2567567567568,
        2,
        913.3445945945946,
        296.6216216216216,
        0,
        846.9594594594595,
        309.6283783783784,
        0,
        970.9302325581396,
        317.6744186046512,
        2,
        842.5581395348837,
        320.2325581395349,
        1,
        1012.3255813953489,
        452.7906976744186,
        2,
        860.0,
        454.8837209302326,
        2,
        1028.1746031746031,
        544.4444444444445,
        2,
        853.1746031746031,
        519.047619047619,
        2,
        997.9069767441861,
        552.7906976744187,
        2,
        937.6984126984127,
        552.3809523809524,
        2,
        1041.2698412698412,
        651.984126984127,
        2,
        961.1111111111111,
        656.7460317460317,
        2,
        1069.4444444444443,
        730.1587301587301,
        2,
        984.1269841269841,
        740.8730158730159,
        2,
        1089.6825396825398,
        707.936507936508,
        2,
        1006.3492063492064,
        734.9206349206349,
        2,
        1069.8412698412699,
        774.6031746031746,
        2,
        968.627450980392,
        784.8039215686275,
        2
      ],
      "num_keypoints": 19,
      "iscrowd": 0,
      "segmentation": [],
      "group_id": 1
    },
    {
      "category_id": 1,
      "image_id": 0,
      "id": 1,
      "bbox": [
        675.952380952381,
        308.53106783253844,
        179.04761904761904,
        661.8163751987281
      ],
      "area": 118496.64622605797,
      "keypoints": [
        776.0135135135135,
        375.33783783783787,
        2,
        776.8581081081081,
        364.86486486486484,
        0,
        766.2162162162163,
        364.02027027027026,
        2,
        750.0,
        365.0337837837838,
        0,
        721.2837837837837,
        363.68243243243245,
        2,
        761.1627906976745,
        422.093023255814,
        2,
        704.6511627906978,
        442.093023255814,
        2,
        834.6511627906978,
        487.6744186046512,
        2,
        804.6511627906978,
        496.046511627907,
        2,
        859.1269841269841,
        450.0,
        0,
        840.0793650793651,
        417.06349206349205,
        2,
        784.4186046511628,
        678.139534883721,
        1,
        729.7619047619047,
        673.4126984126984,
        2,
        766.2698412698412,
        752.7777777777778,
        2,
        720.2380952380952,
        752.7777777777778,
        2,
        777.7777777777778,
        833.7301587301587,
        2,
        707.936507936508,
        886.9047619047619,
        2,
        753.1746031746031,
        850.3968253968254,
        2,
        690.8730158730159,
        900.0,
        2,
        815.4761904761905,
        857.1428571428571,
        2,
        739.2156862745098,
        915.1960784313726,
        2
      ],
      "num_keypoints": 18,
      "iscrowd": 0,
      "segmentation": [],
      "group_id": 2
    }
  ]
}