{
  "categories": [
    {
      "supercategory": "person",
      "id": 1,
      "name": "person",
      "keypoints": [
        "nose",
        "left_eye",
        "right_eye",
        "left_ear",
        "right_ear",
        "left_shoulder",
        "right_shoulder",
        "left_elbow",
        "right_elbow",
        "left_wrist",
        "right_wrist",
        "left_hip",
        "right_hip",
        "left_knee",
        "right_knee",
        "left_ankle",
        "right_ankle",
        "left_heel",
        "right_heel",
        "left_foot",
        "right_foot"
      ],
      "skeleton": [
        [
          1,
          2
        ],
        [
          0,
          1
        ],
        [
          0,
          2
        ],
        [
          1,
          3
        ],
        [
          2,
          4
        ],
        [
          5,
          6
        ],
        [
          5,
          7
        ],
        [
          7,
          9
        ],
        [
          6,
          8
        ],
        [
          8,
          10
        ],
        [
          5,
          11
        ],
        [
          6,
          12
        ],
        [
          11,
          12
        ],
        [
          11,
          13
        ],
        [
          13,
          15
        ],
        [
          12,
          14
        ],
        [
          14,
          16
        ],
        [
          16,
          18
        ],
        [
          16,
          20
        ],
        [
          20,
          18
        ],
        [
          15,
          17
        ],
        [
          15,
          19
        ],
        [
          19,
          17
        ]
      ]
    }
  ],
  "images": [
    {
      "file_name": "000000001917.jpg",
      "height": 1200,
      "width": 1600,
      "id": 0
    }
  ],
  "annotations": [
    {
      "category_id": 1,
      "image_id": 0,
      "id": 0,
      "bbox": [
        776.3789682539682,
        240.43636363636364,
        306.8290043290044,
        570.7636363636364
      ],
      "area": 175126.83825265648,
      "keypoints": [
        970.138888888889,
        301.3888888888889,
        2,
        989.0,
        288.0,
        2,
        964.5833333333334,
        288.8888888888889,
        2,
        1020.138888888889,
        297.22222222222223,
        2,
        953.4722222222223,
        288.8888888888889,
        0,
        1047.9166666666667,
        356.94444444444446,
        2,
        938.1944444444445,
        351.3888888888889,
        2,
        1057.638888888889,
        461.11111111111114,
        2,
        913.1944444444446,
        448.61111111111114,
        2,
        1043.75,
        543.0555555555555,
        2,
        913.1944444444446,
        523.6111111111111,
        1,
        993.7500000000001,
        534.7222222222223,
        2,
        938.1944444444445,
        527.7777777777778,
        2,
        943.7500000000001,
        634.7222222222223,
        1,
        874.3055555555557,
        627.7777777777778,
        1,
        879.8611111111112,
        713.8888888888889,
        2,
        831.2500000000001,
        712.5,
        2,
        879.8701298701299,
        763.6363636363636,
        2,
        833.1168831168831,
        754.5454545454545,
        1,
        850.0,
        736.3636363636364,
        2,
        801.9480519480519,
        735.0649350649351,
        2
      ],
      "num_keypoints": 20,
      "iscrowd": 0,
      "segmentation": [],
      "group_id": 1
    },
    {
      "category_id": 1,
      "image_id": 0,
      "id": 1,
      "bbox": [
        718.051948051948,
        330.71428571428567,
        196.36363636363637,
        566.4935064935066
      ],
      "area": 111238.72491145221,
      "keypoints": [
        787.6623376623377,
        396.1038961038961,
        2,
        794.1558441558441,
        377.9220779220779,
        2,
        778.5714285714286,
        379.2207792207792,
        2,
        764.2857142857142,
        384.4155844155844,
        0,
        744.8051948051948,
        381.8181818181818,
        2,
        794.1558441558441,
        427.27272727272725,
        2,
        734.4155844155844,
        449.35064935064935,
        2,
        848.7012987012987,
        454.54545454545456,
        2,
        804.5454545454545,
        501.2987012987013,
        2,
        898.051948051948,
        441.55844155844153,
        2,
        890.2597402597403,
        498.7012987012987,
        2,
        813.6363636363636,
        610.3896103896104,
        2,
        768.1818181818181,
        624.6753246753246,
        2,
        809.090909090909,
        710.3896103896104,
        1,
        784.4155844155844,
        728.5714285714286,
        1,
        780.8333333333335,
        795.0000000000001,
        2,
        755.8333333333334,
        821.6666666666667,
        2,
        774.1666666666667,
        818.3333333333334,
        1,
        740.8333333333334,
        843.3333333333334,
        2,
        810.8333333333335,
        820.0000000000001,
        2,
        777.5,
        850.0000000000001,
        2
      ],
      "num_keypoints": 20,
      "iscrowd": 0,
      "segmentation": [],
      "group_id": 2
    }
  ]
}