{
  "categories": [
    {
      "supercategory": "person",
      "id": 1,
      "name": "person",
      "keypoints": [
        "nose",
        "left_eye",
        "right_eye",
        "left_ear",
        "right_ear",
        "left_shoulder",
        "right_shoulder",
        "left_elbow",
        "right_elbow",
        "left_wrist",
        "right_wrist",
        "left_hip",
        "right_hip",
        "left_knee",
        "right_knee",
        "left_ankle",
        "right_ankle",
        "left_heel",
        "right_heel",
        "left_foot",
        "right_foot"
      ],
      "skeleton": [
        [
          1,
          2
        ],
        [
          0,
          1
        ],
        [
          0,
          2
        ],
        [
          1,
          3
        ],
        [
          2,
          4
        ],
        [
          5,
          6
        ],
        [
          5,
          7
        ],
        [
          7,
          9
        ],
        [
          6,
          8
        ],
        [
          8,
          10
        ],
        [
          5,
          11
        ],
        [
          6,
          12
        ],
        [
          11,
          12
        ],
        [
          11,
          13
        ],
        [
          13,
          15
        ],
        [
          12,
          14
        ],
        [
          14,
          16
        ],
        [
          16,
          18
        ],
        [
          16,
          20
        ],
        [
          20,
          18
        ],
        [
          15,
          17
        ],
        [
          15,
          19
        ],
        [
          19,
          17
        ]
      ]
    }
  ],
  "images": [
    {
      "file_name": "000000001102.jpg",
      "height": 1200,
      "width": 1600,
      "id": 0
    }
  ],
  "annotations": [
    {
      "category_id": 1,
      "image_id": 0,
      "id": 0,
      "bbox": [
        550.0850340136053,
        175.7132006076597,
        535.3432282003712,
        414.924442312305
      ],
      "area": 222126.99040670806,
      "keypoints": [
        966.3043478260869,
        221.7391304347826,
        2,
        983.377308707124,
        210.29023746701847,
        2,
        960.1583113456464,
        211.87335092348286,
        2,
        1014.4876325088339,
        234.62897526501766,
        2,
        962.190812720848,
        231.09540636042402,
        0,
        1026.530612244898,
        309.1836734693877,
        2,
        930.6122448979593,
        290.8163265306123,
        2,
        1040.8163265306123,
        441.8367346938776,
        2,
        857.1428571428572,
        409.1836734693877,
        0,
        1010.2040816326531,
        527.5510204081633,
        2,
        852.9411764705882,
        524.2647058823529,
        1,
        923.3766233766233,
        455.8441558441558,
        2,
        825.3246753246752,
        416.8831168831169,
        2,
        826.6233766233767,
        433.76623376623377,
        2,
        798.051948051948,
        428.57142857142856,
        2,
        701.9480519480519,
        506.49350649350646,
        2,
        677.922077922078,
        489.6103896103896,
        2,
        663.6363636363636,
        549.3506493506493,
        2,
        618.9393939393939,
        556.060606060606,
        2,
        640.1515151515151,
        510.6060606060606,
        2,
        594.6969696969696,
        516.6666666666666,
        2
      ],
      "num_keypoints": 19,
      "iscrowd": 0,
      "segmentation": [],
      "group_id": 1
    },
    {
      "category_id": 1,
      "image_id": 0,
      "id": 1,
      "bbox": [
        653.0891417733523,
        301.10275689223056,
        98.06543385490761,
        672.4812030075188
      ],
      "area": 65947.16093220253,
      "keypoints": [
        709.7402597402597,
        376.6233766233766,
        2,
        705.1948051948052,
        357.1428571428571,
        2,
        690.1601830663616,
        372.54004576659037,
        2,
        694.1441441441441,
        355.40540540540536,
        0,
        661.2612612612612,
        394.1441441441441,
        2,
        726.7734553775744,
        420.3661327231121,
        2,
        675.7437070938215,
        437.7574370709382,
        2,
        812.1212121212121,
        474.24242424242425,
        0,
        792.4242424242424,
        451.5151515151515,
        0,
        837.719298245614,
        473.68421052631584,
        0,
        844.7368421052631,
        394.7368421052632,
        0,
        720.1754385964912,
        622.8070175438596,
        0,
        714.9122807017544,
        649.1228070175439,
        2,
        734.2105263157895,
        740.3508771929825,
        1,
        727.1929824561404,
        766.6666666666666,
        2,
        679.8245614035088,
        835.0877192982456,
        1,
        704.3859649122807,
        894.7368421052631,
        1,
        664.0350877192983,
        868.421052631579,
        2,
        700.8771929824561,
        917.5438596491229,
        1,
        706.140350877193,
        856.140350877193,
        1,
        742.9824561403509,
        915.7894736842105,
        2
      ],
      "num_keypoints": 15,
      "iscrowd": 0,
      "segmentation": [],
      "group_id": 2
    }
  ]
}