{
  "categories": [
    {
      "supercategory": "person",
      "id": 1,
      "name": "person",
      "keypoints": [
        "nose",
        "left_eye",
        "right_eye",
        "left_ear",
        "right_ear",
        "left_shoulder",
        "right_shoulder",
        "left_elbow",
        "right_elbow",
        "left_wrist",
        "right_wrist",
        "left_hip",
        "right_hip",
        "left_knee",
        "right_knee",
        "left_ankle",
        "right_ankle",
        "left_heel",
        "right_heel",
        "left_foot",
        "right_foot"
      ],
      "skeleton": [
        [
          1,
          2
        ],
        [
          0,
          1
        ],
        [
          0,
          2
        ],
        [
          1,
          3
        ],
        [
          2,
          4
        ],
        [
          5,
          6
        ],
        [
          5,
          7
        ],
        [
          7,
          9
        ],
        [
          6,
          8
        ],
        [
          8,
          10
        ],
        [
          5,
          11
        ],
        [
          6,
          12
        ],
        [
          11,
          12
        ],
        [
          11,
          13
        ],
        [
          13,
          15
        ],
        [
          12,
          14
        ],
        [
          14,
          16
        ],
        [
          16,
          18
        ],
        [
          16,
          20
        ],
        [
          20,
          18
        ],
        [
          15,
          17
        ],
        [
          15,
          19
        ],
        [
          19,
          17
        ]
      ]
    }
  ],
  "images": [
    {
      "file_name": "000000000923.jpg",
      "height": 1200,
      "width": 1600,
      "id": 0
    }
  ],
  "annotations": [
    {
      "category_id": 1,
      "image_id": 0,
      "id": 0,
      "bbox": [
        434.9645390070922,
        206.90261865793786,
        380.42553191489367,
        751.2111292962355
      ],
      "area": 285779.89344290836,
      "keypoints": [
        607.3770491803278,
        381.9672131147541,
        2,
        621.0526315789473,
        370.52631578947364,
        2,
        596.8421052631578,
        371.57894736842104,
        2,
        652.6315789473683,
        365.7894736842105,
        2,
        593.9716312056738,
        363.12056737588654,
        0,
        695.3900709219859,
        396.09929078014187,
        2,
        583.6879432624114,
        393.6170212765958,
        2,
        738.6524822695036,
        376.2411347517731,
        2,
        528.0141843971631,
        361.34751773049646,
        2,
        783.6879432624114,
        298.2269503546099,
        2,
        466.6666666666667,
        269.5035460992908,
        2,
        682.6241134751773,
        617.0212765957447,
        2,
        606.4102564102564,
        615.3846153846154,
        1,
        675.6410256410255,
        771.7948717948718,
        2,
        638.4615384615385,
        776.9230769230769,
        2,
        725.6410256410255,
        842.3076923076923,
        2,
        688.4615384615385,
        850.0,
        1,
        737.8205128205128,
        856.4102564102564,
        2,
        704.4871794871794,
        870.5128205128204,
        1,
        723.0769230769231,
        886.5384615384615,
        2,
        675.6410256410256,
        895.5128205128204,
        1
      ],
      "num_keypoints": 20,
      "iscrowd": 0,
      "segmentation": [],
      "group_id": 1
    },
    {
      "category_id": 1,
      "image_id": 0,
      "id": 1,
      "bbox": [
        716.9767441860465,
        317.578125,
        145.11627906976742,
        567.1875
      ],
      "area": 82308.13953488371,
      "keypoints": [
        808.984375,
        375.0,
        2,
        814.0625,
        364.84375,
        2,
        796.484375,
        364.84375,
        2,
        804.296875,
        363.671875,
        0,
        767.578125,
        365.625,
        1,
        831.3953488372093,
        428.48837209302326,
        2,
        741.8604651162791,
        427.3255813953488,
        2,
        843.6046511627907,
        515.6976744186046,
        2,
        729.0697674418604,
        535.4651162790698,
        2,
        850.0,
        596.5116279069767,
        2,
        732.5581395348837,
        617.4418604651163,
        2,
        821.7948717948717,
        579.4871794871794,
        2,
        773.076923076923,
        589.7435897435897,
        2,
        808.9743589743589,
        697.4358974358975,
        2,
        775.6410256410255,
        703.8461538461538,
        2,
        795.3125,
        804.6875,
        2,
        757.8125,
        813.28125,
        2,
        789.0625,
        821.875,
        1,
        751.5625,
        831.25,
        1,
        808.59375,
        825.78125,
        2,
        774.21875,
        837.5,
        2
      ],
      "num_keypoints": 20,
      "iscrowd": 0,
      "segmentation": [],
      "group_id": 2
    }
  ]
}