{
  "categories": [
    {
      "supercategory": "person",
      "id": 1,
      "name": "person",
      "keypoints": [
        "nose",
        "left_eye",
        "right_eye",
        "left_ear",
        "right_ear",
        "left_shoulder",
        "right_shoulder",
        "left_elbow",
        "right_elbow",
        "left_wrist",
        "right_wrist",
        "left_hip",
        "right_hip",
        "left_knee",
        "right_knee",
        "left_ankle",
        "right_ankle",
        "left_heel",
        "right_heel",
        "left_foot",
        "right_foot"
      ],
      "skeleton": [
        [
          1,
          2
        ],
        [
          0,
          1
        ],
        [
          0,
          2
        ],
        [
          1,
          3
        ],
        [
          2,
          4
        ],
        [
          5,
          6
        ],
        [
          5,
          7
        ],
        [
          7,
          9
        ],
        [
          6,
          8
        ],
        [
          8,
          10
        ],
        [
          5,
          11
        ],
        [
          6,
          12
        ],
        [
          11,
          12
        ],
        [
          11,
          13
        ],
        [
          13,
          15
        ],
        [
          12,
          14
        ],
        [
          14,
          16
        ],
        [
          16,
          18
        ],
        [
          16,
          20
        ],
        [
          20,
          18
        ],
        [
          15,
          17
        ],
        [
          15,
          19
        ],
        [
          19,
          17
        ]
      ]
    }
  ],
  "images": [
    {
      "file_name": "000000001214.jpg",
      "height": 1200,
      "width": 1600,
      "id": 0
    }
  ],
  "annotations": [
    {
      "category_id": 1,
      "image_id": 0,
      "id": 0,
      "bbox": [
        351.42857142857144,
        388.9776207302709,
        386.9387755102042,
        615.6607773851589
      ],
      "area": 238223.0273310738,
      "keypoints": [
        531.5217391304348,
        455.4347826086956,
        2,
        542.4028268551236,
        440.2826855123675,
        2,
        522.4358974358975,
        440.38461538461536,
        2,
        579.4871794871794,
        441.3461538461538,
        2,
        522.9357798165138,
        449.54128440366975,
        0,
        608.1632653061225,
        496.9387755102041,
        2,
        526.5306122448981,
        488.77551020408157,
        2,
        673.4693877551022,
        533.6734693877551,
        2,
        451.0204081632653,
        509.1836734693877,
        2,
        706.1224489795919,
        511.2244897959183,
        2,
        383.6734693877551,
        496.9387755102041,
        2,
        611.038961038961,
        687.012987012987,
        2,
        524.468085106383,
        691.4893617021277,
        2,
        580.8510638297872,
        835.1063829787233,
        2,
        527.6595744680851,
        828.7234042553191,
        2,
        626.595744680851,
        901.063829787234,
        2,
        562.3376623376623,
        889.6103896103896,
        1,
        637.6623376623377,
        927.2727272727273,
        2,
        593.1818181818181,
        915.1515151515151,
        1,
        624.4444444444445,
        953.3333333333333,
        2,
        544.6969696969696,
        931.8181818181818,
        1
      ],
      "num_keypoints": 20,
      "iscrowd": 0,
      "segmentation": [],
      "group_id": 1
    },
    {
      "category_id": 1,
      "image_id": 0,
      "id": 1,
      "bbox": [
        701.578947368421,
        309.85256816740645,
        181.0526315789474,
        557.6727964489537
      ],
      "area": 100968.12735707374,
      "keypoints": [
        796.7532467532468,
        375.3246753246753,
        2,
        809.0909090909091,
        358.4415584415584,
        2,
        785.5421686746987,
        356.32530120481925,
        2,
        820.7831325301204,
        360.8433734939759,
        0,
        764.4688644688645,
        356.4102564102564,
        2,
        839.92673992674,
        406.2271062271062,
        2,
        731.3725490196078,
        417.6470588235294,
        2,
        862.1212121212121,
        509.0909090909091,
        2,
        716.6666666666666,
        506.06060606060606,
        2,
        867.5438596491229,
        547.3684210526316,
        2,
        728.9473684210526,
        535.0877192982457,
        2,
        818.421052631579,
        584.2105263157895,
        2,
        760.5263157894736,
        600.0,
        2,
        809.6491228070175,
        689.4736842105264,
        2,
        779.8245614035087,
        707.0175438596491,
        2,
        806.140350877193,
        778.9473684210526,
        2,
        772.8070175438596,
        782.4561403508771,
        2,
        793.859649122807,
        803.5087719298245,
        1,
        765.7894736842105,
        803.5087719298245,
        2,
        813.1578947368421,
        821.0526315789474,
        2,
        769.2982456140351,
        819.2982456140351,
        2
      ],
      "num_keypoints": 20,
      "iscrowd": 0,
      "segmentation": [],
      "group_id": 2
    }
  ]
}