{
  "categories": [
    {
      "supercategory": "person",
      "id": 1,
      "name": "person",
      "keypoints": [
        "nose",
        "left_eye",
        "right_eye",
        "left_ear",
        "right_ear",
        "left_shoulder",
        "right_shoulder",
        "left_elbow",
        "right_elbow",
        "left_wrist",
        "right_wrist",
        "left_hip",
        "right_hip",
        "left_knee",
        "right_knee",
        "left_ankle",
        "right_ankle",
        "left_heel",
        "right_heel",
        "left_foot",
        "right_foot"
      ],
      "skeleton": [
        [
          1,
          2
        ],
        [
          0,
          1
        ],
        [
          0,
          2
        ],
        [
          1,
          3
        ],
        [
          2,
          4
        ],
        [
          5,
          6
        ],
        [
          5,
          7
        ],
        [
          7,
          9
        ],
        [
          6,
          8
        ],
        [
          8,
          10
        ],
        [
          5,
          11
        ],
        [
          6,
          12
        ],
        [
          11,
          12
        ],
        [
          11,
          13
        ],
        [
          13,
          15
        ],
        [
          12,
          14
        ],
        [
          14,
          16
        ],
        [
          16,
          18
        ],
        [
          16,
          20
        ],
        [
          20,
          18
        ],
        [
          15,
          17
        ],
        [
          15,
          19
        ],
        [
          19,
          17
        ]
      ]
    }
  ],
  "images": [
    {
      "file_name": "000000000993.jpg",
      "height": 1200,
      "width": 1600,
      "id": 0
    }
  ],
  "annotations": [
    {
      "category_id": 1,
      "image_id": 0,
      "id": 0,
      "bbox": [
        824.9046148255813,
        227.3937136627907,
        221.45712209302337,
        585.3379360465117
      ],
      "area": 129627.25476873065,
      "keypoints": [
        857.8313253012047,
        313.2530120481928,
        2,
        871.09375,
        298.828125,
        2,
        847.265625,
        300.390625,
        2,
        904.6875,
        276.171875,
        2,
        858.203125,
        280.46875,
        0,
        983.984375,
        321.484375,
        2,
        843.359375,
        315.234375,
        2,
        1023.046875,
        421.484375,
        2,
        865.625,
        424.21875,
        2,
        1027.34375,
        539.453125,
        2,
        855.078125,
        517.1875,
        2,
        989.84375,
        514.453125,
        2,
        910.2564102564102,
        491.025641025641,
        2,
        1005.1282051282051,
        643.5897435897435,
        2,
        943.5897435897434,
        626.9230769230769,
        2,
        1016.6666666666665,
        724.3589743589744,
        2,
        980.7692307692307,
        715.3846153846154,
        2,
        1027.906976744186,
        720.9302325581396,
        1,
        994.7674418604652,
        720.9302325581396,
        1,
        1013.953488372093,
        763.953488372093,
        2,
        975.0,
        758.1395348837209,
        2
      ],
      "num_keypoints": 20,
      "iscrowd": 0,
      "segmentation": [],
      "group_id": 1
    },
    {
      "category_id": 1,
      "image_id": 0,
      "id": 1,
      "bbox": [
        682.2223336006415,
        318.42672413793105,
        187.46992782678433,
        668.5344827586207
      ],
      "area": 125330.11123247522,
      "keypoints": [
        749.9999999999999,
        388.7931034482759,
        2,
        744.8275862068965,
        374.1379310344828,
        1,
        737.9310344827586,
        381.89655172413796,
        2,
        713.3620689655172,
        378.01724137931035,
        0,
        697.8448275862069,
        385.3448275862069,
        2,
        733.1395348837209,
        434.8837209302326,
        1,
        704.0697674418604,
        451.74418604651163,
        2,
        799.4186046511628,
        506.9767441860465,
        2,
        807.5581395348837,
        485.4651162790698,
        2,
        839.5348837209302,
        473.83720930232556,
        2,
        854.0697674418604,
        405.2325581395349,
        2,
        748.7179487179486,
        606.4102564102564,
        0,
        720.5128205128204,
        644.8717948717948,
        2,
        747.4358974358973,
        765.3846153846154,
        0,
        751.2820512820513,
        780.7692307692307,
        2,
        722.65625,
        854.6875,
        0,
        721.09375,
        903.90625,
        2,
        696.09375,
        876.5625,
        0,
        715.625,
        928.125,
        1,
        739.0625,
        862.5,
        1,
        753.90625,
        931.25,
        2
      ],
      "num_keypoints": 16,
      "iscrowd": 0,
      "segmentation": [],
      "group_id": 2
    },
    {
      "category_id": 1,
      "image_id": 0,
      "id": 2,
      "bbox": [
        1090.2631578947367,
        265.1052631578947,
        104.2105263157896,
        355.57894736842104
      ],
      "area": 37055.06925207761,
      "keypoints": [
        1147.8947368421052,
        301.57894736842104,
        2,
        1154.7368421052631,
        297.89473684210526,
        2,
        1143.157894736842,
        294.7368421052631,
        2,
        1163.157894736842,
        298.9473684210526,
        2,
        1131.578947368421,
        295.2631578947368,
        2,
        1182.1052631578946,
        338.9473684210526,
        2,
        1122.6315789473683,
        326.31578947368416,
        2,
        1185.7894736842104,
        403.1578947368421,
        2,
        1110.5263157894735,
        383.6842105263158,
        2,
        1178.421052631579,
        436.31578947368416,
        2,
        1098.9473684210525,
        420.52631578947364,
        2,
        1158.421052631579,
        436.31578947368416,
        2,
        1124.7368421052631,
        432.6315789473684,
        2,
        1135.7894736842104,
        514.7368421052631,
        1,
        1123.6842105263156,
        500.52631578947364,
        1,
        1132.6315789473683,
        576.8421052631578,
        2,
        1147.3684210526314,
        562.1052631578947,
        1,
        1118.421052631579,
        582.6315789473683,
        1,
        1151.578947368421,
        574.7368421052631,
        1,
        1126.3157894736842,
        591.0526315789473,
        2,
        1134.2105263157894,
        571.0526315789473,
        1
      ],
      "num_keypoints": 21,
      "iscrowd": 0,
      "segmentation": [],
      "group_id": 3
    }
  ]
}