{
  "categories": [
    {
      "supercategory": "person",
      "id": 1,
      "name": "person",
      "keypoints": [
        "nose",
        "left_eye",
        "right_eye",
        "left_ear",
        "right_ear",
        "left_shoulder",
        "right_shoulder",
        "left_elbow",
        "right_elbow",
        "left_wrist",
        "right_wrist",
        "left_hip",
        "right_hip",
        "left_knee",
        "right_knee",
        "left_ankle",
        "right_ankle",
        "left_heel",
        "right_heel",
        "left_foot",
        "right_foot"
      ],
      "skeleton": [
        [
          1,
          2
        ],
        [
          0,
          1
        ],
        [
          0,
          2
        ],
        [
          1,
          3
        ],
        [
          2,
          4
        ],
        [
          5,
          6
        ],
        [
          5,
          7
        ],
        [
          7,
          9
        ],
        [
          6,
          8
        ],
        [
          8,
          10
        ],
        [
          5,
          11
        ],
        [
          6,
          12
        ],
        [
          11,
          12
        ],
        [
          11,
          13
        ],
        [
          13,
          15
        ],
        [
          12,
          14
        ],
        [
          14,
          16
        ],
        [
          16,
          18
        ],
        [
          16,
          20
        ],
        [
          20,
          18
        ],
        [
          15,
          17
        ],
        [
          15,
          19
        ],
        [
          19,
          17
        ]
      ]
    }
  ],
  "images": [
    {
      "file_name": "000000001666.jpg",
      "height": 1200,
      "width": 1600,
      "id": 0
    }
  ],
  "annotations": [
    {
      "category_id": 1,
      "image_id": 0,
      "id": 0,
      "bbox": [
        870.9722222222224,
        311.94444444444446,
        273.33333333333326,
        606.6666666666667
      ],
      "area": 165822.2222222222,
      "keypoints": [
        1013.1944444444445,
        379.1666666666667,
        2,
        1027.0833333333333,
        368.05555555555554,
        2,
        1000.6944444444445,
        363.8888888888889,
        2,
        1054.861111111111,
        362.5,
        2,
        990.9722222222223,
        359.72222222222223,
        0,
        1093.75,
        420.83333333333337,
        2,
        972.9166666666669,
        404.1666666666667,
        2,
        1121.5277777777778,
        508.33333333333337,
        2,
        915.9722222222223,
        466.6666666666667,
        2,
        1065.9722222222222,
        526.3888888888889,
        2,
        893.7500000000001,
        494.44444444444446,
        1,
        1045.138888888889,
        630.5555555555555,
        2,
        967.3611111111112,
        641.6666666666667,
        2,
        1043.75,
        744.4444444444445,
        2,
        967.3611111111112,
        743.0555555555555,
        2,
        1034.0277777777778,
        829.1666666666667,
        2,
        988.1944444444445,
        820.8333333333334,
        2,
        1049.3055555555554,
        855.5555555555555,
        2,
        1007.638888888889,
        855.5555555555557,
        2,
        1032.638888888889,
        868.0555555555557,
        2,
        964.5833333333334,
        861.1111111111112,
        2
      ],
      "num_keypoints": 20,
      "iscrowd": 0,
      "segmentation": [],
      "group_id": 1
    },
    {
      "category_id": 1,
      "image_id": 0,
      "id": 1,
      "bbox": [
        690.6829004329005,
        319.3095238095238,
        241.80519480519467,
        609.8441558441559
      ],
      "area": 147463.48490470563,
      "keypoints": [
        788.961038961039,
        383.1168831168831,
        2,
        795.4545454545454,
        370.12987012987014,
        2,
        779.8701298701299,
        372.7272727272727,
        2,
        765.5844155844155,
        375.3246753246753,
        0,
        733.1168831168831,
        371.42857142857144,
        2,
        782.4675324675325,
        432.46753246753246,
        2,
        727.9220779220778,
        449.35064935064935,
        2,
        834.4155844155844,
        481.8181818181818,
        2,
        792.8571428571429,
        542.8571428571429,
        2,
        912.3376623376623,
        451.94805194805195,
        1,
        853.8961038961039,
        505.19480519480516,
        2,
        796.7532467532467,
        632.4675324675325,
        1,
        757.7922077922078,
        636.3636363636364,
        2,
        783.1168831168831,
        727.2727272727273,
        2,
        737.6623376623377,
        745.4545454545454,
        2,
        769.1666666666667,
        816.6666666666667,
        2,
        725.8333333333334,
        851.6666666666667,
        2,
        767.5,
        853.3333333333334,
        2,
        710.8333333333334,
        870.0000000000001,
        2,
        805.8333333333335,
        843.3333333333334,
        2,
        745.8333333333334,
        878.3333333333334,
        2
      ],
      "num_keypoints": 20,
      "iscrowd": 0,
      "segmentation": [],
      "group_id": 2
    }
  ]
}