{
  "categories": [
    {
      "supercategory": "person",
      "id": 1,
      "name": "person",
      "keypoints": [
        "nose",
        "left_eye",
        "right_eye",
        "left_ear",
        "right_ear",
        "left_shoulder",
        "right_shoulder",
        "left_elbow",
        "right_elbow",
        "left_wrist",
        "right_wrist",
        "left_hip",
        "right_hip",
        "left_knee",
        "right_knee",
        "left_ankle",
        "right_ankle",
        "left_heel",
        "right_heel",
        "left_foot",
        "right_foot"
      ],
      "skeleton": [
        [
          1,
          2
        ],
        [
          0,
          1
        ],
        [
          0,
          2
        ],
        [
          1,
          3
        ],
        [
          2,
          4
        ],
        [
          5,
          6
        ],
        [
          5,
          7
        ],
        [
          7,
          9
        ],
        [
          6,
          8
        ],
        [
          8,
          10
        ],
        [
          5,
          11
        ],
        [
          6,
          12
        ],
        [
          11,
          12
        ],
        [
          11,
          13
        ],
        [
          13,
          15
        ],
        [
          12,
          14
        ],
        [
          14,
          16
        ],
        [
          16,
          18
        ],
        [
          16,
          20
        ],
        [
          20,
          18
        ],
        [
          15,
          17
        ],
        [
          15,
          19
        ],
        [
          19,
          17
        ]
      ]
    }
  ],
  "images": [
    {
      "file_name": "000000000146.jpg",
      "height": 1200,
      "width": 1600,
      "id": 0
    }
  ],
  "annotations": [
    {
      "category_id": 1,
      "image_id": 0,
      "id": 0,
      "bbox": [
        529.5652173913043,
        413.76692801140416,
        323.47826086956525,
        523.3214540270847
      ],
      "area": 169283.11382441348,
      "keypoints": [
        576.2295081967213,
        493.44262295081967,
        2,
        584.2105263157895,
        476.9736842105263,
        2,
        560.5263157894736,
        482.2368421052632,
        2,
        629.2035398230088,
        470.7964601769911,
        2,
        567.2619047619048,
        464.2857142857143,
        0,
        705.3571428571429,
        477.3809523809524,
        2,
        573.8095238095239,
        557.1428571428571,
        2,
        779.5081967213115,
        457.3770491803279,
        2,
        558.1967213114754,
        652.4590163934427,
        2,
        826.0869565217391,
        514.1304347826086,
        2,
        556.5217391304348,
        743.4782608695651,
        2,
        704.0983606557377,
        680.327868852459,
        2,
        622.1311475409835,
        685.2459016393443,
        2,
        692.6229508196722,
        796.7213114754098,
        2,
        607.3770491803278,
        793.4426229508197,
        2,
        736.2831858407079,
        850.4424778761061,
        1,
        670.7964601769911,
        843.362831858407,
        2,
        760.8695652173913,
        857.6086956521739,
        2,
        693.4782608695651,
        852.1739130434783,
        1,
        746.7391304347826,
        893.4782608695651,
        2,
        652.0,
        891.2,
        2
      ],
      "num_keypoints": 20,
      "iscrowd": 0,
      "segmentation": [],
      "group_id": 1
    },
    {
      "category_id": 1,
      "image_id": 0,
      "id": 1,
      "bbox": [
        787.7450980392157,
        288.8275039745628,
        229.41176470588232,
        588.1240063593004
      ],
      "area": 134922.56616478067,
      "keypoints": [
        899.1150442477875,
        351.32743362831854,
        2,
        911.8918918918919,
        338.9189189189189,
        2,
        892.4324324324324,
        337.8378378378378,
        2,
        925.4054054054054,
        339.4594594594594,
        1,
        870.2702702702702,
        331.35135135135135,
        0,
        927.4336283185839,
        391.1504424778761,
        2,
        832.7433628318583,
        394.69026548672565,
        2,
        958.8235294117646,
        482.35294117647055,
        2,
        821.5686274509803,
        501.96078431372547,
        0,
        998.0392156862745,
        471.5686274509804,
        1,
        806.8627450980392,
        569.6078431372549,
        1,
        917.6991150442477,
        578.7610619469026,
        2,
        847.787610619469,
        588.4955752212388,
        2,
        899.9999999999999,
        683.1325301204819,
        2,
        837.3493975903614,
        707.2289156626506,
        2,
        881.9277108433735,
        762.6506024096385,
        2,
        832.3529411764706,
        789.2156862745098,
        2,
        861.9047619047619,
        786.3095238095239,
        2,
        813.7254901960785,
        815.1960784313725,
        2,
        912.2549019607843,
        791.1764705882352,
        2,
        850.4901960784314,
        827.9411764705882,
        2
      ],
      "num_keypoints": 19,
      "iscrowd": 0,
      "segmentation": [],
      "group_id": 2
    }
  ]
}