{
  "categories": [
    {
      "supercategory": "person",
      "id": 1,
      "name": "person",
      "keypoints": [
        "nose",
        "left_eye",
        "right_eye",
        "left_ear",
        "right_ear",
        "left_shoulder",
        "right_shoulder",
        "left_elbow",
        "right_elbow",
        "left_wrist",
        "right_wrist",
        "left_hip",
        "right_hip",
        "left_knee",
        "right_knee",
        "left_ankle",
        "right_ankle",
        "left_heel",
        "right_heel",
        "left_foot",
        "right_foot"
      ],
      "skeleton": [
        [
          1,
          2
        ],
        [
          0,
          1
        ],
        [
          0,
          2
        ],
        [
          1,
          3
        ],
        [
          2,
          4
        ],
        [
          5,
          6
        ],
        [
          5,
          7
        ],
        [
          7,
          9
        ],
        [
          6,
          8
        ],
        [
          8,
          10
        ],
        [
          5,
          11
        ],
        [
          6,
          12
        ],
        [
          11,
          12
        ],
        [
          11,
          13
        ],
        [
          13,
          15
        ],
        [
          12,
          14
        ],
        [
          14,
          16
        ],
        [
          16,
          18
        ],
        [
          16,
          20
        ],
        [
          20,
          18
        ],
        [
          15,
          17
        ],
        [
          15,
          19
        ],
        [
          19,
          17
        ]
      ]
    }
  ],
  "images": [
    {
      "file_name": "000000000702.jpg",
      "height": 1200,
      "width": 1600,
      "id": 0
    }
  ],
  "annotations": [
    {
      "category_id": 1,
      "image_id": 0,
      "id": 0,
      "bbox": [
        714.8240589198035,
        239.23622476813966,
        352.8805237315876,
        533.4206219312603
      ],
      "area": 188233.7484363323,
      "keypoints": [
        935.2941176470588,
        299.01960784313724,
        2,
        950.354609929078,
        284.7517730496454,
        2,
        928.3687943262412,
        285.4609929078014,
        2,
        987.2340425531916,
        283.68794326241135,
        2,
        939.3617021276597,
        284.0425531914894,
        0,
        1038.2978723404256,
        363.82978723404256,
        2,
        907.4468085106383,
        342.1985815602837,
        2,
        1036.5248226950355,
        471.63120567375887,
        2,
        888.2978723404256,
        480.8510638297873,
        1,
        1029.4326241134752,
        555.6737588652483,
        2,
        872.6950354609929,
        534.7517730496454,
        0,
        1000.7092198581561,
        503.9007092198582,
        2,
        915.3846153846152,
        493.5897435897436,
        2,
        902.5641025641025,
        592.3076923076923,
        2,
        853.8461538461538,
        566.6666666666666,
        2,
        812.8205128205127,
        692.3076923076923,
        1,
        775.6410256410255,
        660.2564102564103,
        2,
        798.7179487179487,
        728.2051282051282,
        2,
        768.5897435897435,
        692.3076923076923,
        1,
        779.4871794871794,
        707.6923076923076,
        1,
        744.2307692307692,
        680.7692307692307,
        1
      ],
      "num_keypoints": 19,
      "iscrowd": 0,
      "segmentation": [],
      "group_id": 1
    },
    {
      "category_id": 1,
      "image_id": 0,
      "id": 1,
      "bbox": [
        752.4137931034481,
        308.38482834994466,
        115.86206896551732,
        630.8106312292358
      ],
      "area": 73087.02485966323,
      "keypoints": [
        822.3809523809523,
        371.4285714285714,
        2,
        827.1428571428571,
        360.95238095238096,
        2,
        811.9047619047619,
        361.90476190476187,
        2,
        807.1428571428571,
        364.76190476190476,
        0,
        778.0952380952381,
        367.1428571428571,
        2,
        837.0689655172413,
        418.96551724137936,
        2,
        762.0689655172413,
        442.2413793103449,
        2,
        876.7241379310344,
        505.1724137931035,
        0,
        783.1896551724137,
        544.8275862068966,
        2,
        900.4310344827586,
        485.7758620689655,
        0,
        858.6206896551723,
        504.3103448275862,
        2,
        839.2241379310344,
        596.9827586206897,
        0,
        792.3076923076923,
        602.5641025641025,
        2,
        828.2051282051282,
        743.5897435897435,
        2,
        791.025641025641,
        753.8461538461538,
        1,
        807.5581395348837,
        833.7209302325582,
        2,
        771.5116279069767,
        865.6976744186047,
        2,
        801.7441860465117,
        848.8372093023256,
        2,
        763.3720930232558,
        884.8837209302326,
        2,
        824.4186046511628,
        850.0,
        2,
        784.3023255813954,
        886.6279069767442,
        2
      ],
      "num_keypoints": 17,
      "iscrowd": 0,
      "segmentation": [],
      "group_id": 2
    }
  ]
}