{
  "categories": [
    {
      "supercategory": "person",
      "id": 1,
      "name": "person",
      "keypoints": [
        "nose",
        "left_eye",
        "right_eye",
        "left_ear",
        "right_ear",
        "left_shoulder",
        "right_shoulder",
        "left_elbow",
        "right_elbow",
        "left_wrist",
        "right_wrist",
        "left_hip",
        "right_hip",
        "left_knee",
        "right_knee",
        "left_ankle",
        "right_ankle",
        "left_heel",
        "right_heel",
        "left_foot",
        "right_foot"
      ],
      "skeleton": [
        [
          1,
          2
        ],
        [
          0,
          1
        ],
        [
          0,
          2
        ],
        [
          1,
          3
        ],
        [
          2,
          4
        ],
        [
          5,
          6
        ],
        [
          5,
          7
        ],
        [
          7,
          9
        ],
        [
          6,
          8
        ],
        [
          8,
          10
        ],
        [
          5,
          11
        ],
        [
          6,
          12
        ],
        [
          11,
          12
        ],
        [
          11,
          13
        ],
        [
          13,
          15
        ],
        [
          12,
          14
        ],
        [
          14,
          16
        ],
        [
          16,
          18
        ],
        [
          16,
          20
        ],
        [
          20,
          18
        ],
        [
          15,
          17
        ],
        [
          15,
          19
        ],
        [
          19,
          17
        ]
      ]
    }
  ],
  "images": [
    {
      "file_name": "000000001673.jpg",
      "height": 1200,
      "width": 1600,
      "id": 0
    }
  ],
  "annotations": [
    {
      "category_id": 1,
      "image_id": 0,
      "id": 0,
      "bbox": [
        667.7777777777778,
        222.08333333333331,
        428.33333333333326,
        335.00000000000006
      ],
      "area": 143491.66666666666,
      "keypoints": [
        955.0,
        272.0,
        2,
        977.0833333333334,
        259.72222222222223,
        2,
        945.138888888889,
        261.11111111111114,
        2,
        1010.4166666666669,
        250.0,
        2,
        939.5833333333334,
        262.5,
        0,
        1050.6944444444443,
        320.83333333333337,
        2,
        935.4166666666669,
        308.33333333333337,
        2,
        1060.4166666666667,
        434.72222222222223,
        2,
        892.3611111111112,
        415.27777777777777,
        1,
        1046.5277777777778,
        529.1666666666667,
        2,
        877.0833333333334,
        502.77777777777777,
        1,
        984.0277777777779,
        466.6666666666667,
        2,
        931.2500000000001,
        447.22222222222223,
        1,
        907.6388888888889,
        431.94444444444446,
        2,
        853.4722222222223,
        477.77777777777777,
        2,
        802.0833333333334,
        394.44444444444446,
        2,
        750.6944444444446,
        368.05555555555554,
        1,
        754.8611111111112,
        420.83333333333337,
        2,
        703.4722222222223,
        405.55555555555554,
        2,
        763.1944444444446,
        345.8333333333333,
        1,
        713.1944444444445,
        322.22222222222223,
        1
      ],
      "num_keypoints": 20,
      "iscrowd": 0,
      "segmentation": [],
      "group_id": 1
    },
    {
      "category_id": 1,
      "image_id": 0,
      "id": 1,
      "bbox": [
        696.0075757575758,
        333.26190476190476,
        177.909090909091,
        598.2597402597403
      ],
      "area": 106435.8465171193,
      "keypoints": [
        777.2727272727273,
        375.3246753246753,
        0,
        794.1558441558441,
        366.23376623376623,
        0,
        762.9870129870129,
        377.9220779220779,
        0,
        744.8051948051948,
        371.42857142857144,
        0,
        722.7272727272727,
        383.1168831168831,
        1,
        792.8571428571429,
        441.55844155844153,
        1,
        725.3246753246754,
        463.6363636363636,
        2,
        859.0909090909091,
        477.9220779220779,
        1,
        803.2467532467532,
        532.4675324675325,
        2,
        894.1558441558441,
        480.5194805194805,
        0,
        853.8961038961039,
        507.79220779220776,
        2,
        798.051948051948,
        636.3636363636364,
        1,
        759.0909090909091,
        644.1558441558442,
        2,
        777.9220779220778,
        742.8571428571429,
        2,
        733.7662337662338,
        745.4545454545454,
        2,
        777.5,
        823.3333333333334,
        2,
        727.5,
        850.0000000000001,
        2,
        765.8333333333334,
        851.6666666666667,
        2,
        710.8333333333334,
        870.0000000000001,
        2,
        819.1666666666667,
        836.6666666666667,
        2,
        744.1666666666667,
        881.6666666666667,
        2
      ],
      "num_keypoints": 16,
      "iscrowd": 0,
      "segmentation": [],
      "group_id": 2
    }
  ]
}