{
  "categories": [
    {
      "supercategory": "person",
      "id": 1,
      "name": "person",
      "keypoints": [
        "nose",
        "left_eye",
        "right_eye",
        "left_ear",
        "right_ear",
        "left_shoulder",
        "right_shoulder",
        "left_elbow",
        "right_elbow",
        "left_wrist",
        "right_wrist",
        "left_hip",
        "right_hip",
        "left_knee",
        "right_knee",
        "left_ankle",
        "right_ankle",
        "left_heel",
        "right_heel",
        "left_foot",
        "right_foot"
      ],
      "skeleton": [
        [
          1,
          2
        ],
        [
          0,
          1
        ],
        [
          0,
          2
        ],
        [
          1,
          3
        ],
        [
          2,
          4
        ],
        [
          5,
          6
        ],
        [
          5,
          7
        ],
        [
          7,
          9
        ],
        [
          6,
          8
        ],
        [
          8,
          10
        ],
        [
          5,
          11
        ],
        [
          6,
          12
        ],
        [
          11,
          12
        ],
        [
          11,
          13
        ],
        [
          13,
          15
        ],
        [
          12,
          14
        ],
        [
          14,
          16
        ],
        [
          16,
          18
        ],
        [
          16,
          20
        ],
        [
          20,
          18
        ],
        [
          15,
          17
        ],
        [
          15,
          19
        ],
        [
          19,
          17
        ]
      ]
    }
  ],
  "images": [
    {
      "file_name": "000000001718.jpg",
      "height": 1200,
      "width": 1600,
      "id": 0
    }
  ],
  "annotations": [
    {
      "category_id": 1,
      "image_id": 0,
      "id": 0,
      "bbox": [
        792.2222222222223,
        377.08333333333337,
        235.0000000000001,
        558.3333333333334
      ],
      "area": 131208.3333333334,
      "keypoints": [
        959.0,
        435.0,
        2,
        974.3055555555555,
        423.61111111111114,
        2,
        947.9166666666669,
        426.3888888888889,
        2,
        989.5833333333334,
        429.1666666666667,
        1,
        934.0277777777779,
        427.77777777777777,
        1,
        1007.638888888889,
        494.44444444444446,
        2,
        915.9722222222223,
        484.72222222222223,
        2,
        990.9722222222223,
        545.8333333333334,
        2,
        871.5277777777778,
        518.0555555555555,
        2,
        949.3055555555555,
        563.8888888888889,
        2,
        811.8055555555557,
        547.2222222222223,
        2,
        972.9166666666669,
        668.0555555555555,
        2,
        921.5277777777779,
        663.8888888888889,
        2,
        977.0833333333334,
        777.7777777777778,
        2,
        938.1944444444445,
        780.5555555555555,
        2,
        978.4722222222223,
        863.8888888888889,
        2,
        940.9722222222223,
        858.3333333333334,
        2,
        986.8055555555555,
        883.3333333333334,
        2,
        953.4722222222223,
        870.8333333333334,
        1,
        965.9722222222223,
        888.8888888888889,
        2,
        936.8055555555555,
        883.3333333333334,
        2
      ],
      "num_keypoints": 21,
      "iscrowd": 0,
      "segmentation": [],
      "group_id": 1
    },
    {
      "category_id": 1,
      "image_id": 0,
      "id": 1,
      "bbox": [
        634.5454545454546,
        353.35714285714283,
        247.7922077922076,
        590.883116883117
      ],
      "area": 146416.23207960863,
      "keypoints": [
        714.9350649350649,
        420.7792207792208,
        2,
        720.1298701298701,
        403.8961038961039,
        2,
        703.2467532467532,
        409.09090909090907,
        2,
        690.2597402597403,
        407.79220779220776,
        0,
        665.5844155844155,
        402.5974025974026,
        2,
        718.8311688311688,
        462.3376623376623,
        2,
        655.1948051948052,
        484.4155844155844,
        2,
        791.5584415584416,
        506.49350649350646,
        1,
        726.6233766233767,
        522.077922077922,
        2,
        861.6883116883116,
        527.2727272727273,
        1,
        795.4545454545454,
        516.8831168831168,
        2,
        720.1298701298701,
        651.9480519480519,
        2,
        665.5844155844155,
        649.3506493506493,
        2,
        705.1948051948052,
        754.5454545454545,
        2,
        672.7272727272726,
        774.025974025974,
        2,
        702.5,
        836.6666666666667,
        2,
        665.8333333333334,
        851.6666666666667,
        2,
        692.5,
        866.6666666666667,
        1,
        655.8333333333334,
        875.0000000000001,
        2,
        732.5,
        855.0000000000001,
        2,
        675.8333333333334,
        895.0000000000001,
        2
      ],
      "num_keypoints": 20,
      "iscrowd": 0,
      "segmentation": [],
      "group_id": 2
    }
  ]
}