{
  "categories": [
    {
      "supercategory": "person",
      "id": 1,
      "name": "person",
      "keypoints": [
        "nose",
        "left_eye",
        "right_eye",
        "left_ear",
        "right_ear",
        "left_shoulder",
        "right_shoulder",
        "left_elbow",
        "right_elbow",
        "left_wrist",
        "right_wrist",
        "left_hip",
        "right_hip",
        "left_knee",
        "right_knee",
        "left_ankle",
        "right_ankle",
        "left_heel",
        "right_heel",
        "left_foot",
        "right_foot"
      ],
      "skeleton": [
        [
          1,
          2
        ],
        [
          0,
          1
        ],
        [
          0,
          2
        ],
        [
          1,
          3
        ],
        [
          2,
          4
        ],
        [
          5,
          6
        ],
        [
          5,
          7
        ],
        [
          7,
          9
        ],
        [
          6,
          8
        ],
        [
          8,
          10
        ],
        [
          5,
          11
        ],
        [
          6,
          12
        ],
        [
          11,
          12
        ],
        [
          11,
          13
        ],
        [
          13,
          15
        ],
        [
          12,
          14
        ],
        [
          14,
          16
        ],
        [
          16,
          18
        ],
        [
          16,
          20
        ],
        [
          20,
          18
        ],
        [
          15,
          17
        ],
        [
          15,
          19
        ],
        [
          19,
          17
        ]
      ]
    }
  ],
  "images": [
    {
      "file_name": "000000000160.jpg",
      "height": 1200,
      "width": 1600,
      "id": 0
    }
  ],
  "annotations": [
    {
      "category_id": 1,
      "image_id": 0,
      "id": 0,
      "bbox": [
        519.1019244476122,
        169.86002834868884,
        527.2986457590878,
        520.5031892274983
      ],
      "area": 274460.6267929461,
      "keypoints": [
        923.7704918032787,
        226.22950819672133,
        2,
        941.6666666666666,
        213.23529411764704,
        2,
        914.7058823529412,
        213.23529411764704,
        1,
        972.5490196078431,
        232.35294117647058,
        2,
        905.0724637681159,
        232.6086956521739,
        0,
        992.7536231884058,
        310.1449275362319,
        2,
        865.2173913043478,
        305.07246376811594,
        2,
        1002.4590163934427,
        436.0655737704918,
        2,
        835.2459016393442,
        413.11475409836066,
        2,
        993.8053097345131,
        546.0176991150441,
        2,
        818.5840707964601,
        513.2743362831858,
        2,
        927.0491803278687,
        496.72131147540983,
        2,
        833.6065573770492,
        480.327868852459,
        0,
        810.655737704918,
        527.8688524590164,
        1,
        754.9180327868852,
        514.7540983606558,
        2,
        718.4782608695651,
        600.0,
        2,
        650.0,
        558.695652173913,
        2,
        633.7349397590361,
        646.9879518072289,
        2,
        575.9036144578313,
        642.1686746987951,
        2,
        633.5526315789474,
        573.0263157894736,
        2,
        563.0434782608695,
        580.4347826086956,
        2
      ],
      "num_keypoints": 19,
      "iscrowd": 0,
      "segmentation": [],
      "group_id": 1
    },
    {
      "category_id": 1,
      "image_id": 0,
      "id": 1,
      "bbox": [
        631.081081081081,
        325.8918918918919,
        126.48648648648646,
        662.2702702702702
      ],
      "area": 83768.23959094226,
      "keypoints": [
        690.4,
        393.6,
        2,
        698.3783783783783,
        381.08108108108104,
        2,
        680.0,
        381.08108108108104,
        2,
        692.9729729729729,
        372.4324324324324,
        0,
        641.6216216216216,
        389.18918918918916,
        2,
        703.2608695652174,
        442.39130434782606,
        1,
        648.9130434782609,
        468.4782608695652,
        2,
        784.313725490196,
        477.45098039215685,
        0,
        716.6666666666666,
        549.0196078431372,
        0,
        829.4117647058823,
        427.45098039215685,
        0,
        799.0196078431372,
        511.7647058823529,
        0,
        718.6274509803922,
        660.7843137254902,
        2,
        680.3921568627451,
        674.5098039215686,
        2,
        715.5737704918032,
        767.2131147540983,
        2,
        675.9036144578313,
        784.3373493975903,
        2,
        702.4096385542168,
        845.7831325301204,
        2,
        658.8235294117646,
        884.313725490196,
        2,
        693.452380952381,
        885.7142857142858,
        2,
        642.7536231884058,
        915.2173913043478,
        0,
        747.027027027027,
        881.6216216216216,
        2,
        687.5675675675675,
        932.9729729729729,
        2
      ],
      "num_keypoints": 15,
      "iscrowd": 0,
      "segmentation": [],
      "group_id": 2
    }
  ]
}