{
  "categories": [
    {
      "supercategory": "person",
      "id": 1,
      "name": "person",
      "keypoints": [
        "nose",
        "left_eye",
        "right_eye",
        "left_ear",
        "right_ear",
        "left_shoulder",
        "right_shoulder",
        "left_elbow",
        "right_elbow",
        "left_wrist",
        "right_wrist",
        "left_hip",
        "right_hip",
        "left_knee",
        "right_knee",
        "left_ankle",
        "right_ankle",
        "left_heel",
        "right_heel",
        "left_foot",
        "right_foot"
      ],
      "skeleton": [
        [
          1,
          2
        ],
        [
          0,
          1
        ],
        [
          0,
          2
        ],
        [
          1,
          3
        ],
        [
          2,
          4
        ],
        [
          5,
          6
        ],
        [
          5,
          7
        ],
        [
          7,
          9
        ],
        [
          6,
          8
        ],
        [
          8,
          10
        ],
        [
          5,
          11
        ],
        [
          6,
          12
        ],
        [
          11,
          12
        ],
        [
          11,
          13
        ],
        [
          13,
          15
        ],
        [
          12,
          14
        ],
        [
          14,
          16
        ],
        [
          16,
          18
        ],
        [
          16,
          20
        ],
        [
          20,
          18
        ],
        [
          15,
          17
        ],
        [
          15,
          19
        ],
        [
          19,
          17
        ]
      ]
    }
  ],
  "images": [
    {
      "file_name": "000000001338.jpg",
      "height": 1200,
      "width": 1600,
      "id": 0
    }
  ],
  "annotations": [
    {
      "category_id": 1,
      "image_id": 0,
      "id": 0,
      "bbox": [
        856.25,
        201.82983682983684,
        207.3529411764705,
        731.8881118881119
      ],
      "area": 151759.15261209372,
      "keypoints": [
        899.5203836930456,
        297.841726618705,
        2,
        904.7961630695444,
        283.21342925659474,
        2,
        885.2941176470588,
        285.78431372549016,
        2,
        946.5811965811967,
        262.8205128205128,
        2,
        888.235294117647,
        271.3235294117647,
        0,
        1007.3529411764705,
        323.52941176470586,
        2,
        873.5294117647059,
        324.2647058823529,
        2,
        1046.3235294117646,
        443.38235294117646,
        2,
        877.5510204081634,
        447.9591836734694,
        2,
        1030.6122448979593,
        527.5510204081633,
        2,
        881.081081081081,
        527.9279279279278,
        2,
        983.7662337662338,
        553.2467532467532,
        2,
        903.2467532467532,
        532.4675324675325,
        2,
        957.7922077922077,
        674.025974025974,
        2,
        895.4545454545454,
        663.6363636363636,
        2,
        950.6493506493507,
        818.1818181818181,
        2,
        905.1948051948052,
        803.8961038961039,
        2,
        957.1428571428572,
        848.051948051948,
        2,
        912.8787878787879,
        824.2424242424242,
        2,
        928.0303030303029,
        872.7272727272727,
        2,
        888.6363636363636,
        860.6060606060606,
        2
      ],
      "num_keypoints": 20,
      "iscrowd": 0,
      "segmentation": [],
      "group_id": 1
    },
    {
      "category_id": 1,
      "image_id": 0,
      "id": 1,
      "bbox": [
        683.6551282051282,
        331.7210884353741,
        153.8307692307692,
        638.1224489795918
      ],
      "area": 98162.86718995287,
      "keypoints": [
        738.3116883116883,
        405.1948051948052,
        2,
        743.1818181818181,
        387.8787878787879,
        1,
        729.9663299663299,
        391.9191919191919,
        2,
        714.6938775510204,
        384.89795918367344,
        2,
        699.9999999999999,
        403.15315315315314,
        0,
        744.1441441441441,
        454.054054054054,
        2,
        696.474358974359,
        471.47435897435895,
        2,
        790.9090909090909,
        522.7272727272727,
        1,
        762.1212121212121,
        546.969696969697,
        1,
        843.3333333333333,
        516.6666666666666,
        0,
        824.6666666666666,
        527.3333333333334,
        2,
        778.0,
        632.6666666666666,
        2,
        742.0,
        643.3333333333334,
        2,
        802.0,
        743.3333333333334,
        2,
        739.3333333333333,
        778.0,
        2,
        775.3333333333333,
        838.0,
        2,
        727.3333333333333,
        870.0,
        2,
        754.0,
        860.6666666666666,
        2,
        720.6666666666666,
        888.6666666666666,
        2,
        824.6666666666666,
        872.6666666666666,
        2,
        740.6666666666666,
        916.6666666666666,
        2
      ],
      "num_keypoints": 19,
      "iscrowd": 0,
      "segmentation": [],
      "group_id": 2
    }
  ]
}