{
  "categories": [
    {
      "supercategory": "person",
      "id": 1,
      "name": "person",
      "keypoints": [
        "nose",
        "left_eye",
        "right_eye",
        "left_ear",
        "right_ear",
        "left_shoulder",
        "right_shoulder",
        "left_elbow",
        "right_elbow",
        "left_wrist",
        "right_wrist",
        "left_hip",
        "right_hip",
        "left_knee",
        "right_knee",
        "left_ankle",
        "right_ankle",
        "left_heel",
        "right_heel",
        "left_foot",
        "right_foot"
      ],
      "skeleton": [
        [
          1,
          2
        ],
        [
          0,
          1
        ],
        [
          0,
          2
        ],
        [
          1,
          3
        ],
        [
          2,
          4
        ],
        [
          5,
          6
        ],
        [
          5,
          7
        ],
        [
          7,
          9
        ],
        [
          6,
          8
        ],
        [
          8,
          10
        ],
        [
          5,
          11
        ],
        [
          6,
          12
        ],
        [
          11,
          12
        ],
        [
          11,
          13
        ],
        [
          13,
          15
        ],
        [
          12,
          14
        ],
        [
          14,
          16
        ],
        [
          16,
          18
        ],
        [
          16,
          20
        ],
        [
          20,
          18
        ],
        [
          15,
          17
        ],
        [
          15,
          19
        ],
        [
          19,
          17
        ]
      ]
    }
  ],
  "images": [
    {
      "file_name": "000000000008.jpg",
      "height": 1200,
      "width": 1600,
      "id": 0
    }
  ],
  "annotations": [
    {
      "category_id": 1,
      "image_id": 0,
      "id": 0,
      "bbox": [
        882.5080952380953,
        306.71616438356165,
        248.3028571428573,
        610.6060273972603
      ],
      "area": 151615.22119138954,
      "keypoints": [
        1043.362831858407,
        370.7964601769911,
        2,
        1058.4,
        357.6,
        2,
        1034.054054054054,
        358.3783783783784,
        2,
        1076.7567567567567,
        363.78378378378375,
        2,
        1023.1884057971014,
        366.66666666666663,
        0,
        1110.1190476190477,
        414.8809523809524,
        2,
        1004.1666666666667,
        402.3809523809524,
        2,
        1096.8,
        479.2,
        2,
        955.2,
        461.6,
        2,
        1066.4,
        515.2,
        2,
        903.2,
        499.2,
        2,
        1083.1325301204818,
        613.2530120481928,
        2,
        1007.2289156626505,
        603.6144578313252,
        2,
        1068.627450980392,
        740.1960784313725,
        2,
        1008.8235294117646,
        736.2745098039215,
        2,
        1065.4761904761906,
        814.2857142857143,
        2,
        1015.625,
        812.5,
        2,
        1070.8791208791208,
        855.4945054945055,
        1,
        1032.967032967033,
        840.1098901098901,
        2,
        1047.2602739726028,
        866.4383561643835,
        2,
        998.2300884955752,
        853.0973451327433,
        2
      ],
      "num_keypoints": 20,
      "iscrowd": 0,
      "segmentation": [],
      "group_id": 1
    },
    {
      "category_id": 1,
      "image_id": 0,
      "id": 1,
      "bbox": [
        675.4166666666667,
        326.43934081346424,
        173.57142857142844,
        597.2440392706872
      ],
      "area": 103664.50110198348,
      "keypoints": [
        760.8695652173913,
        388.04347826086956,
        2,
        767.3387096774194,
        376.2096774193548,
        1,
        753.2258064516129,
        376.2096774193548,
        2,
        760.0806451612904,
        368.5483870967742,
        0,
        720.9677419354839,
        383.06451612903226,
        2,
        760.5263157894736,
        434.2105263157895,
        2,
        693.421052631579,
        440.7894736842105,
        2,
        786.9047619047619,
        531.547619047619,
        1,
        689.8809523809524,
        557.7380952380953,
        2,
        834.5238095238095,
        561.9047619047619,
        2,
        764.2857142857143,
        601.1904761904763,
        2,
        786.2745098039215,
        623.5294117647059,
        2,
        727.4509803921568,
        637.2549019607843,
        2,
        810.8695652173913,
        714.1304347826086,
        2,
        725.0,
        756.5217391304348,
        2,
        748.9130434782609,
        808.695652173913,
        2,
        704.0983606557377,
        837.7049180327868,
        0,
        726.4705882352941,
        819.6078431372549,
        2,
        691.3043478260869,
        852.8985507246376,
        0,
        784.0579710144926,
        838.4057971014493,
        2,
        716.6666666666666,
        873.9130434782608,
        1
      ],
      "num_keypoints": 18,
      "iscrowd": 0,
      "segmentation": [],
      "group_id": 2
    }
  ]
}