{
  "categories": [
    {
      "supercategory": "person",
      "id": 1,
      "name": "person",
      "keypoints": [
        "nose",
        "left_eye",
        "right_eye",
        "left_ear",
        "right_ear",
        "left_shoulder",
        "right_shoulder",
        "left_elbow",
        "right_elbow",
        "left_wrist",
        "right_wrist",
        "left_hip",
        "right_hip",
        "left_knee",
        "right_knee",
        "left_ankle",
        "right_ankle",
        "left_heel",
        "right_heel",
        "left_foot",
        "right_foot"
      ],
      "skeleton": [
        [
          1,
          2
        ],
        [
          0,
          1
        ],
        [
          0,
          2
        ],
        [
          1,
          3
        ],
        [
          2,
          4
        ],
        [
          5,
          6
        ],
        [
          5,
          7
        ],
        [
          7,
          9
        ],
        [
          6,
          8
        ],
        [
          8,
          10
        ],
        [
          5,
          11
        ],
        [
          6,
          12
        ],
        [
          11,
          12
        ],
        [
          11,
          13
        ],
        [
          13,
          15
        ],
        [
          12,
          14
        ],
        [
          14,
          16
        ],
        [
          16,
          18
        ],
        [
          16,
          20
        ],
        [
          20,
          18
        ],
        [
          15,
          17
        ],
        [
          15,
          19
        ],
        [
          19,
          17
        ]
      ]
    }
  ],
  "images": [
    {
      "file_name": "000000000700.jpg",
      "height": 1200,
      "width": 1600,
      "id": 0
    }
  ],
  "annotations": [
    {
      "category_id": 1,
      "image_id": 0,
      "id": 0,
      "bbox": [
        765.3980034397666,
        238.81040738908132,
        296.619307560009,
        521.5091538842157
      ],
      "area": 154689.68411134224,
      "keypoints": [
        926.4705882352941,
        295.09803921568624,
        2,
        943.6170212765958,
        283.68794326241135,
        2,
        918.0851063829788,
        282.6241134751773,
        2,
        979.4326241134752,
        282.2695035460993,
        2,
        925.7234726688104,
        286.81672025723475,
        0,
        1037.2990353697749,
        368.4887459807074,
        2,
        907.395498392283,
        340.8360128617363,
        2,
        1034.0836012861737,
        467.2025723472669,
        2,
        894.2122186495177,
        452.09003215434086,
        2,
        1027.331189710611,
        555.3054662379421,
        2,
        877.8135048231511,
        523.4726688102894,
        1,
        1001.6077170418007,
        502.89389067524115,
        2,
        926.9230769230769,
        478.2051282051282,
        2,
        921.7948717948718,
        566.6666666666666,
        2,
        870.5128205128206,
        557.6923076923077,
        2,
        832.051282051282,
        682.051282051282,
        1,
        805.1282051282051,
        646.1538461538462,
        2,
        825.5813953488372,
        716.8604651162791,
        2,
        790.1162790697674,
        680.232558139535,
        1,
        805.8139534883721,
        694.1860465116279,
        1,
        760.4651162790698,
        666.2790697674419,
        0
      ],
      "num_keypoints": 19,
      "iscrowd": 0,
      "segmentation": [],
      "group_id": 1
    },
    {
      "category_id": 1,
      "image_id": 0,
      "id": 1,
      "bbox": [
        755.9302325581396,
        302.52020451921493,
        110.23255813953483,
        637.8426521523998
      ],
      "area": 70311.0272372645,
      "keypoints": [
        817.7304964539007,
        367.73049645390074,
        2,
        820.2127659574469,
        355.67375886524826,
        2,
        803.1914893617022,
        358.15602836879435,
        2,
        801.4184397163122,
        365.60283687943263,
        0,
        773.049645390071,
        368.0851063829787,
        2,
        836.1702127659574,
        417.73049645390074,
        2,
        766.8604651162791,
        438.95348837209303,
        2,
        883.7209302325582,
        499.4186046511628,
        0,
        784.8837209302326,
        540.6976744186046,
        2,
        891.8604651162791,
        472.6744186046512,
        0,
        856.9767441860465,
        509.8837209302326,
        2,
        838.3720930232558,
        604.6511627906976,
        0,
        787.1794871794871,
        603.8461538461538,
        2,
        828.2051282051282,
        739.7435897435897,
        2,
        798.7179487179486,
        752.5641025641025,
        2,
        813.3720930232558,
        834.8837209302326,
        2,
        771.5116279069767,
        861.046511627907,
        2,
        802.3255813953489,
        847.0930232558139,
        2,
        765.1162790697674,
        880.8139534883721,
        2,
        829.6511627906976,
        850.0,
        2,
        789.5348837209302,
        887.2093023255815,
        2
      ],
      "num_keypoints": 17,
      "iscrowd": 0,
      "segmentation": [],
      "group_id": 2
    }
  ]
}