{
  "categories": [
    {
      "supercategory": "person",
      "id": 1,
      "name": "person",
      "keypoints": [
        "nose",
        "left_eye",
        "right_eye",
        "left_ear",
        "right_ear",
        "left_shoulder",
        "right_shoulder",
        "left_elbow",
        "right_elbow",
        "left_wrist",
        "right_wrist",
        "left_hip",
        "right_hip",
        "left_knee",
        "right_knee",
        "left_ankle",
        "right_ankle",
        "left_heel",
        "right_heel",
        "left_foot",
        "right_foot"
      ],
      "skeleton": [
        [
          1,
          2
        ],
        [
          0,
          1
        ],
        [
          0,
          2
        ],
        [
          1,
          3
        ],
        [
          2,
          4
        ],
        [
          5,
          6
        ],
        [
          5,
          7
        ],
        [
          7,
          9
        ],
        [
          6,
          8
        ],
        [
          8,
          10
        ],
        [
          5,
          11
        ],
        [
          6,
          12
        ],
        [
          11,
          12
        ],
        [
          11,
          13
        ],
        [
          13,
          15
        ],
        [
          12,
          14
        ],
        [
          14,
          16
        ],
        [
          16,
          18
        ],
        [
          16,
          20
        ],
        [
          20,
          18
        ],
        [
          15,
          17
        ],
        [
          15,
          19
        ],
        [
          19,
          17
        ]
      ]
    }
  ],
  "images": [
    {
      "file_name": "000000000541.jpg",
      "height": 1200,
      "width": 1600,
      "id": 0
    }
  ],
  "annotations": [
    {
      "category_id": 1,
      "image_id": 0,
      "id": 0,
      "bbox": [
        634.3457357219415,
        191.65686073293654,
        456.4225999081307,
        376.7134158856126
      ],
      "area": 171940.5166987842,
      "keypoints": [
        930.3921568627451,
        235.2941176470588,
        2,
        946.0992907801419,
        224.113475177305,
        2,
        924.468085106383,
        224.468085106383,
        2,
        986.5248226950355,
        223.04964539007094,
        2,
        925.7234726688104,
        214.4694533762058,
        0,
        1045.6591639871383,
        318.00643086816723,
        2,
        909.0032154340836,
        290.6752411575563,
        2,
        1052.7331189710612,
        427.0096463022508,
        2,
        899.3569131832797,
        418.00643086816723,
        0,
        1042.122186495177,
        536.9774919614148,
        2,
        887.1382636655949,
        509.967845659164,
        0,
        969.774919614148,
        454.983922829582,
        2,
        886.1702127659574,
        441.48936170212767,
        1,
        887.2340425531916,
        423.40425531914894,
        2,
        855.6737588652483,
        439.7163120567376,
        1,
        762.8205128205127,
        400.0,
        2,
        716.6666666666666,
        415.38461538461536,
        1,
        741.4285714285714,
        433.3333333333333,
        2,
        698.0952380952381,
        454.76190476190476,
        2,
        734.2857142857142,
        370.95238095238096,
        2,
        672.3809523809524,
        393.8095238095238,
        1
      ],
      "num_keypoints": 18,
      "iscrowd": 0,
      "segmentation": [],
      "group_id": 1
    },
    {
      "category_id": 1,
      "image_id": 0,
      "id": 1,
      "bbox": [
        647.6842105263157,
        341.140350877193,
        242.52631578947364,
        624.2105263157894
      ],
      "area": 151387.47922437667,
      "keypoints": [
        708.0952380952381,
        376.66666666666663,
        0,
        706.6666666666666,
        358.57142857142856,
        0,
        689.047619047619,
        370.0,
        0,
        717.6190476190476,
        359.04761904761904,
        0,
        659.047619047619,
        381.90476190476187,
        0,
        737.1428571428571,
        410.4761904761905,
        0,
        667.8947368421052,
        461.57894736842104,
        1,
        803.1578947368421,
        450.52631578947364,
        0,
        790.5263157894736,
        442.1052631578947,
        0,
        917.8947368421052,
        422.6315789473684,
        0,
        869.9999999999999,
        393.1578947368421,
        2,
        733.1578947368421,
        600.0,
        0,
        723.076923076923,
        621.7948717948718,
        2,
        721.7948717948717,
        741.025641025641,
        0,
        740.4761904761905,
        789.047619047619,
        2,
        679.047619047619,
        843.8095238095237,
        1,
        725.2380952380952,
        899.047619047619,
        2,
        677.6190476190476,
        858.5714285714286,
        1,
        716.1904761904761,
        913.3333333333333,
        1,
        704.7619047619047,
        847.1428571428571,
        0,
        748.0952380952381,
        912.3809523809523,
        2
      ],
      "num_keypoints": 9,
      "iscrowd": 0,
      "segmentation": [],
      "group_id": 2
    }
  ]
}