{
  "categories": [
    {
      "supercategory": "person",
      "id": 1,
      "name": "person",
      "keypoints": [
        "nose",
        "left_eye",
        "right_eye",
        "left_ear",
        "right_ear",
        "left_shoulder",
        "right_shoulder",
        "left_elbow",
        "right_elbow",
        "left_wrist",
        "right_wrist",
        "left_hip",
        "right_hip",
        "left_knee",
        "right_knee",
        "left_ankle",
        "right_ankle",
        "left_heel",
        "right_heel",
        "left_foot",
        "right_foot"
      ],
      "skeleton": [
        [
          1,
          2
        ],
        [
          0,
          1
        ],
        [
          0,
          2
        ],
        [
          1,
          3
        ],
        [
          2,
          4
        ],
        [
          5,
          6
        ],
        [
          5,
          7
        ],
        [
          7,
          9
        ],
        [
          6,
          8
        ],
        [
          8,
          10
        ],
        [
          5,
          11
        ],
        [
          6,
          12
        ],
        [
          11,
          12
        ],
        [
          11,
          13
        ],
        [
          13,
          15
        ],
        [
          12,
          14
        ],
        [
          14,
          16
        ],
        [
          16,
          18
        ],
        [
          16,
          20
        ],
        [
          20,
          18
        ],
        [
          15,
          17
        ],
        [
          15,
          19
        ],
        [
          19,
          17
        ]
      ]
    }
  ],
  "images": [
    {
      "file_name": "000000000851.jpg",
      "height": 1200,
      "width": 1600,
      "id": 0
    }
  ],
  "annotations": [
    {
      "category_id": 1,
      "image_id": 0,
      "id": 0,
      "bbox": [
        913.9952761627907,
        249.90734011627907,
        272.6816860465116,
        497.9869186046511
      ],
      "area": 135791.9125942232,
      "keypoints": [
        960.0,
        340.8,
        2,
        977.34375,
        327.734375,
        2,
        947.65625,
        330.46875,
        2,
        1007.421875,
        291.40625,
        2,
        943.359375,
        300.390625,
        0,
        1082.8125,
        318.359375,
        2,
        936.71875,
        323.4375,
        1,
        1107.421875,
        432.8125,
        2,
        946.875,
        408.59375,
        1,
        1107.421875,
        518.359375,
        2,
        940.625,
        494.140625,
        2,
        1074.609375,
        498.046875,
        2,
        988.4615384615383,
        501.28205128205127,
        2,
        1103.8461538461538,
        629.4871794871794,
        2,
        1042.3076923076922,
        633.3333333333334,
        2,
        1152.5641025641025,
        666.6666666666666,
        2,
        1098.7179487179487,
        667.9487179487179,
        2,
        1163.953488372093,
        652.3255813953489,
        1,
        1110.46511627907,
        666.8604651162791,
        2,
        1150.0,
        701.1627906976744,
        2,
        1090.6976744186047,
        706.3953488372093,
        2
      ],
      "num_keypoints": 20,
      "iscrowd": 0,
      "segmentation": [],
      "group_id": 1
    },
    {
      "category_id": 1,
      "image_id": 0,
      "id": 1,
      "bbox": [
        741.1642468239563,
        296.0412176724138,
        178.44283121597107,
        624.0678879310344
      ],
      "area": 111360.44079338512,
      "keypoints": [
        838.28125,
        362.109375,
        2,
        839.453125,
        351.953125,
        1,
        832.421875,
        352.734375,
        2,
        810.9375,
        344.921875,
        0,
        786.71875,
        348.046875,
        2,
        825.2631578947368,
        402.1052631578947,
        2,
        774.2105263157894,
        427.36842105263156,
        2,
        897.3684210526316,
        458.4210526315789,
        2,
        829.4736842105262,
        531.578947368421,
        2,
        936.3157894736842,
        396.31578947368416,
        0,
        904.7368421052631,
        486.31578947368416,
        2,
        850.0,
        610.2564102564103,
        2,
        810.2564102564102,
        607.6923076923077,
        2,
        841.0256410256409,
        721.7948717948718,
        2,
        787.1794871794871,
        729.4871794871794,
        2,
        831.0344827586206,
        802.5862068965517,
        2,
        776.7241379310344,
        832.7586206896552,
        2,
        823.2758620689655,
        820.6896551724138,
        2,
        756.0344827586206,
        856.896551724138,
        2,
        858.6206896551723,
        823.2758620689656,
        2,
        780.1724137931034,
        868.1034482758621,
        2
      ],
      "num_keypoints": 19,
      "iscrowd": 0,
      "segmentation": [],
      "group_id": 2
    }
  ]
}