{
  "categories": [
    {
      "supercategory": "person",
      "id": 1,
      "name": "person",
      "keypoints": [
        "nose",
        "left_eye",
        "right_eye",
        "left_ear",
        "right_ear",
        "left_shoulder",
        "right_shoulder",
        "left_elbow",
        "right_elbow",
        "left_wrist",
        "right_wrist",
        "left_hip",
        "right_hip",
        "left_knee",
        "right_knee",
        "left_ankle",
        "right_ankle",
        "left_heel",
        "right_heel",
        "left_foot",
        "right_foot"
      ],
      "skeleton": [
        [
          1,
          2
        ],
        [
          0,
          1
        ],
        [
          0,
          2
        ],
        [
          1,
          3
        ],
        [
          2,
          4
        ],
        [
          5,
          6
        ],
        [
          5,
          7
        ],
        [
          7,
          9
        ],
        [
          6,
          8
        ],
        [
          8,
          10
        ],
        [
          5,
          11
        ],
        [
          6,
          12
        ],
        [
          11,
          12
        ],
        [
          11,
          13
        ],
        [
          13,
          15
        ],
        [
          12,
          14
        ],
        [
          14,
          16
        ],
        [
          16,
          18
        ],
        [
          16,
          20
        ],
        [
          20,
          18
        ],
        [
          15,
          17
        ],
        [
          15,
          19
        ],
        [
          19,
          17
        ]
      ]
    }
  ],
  "images": [
    {
      "file_name": "000000001072.jpg",
      "height": 1200,
      "width": 1600,
      "id": 0
    }
  ],
  "annotations": [
    {
      "category_id": 1,
      "image_id": 0,
      "id": 0,
      "bbox": [
        440.61224489795916,
        72.36532450818166,
        271.8367346938776,
        1005.0854936569222
      ],
      "area": 273219.15868388175,
      "keypoints": [
        512.3893805309734,
        292.92035398230087,
        2,
        529.6296296296297,
        282.1350762527233,
        2,
        511.3289760348584,
        283.00653594771245,
        2,
        573.2984293193717,
        316.2303664921466,
        2,
        542.4083769633507,
        312.565445026178,
        0,
        595.9183673469388,
        345.9183673469388,
        2,
        516.3265306122449,
        354.0816326530612,
        1,
        626.5306122448981,
        323.46938775510205,
        2,
        477.55102040816325,
        278.57142857142856,
        2,
        689.795918367347,
        156.12244897959184,
        2,
        463.265306122449,
        166.3265306122449,
        2,
        585.7142857142857,
        683.1168831168831,
        2,
        501.948051948052,
        658.4415584415584,
        2,
        577.2727272727273,
        818.1818181818181,
        1,
        531.8181818181819,
        822.077922077922,
        2,
        620.1298701298701,
        942.8571428571429,
        2,
        589.6103896103896,
        925.974025974026,
        2,
        633.7662337662338,
        968.8311688311688,
        2,
        584.0909090909091,
        953.030303030303,
        2,
        612.6126126126126,
        993.6936936936936,
        2,
        561.3636363636364,
        965.1515151515151,
        2
      ],
      "num_keypoints": 20,
      "iscrowd": 0,
      "segmentation": [],
      "group_id": 1
    },
    {
      "category_id": 1,
      "image_id": 0,
      "id": 1,
      "bbox": [
        726.2998405103668,
        260.6941266209001,
        158.08612440191393,
        578.7643020594966
      ],
      "area": 91494.60545476447,
      "keypoints": [
        801.948051948052,
        322.0779220779221,
        2,
        814.2857142857143,
        310.38961038961037,
        2,
        792.2196796338673,
        308.9244851258581,
        2,
        836.1556064073226,
        319.6796338672769,
        2,
        784.6347607052896,
        309.823677581864,
        1,
        857.6659038901602,
        372.99771167048056,
        2,
        760.183066361556,
        375.0572082379863,
        2,
        871.2121212121212,
        487.8787878787879,
        2,
        748.4848484848485,
        487.8787878787879,
        2,
        862.280701754386,
        556.140350877193,
        2,
        739.4736842105264,
        564.9122807017544,
        2,
        830.7017543859649,
        580.7017543859649,
        1,
        769.2982456140351,
        571.9298245614035,
        2,
        832.4561403508771,
        668.421052631579,
        1,
        776.3157894736842,
        677.1929824561404,
        2,
        828.9473684210527,
        754.3859649122807,
        2,
        786.8421052631579,
        756.140350877193,
        2,
        839.4736842105262,
        775.438596491228,
        2,
        793.859649122807,
        778.9473684210526,
        2,
        823.6842105263158,
        791.2280701754386,
        2,
        772.8070175438596,
        789.4736842105264,
        2
      ],
      "num_keypoints": 21,
      "iscrowd": 0,
      "segmentation": [],
      "group_id": 2
    }
  ]
}