{
  "categories": [
    {
      "supercategory": "person",
      "id": 1,
      "name": "person",
      "keypoints": [
        "nose",
        "left_eye",
        "right_eye",
        "left_ear",
        "right_ear",
        "left_shoulder",
        "right_shoulder",
        "left_elbow",
        "right_elbow",
        "left_wrist",
        "right_wrist",
        "left_hip",
        "right_hip",
        "left_knee",
        "right_knee",
        "left_ankle",
        "right_ankle",
        "left_heel",
        "right_heel",
        "left_foot",
        "right_foot"
      ],
      "skeleton": [
        [
          1,
          2
        ],
        [
          0,
          1
        ],
        [
          0,
          2
        ],
        [
          1,
          3
        ],
        [
          2,
          4
        ],
        [
          5,
          6
        ],
        [
          5,
          7
        ],
        [
          7,
          9
        ],
        [
          6,
          8
        ],
        [
          8,
          10
        ],
        [
          5,
          11
        ],
        [
          6,
          12
        ],
        [
          11,
          12
        ],
        [
          11,
          13
        ],
        [
          13,
          15
        ],
        [
          12,
          14
        ],
        [
          14,
          16
        ],
        [
          16,
          18
        ],
        [
          16,
          20
        ],
        [
          20,
          18
        ],
        [
          15,
          17
        ],
        [
          15,
          19
        ],
        [
          19,
          17
        ]
      ]
    }
  ],
  "images": [
    {
      "file_name": "000000001856.jpg",
      "height": 1200,
      "width": 1600,
      "id": 0
    }
  ],
  "annotations": [
    {
      "category_id": 1,
      "image_id": 0,
      "id": 0,
      "bbox": [
        856.781204906205,
        262.7813852813853,
        326.95887445887456,
        346.6233766233765
      ],
      "area": 113331.58908191374,
      "keypoints": [
        903.4722222222223,
        323.61111111111114,
        2,
        920.138888888889,
        308.33333333333337,
        2,
        885.4166666666667,
        308.33333333333337,
        2,
        950.6944444444445,
        291.6666666666667,
        2,
        878.4722222222223,
        297.22222222222223,
        0,
        1007.638888888889,
        340.27777777777777,
        2,
        884.0277777777778,
        327.77777777777777,
        2,
        1031.25,
        426.3888888888889,
        2,
        902.0833333333334,
        415.27777777777777,
        2,
        1061.8055555555554,
        519.4444444444445,
        2,
        910.4166666666667,
        498.61111111111114,
        2,
        1031.25,
        519.4444444444445,
        1,
        993.7500000000001,
        495.83333333333337,
        1,
        1064.5833333333333,
        570.8333333333334,
        1,
        1054.861111111111,
        491.6666666666667,
        1,
        1131.25,
        547.2222222222223,
        1,
        1131.25,
        472.22222222222223,
        2,
        1146.1038961038962,
        533.7662337662338,
        1,
        1155.1948051948052,
        453.24675324675326,
        2,
        1120.1298701298701,
        580.5194805194805,
        1,
        1156.4935064935066,
        479.2207792207792,
        1
      ],
      "num_keypoints": 20,
      "iscrowd": 0,
      "segmentation": [],
      "group_id": 1
    },
    {
      "category_id": 1,
      "image_id": 0,
      "id": 1,
      "bbox": [
        680.1872294372295,
        318.4047619047619,
        227.75324675324669,
        636.2857142857143
      ],
      "area": 144916.13729128012,
      "keypoints": [
        766.8831168831168,
        385.7142857142857,
        1,
        757.7922077922078,
        372.7272727272727,
        0,
        769.4805194805194,
        371.42857142857144,
        1,
        750.0,
        375.3246753246753,
        0,
        731.8181818181818,
        379.2207792207792,
        2,
        766.8831168831168,
        429.87012987012986,
        2,
        720.1298701298701,
        462.3376623376623,
        2,
        839.6103896103896,
        449.35064935064935,
        2,
        800.6493506493506,
        525.974025974026,
        2,
        888.961038961039,
        396.1038961038961,
        1,
        869.4805194805194,
        493.5064935064935,
        2,
        779.8701298701299,
        653.2467532467532,
        1,
        731.8181818181818,
        631.1688311688312,
        2,
        771.4285714285714,
        733.7662337662338,
        2,
        723.3766233766233,
        751.9480519480519,
        2,
        765.8333333333334,
        823.3333333333334,
        2,
        717.5,
        870.0000000000001,
        2,
        755.8333333333334,
        843.3333333333334,
        2,
        699.1666666666667,
        900.0000000000001,
        2,
        792.5,
        833.3333333333334,
        2,
        737.5,
        901.6666666666667,
        2
      ],
      "num_keypoints": 19,
      "iscrowd": 0,
      "segmentation": [],
      "group_id": 2
    }
  ]
}