{
  "categories": [
    {
      "supercategory": "person",
      "id": 1,
      "name": "person",
      "keypoints": [
        "nose",
        "left_eye",
        "right_eye",
        "left_ear",
        "right_ear",
        "left_shoulder",
        "right_shoulder",
        "left_elbow",
        "right_elbow",
        "left_wrist",
        "right_wrist",
        "left_hip",
        "right_hip",
        "left_knee",
        "right_knee",
        "left_ankle",
        "right_ankle",
        "left_heel",
        "right_heel",
        "left_foot",
        "right_foot"
      ],
      "skeleton": [
        [
          1,
          2
        ],
        [
          0,
          1
        ],
        [
          0,
          2
        ],
        [
          1,
          3
        ],
        [
          2,
          4
        ],
        [
          5,
          6
        ],
        [
          5,
          7
        ],
        [
          7,
          9
        ],
        [
          6,
          8
        ],
        [
          8,
          10
        ],
        [
          5,
          11
        ],
        [
          6,
          12
        ],
        [
          11,
          12
        ],
        [
          11,
          13
        ],
        [
          13,
          15
        ],
        [
          12,
          14
        ],
        [
          14,
          16
        ],
        [
          16,
          18
        ],
        [
          16,
          20
        ],
        [
          20,
          18
        ],
        [
          15,
          17
        ],
        [
          15,
          19
        ],
        [
          19,
          17
        ]
      ]
    }
  ],
  "images": [
    {
      "file_name": "000000001587.jpg",
      "height": 1200,
      "width": 1600,
      "id": 0
    }
  ],
  "annotations": [
    {
      "category_id": 1,
      "image_id": 0,
      "id": 0,
      "bbox": [
        807.8361111111111,
        293.47222222222223,
        217.9666666666668,
        561.6666666666667
      ],
      "area": 122424.61111111121,
      "keypoints": [
        839.5833333333334,
        372.22222222222223,
        2,
        852.0833333333334,
        356.94444444444446,
        2,
        826.0,
        356.0,
        2,
        889.5833333333334,
        340.27777777777777,
        2,
        821.5277777777778,
        348.61111111111114,
        0,
        957.638888888889,
        365.27777777777777,
        2,
        849.3055555555557,
        387.5,
        2,
        988.1944444444445,
        475.0,
        2,
        865.9722222222223,
        458.33333333333337,
        2,
        1007.638888888889,
        563.8888888888889,
        2,
        863.1944444444446,
        534.7222222222223,
        1,
        968.7500000000001,
        527.7777777777778,
        2,
        910.4166666666667,
        522.2222222222223,
        2,
        947.9166666666669,
        643.0555555555555,
        2,
        888.1944444444446,
        640.2777777777778,
        1,
        942.3611111111112,
        763.8888888888889,
        2,
        904.8611111111112,
        754.1666666666667,
        2,
        959.0277777777779,
        797.2222222222223,
        2,
        920.138888888889,
        777.7777777777778,
        1,
        928.4722222222223,
        808.3333333333334,
        2,
        890.9722222222223,
        801.3888888888889,
        2
      ],
      "num_keypoints": 20,
      "iscrowd": 0,
      "segmentation": [],
      "group_id": 1
    },
    {
      "category_id": 1,
      "image_id": 0,
      "id": 1,
      "bbox": [
        674.8019480519481,
        363.0238095238095,
        212.37662337662323,
        583.9740259740261
      ],
      "area": 124022.43177601612,
      "keypoints": [
        775.974025974026,
        423.37662337662334,
        2,
        785.0649350649351,
        411.68831168831167,
        1,
        770.7792207792207,
        411.68831168831167,
        2,
        756.4935064935065,
        412.987012987013,
        0,
        731.8181818181818,
        412.987012987013,
        2,
        775.974025974026,
        449.35064935064935,
        2,
        704.5454545454545,
        483.1168831168831,
        2,
        837.012987012987,
        489.6103896103896,
        2,
        778.5714285714286,
        549.3506493506493,
        2,
        869.4805194805194,
        464.93506493506493,
        1,
        843.5064935064935,
        529.8701298701299,
        2,
        777.2727272727273,
        646.7532467532467,
        2,
        735.7142857142857,
        653.2467532467532,
        2,
        759.7402597402597,
        763.6363636363636,
        2,
        714.2857142857142,
        774.025974025974,
        2,
        747.5,
        845.0000000000001,
        2,
        710.8333333333334,
        866.6666666666667,
        2,
        735.8333333333334,
        860.0000000000001,
        1,
        692.5,
        890.0000000000001,
        1,
        765.8333333333334,
        855.0000000000001,
        2,
        729.1666666666667,
        898.3333333333334,
        2
      ],
      "num_keypoints": 20,
      "iscrowd": 0,
      "segmentation": [],
      "group_id": 2
    }
  ]
}