{
  "categories": [
    {
      "supercategory": "person",
      "id": 1,
      "name": "person",
      "keypoints": [
        "nose",
        "left_eye",
        "right_eye",
        "left_ear",
        "right_ear",
        "left_shoulder",
        "right_shoulder",
        "left_elbow",
        "right_elbow",
        "left_wrist",
        "right_wrist",
        "left_hip",
        "right_hip",
        "left_knee",
        "right_knee",
        "left_ankle",
        "right_ankle",
        "left_heel",
        "right_heel",
        "left_foot",
        "right_foot"
      ],
      "skeleton": [
        [
          1,
          2
        ],
        [
          0,
          1
        ],
        [
          0,
          2
        ],
        [
          1,
          3
        ],
        [
          2,
          4
        ],
        [
          5,
          6
        ],
        [
          5,
          7
        ],
        [
          7,
          9
        ],
        [
          6,
          8
        ],
        [
          8,
          10
        ],
        [
          5,
          11
        ],
        [
          6,
          12
        ],
        [
          11,
          12
        ],
        [
          11,
          13
        ],
        [
          13,
          15
        ],
        [
          12,
          14
        ],
        [
          14,
          16
        ],
        [
          16,
          18
        ],
        [
          16,
          20
        ],
        [
          20,
          18
        ],
        [
          15,
          17
        ],
        [
          15,
          19
        ],
        [
          19,
          17
        ]
      ]
    }
  ],
  "images": [
    {
      "file_name": "000000000606.jpg",
      "height": 1200,
      "width": 1600,
      "id": 0
    }
  ],
  "annotations": [
    {
      "category_id": 1,
      "image_id": 0,
      "id": 0,
      "bbox": [
        887.667638483965,
        363.77912867274574,
        235.4518950437316,
        553.7993920972644
      ],
      "area": 130393.11634336748,
      "keypoints": [
        949.5575221238937,
        425.6637168141593,
        2,
        965.2482269503547,
        415.24822695035465,
        2,
        944.3262411347519,
        414.53900709219863,
        2,
        998.22695035461,
        409.9290780141844,
        2,
        952.1865889212828,
        412.8279883381924,
        0,
        1038.1924198250729,
        446.06413994169094,
        2,
        935.5685131195335,
        442.5655976676385,
        2,
        1103.4985422740524,
        482.2157434402332,
        2,
        911.9533527696792,
        472.30320699708454,
        2,
        1063.5568513119533,
        537.0262390670554,
        2,
        907.2886297376093,
        516.3265306122448,
        2,
        1032.069970845481,
        617.201166180758,
        2,
        956.4102564102564,
        602.5641025641025,
        1,
        1002.5641025641025,
        751.2820512820513,
        2,
        956.4102564102564,
        743.5897435897435,
        2,
        1020.5128205128203,
        833.3333333333334,
        2,
        978.2051282051282,
        821.7948717948718,
        2,
        1031.904761904762,
        852.3809523809523,
        2,
        987.6190476190476,
        833.8095238095237,
        2,
        1007.6190476190476,
        871.4285714285714,
        2,
        967.1428571428571,
        860.4761904761905,
        2
      ],
      "num_keypoints": 20,
      "iscrowd": 0,
      "segmentation": [],
      "group_id": 1
    },
    {
      "category_id": 1,
      "image_id": 0,
      "id": 1,
      "bbox": [
        744.5866578014185,
        309.609375,
        158.71010638297867,
        606.5625
      ],
      "area": 96267.5989029255,
      "keypoints": [
        832.8125,
        373.4375,
        2,
        833.203125,
        360.15625,
        2,
        822.265625,
        361.71875,
        2,
        808.59375,
        363.671875,
        0,
        784.375,
        364.453125,
        2,
        823.046875,
        420.3125,
        2,
        777.3049645390072,
        429.0780141843972,
        2,
        852.4822695035461,
        482.2695035460993,
        1,
        842.5531914893618,
        511.34751773049646,
        2,
        888.6524822695036,
        474.468085106383,
        2,
        890.0709219858156,
        492.90780141843976,
        2,
        820.5673758865248,
        580.8510638297872,
        2,
        785.8974358974358,
        600.0,
        2,
        843.5897435897434,
        708.974358974359,
        2,
        780.7692307692307,
        730.7692307692307,
        2,
        828.2051282051282,
        814.1025641025641,
        2,
        765.625,
        846.875,
        2,
        817.1875,
        834.375,
        2,
        757.8125,
        864.84375,
        2,
        847.65625,
        836.71875,
        2,
        785.15625,
        865.625,
        2
      ],
      "num_keypoints": 20,
      "iscrowd": 0,
      "segmentation": [],
      "group_id": 2
    },
    {
      "category_id": 1,
      "image_id": 0,
      "id": 2,
      "bbox": [
        0,
        285.04273504273505,
        142.30769230769232,
        379.4871794871795
      ],
      "area": 54003.94477317555,
      "keypoints": [
        75.6410256410256,
        321.79487179487177,
        0,
        65.38461538461539,
        313.6752136752137,
        0,
        82.47863247863248,
        321.7948717948718,
        0,
        49.572649572649574,
        318.3760683760684,
        2,
        81.1965811965812,
        316.6666666666667,
        2,
        31.1965811965812,
        342.3076923076923,
        2,
        89.74358974358975,
        350.85470085470087,
        2,
        5.982905982905983,
        435.8974358974359,
        2,
        123.07692307692308,
        421.7948717948718,
        2,
        5.982905982905983,
        468.8034188034188,
        2,
        118.80341880341881,
        396.5811965811966,
        0,
        41.02564102564103,
        461.53846153846155,
        2,
        108.11965811965813,
        454.27350427350433,
        2,
        73.07692307692308,
        542.7350427350427,
        2,
        129.91452991452994,
        526.9230769230769,
        2,
        91.02564102564104,
        616.2393162393163,
        2,
        114.95726495726497,
        598.7179487179487,
        2,
        91.88034188034189,
        632.9059829059829,
        2,
        104.7008547008547,
        606.8376068376069,
        2,
        101.70940170940172,
        616.2393162393163,
        0,
        125.21367521367522,
        613.2478632478633,
        2
      ],
      "num_keypoints": 16,
      "iscrowd": 0,
      "segmentation": [],
      "group_id": 3
    }
  ]
}