{
  "categories": [
    {
      "supercategory": "person",
      "id": 1,
      "name": "person",
      "keypoints": [
        "nose",
        "left_eye",
        "right_eye",
        "left_ear",
        "right_ear",
        "left_shoulder",
        "right_shoulder",
        "left_elbow",
        "right_elbow",
        "left_wrist",
        "right_wrist",
        "left_hip",
        "right_hip",
        "left_knee",
        "right_knee",
        "left_ankle",
        "right_ankle",
        "left_heel",
        "right_heel",
        "left_foot",
        "right_foot"
      ],
      "skeleton": [
        [
          1,
          2
        ],
        [
          0,
          1
        ],
        [
          0,
          2
        ],
        [
          1,
          3
        ],
        [
          2,
          4
        ],
        [
          5,
          6
        ],
        [
          5,
          7
        ],
        [
          7,
          9
        ],
        [
          6,
          8
        ],
        [
          8,
          10
        ],
        [
          5,
          11
        ],
        [
          6,
          12
        ],
        [
          11,
          12
        ],
        [
          11,
          13
        ],
        [
          13,
          15
        ],
        [
          12,
          14
        ],
        [
          14,
          16
        ],
        [
          16,
          18
        ],
        [
          16,
          20
        ],
        [
          20,
          18
        ],
        [
          15,
          17
        ],
        [
          15,
          19
        ],
        [
          19,
          17
        ]
      ]
    }
  ],
  "images": [
    {
      "file_name": "000000002023.jpg",
      "height": 1200,
      "width": 1600,
      "id": 0
    }
  ],
  "annotations": [
    {
      "category_id": 1,
      "image_id": 0,
      "id": 0,
      "bbox": [
        658.5849384001388,
        206.06213242796974,
        402.8630921395106,
        699.5814548895196
      ],
      "area": 281835.5481202494,
      "keypoints": [
        913.2075471698113,
        308.3857442348008,
        2,
        922.3325062034739,
        294.78908188585604,
        2,
        900.62893081761,
        292.0335429769392,
        2,
        967.0859538784066,
        264.3605870020964,
        2,
        898.7421383647797,
        281.76100628930817,
        0,
        1006.2893081761006,
        298.95178197064985,
        2,
        887.6310272536687,
        295.80712788259956,
        2,
        1024.3362831858406,
        444.2477876106194,
        2,
        865.9292035398229,
        444.6902654867256,
        2,
        1027.8761061946902,
        546.9026548672566,
        2,
        850.4424778761061,
        523.8938053097345,
        2,
        980.0884955752211,
        517.6991150442477,
        2,
        882.7433628318583,
        519.9115044247787,
        2,
        885.3982300884954,
        620.7964601769911,
        2,
        842.4778761061946,
        608.4070796460177,
        2,
        796.9026548672565,
        785.3982300884954,
        2,
        746.9026548672566,
        775.221238938053,
        2,
        799.1150442477875,
        847.3451327433628,
        2,
        754.8672566371681,
        789.8230088495575,
        1,
        728.3185840707964,
        817.6991150442477,
        2,
        692.156862745098,
        809.3137254901961,
        2
      ],
      "num_keypoints": 20,
      "iscrowd": 0,
      "segmentation": [],
      "group_id": 1
    },
    {
      "category_id": 1,
      "image_id": 0,
      "id": 1,
      "bbox": [
        674.29203539823,
        309.6802935010482,
        196.99115044247776,
        671.2578616352203
      ],
      "area": 132231.8584070796,
      "keypoints": [
        772.3270440251572,
        378.82599580712787,
        2,
        772.9,
        367.2,
        1,
        757.0230607966456,
        365.61844863731653,
        2,
        746.7505241090146,
        366.4570230607966,
        0,
        712.7882599580712,
        372.7463312368972,
        2,
        765.1991614255764,
        430.18867924528297,
        2,
        709.4339622641509,
        444.23480083857436,
        2,
        833.1858407079645,
        502.6548672566371,
        2,
        817.2566371681415,
        477.433628318584,
        2,
        865.9292035398229,
        439.8230088495575,
        0,
        854.867256637168,
        408.4070796460177,
        2,
        787.1681415929203,
        652.6548672566371,
        0,
        742.4778761061946,
        659.29203539823,
        2,
        776.1061946902654,
        754.8672566371681,
        0,
        724.7787610619469,
        760.1769911504424,
        2,
        770.7964601769911,
        845.575221238938,
        1,
        707.079646017699,
        887.1681415929203,
        2,
        756.1946902654867,
        861.9469026548671,
        2,
        690.7079646017698,
        903.5398230088495,
        2,
        818.1415929203539,
        863.716814159292,
        2,
        742.156862745098,
        925.0,
        2
      ],
      "num_keypoints": 17,
      "iscrowd": 0,
      "segmentation": [],
      "group_id": 2
    }
  ]
}