{
  "categories": [
    {
      "supercategory": "person",
      "id": 1,
      "name": "person",
      "keypoints": [
        "nose",
        "left_eye",
        "right_eye",
        "left_ear",
        "right_ear",
        "left_shoulder",
        "right_shoulder",
        "left_elbow",
        "right_elbow",
        "left_wrist",
        "right_wrist",
        "left_hip",
        "right_hip",
        "left_knee",
        "right_knee",
        "left_ankle",
        "right_ankle",
        "left_heel",
        "right_heel",
        "left_foot",
        "right_foot"
      ],
      "skeleton": [
        [
          1,
          2
        ],
        [
          0,
          1
        ],
        [
          0,
          2
        ],
        [
          1,
          3
        ],
        [
          2,
          4
        ],
        [
          5,
          6
        ],
        [
          5,
          7
        ],
        [
          7,
          9
        ],
        [
          6,
          8
        ],
        [
          8,
          10
        ],
        [
          5,
          11
        ],
        [
          6,
          12
        ],
        [
          11,
          12
        ],
        [
          11,
          13
        ],
        [
          13,
          15
        ],
        [
          12,
          14
        ],
        [
          14,
          16
        ],
        [
          16,
          18
        ],
        [
          16,
          20
        ],
        [
          20,
          18
        ],
        [
          15,
          17
        ],
        [
          15,
          19
        ],
        [
          19,
          17
        ]
      ]
    }
  ],
  "images": [
    {
      "file_name": "000000000451.jpg",
      "height": 1200,
      "width": 1600,
      "id": 0
    }
  ],
  "annotations": [
    {
      "category_id": 1,
      "image_id": 0,
      "id": 0,
      "bbox": [
        596.6640786749482,
        339.86880133860666,
        183.5093167701864,
        700.765135381807
      ],
      "area": 128596.93121028256,
      "keypoints": [
        730.7692307692308,
        413.6752136752137,
        2,
        745.0867052023121,
        400.57803468208095,
        2,
        713.8728323699422,
        398.26589595375725,
        2,
        754.6052631578947,
        415.7894736842105,
        0,
        695.9016393442623,
        404.91803278688525,
        2,
        759.016393442623,
        463.93442622950823,
        2,
        656.6265060240963,
        484.33734939759034,
        2,
        746.7391304347826,
        555.4347826086956,
        0,
        611.9565217391304,
        603.2608695652174,
        2,
        772.8260869565217,
        572.8260869565217,
        0,
        703.2608695652174,
        584.7826086956521,
        1,
        754.2168674698795,
        693.9759036144578,
        1,
        706.0240963855421,
        712.0481927710842,
        1,
        724.5098039215686,
        811.7647058823529,
        2,
        670.5882352941177,
        847.0588235294117,
        2,
        718.6274509803922,
        882.3529411764706,
        2,
        657.2368421052631,
        910.5263157894736,
        1,
        702.6548672566371,
        920.3539823008848,
        2,
        651.7857142857143,
        959.5238095238095,
        1,
        764.8809523809524,
        925.0,
        2,
        665.7894736842105,
        982.2368421052631,
        2
      ],
      "num_keypoints": 18,
      "iscrowd": 0,
      "segmentation": [],
      "group_id": 2
    }
  ]
}