{
  "categories": [
    {
      "supercategory": "person",
      "id": 1,
      "name": "person",
      "keypoints": [
        "nose",
        "left_eye",
        "right_eye",
        "left_ear",
        "right_ear",
        "left_shoulder",
        "right_shoulder",
        "left_elbow",
        "right_elbow",
        "left_wrist",
        "right_wrist",
        "left_hip",
        "right_hip",
        "left_knee",
        "right_knee",
        "left_ankle",
        "right_ankle",
        "left_heel",
        "right_heel",
        "left_foot",
        "right_foot"
      ],
      "skeleton": [
        [
          1,
          2
        ],
        [
          0,
          1
        ],
        [
          0,
          2
        ],
        [
          1,
          3
        ],
        [
          2,
          4
        ],
        [
          5,
          6
        ],
        [
          5,
          7
        ],
        [
          7,
          9
        ],
        [
          6,
          8
        ],
        [
          8,
          10
        ],
        [
          5,
          11
        ],
        [
          6,
          12
        ],
        [
          11,
          12
        ],
        [
          11,
          13
        ],
        [
          13,
          15
        ],
        [
          12,
          14
        ],
        [
          14,
          16
        ],
        [
          16,
          18
        ],
        [
          16,
          20
        ],
        [
          20,
          18
        ],
        [
          15,
          17
        ],
        [
          15,
          19
        ],
        [
          19,
          17
        ]
      ]
    }
  ],
  "images": [
    {
      "file_name": "000000001250.jpg",
      "height": 1200,
      "width": 1600,
      "id": 0
    }
  ],
  "annotations": [
    {
      "category_id": 1,
      "image_id": 0,
      "id": 0,
      "bbox": [
        449.6768707482992,
        206.6726084373143,
        540.2411873840447,
        657.1836007130125
      ],
      "area": 355037.6487785198,
      "keypoints": [
        844.5652173913043,
        271.7391304347826,
        2,
        861.2200435729848,
        261.437908496732,
        2,
        844.7470817120623,
        262.2568093385214,
        1,
        892.9961089494165,
        288.715953307393,
        2,
        868.9189189189188,
        282.4324324324324,
        0,
        877.5510204081634,
        358.1632653061224,
        2,
        820.4081632653061,
        331.63265306122446,
        1,
        924.4897959183675,
        445.9183673469388,
        2,
        826.5306122448981,
        454.0816326530612,
        2,
        944.8979591836735,
        560.204081632653,
        2,
        843.089430894309,
        539.0243902439024,
        2,
        729.2207792207793,
        493.5064935064935,
        2,
        665.5844155844156,
        441.55844155844153,
        2,
        629.2207792207793,
        587.012987012987,
        2,
        557.7922077922078,
        553.2467532467532,
        2,
        579.8701298701299,
        744.1558441558442,
        2,
        525.974025974026,
        689.6103896103896,
        2,
        579.2207792207793,
        777.922077922078,
        1,
        534.0909090909091,
        712.1212121212121,
        2,
        544.6969696969696,
        809.0909090909091,
        1,
        494.69696969696963,
        722.7272727272727,
        2
      ],
      "num_keypoints": 20,
      "iscrowd": 0,
      "segmentation": [],
      "group_id": 1
    },
    {
      "category_id": 1,
      "image_id": 0,
      "id": 1,
      "bbox": [
        730.6484848484848,
        419.20000000000005,
        168.21818181818185,
        497.6
      ],
      "area": 83705.3672727273,
      "keypoints": [
        828.0303030303029,
        404.54545454545456,
        0,
        843.1818181818181,
        389.3939393939394,
        0,
        823.1884057971014,
        392.0289855072463,
        0,
        808.6378737541528,
        372.4252491694352,
        0,
        786.9565217391304,
        392.0289855072463,
        0,
        838.0067567567568,
        444.2567567567568,
        0,
        749.6621621621622,
        460.6418918918919,
        0,
        884.8484848484849,
        513.6363636363636,
        2,
        775.7575757575758,
        553.030303030303,
        2,
        846.0,
        460.6666666666667,
        2,
        816.6666666666666,
        511.33333333333337,
        2,
        846.0,
        610.0,
        2,
        788.6666666666666,
        618.0,
        2,
        835.3333333333333,
        728.6666666666666,
        2,
        795.3333333333333,
        732.6666666666666,
        2,
        808.6666666666666,
        804.6666666666666,
        2,
        766.0,
        826.0,
        2,
        788.6666666666666,
        836.6666666666666,
        2,
        744.6666666666666,
        850.0,
        2,
        836.6666666666666,
        843.3333333333334,
        2,
        802.0,
        875.3333333333334,
        2
      ],
      "num_keypoints": 14,
      "iscrowd": 0,
      "segmentation": [],
      "group_id": 2
    }
  ]
}