{
  "categories": [
    {
      "supercategory": "person",
      "id": 1,
      "name": "person",
      "keypoints": [
        "nose",
        "left_eye",
        "right_eye",
        "left_ear",
        "right_ear",
        "left_shoulder",
        "right_shoulder",
        "left_elbow",
        "right_elbow",
        "left_wrist",
        "right_wrist",
        "left_hip",
        "right_hip",
        "left_knee",
        "right_knee",
        "left_ankle",
        "right_ankle",
        "left_heel",
        "right_heel",
        "left_foot",
        "right_foot"
      ],
      "skeleton": [
        [
          1,
          2
        ],
        [
          0,
          1
        ],
        [
          0,
          2
        ],
        [
          1,
          3
        ],
        [
          2,
          4
        ],
        [
          5,
          6
        ],
        [
          5,
          7
        ],
        [
          7,
          9
        ],
        [
          6,
          8
        ],
        [
          8,
          10
        ],
        [
          5,
          11
        ],
        [
          6,
          12
        ],
        [
          11,
          12
        ],
        [
          11,
          13
        ],
        [
          13,
          15
        ],
        [
          12,
          14
        ],
        [
          14,
          16
        ],
        [
          16,
          18
        ],
        [
          16,
          20
        ],
        [
          20,
          18
        ],
        [
          15,
          17
        ],
        [
          15,
          19
        ],
        [
          19,
          17
        ]
      ]
    }
  ],
  "images": [
    {
      "file_name": "000000000848.jpg",
      "height": 1200,
      "width": 1600,
      "id": 0
    }
  ],
  "annotations": [
    {
      "category_id": 1,
      "image_id": 0,
      "id": 0,
      "bbox": [
        749.5348837209302,
        185.5092363516411,
        396.2790697674419,
        616.4423552696685
      ],
      "area": 244283.20311151518,
      "keypoints": [
        997.5903614457831,
        277.10843373493975,
        2,
        1013.4751773049646,
        265.60283687943263,
        2,
        989.7163120567376,
        263.12056737588654,
        2,
        1050.709219858156,
        236.8794326241135,
        2,
        990.1162790697674,
        241.27906976744185,
        0,
        1105.2325581395348,
        287.2093023255814,
        2,
        966.2790697674419,
        273.83720930232556,
        2,
        1107.5581395348838,
        411.6279069767442,
        2,
        958.1395348837209,
        376.16279069767444,
        1,
        1112.7906976744187,
        522.6744186046511,
        2,
        937.2093023255815,
        490.1162790697675,
        1,
        1081.3953488372092,
        459.30232558139534,
        2,
        966.6666666666665,
        448.71794871794873,
        2,
        961.5384615384614,
        569.2307692307692,
        2,
        898.7179487179487,
        574.3589743589744,
        2,
        889.7435897435896,
        687.1794871794872,
        2,
        817.9487179487179,
        703.8461538461538,
        1,
        872.0930232558139,
        733.1395348837209,
        2,
        824.4186046511628,
        750.5813953488372,
        2,
        840.6976744186047,
        698.8372093023256,
        2,
        782.5581395348837,
        715.6976744186046,
        1
      ],
      "num_keypoints": 20,
      "iscrowd": 0,
      "segmentation": [],
      "group_id": 1
    },
    {
      "category_id": 1,
      "image_id": 0,
      "id": 1,
      "bbox": [
        734.5290381125226,
        291.55172413793105,
        216.68602540834854,
        628.9655172413793
      ],
      "area": 136288.0380499406,
      "keypoints": [
        829.7413793103448,
        360.3448275862069,
        2,
        831.8965517241379,
        347.8448275862069,
        2,
        819.3965517241379,
        350.43103448275866,
        2,
        803.448275862069,
        340.948275862069,
        0,
        772.4137931034483,
        343.96551724137936,
        2,
        826.3157894736842,
        402.6315789473684,
        2,
        766.8421052631578,
        426.84210526315786,
        2,
        897.8947368421052,
        459.4736842105263,
        2,
        826.3157894736842,
        531.578947368421,
        2,
        933.1578947368421,
        403.6842105263158,
        2,
        899.9999999999999,
        491.05263157894734,
        2,
        857.6923076923076,
        608.974358974359,
        1,
        794.8717948717948,
        612.8205128205128,
        2,
        843.5897435897434,
        711.5384615384615,
        0,
        780.7692307692307,
        730.7692307692307,
        0,
        828.448275862069,
        801.7241379310345,
        2,
        769.8275862068965,
        837.0689655172414,
        2,
        821.5517241379309,
        819.8275862068966,
        2,
        752.5862068965516,
        856.0344827586207,
        2,
        862.0689655172413,
        826.7241379310345,
        2,
        773.2758620689655,
        868.1034482758621,
        2
      ],
      "num_keypoints": 18,
      "iscrowd": 0,
      "segmentation": [],
      "group_id": 2
    }
  ]
}