{
  "categories": [
    {
      "supercategory": "person",
      "id": 1,
      "name": "person",
      "keypoints": [
        "nose",
        "left_eye",
        "right_eye",
        "left_ear",
        "right_ear",
        "left_shoulder",
        "right_shoulder",
        "left_elbow",
        "right_elbow",
        "left_wrist",
        "right_wrist",
        "left_hip",
        "right_hip",
        "left_knee",
        "right_knee",
        "left_ankle",
        "right_ankle",
        "left_heel",
        "right_heel",
        "left_foot",
        "right_foot"
      ],
      "skeleton": [
        [
          1,
          2
        ],
        [
          0,
          1
        ],
        [
          0,
          2
        ],
        [
          1,
          3
        ],
        [
          2,
          4
        ],
        [
          5,
          6
        ],
        [
          5,
          7
        ],
        [
          7,
          9
        ],
        [
          6,
          8
        ],
        [
          8,
          10
        ],
        [
          5,
          11
        ],
        [
          6,
          12
        ],
        [
          11,
          12
        ],
        [
          11,
          13
        ],
        [
          13,
          15
        ],
        [
          12,
          14
        ],
        [
          14,
          16
        ],
        [
          16,
          18
        ],
        [
          16,
          20
        ],
        [
          20,
          18
        ],
        [
          15,
          17
        ],
        [
          15,
          19
        ],
        [
          19,
          17
        ]
      ]
    }
  ],
  "images": [
    {
      "file_name": "000000001807.jpg",
      "height": 1200,
      "width": 1600,
      "id": 0
    }
  ],
  "annotations": [
    {
      "category_id": 1,
      "image_id": 0,
      "id": 0,
      "bbox": [
        878.7509018759021,
        351.52777777777777,
        263.3225108225107,
        214.99999999999994
      ],
      "area": 56614.33982683979,
      "keypoints": [
        960.4166666666669,
        413.8888888888889,
        1,
        974.3055555555555,
        408.33333333333337,
        1,
        940.9722222222223,
        412.5,
        1,
        995.138888888889,
        384.72222222222223,
        1,
        932.638888888889,
        402.77777777777777,
        0,
        1024.3055555555554,
        369.44444444444446,
        2,
        900.6944444444446,
        379.1666666666667,
        2,
        1053.4722222222222,
        463.8888888888889,
        2,
        909.0277777777778,
        450.0,
        2,
        1078.4722222222222,
        548.6111111111111,
        2,
        918.7500000000001,
        519.4444444444445,
        1,
        1068.75,
        475.0,
        1,
        1011.8055555555555,
        490.27777777777777,
        1,
        1085.4166666666667,
        486.11111111111114,
        1,
        1025.6944444444443,
        447.22222222222223,
        0,
        1102.0833333333333,
        412.5,
        2,
        1056.25,
        411.11111111111114,
        0,
        1100.6493506493507,
        390.9090909090909,
        2,
        1056.4935064935066,
        389.6103896103896,
        2,
        1120.1298701298701,
        435.06493506493507,
        2,
        1064.2857142857144,
        412.987012987013,
        1
      ],
      "num_keypoints": 18,
      "iscrowd": 0,
      "segmentation": [],
      "group_id": 1
    },
    {
      "category_id": 1,
      "image_id": 0,
      "id": 1,
      "bbox": [
        720.3906926406927,
        353.7857142857143,
        185.31168831168827,
        601.3246753246754
      ],
      "area": 111432.49080789338,
      "keypoints": [
        772.077922077922,
        420.7792207792208,
        0,
        768.1818181818181,
        407.79220779220776,
        0,
        777.2727272727273,
        410.38961038961037,
        0,
        734.4155844155844,
        401.2987012987013,
        0,
        748.7012987012987,
        403.8961038961039,
        2,
        721.4285714285714,
        468.83116883116884,
        0,
        757.7922077922078,
        483.1168831168831,
        2,
        821.4285714285714,
        475.3246753246753,
        2,
        831.8181818181818,
        525.974025974026,
        2,
        873.3766233766233,
        458.4415584415584,
        2,
        890.2597402597403,
        525.974025974026,
        2,
        729.2207792207791,
        649.3506493506493,
        0,
        770.7792207792207,
        677.922077922078,
        1,
        741.5584415584415,
        755.8441558441558,
        1,
        785.7142857142857,
        771.4285714285714,
        2,
        750.8333333333334,
        870.0000000000001,
        1,
        757.5,
        885.0000000000001,
        2,
        740.8333333333334,
        883.3333333333334,
        1,
        735.8333333333334,
        905.0000000000001,
        2,
        790.8333333333335,
        873.3333333333334,
        2,
        785.8333333333335,
        896.6666666666667,
        2
      ],
      "num_keypoints": 15,
      "iscrowd": 0,
      "segmentation": [],
      "group_id": 2
    }
  ]
}