{
  "categories": [
    {
      "supercategory": "person",
      "id": 1,
      "name": "person",
      "keypoints": [
        "nose",
        "left_eye",
        "right_eye",
        "left_ear",
        "right_ear",
        "left_shoulder",
        "right_shoulder",
        "left_elbow",
        "right_elbow",
        "left_wrist",
        "right_wrist",
        "left_hip",
        "right_hip",
        "left_knee",
        "right_knee",
        "left_ankle",
        "right_ankle",
        "left_heel",
        "right_heel",
        "left_foot",
        "right_foot"
      ],
      "skeleton": [
        [
          1,
          2
        ],
        [
          0,
          1
        ],
        [
          0,
          2
        ],
        [
          1,
          3
        ],
        [
          2,
          4
        ],
        [
          5,
          6
        ],
        [
          5,
          7
        ],
        [
          7,
          9
        ],
        [
          6,
          8
        ],
        [
          8,
          10
        ],
        [
          5,
          11
        ],
        [
          6,
          12
        ],
        [
          11,
          12
        ],
        [
          11,
          13
        ],
        [
          13,
          15
        ],
        [
          12,
          14
        ],
        [
          14,
          16
        ],
        [
          16,
          18
        ],
        [
          16,
          20
        ],
        [
          20,
          18
        ],
        [
          15,
          17
        ],
        [
          15,
          19
        ],
        [
          19,
          17
        ]
      ]
    }
  ],
  "images": [
    {
      "file_name": "000000001324.jpg",
      "height": 1200,
      "width": 1600,
      "id": 0
    }
  ],
  "annotations": [
    {
      "category_id": 1,
      "image_id": 0,
      "id": 0,
      "bbox": [
        749.1300366300368,
        180.95586471575916,
        346.80319680319667,
        779.4531062604942
      ],
      "area": 270316.82900932117,
      "keypoints": [
        969.1292875989445,
        259.6306068601583,
        2,
        982.0580474934037,
        245.91029023746702,
        2,
        961.046511627907,
        247.38372093023256,
        2,
        1017.732558139535,
        261.33720930232556,
        2,
        962.0879120879121,
        262.08791208791206,
        0,
        1048.3516483516482,
        319.7802197802198,
        2,
        920.3296703296703,
        318.13186813186815,
        2,
        1067.032967032967,
        443.4065934065934,
        2,
        891.8367346938776,
        427.55102040816325,
        2,
        1046.938775510204,
        543.8775510204082,
        2,
        889.6969696969696,
        520.0,
        0,
        983.7662337662338,
        548.051948051948,
        2,
        886.3636363636364,
        528.5714285714286,
        2,
        913.6363636363636,
        680.5194805194805,
        2,
        853.8961038961039,
        670.1298701298701,
        2,
        874.0259740259739,
        835.0649350649351,
        2,
        818.1818181818181,
        827.2727272727273,
        2,
        870.1298701298701,
        868.8311688311688,
        2,
        820.4545454545454,
        859.0909090909091,
        2,
        852.2727272727271,
        895.4545454545455,
        2,
        778.0303030303031,
        875.7575757575758,
        2
      ],
      "num_keypoints": 19,
      "iscrowd": 0,
      "segmentation": [],
      "group_id": 1
    },
    {
      "category_id": 1,
      "image_id": 0,
      "id": 1,
      "bbox": [
        705.0060606060606,
        325.8122044241037,
        187.92727272727268,
        643.1139588100688
      ],
      "area": 120858.6523320158,
      "keypoints": [
        785.064935064935,
        394.8051948051948,
        2,
        789.0547263681591,
        384.0796019900497,
        1,
        774.5995423340961,
        385.812356979405,
        2,
        745.5377574370709,
        379.4050343249428,
        2,
        742.3340961098398,
        394.7368421052631,
        0,
        809.6109839816934,
        445.766590389016,
        2,
        726.5446224256293,
        456.2929061784897,
        2,
        877.2727272727273,
        486.3636363636364,
        1,
        778.7878787878788,
        545.4545454545455,
        1,
        896.6666666666666,
        439.3333333333333,
        0,
        842.0,
        495.3333333333333,
        2,
        819.3333333333333,
        624.6666666666666,
        2,
        778.0,
        636.6666666666666,
        2,
        826.0,
        744.6666666666666,
        2,
        766.0,
        759.3333333333334,
        2,
        778.0,
        843.3333333333334,
        0,
        732.6666666666666,
        867.3333333333334,
        2,
        754.0,
        860.6666666666666,
        1,
        720.6666666666666,
        887.3333333333334,
        2,
        824.6666666666666,
        872.6666666666666,
        0,
        742.0,
        915.3333333333334,
        2
      ],
      "num_keypoints": 17,
      "iscrowd": 0,
      "segmentation": [],
      "group_id": 2
    }
  ]
}