{
  "categories": [
    {
      "supercategory": "person",
      "id": 1,
      "name": "person",
      "keypoints": [
        "nose",
        "left_eye",
        "right_eye",
        "left_ear",
        "right_ear",
        "left_shoulder",
        "right_shoulder",
        "left_elbow",
        "right_elbow",
        "left_wrist",
        "right_wrist",
        "left_hip",
        "right_hip",
        "left_knee",
        "right_knee",
        "left_ankle",
        "right_ankle",
        "left_heel",
        "right_heel",
        "left_foot",
        "right_foot"
      ],
      "skeleton": [
        [
          1,
          2
        ],
        [
          0,
          1
        ],
        [
          0,
          2
        ],
        [
          1,
          3
        ],
        [
          2,
          4
        ],
        [
          5,
          6
        ],
        [
          5,
          7
        ],
        [
          7,
          9
        ],
        [
          6,
          8
        ],
        [
          8,
          10
        ],
        [
          5,
          11
        ],
        [
          6,
          12
        ],
        [
          11,
          12
        ],
        [
          11,
          13
        ],
        [
          13,
          15
        ],
        [
          12,
          14
        ],
        [
          14,
          16
        ],
        [
          16,
          18
        ],
        [
          16,
          20
        ],
        [
          20,
          18
        ],
        [
          15,
          17
        ],
        [
          15,
          19
        ],
        [
          19,
          17
        ]
      ]
    }
  ],
  "images": [
    {
      "file_name": "000000001162.jpg",
      "height": 1200,
      "width": 1600,
      "id": 0
    }
  ],
  "annotations": [
    {
      "category_id": 1,
      "image_id": 0,
      "id": 0,
      "bbox": [
        1025.6632653061222,
        210.66448801742922,
        210.2226345083493,
        588.3660130718954
      ],
      "area": 123687.85332314773,
      "keypoints": [
        1133.3333333333333,
        281.37254901960785,
        2,
        1143.4052757793766,
        272.90167865707434,
        1,
        1120.0435729847495,
        274.9455337690632,
        1,
        1164.9237472766886,
        259.69498910675384,
        2,
        1118.7363834422658,
        267.53812636165577,
        0,
        1191.8367346938776,
        280.61224489795916,
        2,
        1089.795918367347,
        286.7346938775511,
        2,
        1212.2448979591838,
        384.69387755102036,
        2,
        1085.7142857142858,
        384.69387755102036,
        2,
        1218.3673469387757,
        476.53061224489795,
        2,
        1074.1666666666667,
        464.44444444444446,
        1,
        1176.6233766233765,
        472.7272727272727,
        2,
        1082.4675324675322,
        458.4415584415584,
        2,
        1130.5194805194806,
        564.9350649350649,
        2,
        1077.2727272727275,
        567.5324675324675,
        2,
        1099.3506493506493,
        696.1038961038961,
        2,
        1058.4415584415585,
        690.9090909090909,
        2,
        1109.090909090909,
        732.4675324675325,
        2,
        1070.4545454545455,
        718.1818181818181,
        1,
        1078.030303030303,
        750.0,
        2,
        1043.181818181818,
        736.3636363636364,
        2
      ],
      "num_keypoints": 20,
      "iscrowd": 0,
      "segmentation": [],
      "group_id": 1
    },
    {
      "category_id": 1,
      "image_id": 0,
      "id": 1,
      "bbox": [
        944.7288676236045,
        251.90948385456397,
        126.41148325358824,
        553.8977879481312
      ],
      "area": 70019.04094540476,
      "keypoints": [
        1025.3246753246754,
        310.38961038961037,
        2,
        1028.5024154589373,
        298.0676328502416,
        2,
        1012.121212121212,
        303.030303030303,
        2,
        997.7477477477477,
        277.9279279279279,
        0,
        974.7747747747746,
        303.6036036036036,
        2,
        1032.2222222222222,
        346.6666666666667,
        2,
        972.7272727272726,
        362.28956228956224,
        2,
        1060.6060606060605,
        434.8484848484849,
        2,
        1018.1818181818181,
        439.3939393939394,
        2,
        1102.6315789473683,
        394.7368421052632,
        0,
        1058.7719298245613,
        377.1929824561404,
        2,
        1032.4561403508771,
        521.0526315789474,
        2,
        988.5964912280701,
        526.3157894736843,
        2,
        1028.9473684210525,
        612.280701754386,
        1,
        992.1052631578948,
        617.5438596491229,
        2,
        997.3684210526314,
        712.280701754386,
        2,
        969.2982456140351,
        731.578947368421,
        2,
        990.3508771929824,
        729.8245614035088,
        2,
        955.2631578947369,
        754.3859649122807,
        2,
        1021.9298245614034,
        738.5964912280701,
        1,
        986.8421052631579,
        759.6491228070175,
        2
      ],
      "num_keypoints": 19,
      "iscrowd": 0,
      "segmentation": [],
      "group_id": 2
    }
  ]
}