{
  "categories": [
    {
      "supercategory": "person",
      "id": 1,
      "name": "person",
      "keypoints": [
        "nose",
        "left_eye",
        "right_eye",
        "left_ear",
        "right_ear",
        "left_shoulder",
        "right_shoulder",
        "left_elbow",
        "right_elbow",
        "left_wrist",
        "right_wrist",
        "left_hip",
        "right_hip",
        "left_knee",
        "right_knee",
        "left_ankle",
        "right_ankle",
        "left_heel",
        "right_heel",
        "left_foot",
        "right_foot"
      ],
      "skeleton": [
        [
          1,
          2
        ],
        [
          0,
          1
        ],
        [
          0,
          2
        ],
        [
          1,
          3
        ],
        [
          2,
          4
        ],
        [
          5,
          6
        ],
        [
          5,
          7
        ],
        [
          7,
          9
        ],
        [
          6,
          8
        ],
        [
          8,
          10
        ],
        [
          5,
          11
        ],
        [
          6,
          12
        ],
        [
          11,
          12
        ],
        [
          11,
          13
        ],
        [
          13,
          15
        ],
        [
          12,
          14
        ],
        [
          14,
          16
        ],
        [
          16,
          18
        ],
        [
          16,
          20
        ],
        [
          20,
          18
        ],
        [
          15,
          17
        ],
        [
          15,
          19
        ],
        [
          19,
          17
        ]
      ]
    }
  ],
  "images": [
    {
      "file_name": "000000000188.jpg",
      "height": 1200,
      "width": 1600,
      "id": 0
    }
  ],
  "annotations": [
    {
      "category_id": 1,
      "image_id": 0,
      "id": 0,
      "bbox": [
        876.9463768115942,
        328.69596031183556,
        237.513043478261,
        573.2955350815023
      ],
      "area": 136165.16734970576,
      "keypoints": [
        1032.0,
        384.0,
        2,
        1043.1372549019607,
        376.4705882352941,
        2,
        1022.5490196078431,
        376.4705882352941,
        2,
        1065.7894736842104,
        383.55263157894734,
        1,
        1014.6666666666666,
        387.55555555555554,
        1,
        1094.6666666666667,
        446.6666666666667,
        2,
        995.9016393442623,
        431.1475409836066,
        2,
        1072.8260869565217,
        509.78260869565213,
        2,
        946.7391304347826,
        489.1304347826087,
        2,
        1038.0434782608695,
        544.5652173913044,
        2,
        896.7391304347826,
        516.3043478260869,
        1,
        1066.3934426229507,
        627.8688524590164,
        2,
        997.5409836065573,
        624.5901639344262,
        2,
        1053.27868852459,
        767.2131147540983,
        2,
        1009.7826086956521,
        751.0869565217391,
        2,
        1050.442477876106,
        814.1592920353982,
        2,
        1010.6194690265486,
        809.7345132743362,
        2,
        1062.2549019607843,
        845.5882352941177,
        2,
        1026.4705882352941,
        833.3333333333334,
        1,
        1045.1807228915661,
        854.2168674698794,
        2,
        996.7567567567567,
        850.2702702702702,
        2
      ],
      "num_keypoints": 21,
      "iscrowd": 0,
      "segmentation": [],
      "group_id": 1
    },
    {
      "category_id": 1,
      "image_id": 0,
      "id": 1,
      "bbox": [
        743.7309221495447,
        301.5272919978802,
        197.35282801077335,
        640.496025437202
      ],
      "area": 126403.70194969204,
      "keypoints": [
        848.8,
        367.2,
        1,
        841.4473684210526,
        354.60526315789474,
        0,
        842.6470588235294,
        354.9019607843137,
        2,
        821.5686274509803,
        356.37254901960785,
        0,
        808.8235294117646,
        364.70588235294116,
        1,
        841.3043478260869,
        418.1159420289855,
        1,
        794.927536231884,
        423.18840579710144,
        2,
        872.5490196078431,
        511.7647058823529,
        0,
        831.3725490196078,
        511.7647058823529,
        2,
        924.6376811594203,
        497.8260869565217,
        1,
        897.8260869565217,
        491.30434782608694,
        1,
        835.8695652173913,
        607.6086956521739,
        1,
        802.1739130434783,
        602.1739130434783,
        2,
        830.4347826086956,
        721.7391304347826,
        1,
        802.1739130434783,
        741.3043478260869,
        2,
        814.1304347826086,
        817.391304347826,
        2,
        777.4509803921568,
        849.0196078431372,
        2,
        801.7699115044247,
        833.6283185840707,
        2,
        760.1769911504424,
        868.1415929203539,
        2,
        849.7297297297297,
        843.7837837837837,
        2,
        805.4054054054054,
        888.6486486486486,
        2
      ],
      "num_keypoints": 18,
      "iscrowd": 0,
      "segmentation": [],
      "group_id": 2
    }
  ]
}