{
  "categories": [
    {
      "supercategory": "person",
      "id": 1,
      "name": "person",
      "keypoints": [
        "nose",
        "left_eye",
        "right_eye",
        "left_ear",
        "right_ear",
        "left_shoulder",
        "right_shoulder",
        "left_elbow",
        "right_elbow",
        "left_wrist",
        "right_wrist",
        "left_hip",
        "right_hip",
        "left_knee",
        "right_knee",
        "left_ankle",
        "right_ankle",
        "left_heel",
        "right_heel",
        "left_foot",
        "right_foot"
      ],
      "skeleton": [
        [
          1,
          2
        ],
        [
          0,
          1
        ],
        [
          0,
          2
        ],
        [
          1,
          3
        ],
        [
          2,
          4
        ],
        [
          5,
          6
        ],
        [
          5,
          7
        ],
        [
          7,
          9
        ],
        [
          6,
          8
        ],
        [
          8,
          10
        ],
        [
          5,
          11
        ],
        [
          6,
          12
        ],
        [
          11,
          12
        ],
        [
          11,
          13
        ],
        [
          13,
          15
        ],
        [
          12,
          14
        ],
        [
          14,
          16
        ],
        [
          16,
          18
        ],
        [
          16,
          20
        ],
        [
          20,
          18
        ],
        [
          15,
          17
        ],
        [
          15,
          19
        ],
        [
          19,
          17
        ]
      ]
    }
  ],
  "images": [
    {
      "file_name": "000000001579.jpg",
      "height": 1200,
      "width": 1600,
      "id": 0
    }
  ],
  "annotations": [
    {
      "category_id": 1,
      "image_id": 0,
      "id": 0,
      "bbox": [
        668.4722222222223,
        251.94444444444449,
        370.0000000000001,
        526.6666666666667
      ],
      "area": 194866.66666666674,
      "keypoints": [
        903.4722222222223,
        319.44444444444446,
        2,
        915.0,
        299.0,
        2,
        896.0,
        302.0,
        2,
        950.6944444444445,
        295.83333333333337,
        2,
        886.8055555555557,
        300.0,
        0,
        1000.6944444444445,
        348.61111111111114,
        2,
        889.5833333333334,
        351.3888888888889,
        2,
        1004.8611111111112,
        475.0,
        2,
        881.2500000000001,
        434.72222222222223,
        1,
        1007.638888888889,
        568.0555555555555,
        2,
        868.7500000000001,
        544.4444444444445,
        1,
        942.3611111111112,
        531.9444444444445,
        2,
        888.1944444444446,
        505.5555555555556,
        1,
        867.3611111111112,
        605.5555555555555,
        1,
        809.0277777777778,
        590.2777777777778,
        2,
        796.5277777777778,
        666.6666666666667,
        2,
        735.4166666666667,
        665.2777777777778,
        1,
        764.5833333333334,
        734.7222222222223,
        2,
        734.0277777777778,
        722.2222222222223,
        1,
        739.5833333333334,
        693.0555555555557,
        1,
        699.3055555555557,
        687.5000000000001,
        1
      ],
      "num_keypoints": 20,
      "iscrowd": 0,
      "segmentation": [],
      "group_id": 1
    },
    {
      "category_id": 1,
      "image_id": 0,
      "id": 1,
      "bbox": [
        674.3971861471862,
        358.2380952380952,
        197.23376623376623,
        594.6493506493507
      ],
      "area": 117284.93101703492,
      "keypoints": [
        782.4675324675325,
        416.8831168831169,
        2,
        790.2597402597403,
        407.79220779220776,
        2,
        774.6753246753246,
        409.09090909090907,
        2,
        762.9870129870129,
        415.5844155844156,
        0,
        734.4155844155844,
        411.68831168831167,
        2,
        787.6623376623377,
        453.24675324675326,
        2,
        714.9350649350649,
        479.2207792207792,
        2,
        847.4025974025974,
        494.8051948051948,
        2,
        777.2727272727273,
        555.8441558441558,
        2,
        894.1558441558441,
        464.93506493506493,
        0,
        855.1948051948052,
        529.8701298701299,
        1,
        792.8571428571429,
        645.4545454545455,
        1,
        743.5064935064935,
        649.3506493506493,
        1,
        766.2337662337662,
        768.8311688311688,
        2,
        720.7792207792207,
        779.2207792207791,
        2,
        752.5,
        841.6666666666667,
        2,
        712.5,
        873.3333333333334,
        2,
        729.1666666666667,
        856.6666666666667,
        1,
        690.8333333333334,
        885.0000000000001,
        1,
        770.8333333333334,
        860.0000000000001,
        2,
        742.5,
        903.3333333333334,
        2
      ],
      "num_keypoints": 19,
      "iscrowd": 0,
      "segmentation": [],
      "group_id": 2
    }
  ]
}