{
  "categories": [
    {
      "supercategory": "person",
      "id": 1,
      "name": "person",
      "keypoints": [
        "nose",
        "left_eye",
        "right_eye",
        "left_ear",
        "right_ear",
        "left_shoulder",
        "right_shoulder",
        "left_elbow",
        "right_elbow",
        "left_wrist",
        "right_wrist",
        "left_hip",
        "right_hip",
        "left_knee",
        "right_knee",
        "left_ankle",
        "right_ankle",
        "left_heel",
        "right_heel",
        "left_foot",
        "right_foot"
      ],
      "skeleton": [
        [
          1,
          2
        ],
        [
          0,
          1
        ],
        [
          0,
          2
        ],
        [
          1,
          3
        ],
        [
          2,
          4
        ],
        [
          5,
          6
        ],
        [
          5,
          7
        ],
        [
          7,
          9
        ],
        [
          6,
          8
        ],
        [
          8,
          10
        ],
        [
          5,
          11
        ],
        [
          6,
          12
        ],
        [
          11,
          12
        ],
        [
          11,
          13
        ],
        [
          13,
          15
        ],
        [
          12,
          14
        ],
        [
          14,
          16
        ],
        [
          16,
          18
        ],
        [
          16,
          20
        ],
        [
          20,
          18
        ],
        [
          15,
          17
        ],
        [
          15,
          19
        ],
        [
          19,
          17
        ]
      ]
    }
  ],
  "images": [
    {
      "file_name": "000000001474.jpg",
      "height": 1200,
      "width": 1600,
      "id": 0
    }
  ],
  "annotations": [
    {
      "category_id": 1,
      "image_id": 0,
      "id": 0,
      "bbox": [
        716.4639639639639,
        262.34147460153656,
        356.9778869778869,
        532.9480564155486
      ],
      "area": 190250.67104819423,
      "keypoints": [
        947.4358974358975,
        328.525641025641,
        2,
        958.0128205128204,
        318.2692307692308,
        2,
        937.0370370370371,
        321.7864923747277,
        2,
        991.0675381263617,
        306.7538126361656,
        2,
        949.099099099099,
        302.70270270270265,
        0,
        1032.4324324324323,
        343.2432432432432,
        2,
        926.5765765765765,
        336.9369369369369,
        2,
        1043.6936936936936,
        445.045045045045,
        2,
        893.8775510204082,
        441.8367346938776,
        2,
        1042.4242424242423,
        541.7508417508417,
        2,
        883.7662337662338,
        529.8701298701299,
        2,
        994.1558441558442,
        529.8701298701299,
        2,
        896.7532467532468,
        509.09090909090907,
        2,
        921.4285714285714,
        593.5064935064935,
        2,
        862.9870129870129,
        579.2207792207793,
        2,
        842.1052631578948,
        703.5087719298247,
        2,
        789.4736842105262,
        689.4736842105264,
        2,
        809.6491228070176,
        750.8771929824561,
        2,
        765.9090909090909,
        746.969696969697,
        1,
        787.1212121212121,
        730.3030303030303,
        2,
        746.2121212121211,
        716.6666666666666,
        2
      ],
      "num_keypoints": 20,
      "iscrowd": 0,
      "segmentation": [],
      "group_id": 1
    },
    {
      "category_id": 1,
      "image_id": 0,
      "id": 1,
      "bbox": [
        768.5925233644859,
        344.16100628930815,
        133.89906542056087,
        518.3698113207548
      ],
      "area": 69409.23327808155,
      "keypoints": [
        821.4285714285714,
        397.4025974025974,
        2,
        825.6603773584906,
        387.35849056603774,
        2,
        816.0436137071652,
        388.78504672897196,
        2,
        847.1698113207548,
        388.6792452830189,
        0,
        788.6292834890966,
        390.809968847352,
        2,
        841.4330218068536,
        409.65732087227417,
        2,
        779.7507788161994,
        423.0529595015576,
        2,
        868.1818181818181,
        427.27272727272725,
        1,
        827.2727272727273,
        465.1515151515152,
        2,
        891.3333333333334,
        419.3333333333333,
        1,
        868.6666666666666,
        474.0,
        2,
        842.0,
        600.6666666666666,
        1,
        790.0,
        599.3333333333334,
        1,
        846.0,
        686.0,
        2,
        799.3333333333333,
        687.3333333333334,
        2,
        842.0,
        756.6666666666666,
        2,
        802.0,
        756.6666666666666,
        2,
        843.3333333333333,
        795.3333333333334,
        2,
        804.6666666666666,
        786.0,
        2,
        843.3333333333333,
        819.3333333333334,
        2,
        783.3333333333333,
        800.6666666666666,
        2
      ],
      "num_keypoints": 20,
      "iscrowd": 0,
      "segmentation": [],
      "group_id": 2
    }
  ]
}