{
  "categories": [
    {
      "supercategory": "person",
      "id": 1,
      "name": "person",
      "keypoints": [
        "nose",
        "left_eye",
        "right_eye",
        "left_ear",
        "right_ear",
        "left_shoulder",
        "right_shoulder",
        "left_elbow",
        "right_elbow",
        "left_wrist",
        "right_wrist",
        "left_hip",
        "right_hip",
        "left_knee",
        "right_knee",
        "left_ankle",
        "right_ankle",
        "left_heel",
        "right_heel",
        "left_foot",
        "right_foot"
      ],
      "skeleton": [
        [
          1,
          2
        ],
        [
          0,
          1
        ],
        [
          0,
          2
        ],
        [
          1,
          3
        ],
        [
          2,
          4
        ],
        [
          5,
          6
        ],
        [
          5,
          7
        ],
        [
          7,
          9
        ],
        [
          6,
          8
        ],
        [
          8,
          10
        ],
        [
          5,
          11
        ],
        [
          6,
          12
        ],
        [
          11,
          12
        ],
        [
          11,
          13
        ],
        [
          13,
          15
        ],
        [
          12,
          14
        ],
        [
          14,
          16
        ],
        [
          16,
          18
        ],
        [
          16,
          20
        ],
        [
          20,
          18
        ],
        [
          15,
          17
        ],
        [
          15,
          19
        ],
        [
          19,
          17
        ]
      ]
    }
  ],
  "images": [
    {
      "file_name": "000000000205.jpg",
      "height": 1200,
      "width": 1600,
      "id": 0
    }
  ],
  "annotations": [
    {
      "category_id": 1,
      "image_id": 0,
      "id": 0,
      "bbox": [
        639.4026548672566,
        244.27536231884056,
        427.1681415929204,
        468.69565217391306
      ],
      "area": 200211.85071181227,
      "keypoints": [
        939.7590361445782,
        301.2048192771084,
        1,
        949.7297297297297,
        290.27027027027026,
        2,
        925.9459459459459,
        291.8918918918919,
        2,
        985.2941176470588,
        283.3333333333333,
        2,
        922.3684210526316,
        282.89473684210526,
        0,
        1027.6315789473683,
        352.63157894736844,
        2,
        923.7704918032787,
        327.8688524590164,
        2,
        1021.3333333333334,
        460.0,
        2,
        888.0,
        434.6666666666667,
        1,
        1030.9734513274336,
        551.3274336283185,
        2,
        876.9911504424778,
        504.4247787610619,
        0,
        963.1147540983607,
        501.6393442622951,
        2,
        872.9508196721312,
        478.6885245901639,
        2,
        851.639344262295,
        544.2622950819672,
        2,
        801.7699115044247,
        537.1681415929203,
        2,
        800.9803921568628,
        620.5882352941177,
        2,
        767.6470588235294,
        578.4313725490196,
        2,
        754.3478260869565,
        673.9130434782609,
        2,
        698.9130434782609,
        659.7826086956521,
        2,
        714.4736842105264,
        623.0263157894736,
        2,
        675.0,
        604.1666666666667,
        2
      ],
      "num_keypoints": 19,
      "iscrowd": 0,
      "segmentation": [],
      "group_id": 1
    },
    {
      "category_id": 1,
      "image_id": 0,
      "id": 1,
      "bbox": [
        755.2579979360165,
        310.6991744066047,
        94.79876160990705,
        629.5046439628484
      ],
      "area": 59676.260675363475,
      "keypoints": [
        824.5098039215686,
        373.52941176470586,
        2,
        833.5526315789474,
        364.4736842105263,
        1,
        815.1315789473684,
        363.1578947368421,
        2,
        807.2368421052631,
        357.89473684210526,
        0,
        779.6052631578947,
        365.7894736842105,
        2,
        838.938053097345,
        420.3539823008849,
        1,
        769.0265486725663,
        437.16814159292034,
        2,
        871.7391304347826,
        473.9130434782609,
        0,
        786.9565217391304,
        546.7391304347826,
        0,
        890.2173913043478,
        470.65217391304344,
        0,
        867.391304347826,
        484.78260869565213,
        0,
        842.391304347826,
        580.4347826086956,
        0,
        783.695652173913,
        591.3043478260869,
        0,
        831.5217391304348,
        733.695652173913,
        2,
        782.6086956521739,
        741.3043478260869,
        2,
        811.9565217391304,
        820.6521739130435,
        1,
        777.8761061946902,
        853.0973451327433,
        2,
        803.7837837837837,
        836.7567567567568,
        2,
        763.1578947368421,
        871.7105263157895,
        2,
        842.156862745098,
        846.078431372549,
        2,
        800.4901960784314,
        887.7450980392157,
        2
      ],
      "num_keypoints": 14,
      "iscrowd": 0,
      "segmentation": [],
      "group_id": 2
    }
  ]
}