{
  "categories": [
    {
      "supercategory": "person",
      "id": 1,
      "name": "person",
      "keypoints": [
        "nose",
        "left_eye",
        "right_eye",
        "left_ear",
        "right_ear",
        "left_shoulder",
        "right_shoulder",
        "left_elbow",
        "right_elbow",
        "left_wrist",
        "right_wrist",
        "left_hip",
        "right_hip",
        "left_knee",
        "right_knee",
        "left_ankle",
        "right_ankle",
        "left_heel",
        "right_heel",
        "left_foot",
        "right_foot"
      ],
      "skeleton": [
        [
          1,
          2
        ],
        [
          0,
          1
        ],
        [
          0,
          2
        ],
        [
          1,
          3
        ],
        [
          2,
          4
        ],
        [
          5,
          6
        ],
        [
          5,
          7
        ],
        [
          7,
          9
        ],
        [
          6,
          8
        ],
        [
          8,
          10
        ],
        [
          5,
          11
        ],
        [
          6,
          12
        ],
        [
          11,
          12
        ],
        [
          11,
          13
        ],
        [
          13,
          15
        ],
        [
          12,
          14
        ],
        [
          14,
          16
        ],
        [
          16,
          18
        ],
        [
          16,
          20
        ],
        [
          20,
          18
        ],
        [
          15,
          17
        ],
        [
          15,
          19
        ],
        [
          19,
          17
        ]
      ]
    }
  ],
  "images": [
    {
      "file_name": "000000001817.jpg",
      "height": 1200,
      "width": 1600,
      "id": 0
    }
  ],
  "annotations": [
    {
      "category_id": 1,
      "image_id": 0,
      "id": 0,
      "bbox": [
        547.8598484848485,
        348.0753968253968,
        200.68181818181813,
        539.7619047619048
      ],
      "area": 108320.40043290041,
      "keypoints": [
        629.8611111111112,
        406.94444444444446,
        2,
        642.3611111111112,
        395.83333333333337,
        2,
        625.6944444444445,
        393.05555555555554,
        2,
        678.4722222222223,
        397.22222222222223,
        2,
        631.2500000000001,
        398.61111111111114,
        0,
        689.5833333333334,
        484.72222222222223,
        2,
        618.7500000000001,
        436.11111111111114,
        2,
        695.1388888888889,
        559.7222222222223,
        2,
        564.5833333333334,
        431.94444444444446,
        2,
        661.8055555555557,
        633.3333333333334,
        1,
        600.6944444444445,
        393.05555555555554,
        2,
        681.2500000000001,
        634.7222222222223,
        1,
        624.3055555555557,
        629.1666666666667,
        1,
        700.6944444444445,
        722.2222222222223,
        1,
        613.1944444444445,
        727.7777777777778,
        2,
        718.7500000000001,
        808.3333333333334,
        2,
        604.8611111111112,
        819.4444444444445,
        1,
        731.8181818181818,
        820.7792207792207,
        2,
        626.6233766233767,
        835.0649350649351,
        2,
        699.3506493506493,
        827.2727272727273,
        1,
        581.1688311688312,
        842.8571428571429,
        2
      ],
      "num_keypoints": 20,
      "iscrowd": 0,
      "segmentation": [],
      "group_id": 1
    },
    {
      "category_id": 1,
      "image_id": 0,
      "id": 1,
      "bbox": [
        724.2857142857142,
        345.6190476190476,
        152.72727272727275,
        590.2337662337663
      ],
      "area": 90144.79338842978,
      "keypoints": [
        769.4805194805194,
        411.68831168831167,
        0,
        768.1818181818181,
        384.4155844155844,
        0,
        788.961038961039,
        380.5194805194805,
        0,
        779.8701298701299,
        394.8051948051948,
        2,
        798.051948051948,
        390.9090909090909,
        0,
        768.1818181818181,
        459.7402597402597,
        2,
        853.8961038961039,
        454.54545454545456,
        2,
        756.4935064935065,
        554.5454545454545,
        2,
        864.2857142857142,
        553.2467532467532,
        1,
        737.012987012987,
        620.7792207792207,
        2,
        853.8961038961039,
        627.2727272727273,
        1,
        782.4675324675325,
        636.3636363636364,
        2,
        833.1168831168831,
        632.4675324675325,
        2,
        759.7402597402597,
        753.2467532467532,
        2,
        840.2597402597402,
        740.2597402597403,
        2,
        770.8333333333334,
        855.0000000000001,
        2,
        842.5,
        858.3333333333334,
        2,
        772.5,
        886.6666666666667,
        2,
        830.8333333333335,
        873.3333333333334,
        2,
        739.1666666666667,
        871.6666666666667,
        2,
        820.8333333333335,
        858.3333333333334,
        1
      ],
      "num_keypoints": 17,
      "iscrowd": 0,
      "segmentation": [],
      "group_id": 2
    }
  ]
}