{
  "categories": [
    {
      "supercategory": "person",
      "id": 1,
      "name": "person",
      "keypoints": [
        "nose",
        "left_eye",
        "right_eye",
        "left_ear",
        "right_ear",
        "left_shoulder",
        "right_shoulder",
        "left_elbow",
        "right_elbow",
        "left_wrist",
        "right_wrist",
        "left_hip",
        "right_hip",
        "left_knee",
        "right_knee",
        "left_ankle",
        "right_ankle",
        "left_heel",
        "right_heel",
        "left_foot",
        "right_foot"
      ],
      "skeleton": [
        [
          1,
          2
        ],
        [
          0,
          1
        ],
        [
          0,
          2
        ],
        [
          1,
          3
        ],
        [
          2,
          4
        ],
        [
          5,
          6
        ],
        [
          5,
          7
        ],
        [
          7,
          9
        ],
        [
          6,
          8
        ],
        [
          8,
          10
        ],
        [
          5,
          11
        ],
        [
          6,
          12
        ],
        [
          11,
          12
        ],
        [
          11,
          13
        ],
        [
          13,
          15
        ],
        [
          12,
          14
        ],
        [
          14,
          16
        ],
        [
          16,
          18
        ],
        [
          16,
          20
        ],
        [
          20,
          18
        ],
        [
          15,
          17
        ],
        [
          15,
          19
        ],
        [
          19,
          17
        ]
      ]
    }
  ],
  "images": [
    {
      "file_name": "000000001262.jpg",
      "height": 1200,
      "width": 1600,
      "id": 0
    }
  ],
  "annotations": [
    {
      "category_id": 1,
      "image_id": 0,
      "id": 0,
      "bbox": [
        1146.9951883192302,
        258.3832202069656,
        158.00895968143345,
        521.4331812618227
      ],
      "area": 82391.11451456092,
      "keypoints": [
        1227.450980392157,
        306.8627450980392,
        2,
        1238.0182002022243,
        301.9211324570273,
        2,
        1223.2558139534883,
        301.8359853121175,
        2,
        1259.2411260709914,
        312.6070991432069,
        2,
        1216.8399168399167,
        308.9397089397089,
        0,
        1263.2653061224491,
        358.1632653061224,
        2,
        1193.8775510204082,
        352.0408163265306,
        2,
        1291.8367346938776,
        452.0408163265306,
        2,
        1171.4285714285716,
        452.0408163265306,
        2,
        1273.4693877551022,
        521.4285714285714,
        2,
        1160.1626016260163,
        516.260162601626,
        1,
        1257.7922077922076,
        544.1558441558442,
        2,
        1182.4675324675322,
        528.5714285714286,
        2,
        1242.2077922077924,
        619.4805194805194,
        2,
        1181.1688311688313,
        619.4805194805194,
        2,
        1220.1298701298701,
        702.5974025974026,
        2,
        1189.6103896103896,
        696.1038961038961,
        2,
        1228.8557213930346,
        718.407960199005,
        2,
        1196.5174129353231,
        715.4228855721392,
        2,
        1215.909090909091,
        736.3636363636364,
        2,
        1175.1243781094527,
        723.3830845771143,
        2
      ],
      "num_keypoints": 20,
      "iscrowd": 0,
      "segmentation": [],
      "group_id": 1
    },
    {
      "category_id": 1,
      "image_id": 0,
      "id": 1,
      "bbox": [
        659.3333333333334,
        270.0168498168498,
        127.99999999999989,
        685.0725274725274
      ],
      "area": 87689.28351648344,
      "keypoints": [
        747.4025974025974,
        336.3636363636364,
        2,
        735.6060606060606,
        321.21212121212125,
        0,
        738.4615384615385,
        327.1062271062271,
        2,
        709.3023255813953,
        319.60132890365446,
        0,
        712.4324324324324,
        337.2972972972973,
        2,
        744.5182724252492,
        398.33887043189367,
        2,
        676.0869565217391,
        428.2608695652174,
        2,
        771.2121212121212,
        515.1515151515151,
        1,
        698.4848484848485,
        554.5454545454545,
        2,
        776.6666666666666,
        598.0,
        1,
        724.6666666666666,
        658.0,
        2,
        732.6666666666666,
        611.3333333333334,
        2,
        719.3333333333333,
        616.6666666666666,
        2,
        747.3333333333333,
        743.3333333333334,
        2,
        730.0,
        751.3333333333334,
        2,
        719.3333333333333,
        842.0,
        1,
        695.3333333333333,
        848.6666666666666,
        2,
        695.3333333333333,
        870.0,
        1,
        670.0,
        882.0,
        2,
        766.0,
        884.6666666666666,
        2,
        744.6666666666666,
        898.0,
        2
      ],
      "num_keypoints": 19,
      "iscrowd": 0,
      "segmentation": [],
      "group_id": 2
    }
  ]
}