{
  "categories": [
    {
      "supercategory": "person",
      "id": 1,
      "name": "person",
      "keypoints": [
        "nose",
        "left_eye",
        "right_eye",
        "left_ear",
        "right_ear",
        "left_shoulder",
        "right_shoulder",
        "left_elbow",
        "right_elbow",
        "left_wrist",
        "right_wrist",
        "left_hip",
        "right_hip",
        "left_knee",
        "right_knee",
        "left_ankle",
        "right_ankle",
        "left_heel",
        "right_heel",
        "left_foot",
        "right_foot"
      ],
      "skeleton": [
        [
          1,
          2
        ],
        [
          0,
          1
        ],
        [
          0,
          2
        ],
        [
          1,
          3
        ],
        [
          2,
          4
        ],
        [
          5,
          6
        ],
        [
          5,
          7
        ],
        [
          7,
          9
        ],
        [
          6,
          8
        ],
        [
          8,
          10
        ],
        [
          5,
          11
        ],
        [
          6,
          12
        ],
        [
          11,
          12
        ],
        [
          11,
          13
        ],
        [
          13,
          15
        ],
        [
          12,
          14
        ],
        [
          14,
          16
        ],
        [
          16,
          18
        ],
        [
          16,
          20
        ],
        [
          20,
          18
        ],
        [
          15,
          17
        ],
        [
          15,
          19
        ],
        [
          19,
          17
        ]
      ]
    }
  ],
  "images": [
    {
      "file_name": "000000001633.jpg",
      "height": 1200,
      "width": 1600,
      "id": 0
    }
  ],
  "annotations": [
    {
      "category_id": 1,
      "image_id": 0,
      "id": 0,
      "bbox": [
        767.6388888888889,
        444.8611111111111,
        263.3333333333335,
        478.33333333333337
      ],
      "area": 125961.1111111112,
      "keypoints": [
        934.0,
        495.0,
        2,
        949.0,
        486.0,
        2,
        925.6944444444445,
        484.72222222222223,
        2,
        971.5277777777779,
        491.6666666666667,
        1,
        920.138888888889,
        487.5,
        0,
        989.5833333333334,
        523.6111111111111,
        2,
        922.9166666666669,
        523.6111111111111,
        2,
        978.4722222222223,
        555.5555555555555,
        2,
        870.1388888888889,
        550.0,
        2,
        938.1944444444445,
        586.1111111111111,
        2,
        789.5833333333334,
        556.9444444444445,
        2,
        1003.4722222222223,
        669.4444444444445,
        2,
        943.7500000000001,
        666.6666666666667,
        2,
        960.4166666666669,
        781.9444444444445,
        2,
        924.3055555555555,
        775.0,
        2,
        997.9166666666669,
        854.1666666666667,
        2,
        967.3611111111112,
        840.2777777777778,
        1,
        1009.0277777777779,
        868.0555555555555,
        2,
        984.0277777777779,
        850.0000000000001,
        1,
        990.9722222222223,
        883.3333333333334,
        2,
        961.8055555555555,
        863.8888888888889,
        2
      ],
      "num_keypoints": 20,
      "iscrowd": 0,
      "segmentation": [],
      "group_id": 1
    },
    {
      "category_id": 1,
      "image_id": 0,
      "id": 1,
      "bbox": [
        639.8701298701299,
        358.80952380952374,
        246.23376623376612,
        572.2077922077923
      ],
      "area": 140896.87974363295,
      "keypoints": [
        725.3246753246754,
        419.4805194805195,
        2,
        733.1168831168831,
        407.79220779220776,
        2,
        717.5324675324675,
        407.79220779220776,
        2,
        703.2467532467532,
        407.79220779220776,
        0,
        679.8701298701299,
        406.49350649350646,
        2,
        748.7012987012987,
        464.93506493506493,
        2,
        660.3896103896104,
        479.2207792207792,
        2,
        801.9480519480519,
        489.6103896103896,
        2,
        726.6233766233767,
        516.8831168831168,
        2,
        865.5844155844155,
        509.09090909090907,
        2,
        801.9480519480519,
        507.79220779220776,
        2,
        742.2077922077922,
        641.5584415584416,
        2,
        695.4545454545454,
        646.7532467532467,
        2,
        728.5714285714286,
        742.8571428571429,
        2,
        698.7012987012987,
        759.7402597402597,
        2,
        725.8333333333334,
        835.0000000000001,
        2,
        680.8333333333334,
        860.0000000000001,
        2,
        702.5,
        863.3333333333334,
        1,
        665.8333333333334,
        876.6666666666667,
        2,
        755.8333333333334,
        856.6666666666667,
        2,
        709.1666666666667,
        883.3333333333334,
        2
      ],
      "num_keypoints": 20,
      "iscrowd": 0,
      "segmentation": [],
      "group_id": 2
    }
  ]
}