{
  "categories": [
    {
      "supercategory": "person",
      "id": 1,
      "name": "person",
      "keypoints": [
        "nose",
        "left_eye",
        "right_eye",
        "left_ear",
        "right_ear",
        "left_shoulder",
        "right_shoulder",
        "left_elbow",
        "right_elbow",
        "left_wrist",
        "right_wrist",
        "left_hip",
        "right_hip",
        "left_knee",
        "right_knee",
        "left_ankle",
        "right_ankle",
        "left_heel",
        "right_heel",
        "left_foot",
        "right_foot"
      ],
      "skeleton": [
        [
          1,
          2
        ],
        [
          0,
          1
        ],
        [
          0,
          2
        ],
        [
          1,
          3
        ],
        [
          2,
          4
        ],
        [
          5,
          6
        ],
        [
          5,
          7
        ],
        [
          7,
          9
        ],
        [
          6,
          8
        ],
        [
          8,
          10
        ],
        [
          5,
          11
        ],
        [
          6,
          12
        ],
        [
          11,
          12
        ],
        [
          11,
          13
        ],
        [
          13,
          15
        ],
        [
          12,
          14
        ],
        [
          14,
          16
        ],
        [
          16,
          18
        ],
        [
          16,
          20
        ],
        [
          20,
          18
        ],
        [
          15,
          17
        ],
        [
          15,
          19
        ],
        [
          19,
          17
        ]
      ]
    }
  ],
  "images": [
    {
      "file_name": "000000001791.jpg",
      "height": 1200,
      "width": 1600,
      "id": 0
    }
  ],
  "annotations": [
    {
      "category_id": 1,
      "image_id": 0,
      "id": 0,
      "bbox": [
        822.5496031746031,
        268.7536075036075,
        267.0670995670996,
        558.2900432900433
      ],
      "area": 149100.90257866232,
      "keypoints": [
        959.0,
        353.0,
        2,
        974.3055555555555,
        345.83333333333337,
        2,
        945.138888888889,
        348.61111111111114,
        1,
        996.5277777777779,
        315.27777777777777,
        2,
        932.638888888889,
        336.11111111111114,
        0,
        1046.5277777777778,
        351.3888888888889,
        2,
        935.4166666666669,
        355.55555555555554,
        2,
        1061.8055555555554,
        451.3888888888889,
        2,
        939.5833333333334,
        440.27777777777777,
        1,
        1067.361111111111,
        547.2222222222223,
        2,
        910.4166666666667,
        522.2222222222223,
        1,
        1009.0277777777779,
        509.72222222222223,
        2,
        953.4722222222223,
        501.3888888888889,
        2,
        959.0277777777779,
        619.4444444444445,
        1,
        903.4722222222223,
        615.2777777777778,
        2,
        909.0277777777778,
        723.6111111111111,
        2,
        875.6944444444446,
        716.6666666666667,
        2,
        900.6493506493506,
        777.922077922078,
        2,
        877.2727272727273,
        780.5194805194805,
        1,
        890.2597402597403,
        749.3506493506493,
        2,
        844.8051948051948,
        767.5324675324675,
        2
      ],
      "num_keypoints": 20,
      "iscrowd": 0,
      "segmentation": [],
      "group_id": 1
    },
    {
      "category_id": 1,
      "image_id": 0,
      "id": 1,
      "bbox": [
        716.2045454545455,
        359.07142857142856,
        195.5454545454544,
        584.6493506493508
      ],
      "area": 114325.52302243205,
      "keypoints": [
        803.2467532467532,
        429.87012987012986,
        1,
        794.1558441558441,
        406.49350649350646,
        0,
        805.8441558441558,
        409.09090909090907,
        0,
        765.5844155844155,
        406.49350649350646,
        0,
        778.5714285714286,
        407.79220779220776,
        2,
        733.1168831168831,
        461.038961038961,
        0,
        779.8701298701299,
        484.4155844155844,
        2,
        844.8051948051948,
        468.83116883116884,
        2,
        821.4285714285714,
        540.2597402597403,
        2,
        895.4545454545454,
        438.9610389610389,
        2,
        892.8571428571428,
        527.2727272727273,
        2,
        735.7142857142857,
        645.4545454545455,
        0,
        774.6753246753246,
        658.4415584415584,
        1,
        737.6623376623377,
        753.2467532467532,
        1,
        788.3116883116883,
        755.8441558441558,
        2,
        747.5,
        863.3333333333334,
        1,
        777.5,
        878.3333333333334,
        2,
        732.5,
        890.0000000000001,
        2,
        765.8333333333334,
        895.0000000000001,
        2,
        779.1666666666667,
        865.0000000000001,
        1,
        815.8333333333335,
        881.6666666666667,
        2
      ],
      "num_keypoints": 16,
      "iscrowd": 0,
      "segmentation": [],
      "group_id": 2
    }
  ]
}