{
  "categories": [
    {
      "supercategory": "person",
      "id": 1,
      "name": "person",
      "keypoints": [
        "nose",
        "left_eye",
        "right_eye",
        "left_ear",
        "right_ear",
        "left_shoulder",
        "right_shoulder",
        "left_elbow",
        "right_elbow",
        "left_wrist",
        "right_wrist",
        "left_hip",
        "right_hip",
        "left_knee",
        "right_knee",
        "left_ankle",
        "right_ankle",
        "left_heel",
        "right_heel",
        "left_foot",
        "right_foot"
      ],
      "skeleton": [
        [
          1,
          2
        ],
        [
          0,
          1
        ],
        [
          0,
          2
        ],
        [
          1,
          3
        ],
        [
          2,
          4
        ],
        [
          5,
          6
        ],
        [
          5,
          7
        ],
        [
          7,
          9
        ],
        [
          6,
          8
        ],
        [
          8,
          10
        ],
        [
          5,
          11
        ],
        [
          6,
          12
        ],
        [
          11,
          12
        ],
        [
          11,
          13
        ],
        [
          13,
          15
        ],
        [
          12,
          14
        ],
        [
          14,
          16
        ],
        [
          16,
          18
        ],
        [
          16,
          20
        ],
        [
          20,
          18
        ],
        [
          15,
          17
        ],
        [
          15,
          19
        ],
        [
          19,
          17
        ]
      ]
    }
  ],
  "images": [
    {
      "file_name": "000000000760.jpg",
      "height": 1200,
      "width": 1600,
      "id": 0
    }
  ],
  "annotations": [
    {
      "category_id": 1,
      "image_id": 0,
      "id": 0,
      "bbox": [
        907.4009493907453,
        198.64204040278725,
        318.88091500336407,
        301.40189814527633
      ],
      "area": 96111.31306431646,
      "keypoints": [
        1115.2,
        242.4,
        2,
        1128.0141843971633,
        229.07801418439718,
        2,
        1105.6737588652484,
        228.36879432624116,
        2,
        1158.8652482269504,
        223.75886524822695,
        2,
        1112.8279883381924,
        222.7405247813411,
        0,
        1197.0845481049562,
        292.12827988338194,
        2,
        1098.8338192419824,
        280.75801749271136,
        2,
        1199.7084548104956,
        383.67346938775506,
        2,
        1070.5539358600583,
        362.6822157434402,
        2,
        1199.1253644314868,
        474.9271137026239,
        2,
        1060.6413994169095,
        464.4314868804664,
        1,
        1162.9737609329445,
        404.0816326530612,
        2,
        1093.5897435897434,
        389.7435897435897,
        1,
        1073.076923076923,
        391.02564102564105,
        2,
        1052.5641025641025,
        398.71794871794873,
        1,
        1021.7948717948718,
        414.1025641025641,
        2,
        970.5128205128203,
        424.35897435897436,
        1,
        986.5384615384615,
        436.53846153846155,
        2,
        947.4358974358975,
        451.28205128205127,
        2,
        987.1794871794872,
        388.46153846153845,
        1,
        933.9743589743589,
        398.07692307692304,
        1
      ],
      "num_keypoints": 20,
      "iscrowd": 0,
      "segmentation": [],
      "group_id": 1
    },
    {
      "category_id": 1,
      "image_id": 0,
      "id": 1,
      "bbox": [
        887.8095238095239,
        256.68848881614844,
        146.28571428571422,
        536.7594108019639
      ],
      "area": 78520.2338087444,
      "keypoints": [
        945.0354609929078,
        320.92198581560285,
        2,
        950.7092198581561,
        308.86524822695037,
        2,
        933.3333333333334,
        313.12056737588654,
        2,
        958.5106382978724,
        301.4184397163121,
        1,
        912.0567375886525,
        307.0921985815603,
        2,
        976.1904761904761,
        337.1428571428571,
        2,
        905.2380952380952,
        365.23809523809524,
        2,
        1016.1904761904761,
        423.8095238095238,
        0,
        941.9047619047618,
        456.19047619047615,
        0,
        1076.6666666666665,
        365.23809523809524,
        0,
        1021.9047619047618,
        480.0,
        2,
        983.8095238095237,
        523.3333333333333,
        2,
        941.0256410256409,
        533.3333333333334,
        1,
        966.6666666666665,
        624.3589743589744,
        2,
        932.051282051282,
        628.2051282051282,
        1,
        947.4358974358975,
        710.8974358974359,
        2,
        912.8205128205128,
        732.051282051282,
        2,
        938.4615384615385,
        730.7692307692307,
        1,
        900.0,
        747.4358974358975,
        2,
        960.8974358974359,
        731.4102564102564,
        2,
        933.3333333333333,
        748.7179487179487,
        2
      ],
      "num_keypoints": 18,
      "iscrowd": 0,
      "segmentation": [],
      "group_id": 2
    }
  ]
}