{
  "categories": [
    {
      "supercategory": "person",
      "id": 1,
      "name": "person",
      "keypoints": [
        "nose",
        "left_eye",
        "right_eye",
        "left_ear",
        "right_ear",
        "left_shoulder",
        "right_shoulder",
        "left_elbow",
        "right_elbow",
        "left_wrist",
        "right_wrist",
        "left_hip",
        "right_hip",
        "left_knee",
        "right_knee",
        "left_ankle",
        "right_ankle",
        "left_heel",
        "right_heel",
        "left_foot",
        "right_foot"
      ],
      "skeleton": [
        [
          1,
          2
        ],
        [
          0,
          1
        ],
        [
          0,
          2
        ],
        [
          1,
          3
        ],
        [
          2,
          4
        ],
        [
          5,
          6
        ],
        [
          5,
          7
        ],
        [
          7,
          9
        ],
        [
          6,
          8
        ],
        [
          8,
          10
        ],
        [
          5,
          11
        ],
        [
          6,
          12
        ],
        [
          11,
          12
        ],
        [
          11,
          13
        ],
        [
          13,
          15
        ],
        [
          12,
          14
        ],
        [
          14,
          16
        ],
        [
          16,
          18
        ],
        [
          16,
          20
        ],
        [
          20,
          18
        ],
        [
          15,
          17
        ],
        [
          15,
          19
        ],
        [
          19,
          17
        ]
      ]
    }
  ],
  "images": [
    {
      "file_name": "000000001563.jpg",
      "height": 1200,
      "width": 1600,
      "id": 0
    }
  ],
  "annotations": [
    {
      "category_id": 1,
      "image_id": 0,
      "id": 0,
      "bbox": [
        702.3611111111112,
        415.0,
        296.6666666666665,
        470.0
      ],
      "area": 139433.33333333326,
      "keypoints": [
        781.2500000000001,
        480.5555555555556,
        2,
        792.0,
        464.0,
        2,
        773.0,
        463.0,
        2,
        822.9166666666667,
        454.1666666666667,
        2,
        771.5277777777778,
        458.33333333333337,
        0,
        861.8055555555557,
        486.11111111111114,
        2,
        778.4722222222223,
        508.33333333333337,
        2,
        974.3055555555555,
        513.8888888888889,
        2,
        756.2500000000001,
        569.4444444444445,
        2,
        928.4722222222223,
        529.1666666666667,
        2,
        727.0833333333334,
        640.2777777777778,
        2,
        871.5277777777778,
        658.3333333333334,
        1,
        810.4166666666667,
        638.8888888888889,
        2,
        792.3611111111112,
        744.4444444444445,
        2,
        749.3055555555557,
        731.9444444444445,
        1,
        836.8055555555557,
        804.1666666666667,
        2,
        804.8611111111112,
        804.1666666666667,
        2,
        852.0833333333334,
        820.8333333333334,
        2,
        820.1388888888889,
        826.3888888888889,
        1,
        829.8611111111112,
        845.8333333333334,
        1,
        793.7500000000001,
        829.1666666666667,
        2
      ],
      "num_keypoints": 20,
      "iscrowd": 0,
      "segmentation": [],
      "group_id": 1
    },
    {
      "category_id": 1,
      "image_id": 0,
      "id": 1,
      "bbox": [
        457.6666666666667,
        287.35714285714283,
        178.00000000000006,
        728.3376623376626
      ],
      "area": 129644.10389610397,
      "keypoints": [
        599.3055555555557,
        375.0,
        0,
        585.0649350649351,
        350.64935064935065,
        0,
        594.1558441558442,
        349.35064935064935,
        0,
        553.8961038961039,
        355.84415584415586,
        0,
        569.4805194805194,
        348.05194805194805,
        2,
        499.3506493506493,
        438.9610389610389,
        1,
        561.6883116883116,
        440.2597402597402,
        2,
        508.4415584415584,
        559.7402597402597,
        0,
        561.6883116883116,
        558.4415584415584,
        2,
        530.5194805194805,
        619.4805194805194,
        0,
        572.077922077922,
        655.8441558441558,
        1,
        486.3636363636364,
        655.8441558441558,
        2,
        540.9090909090909,
        666.2337662337662,
        2,
        506.4935064935065,
        787.012987012987,
        2,
        587.012987012987,
        800.0,
        1,
        495.83333333333337,
        911.6666666666667,
        1,
        572.5,
        926.6666666666667,
        2,
        472.5,
        935.0000000000001,
        1,
        554.1666666666667,
        955.0000000000001,
        2,
        532.5,
        925.0000000000001,
        2,
        620.8333333333334,
        941.6666666666667,
        2
      ],
      "num_keypoints": 15,
      "iscrowd": 0,
      "segmentation": [],
      "group_id": 2
    }
  ]
}