{
  "categories": [
    {
      "supercategory": "person",
      "id": 1,
      "name": "person",
      "keypoints": [
        "nose",
        "left_eye",
        "right_eye",
        "left_ear",
        "right_ear",
        "left_shoulder",
        "right_shoulder",
        "left_elbow",
        "right_elbow",
        "left_wrist",
        "right_wrist",
        "left_hip",
        "right_hip",
        "left_knee",
        "right_knee",
        "left_ankle",
        "right_ankle",
        "left_heel",
        "right_heel",
        "left_foot",
        "right_foot"
      ],
      "skeleton": [
        [
          1,
          2
        ],
        [
          0,
          1
        ],
        [
          0,
          2
        ],
        [
          1,
          3
        ],
        [
          2,
          4
        ],
        [
          5,
          6
        ],
        [
          5,
          7
        ],
        [
          7,
          9
        ],
        [
          6,
          8
        ],
        [
          8,
          10
        ],
        [
          5,
          11
        ],
        [
          6,
          12
        ],
        [
          11,
          12
        ],
        [
          11,
          13
        ],
        [
          13,
          15
        ],
        [
          12,
          14
        ],
        [
          14,
          16
        ],
        [
          16,
          18
        ],
        [
          16,
          20
        ],
        [
          20,
          18
        ],
        [
          15,
          17
        ],
        [
          15,
          19
        ],
        [
          19,
          17
        ]
      ]
    }
  ],
  "images": [
    {
      "file_name": "000000001554.jpg",
      "height": 1200,
      "width": 1600,
      "id": 0
    }
  ],
  "annotations": [
    {
      "category_id": 1,
      "image_id": 0,
      "id": 0,
      "bbox": [
        680.9722222222222,
        222.36111111111114,
        386.66666666666674,
        648.3333333333335
      ],
      "area": 250688.888888889,
      "keypoints": [
        924.3055555555555,
        297.22222222222223,
        2,
        941.0,
        284.0,
        2,
        915.0,
        283.0,
        2,
        979.8611111111112,
        276.3888888888889,
        2,
        921.5277777777779,
        268.05555555555554,
        0,
        1022.9166666666669,
        334.72222222222223,
        2,
        899.3055555555557,
        327.77777777777777,
        1,
        1029.861111111111,
        452.77777777777777,
        2,
        874.3055555555557,
        448.61111111111114,
        1,
        1035.4166666666667,
        554.1666666666667,
        2,
        859.0277777777778,
        556.9444444444445,
        1,
        949.3055555555555,
        526.3888888888889,
        2,
        892.3611111111112,
        509.72222222222223,
        2,
        875.6944444444446,
        626.3888888888889,
        2,
        815.9722222222223,
        622.2222222222223,
        2,
        804.8611111111112,
        737.5,
        2,
        743.7500000000001,
        737.5,
        1,
        782.6388888888889,
        804.1666666666667,
        2,
        743.7500000000001,
        816.6666666666667,
        2,
        752.0833333333334,
        784.7222222222223,
        2,
        713.1944444444445,
        772.2222222222223,
        1
      ],
      "num_keypoints": 20,
      "iscrowd": 0,
      "segmentation": [],
      "group_id": 1
    },
    {
      "category_id": 1,
      "image_id": 0,
      "id": 1,
      "bbox": [
        689.8582251082252,
        277.5,
        191.70129870129858,
        706.3636363636365
      ],
      "area": 135410.82644628093,
      "keypoints": [
        800.6944444444446,
        354.1666666666667,
        2,
        804.5454545454545,
        340.2597402597402,
        2,
        785.0649350649351,
        336.3636363636364,
        2,
        781.1688311688312,
        350.64935064935065,
        0,
        742.2077922077922,
        348.05194805194805,
        2,
        801.9480519480519,
        414.2857142857143,
        1,
        730.5194805194805,
        431.16883116883116,
        2,
        843.5064935064935,
        503.8961038961039,
        1,
        798.051948051948,
        471.42857142857144,
        2,
        879.8701298701299,
        433.76623376623377,
        0,
        865.5844155844155,
        392.2077922077922,
        2,
        830.5194805194805,
        666.2337662337662,
        2,
        787.6623376623377,
        668.8311688311688,
        1,
        819.4805194805194,
        746.7532467532467,
        1,
        759.7402597402597,
        790.9090909090909,
        1,
        794.1666666666667,
        850.0000000000001,
        2,
        730.8333333333334,
        881.6666666666667,
        2,
        792.5,
        868.3333333333334,
        2,
        705.8333333333334,
        911.6666666666667,
        2,
        830.8333333333335,
        883.3333333333334,
        2,
        744.1666666666667,
        925.0000000000001,
        2
      ],
      "num_keypoints": 19,
      "iscrowd": 0,
      "segmentation": [],
      "group_id": 2
    }
  ]
}