{
  "categories": [
    {
      "supercategory": "person",
      "id": 1,
      "name": "person",
      "keypoints": [
        "nose",
        "left_eye",
        "right_eye",
        "left_ear",
        "right_ear",
        "left_shoulder",
        "right_shoulder",
        "left_elbow",
        "right_elbow",
        "left_wrist",
        "right_wrist",
        "left_hip",
        "right_hip",
        "left_knee",
        "right_knee",
        "left_ankle",
        "right_ankle",
        "left_heel",
        "right_heel",
        "left_foot",
        "right_foot"
      ],
      "skeleton": [
        [
          1,
          2
        ],
        [
          0,
          1
        ],
        [
          0,
          2
        ],
        [
          1,
          3
        ],
        [
          2,
          4
        ],
        [
          5,
          6
        ],
        [
          5,
          7
        ],
        [
          7,
          9
        ],
        [
          6,
          8
        ],
        [
          8,
          10
        ],
        [
          5,
          11
        ],
        [
          6,
          12
        ],
        [
          11,
          12
        ],
        [
          11,
          13
        ],
        [
          13,
          15
        ],
        [
          12,
          14
        ],
        [
          14,
          16
        ],
        [
          16,
          18
        ],
        [
          16,
          20
        ],
        [
          20,
          18
        ],
        [
          15,
          17
        ],
        [
          15,
          19
        ],
        [
          19,
          17
        ]
      ]
    }
  ],
  "images": [
    {
      "file_name": "000000000477.jpg",
      "height": 1200,
      "width": 1600,
      "id": 0
    }
  ],
  "annotations": [
    {
      "category_id": 1,
      "image_id": 0,
      "id": 0,
      "bbox": [
        909.2196078431373,
        278.2019077901431,
        273.36470588235284,
        527.523052464229
      ],
      "area": 144206.18408304494,
      "keypoints": [
        1067.391304347826,
        332.6086956521739,
        2,
        1079.4594594594594,
        323.2432432432432,
        2,
        1055.6756756756756,
        322.16216216216213,
        2,
        1100.0,
        324.01960784313724,
        1,
        1043.5374149659865,
        328.57142857142856,
        1,
        1119.7278911564626,
        351.70068027210885,
        2,
        1031.858407079646,
        348.6725663716814,
        2,
        1159.8039215686274,
        438.2352941176471,
        2,
        995.0980392156863,
        420.5882352941176,
        2,
        1131.3725490196077,
        503.921568627451,
        2,
        990.1960784313725,
        486.27450980392155,
        2,
        1085.8407079646017,
        530.0884955752211,
        2,
        1033.6283185840707,
        511.504424778761,
        2,
        1037.3493975903614,
        627.710843373494,
        2,
        990.3614457831325,
        609.6385542168674,
        1,
        1000.0,
        705.4347826086956,
        2,
        958.695652173913,
        684.0579710144928,
        2,
        979.4117647058823,
        761.7647058823529,
        2,
        941.6216216216216,
        736.2162162162161,
        1,
        978.3783783783783,
        734.5945945945946,
        1,
        932.0,
        722.4,
        2
      ],
      "num_keypoints": 21,
      "iscrowd": 0,
      "segmentation": [],
      "group_id": 1
    },
    {
      "category_id": 1,
      "image_id": 0,
      "id": 1,
      "bbox": [
        791.8478260869565,
        341.59420289855063,
        202.17391304347825,
        518.2608695652176
      ],
      "area": 104778.82797731573,
      "keypoints": [
        866.3716814159291,
        394.69026548672565,
        2,
        874.6376811594203,
        384.78260869565213,
        2,
        856.5217391304348,
        384.78260869565213,
        2,
        883.3333333333333,
        388.40579710144925,
        0,
        832.8947368421052,
        394.7368421052632,
        2,
        874.1935483870968,
        422.5806451612903,
        1,
        824.5967741935484,
        436.69354838709677,
        2,
        955.4347826086956,
        434.78260869565213,
        2,
        884.7826086956521,
        504.3478260869565,
        2,
        977.1739130434783,
        396.73913043478257,
        2,
        965.6862745098039,
        480.3921568627451,
        2,
        874.5098039215686,
        602.9411764705882,
        1,
        817.6470588235294,
        601.9607843137255,
        1,
        871.0144927536231,
        691.3043478260869,
        0,
        844.927536231884,
        697.8260869565216,
        2,
        848.3606557377049,
        770.4918032786885,
        0,
        819.5652173913043,
        790.2173913043478,
        2,
        817.391304347826,
        785.5072463768115,
        1,
        808.695652173913,
        810.1449275362318,
        2,
        873.2142857142858,
        795.2380952380953,
        2,
        849.4047619047619,
        816.6666666666667,
        2
      ],
      "num_keypoints": 18,
      "iscrowd": 0,
      "segmentation": [],
      "group_id": 2
    }
  ]
}