{
  "categories": [
    {
      "supercategory": "person",
      "id": 1,
      "name": "person",
      "keypoints": [
        "nose",
        "left_eye",
        "right_eye",
        "left_ear",
        "right_ear",
        "left_shoulder",
        "right_shoulder",
        "left_elbow",
        "right_elbow",
        "left_wrist",
        "right_wrist",
        "left_hip",
        "right_hip",
        "left_knee",
        "right_knee",
        "left_ankle",
        "right_ankle",
        "left_heel",
        "right_heel",
        "left_foot",
        "right_foot"
      ],
      "skeleton": [
        [
          1,
          2
        ],
        [
          0,
          1
        ],
        [
          0,
          2
        ],
        [
          1,
          3
        ],
        [
          2,
          4
        ],
        [
          5,
          6
        ],
        [
          5,
          7
        ],
        [
          7,
          9
        ],
        [
          6,
          8
        ],
        [
          8,
          10
        ],
        [
          5,
          11
        ],
        [
          6,
          12
        ],
        [
          11,
          12
        ],
        [
          11,
          13
        ],
        [
          13,
          15
        ],
        [
          12,
          14
        ],
        [
          14,
          16
        ],
        [
          16,
          18
        ],
        [
          16,
          20
        ],
        [
          20,
          18
        ],
        [
          15,
          17
        ],
        [
          15,
          19
        ],
        [
          19,
          17
        ]
      ]
    }
  ],
  "images": [
    {
      "file_name": "000000000556.jpg",
      "height": 1200,
      "width": 1600,
      "id": 0
    }
  ],
  "annotations": [
    {
      "category_id": 1,
      "image_id": 0,
      "id": 0,
      "bbox": [
        459.3499242242961,
        466.52147163775066,
        349.1074419717634,
        503.32964193429314
      ],
      "area": 175716.1237642447,
      "keypoints": [
        532.5301204819276,
        534.9397590361446,
        2,
        546.1538461538462,
        521.1538461538462,
        2,
        526.9230769230769,
        521.1538461538462,
        2,
        593.5897435897435,
        519.8717948717948,
        2,
        537.8306878306878,
        525.9259259259259,
        0,
        683.8624338624338,
        524.8677248677249,
        2,
        538.6243386243386,
        577.5132275132274,
        2,
        779.3650793650793,
        508.46560846560845,
        2,
        521.9576719576719,
        657.6719576719577,
        1,
        749.2462311557789,
        540.7035175879397,
        2,
        488.4422110552764,
        727.6381909547739,
        1,
        714.070351758794,
        667.8391959798995,
        2,
        614.7435897435897,
        685.8974358974359,
        2,
        618.5897435897435,
        824.3589743589744,
        2,
        569.8717948717948,
        823.7179487179487,
        2,
        657.6923076923076,
        896.1538461538462,
        2,
        606.4102564102564,
        876.9230769230769,
        2,
        675.0,
        904.0697674418604,
        1,
        623.2558139534884,
        896.5116279069767,
        2,
        646.5116279069767,
        927.9069767441861,
        2,
        591.2790697674419,
        910.4651162790698,
        2
      ],
      "num_keypoints": 20,
      "iscrowd": 0,
      "segmentation": [],
      "group_id": 1
    },
    {
      "category_id": 1,
      "image_id": 0,
      "id": 1,
      "bbox": [
        561.5602836879433,
        332.5360723893373,
        163.404255319149,
        188.87747615553928
      ],
      "area": 30863.38333775622,
      "keypoints": [
        620.2586206896551,
        362.5,
        2,
        628.4482758620688,
        348.7068965517242,
        2,
        608.6206896551723,
        352.58620689655174,
        2,
        656.0344827586206,
        348.2758620689655,
        2,
        603.8793103448276,
        352.58620689655174,
        1,
        699.1379310344827,
        411.2068965517242,
        2,
        575.1773049645391,
        419.1489361702128,
        2,
        711.3475177304965,
        494.3262411347518,
        2,
        581.5602836879433,
        494.3262411347518,
        0,
        675.1773049645391,
        505.67375886524826,
        1,
        609.9290780141845,
        522.6950354609929,
        0,
        684.3971631205674,
        595.7446808510639,
        0,
        614.1025641025641,
        585.8974358974359,
        0,
        688.4615384615385,
        664.1025641025641,
        0,
        636.8794326241135,
        673.758865248227,
        0,
        675.886524822695,
        705.6737588652483,
        0,
        632.6241134751773,
        741.8439716312057,
        0,
        702.1276595744681,
        713.4751773049646,
        0,
        647.517730496454,
        763.1205673758866,
        0,
        688.6524822695036,
        743.2624113475177,
        0,
        630.4964539007093,
        760.9929078014185,
        0
      ],
      "num_keypoints": 9,
      "iscrowd": 0,
      "segmentation": [],
      "group_id": 2
    }
  ]
}