{
  "categories": [
    {
      "supercategory": "person",
      "id": 1,
      "name": "person",
      "keypoints": [
        "nose",
        "left_eye",
        "right_eye",
        "left_ear",
        "right_ear",
        "left_shoulder",
        "right_shoulder",
        "left_elbow",
        "right_elbow",
        "left_wrist",
        "right_wrist",
        "left_hip",
        "right_hip",
        "left_knee",
        "right_knee",
        "left_ankle",
        "right_ankle",
        "left_heel",
        "right_heel",
        "left_foot",
        "right_foot"
      ],
      "skeleton": [
        [
          1,
          2
        ],
        [
          0,
          1
        ],
        [
          0,
          2
        ],
        [
          1,
          3
        ],
        [
          2,
          4
        ],
        [
          5,
          6
        ],
        [
          5,
          7
        ],
        [
          7,
          9
        ],
        [
          6,
          8
        ],
        [
          8,
          10
        ],
        [
          5,
          11
        ],
        [
          6,
          12
        ],
        [
          11,
          12
        ],
        [
          11,
          13
        ],
        [
          13,
          15
        ],
        [
          12,
          14
        ],
        [
          14,
          16
        ],
        [
          16,
          18
        ],
        [
          16,
          20
        ],
        [
          20,
          18
        ],
        [
          15,
          17
        ],
        [
          15,
          19
        ],
        [
          19,
          17
        ]
      ]
    }
  ],
  "images": [
    {
      "file_name": "000000001598.jpg",
      "height": 1200,
      "width": 1600,
      "id": 0
    }
  ],
  "annotations": [
    {
      "category_id": 1,
      "image_id": 0,
      "id": 0,
      "bbox": [
        410.8333333333333,
        375.4166666666667,
        261.6666666666667,
        445.00000000000006
      ],
      "area": 116441.66666666669,
      "keypoints": [
        432.63888888888886,
        412.5,
        1,
        446.52777777777777,
        400.0,
        0,
        434.02777777777777,
        397.22222222222223,
        0,
        465.97222222222223,
        413.8888888888889,
        1,
        457.63888888888886,
        400.0,
        0,
        493.75000000000006,
        495.83333333333337,
        1,
        499.3055555555556,
        479.1666666666667,
        0,
        484.02777777777777,
        590.2777777777778,
        0,
        499.3055555555556,
        584.7222222222223,
        0,
        488.1944444444444,
        643.0555555555555,
        0,
        496.52777777777777,
        630.5555555555555,
        0,
        497.9166666666667,
        679.1666666666667,
        0,
        517.3611111111112,
        654.1666666666667,
        0,
        479.86111111111114,
        766.6666666666667,
        0,
        535.4166666666667,
        725.0,
        1,
        471.52777777777777,
        837.5,
        0,
        620.1388888888889,
        761.1111111111111,
        1,
        503.47222222222223,
        836.1111111111111,
        0,
        650.6944444444445,
        745.8333333333334,
        1,
        464.5833333333333,
        847.2222222222223,
        0,
        632.6388888888889,
        783.3333333333334,
        1
      ],
      "num_keypoints": 7,
      "iscrowd": 0,
      "segmentation": [],
      "group_id": 1
    },
    {
      "category_id": 1,
      "image_id": 0,
      "id": 1,
      "bbox": [
        443.4404761904762,
        381.04761904761904,
        109.883116883117,
        617.0389610389611
      ],
      "area": 67802.16427728125,
      "keypoints": [
        513.6363636363636,
        448.05194805194805,
        0,
        501.9480519480519,
        429.87012987012986,
        0,
        518.8311688311688,
        432.46753246753246,
        0,
        499.3506493506493,
        436.3636363636364,
        0,
        487.6623376623377,
        432.46753246753246,
        2,
        443.5064935064935,
        518.1818181818181,
        0,
        462.9870129870129,
        525.974025974026,
        2,
        485.06493506493507,
        633.7662337662338,
        0,
        452.5974025974026,
        618.1818181818181,
        2,
        512.3376623376623,
        703.8961038961039,
        0,
        469.48051948051943,
        709.0909090909091,
        1,
        482.46753246753246,
        701.2987012987013,
        0,
        500.6493506493506,
        714.2857142857142,
        1,
        484.41558441558436,
        796.1038961038961,
        1,
        533.7662337662338,
        810.3896103896104,
        1,
        467.5,
        920.0000000000001,
        1,
        520.8333333333334,
        911.6666666666667,
        1,
        454.16666666666674,
        935.0000000000001,
        2,
        495.83333333333337,
        935.0000000000001,
        1,
        492.5,
        920.0000000000001,
        1,
        544.1666666666667,
        946.6666666666667,
        2
      ],
      "num_keypoints": 13,
      "iscrowd": 0,
      "segmentation": [],
      "group_id": 2
    }
  ]
}