{
  "categories": [
    {
      "supercategory": "person",
      "id": 1,
      "name": "person",
      "keypoints": [
        "nose",
        "left_eye",
        "right_eye",
        "left_ear",
        "right_ear",
        "left_shoulder",
        "right_shoulder",
        "left_elbow",
        "right_elbow",
        "left_wrist",
        "right_wrist",
        "left_hip",
        "right_hip",
        "left_knee",
        "right_knee",
        "left_ankle",
        "right_ankle",
        "left_heel",
        "right_heel",
        "left_foot",
        "right_foot"
      ],
      "skeleton": [
        [
          1,
          2
        ],
        [
          0,
          1
        ],
        [
          0,
          2
        ],
        [
          1,
          3
        ],
        [
          2,
          4
        ],
        [
          5,
          6
        ],
        [
          5,
          7
        ],
        [
          7,
          9
        ],
        [
          6,
          8
        ],
        [
          8,
          10
        ],
        [
          5,
          11
        ],
        [
          6,
          12
        ],
        [
          11,
          12
        ],
        [
          11,
          13
        ],
        [
          13,
          15
        ],
        [
          12,
          14
        ],
        [
          14,
          16
        ],
        [
          16,
          18
        ],
        [
          16,
          20
        ],
        [
          20,
          18
        ],
        [
          15,
          17
        ],
        [
          15,
          19
        ],
        [
          19,
          17
        ]
      ]
    }
  ],
  "images": [
    {
      "file_name": "000000001506.jpg",
      "height": 1200,
      "width": 1600,
      "id": 0
    }
  ],
  "annotations": [
    {
      "category_id": 1,
      "image_id": 0,
      "id": 0,
      "bbox": [
        705.138888888889,
        342.3611111111111,
        379.9999999999999,
        275.0
      ],
      "area": 104499.99999999997,
      "keypoints": [
        749.3055555555557,
        388.8888888888889,
        2,
        762.0,
        377.0,
        2,
        736.8055555555557,
        369.44444444444446,
        2,
        804.8611111111112,
        365.27777777777777,
        2,
        747.9166666666667,
        370.83333333333337,
        0,
        871.5277777777778,
        411.11111111111114,
        2,
        747.9166666666667,
        413.8888888888889,
        2,
        906.2500000000001,
        506.94444444444446,
        2,
        765.9722222222223,
        483.33333333333337,
        2,
        940.9722222222223,
        594.4444444444445,
        2,
        785.4166666666667,
        572.2222222222223,
        2,
        950.6944444444445,
        516.6666666666667,
        2,
        886.8055555555557,
        538.8888888888889,
        1,
        986.8055555555555,
        529.1666666666667,
        2,
        964.5833333333334,
        497.22222222222223,
        0,
        1031.25,
        452.77777777777777,
        2,
        989.5833333333334,
        441.6666666666667,
        2,
        1031.25,
        416.6666666666667,
        2,
        989.5833333333334,
        426.3888888888889,
        2,
        1053.4722222222222,
        438.8888888888889,
        1,
        1004.8611111111112,
        452.77777777777777,
        0
      ],
      "num_keypoints": 18,
      "iscrowd": 0,
      "segmentation": [],
      "group_id": 1
    },
    {
      "category_id": 1,
      "image_id": 0,
      "id": 1,
      "bbox": [
        649.9686147186147,
        327.45238095238096,
        130.37662337662334,
        699.1428571428571
      ],
      "area": 91151.88497217066,
      "keypoints": [
        721.5277777777778,
        398.6111111111111,
        2,
        729.2207792207791,
        385.7142857142857,
        1,
        701.9480519480519,
        387.012987012987,
        2,
        721.4285714285714,
        381.8181818181818,
        0,
        670.7792207792207,
        388.31168831168833,
        2,
        739.6103896103896,
        449.35064935064935,
        1,
        661.6883116883116,
        479.2207792207792,
        2,
        769.4805194805194,
        511.68831168831167,
        1,
        683.7662337662338,
        588.3116883116883,
        2,
        821.4285714285714,
        502.5974025974026,
        0,
        760.3896103896103,
        541.5584415584416,
        2,
        740.9090909090909,
        653.2467532467532,
        2,
        691.5584415584416,
        668.8311688311688,
        2,
        735.7142857142857,
        810.3896103896104,
        2,
        688.3116883116883,
        814.2857142857142,
        2,
        717.5,
        906.6666666666667,
        2,
        684.1666666666667,
        938.3333333333334,
        2,
        695.8333333333334,
        928.3333333333334,
        1,
        660.8333333333334,
        965.0000000000001,
        2,
        747.5,
        915.0000000000001,
        2,
        705.8333333333334,
        968.3333333333334,
        2
      ],
      "num_keypoints": 19,
      "iscrowd": 0,
      "segmentation": [],
      "group_id": 2
    }
  ]
}