{
  "categories": [
    {
      "supercategory": "person",
      "id": 1,
      "name": "person",
      "keypoints": [
        "nose",
        "left_eye",
        "right_eye",
        "left_ear",
        "right_ear",
        "left_shoulder",
        "right_shoulder",
        "left_elbow",
        "right_elbow",
        "left_wrist",
        "right_wrist",
        "left_hip",
        "right_hip",
        "left_knee",
        "right_knee",
        "left_ankle",
        "right_ankle",
        "left_heel",
        "right_heel",
        "left_foot",
        "right_foot"
      ],
      "skeleton": [
        [
          1,
          2
        ],
        [
          0,
          1
        ],
        [
          0,
          2
        ],
        [
          1,
          3
        ],
        [
          2,
          4
        ],
        [
          5,
          6
        ],
        [
          5,
          7
        ],
        [
          7,
          9
        ],
        [
          6,
          8
        ],
        [
          8,
          10
        ],
        [
          5,
          11
        ],
        [
          6,
          12
        ],
        [
          11,
          12
        ],
        [
          11,
          13
        ],
        [
          13,
          15
        ],
        [
          12,
          14
        ],
        [
          14,
          16
        ],
        [
          16,
          18
        ],
        [
          16,
          20
        ],
        [
          20,
          18
        ],
        [
          15,
          17
        ],
        [
          15,
          19
        ],
        [
          19,
          17
        ]
      ]
    }
  ],
  "images": [
    {
      "file_name": "000000000002.jpg",
      "height": 1200,
      "width": 1600,
      "id": 0
    }
  ],
  "annotations": [
    {
      "category_id": 1,
      "image_id": 0,
      "id": 0,
      "bbox": [
        882.3464052287582,
        299.45725490196077,
        247.1372549019609,
        620.9129411764707
      ],
      "area": 153450.71981545567,
      "keypoints": [
        1039.1304347826087,
        364.1304347826087,
        2,
        1055.2,
        351.2,
        2,
        1029.7297297297296,
        352.97297297297297,
        1,
        1081.081081081081,
        358.3783783783784,
        2,
        1025.0,
        363.8157894736842,
        1,
        1108.888888888889,
        410.22222222222223,
        2,
        1014.6666666666666,
        403.1111111111111,
        2,
        1094.1176470588234,
        470.5882352941176,
        2,
        962.7450980392157,
        458.8235294117647,
        2,
        1060.7843137254902,
        509.80392156862746,
        2,
        902.9411764705882,
        495.09803921568624,
        2,
        1078.2608695652173,
        601.0869565217391,
        2,
        1016.3043478260869,
        602.1739130434783,
        2,
        1068.4782608695652,
        739.1304347826086,
        2,
        1009.8684210526316,
        723.6842105263158,
        2,
        1062.8318584070796,
        821.2389380530973,
        2,
        1014.8809523809524,
        808.9285714285714,
        2,
        1072.6027397260275,
        857.0776255707763,
        2,
        1031.862745098039,
        840.6862745098039,
        2,
        1045.0980392156862,
        868.6274509803922,
        2,
        999.0196078431372,
        854.4117647058823,
        2
      ],
      "num_keypoints": 21,
      "iscrowd": 0,
      "segmentation": [],
      "group_id": 1
    },
    {
      "category_id": 1,
      "image_id": 0,
      "id": 1,
      "bbox": [
        660.64,
        317.3039215686274,
        136.32000000000005,
        604.1176470588235
      ],
      "area": 82353.31764705885,
      "keypoints": [
        734.7826086956521,
        380.4347826086956,
        2,
        741.1764705882352,
        371.5686274509804,
        2,
        721.5686274509803,
        372.54901960784315,
        2,
        751.4705882352941,
        367.6470588235294,
        1,
        695.5882352941177,
        376.96078431372547,
        2,
        749.6,
        428.8,
        2,
        680.0,
        440.0,
        2,
        780.8,
        531.2,
        1,
        672.0,
        556.8,
        2,
        785.6,
        616.0,
        2,
        691.2,
        644.8,
        2,
        767.2566371681415,
        623.008849557522,
        2,
        723.8938053097345,
        635.3982300884956,
        2,
        751.9607843137255,
        734.313725490196,
        2,
        715.6862745098039,
        743.1372549019608,
        1,
        730.3921568627451,
        815.6862745098039,
        2,
        702.4590163934427,
        844.2622950819672,
        1,
        712.3893805309734,
        842.4778761061946,
        1,
        688.7254901960785,
        860.2941176470588,
        0,
        750.9803921568628,
        842.156862745098,
        2,
        719.6078431372549,
        871.078431372549,
        2
      ],
      "num_keypoints": 20,
      "iscrowd": 0,
      "segmentation": [],
      "group_id": 2
    }
  ]
}