{
  "categories": [
    {
      "supercategory": "person",
      "id": 1,
      "name": "person",
      "keypoints": [
        "nose",
        "left_eye",
        "right_eye",
        "left_ear",
        "right_ear",
        "left_shoulder",
        "right_shoulder",
        "left_elbow",
        "right_elbow",
        "left_wrist",
        "right_wrist",
        "left_hip",
        "right_hip",
        "left_knee",
        "right_knee",
        "left_ankle",
        "right_ankle",
        "left_heel",
        "right_heel",
        "left_foot",
        "right_foot"
      ],
      "skeleton": [
        [
          1,
          2
        ],
        [
          0,
          1
        ],
        [
          0,
          2
        ],
        [
          1,
          3
        ],
        [
          2,
          4
        ],
        [
          5,
          6
        ],
        [
          5,
          7
        ],
        [
          7,
          9
        ],
        [
          6,
          8
        ],
        [
          8,
          10
        ],
        [
          5,
          11
        ],
        [
          6,
          12
        ],
        [
          11,
          12
        ],
        [
          11,
          13
        ],
        [
          13,
          15
        ],
        [
          12,
          14
        ],
        [
          14,
          16
        ],
        [
          16,
          18
        ],
        [
          16,
          20
        ],
        [
          20,
          18
        ],
        [
          15,
          17
        ],
        [
          15,
          19
        ],
        [
          19,
          17
        ]
      ]
    }
  ],
  "images": [
    {
      "file_name": "000000000319.jpg",
      "height": 1200,
      "width": 1600,
      "id": 0
    }
  ],
  "annotations": [
    {
      "category_id": 1,
      "image_id": 0,
      "id": 0,
      "bbox": [
        984.3437697659708,
        279.94582043343655,
        246.6982922201139,
        575.9442724458204
      ],
      "area": 142084.46842633988,
      "keypoints": [
        1144.5652173913043,
        336.95652173913044,
        2,
        1161.2745098039215,
        329.9019607843137,
        1,
        1137.7450980392157,
        327.94117647058823,
        2,
        1186.1842105263158,
        340.13157894736844,
        2,
        1129.032258064516,
        338.30645161290323,
        1,
        1210.483870967742,
        390.7258064516129,
        2,
        1099.1150442477874,
        384.9557522123893,
        2,
        1200.0,
        463.7254901960784,
        2,
        1046.078431372549,
        441.1764705882353,
        2,
        1167.6470588235293,
        494.11764705882354,
        2,
        1004.9019607843137,
        463.7254901960784,
        2,
        1159.29203539823,
        584.9557522123894,
        2,
        1100.8849557522124,
        579.646017699115,
        2,
        1155.8823529411764,
        693.1372549019608,
        2,
        1097.0588235294117,
        692.156862745098,
        2,
        1138.9380530973451,
        768.1415929203539,
        2,
        1095.575221238938,
        762.8318584070796,
        2,
        1150.8108108108108,
        797.8378378378378,
        1,
        1104.3243243243244,
        800.5405405405405,
        2,
        1131.8918918918919,
        807.5675675675675,
        2,
        1072.3684210526317,
        807.8947368421052,
        2
      ],
      "num_keypoints": 21,
      "iscrowd": 0,
      "segmentation": [],
      "group_id": 1
    },
    {
      "category_id": 1,
      "image_id": 0,
      "id": 1,
      "bbox": [
        706.231884057971,
        321.6756756756757,
        264.3478260869565,
        492.3243243243242
      ],
      "area": 130144.86486486482,
      "keypoints": [
        885.8407079646017,
        376.9911504424778,
        2,
        898.4,
        363.2,
        2,
        874.0540540540541,
        362.7027027027027,
        2,
        906.3122923588039,
        366.44518272425245,
        0,
        846.8438538205979,
        369.7674418604651,
        2,
        894.078947368421,
        392.10526315789474,
        0,
        822.3684210526316,
        383.55263157894734,
        2,
        948.5507246376811,
        447.10144927536226,
        2,
        863.7681159420289,
        452.89855072463763,
        2,
        1025.3623188405795,
        466.66666666666663,
        0,
        929.4117647058823,
        498.0392156862745,
        2,
        829.1666666666667,
        567.8571428571429,
        2,
        763.1147540983607,
        557.3770491803278,
        2,
        848.9130434782609,
        638.0434782608695,
        2,
        759.7826086956521,
        663.0434782608695,
        2,
        825.0,
        741.3043478260869,
        2,
        746.9026548672566,
        745.1327433628318,
        2,
        804.1666666666667,
        766.6666666666667,
        2,
        728.2608695652174,
        765.2173913043478,
        2,
        861.6216216216216,
        765.9459459459459,
        2,
        772.4324324324324,
        772.9729729729729,
        2
      ],
      "num_keypoints": 18,
      "iscrowd": 0,
      "segmentation": [],
      "group_id": 2
    }
  ]
}