{
  "categories": [
    {
      "supercategory": "person",
      "id": 1,
      "name": "person",
      "keypoints": [
        "nose",
        "left_eye",
        "right_eye",
        "left_ear",
        "right_ear",
        "left_shoulder",
        "right_shoulder",
        "left_elbow",
        "right_elbow",
        "left_wrist",
        "right_wrist",
        "left_hip",
        "right_hip",
        "left_knee",
        "right_knee",
        "left_ankle",
        "right_ankle",
        "left_heel",
        "right_heel",
        "left_foot",
        "right_foot"
      ],
      "skeleton": [
        [
          1,
          2
        ],
        [
          0,
          1
        ],
        [
          0,
          2
        ],
        [
          1,
          3
        ],
        [
          2,
          4
        ],
        [
          5,
          6
        ],
        [
          5,
          7
        ],
        [
          7,
          9
        ],
        [
          6,
          8
        ],
        [
          8,
          10
        ],
        [
          5,
          11
        ],
        [
          6,
          12
        ],
        [
          11,
          12
        ],
        [
          11,
          13
        ],
        [
          13,
          15
        ],
        [
          12,
          14
        ],
        [
          14,
          16
        ],
        [
          16,
          18
        ],
        [
          16,
          20
        ],
        [
          20,
          18
        ],
        [
          15,
          17
        ],
        [
          15,
          19
        ],
        [
          19,
          17
        ]
      ]
    }
  ],
  "images": [
    {
      "file_name": "000000000733.jpg",
      "height": 1200,
      "width": 1600,
      "id": 0
    }
  ],
  "annotations": [
    {
      "category_id": 1,
      "image_id": 0,
      "id": 0,
      "bbox": [
        460.37252706233664,
        286.5602836879433,
        620.7928331466966,
        297.44680851063833
      ],
      "area": 184652.84696576212,
      "keypoints": [
        885.2941176470588,
        333.3333333333333,
        1,
        896.45390070922,
        319.8581560283688,
        2,
        879.7872340425532,
        321.9858156028369,
        1,
        935.1063829787234,
        311.34751773049646,
        2,
        890.4255319148937,
        309.9290780141844,
        0,
        982.6241134751774,
        374.468085106383,
        2,
        879.0780141843973,
        342.1985815602837,
        1,
        1001.4184397163122,
        471.9858156028369,
        2,
        872.6950354609929,
        466.6666666666667,
        0,
        1029.4326241134752,
        559.2198581560284,
        2,
        870.5673758865249,
        534.7517730496454,
        1,
        870.2127659574469,
        485.10638297872345,
        2,
        824.3589743589743,
        420.5128205128205,
        1,
        743.5897435897435,
        419.2307692307692,
        2,
        728.2051282051282,
        392.3076923076923,
        2,
        564.1025641025641,
        408.97435897435895,
        2,
        558.9743589743589,
        375.64102564102564,
        1,
        538.421052631579,
        416.84210526315786,
        2,
        537.8947368421052,
        397.36842105263156,
        1,
        547.3684210526316,
        377.36842105263156,
        2,
        512.1052631578947,
        338.4210526315789,
        1
      ],
      "num_keypoints": 19,
      "iscrowd": 0,
      "segmentation": [],
      "group_id": 1
    },
    {
      "category_id": 1,
      "image_id": 0,
      "id": 1,
      "bbox": [
        774.0552325581396,
        302.33056478405314,
        157.84883720930225,
        623.4617940199337
      ],
      "area": 98412.71923047204,
      "keypoints": [
        832.3809523809523,
        366.66666666666663,
        2,
        843.3333333333333,
        354.2857142857143,
        2,
        821.4285714285714,
        356.66666666666663,
        2,
        861.4285714285714,
        358.0952380952381,
        2,
        817.1428571428571,
        363.3333333333333,
        0,
        882.03125,
        418.75,
        0,
        805.46875,
        436.328125,
        0,
        918.75,
        512.890625,
        2,
        803.90625,
        531.25,
        1,
        901.171875,
        460.9375,
        0,
        849.21875,
        480.078125,
        0,
        882.8125,
        585.15625,
        2,
        811.5384615384614,
        601.2820512820513,
        2,
        889.7435897435896,
        717.9487179487179,
        2,
        799.9999999999999,
        744.8717948717948,
        2,
        892.4418604651163,
        816.2790697674419,
        2,
        787.2093023255815,
        848.2558139534884,
        2,
        901.7441860465117,
        819.7674418604652,
        1,
        793.6046511627907,
        861.6279069767442,
        1,
        890.1162790697674,
        836.046511627907,
        2,
        787.2093023255815,
        873.8372093023256,
        2
      ],
      "num_keypoints": 16,
      "iscrowd": 0,
      "segmentation": [],
      "group_id": 2
    }
  ]
}