{
  "categories": [
    {
      "supercategory": "person",
      "id": 1,
      "name": "person",
      "keypoints": [
        "nose",
        "left_eye",
        "right_eye",
        "left_ear",
        "right_ear",
        "left_shoulder",
        "right_shoulder",
        "left_elbow",
        "right_elbow",
        "left_wrist",
        "right_wrist",
        "left_hip",
        "right_hip",
        "left_knee",
        "right_knee",
        "left_ankle",
        "right_ankle",
        "left_heel",
        "right_heel",
        "left_foot",
        "right_foot"
      ],
      "skeleton": [
        [
          1,
          2
        ],
        [
          0,
          1
        ],
        [
          0,
          2
        ],
        [
          1,
          3
        ],
        [
          2,
          4
        ],
        [
          5,
          6
        ],
        [
          5,
          7
        ],
        [
          7,
          9
        ],
        [
          6,
          8
        ],
        [
          8,
          10
        ],
        [
          5,
          11
        ],
        [
          6,
          12
        ],
        [
          11,
          12
        ],
        [
          11,
          13
        ],
        [
          13,
          15
        ],
        [
          12,
          14
        ],
        [
          14,
          16
        ],
        [
          16,
          18
        ],
        [
          16,
          20
        ],
        [
          20,
          18
        ],
        [
          15,
          17
        ],
        [
          15,
          19
        ],
        [
          19,
          17
        ]
      ]
    }
  ],
  "images": [
    {
      "file_name": "000000001443.jpg",
      "height": 1200,
      "width": 1600,
      "id": 0
    }
  ],
  "annotations": [
    {
      "category_id": 1,
      "image_id": 0,
      "id": 0,
      "bbox": [
        800.0810810810809,
        261.44761904761907,
        301.7297297297299,
        306.7844155844155
      ],
      "area": 92565.97879957884,
      "keypoints": [
        878.7985865724381,
        412.7208480565371,
        0,
        894.3462897526501,
        401.7667844522968,
        1,
        866.025641025641,
        412.8205128205128,
        1,
        908.3333333333333,
        386.85897435897436,
        1,
        845.045045045045,
        396.39639639639637,
        0,
        967.5675675675675,
        350.45045045045043,
        2,
        825.2252252252251,
        318.9189189189189,
        1,
        1068.4684684684685,
        424.32432432432427,
        2,
        877.5510204081634,
        443.8775510204082,
        2,
        1076.6666666666667,
        542.6666666666666,
        2,
        891.5584415584416,
        500.0,
        2,
        1020.12987012987,
        309.09090909090907,
        2,
        930.5194805194805,
        274.025974025974,
        0,
        1029.2207792207791,
        297.4025974025974,
        0,
        978.5714285714286,
        276.6233766233766,
        0,
        1035.064935064935,
        287.012987012987,
        2,
        1022.077922077922,
        274.025974025974,
        0,
        1053.246753246753,
        275.3246753246753,
        0,
        996.2121212121211,
        260.6060606060606,
        0,
        1053.7878787878785,
        309.0909090909091,
        1,
        997.7272727272726,
        300.0,
        0
      ],
      "num_keypoints": 12,
      "iscrowd": 0,
      "segmentation": [],
      "group_id": 1
    },
    {
      "category_id": 1,
      "image_id": 0,
      "id": 1,
      "bbox": [
        679.8666666666667,
        294.8666666666667,
        169.5999999999999,
        679.7818181818182
      ],
      "area": 115290.9963636363,
      "keypoints": [
        743.5064935064935,
        363.6363636363636,
        2,
        743.1818181818181,
        351.5151515151515,
        1,
        734.2342342342341,
        354.054054054054,
        2,
        709.4594594594594,
        353.15315315315314,
        0,
        699.099099099099,
        363.5135135135135,
        2,
        726.5765765765765,
        412.61261261261257,
        2,
        705.4726368159203,
        434.3283582089552,
        2,
        793.939393939394,
        507.57575757575756,
        2,
        789.3939393939394,
        489.3939393939394,
        2,
        835.3333333333333,
        418.0,
        1,
        843.3333333333333,
        404.6666666666667,
        0,
        742.0,
        627.3333333333334,
        2,
        703.3333333333333,
        634.0,
        1,
        791.3333333333333,
        735.3333333333334,
        2,
        726.0,
        746.0,
        2,
        740.6666666666666,
        827.3333333333334,
        2,
        715.3333333333333,
        860.6666666666666,
        2,
        708.6666666666666,
        850.0,
        2,
        694.0,
        879.3333333333334,
        2,
        802.0,
        858.0,
        2,
        755.3333333333333,
        918.0,
        2
      ],
      "num_keypoints": 19,
      "iscrowd": 0,
      "segmentation": [],
      "group_id": 2
    }
  ]
}