{
  "categories": [
    {
      "supercategory": "person",
      "id": 1,
      "name": "person",
      "keypoints": [
        "nose",
        "left_eye",
        "right_eye",
        "left_ear",
        "right_ear",
        "left_shoulder",
        "right_shoulder",
        "left_elbow",
        "right_elbow",
        "left_wrist",
        "right_wrist",
        "left_hip",
        "right_hip",
        "left_knee",
        "right_knee",
        "left_ankle",
        "right_ankle",
        "left_heel",
        "right_heel",
        "left_foot",
        "right_foot"
      ],
      "skeleton": [
        [
          1,
          2
        ],
        [
          0,
          1
        ],
        [
          0,
          2
        ],
        [
          1,
          3
        ],
        [
          2,
          4
        ],
        [
          5,
          6
        ],
        [
          5,
          7
        ],
        [
          7,
          9
        ],
        [
          6,
          8
        ],
        [
          8,
          10
        ],
        [
          5,
          11
        ],
        [
          6,
          12
        ],
        [
          11,
          12
        ],
        [
          11,
          13
        ],
        [
          13,
          15
        ],
        [
          12,
          14
        ],
        [
          14,
          16
        ],
        [
          16,
          18
        ],
        [
          16,
          20
        ],
        [
          20,
          18
        ],
        [
          15,
          17
        ],
        [
          15,
          19
        ],
        [
          19,
          17
        ]
      ]
    }
  ],
  "images": [
    {
      "file_name": "000000001222.jpg",
      "height": 1200,
      "width": 1600,
      "id": 0
    }
  ],
  "annotations": [
    {
      "category_id": 1,
      "image_id": 0,
      "id": 0,
      "bbox": [
        834.516806722689,
        326.5824242424242,
        274.03361344537836,
        633.810909090909
      ],
      "area": 173685.49365928202,
      "keypoints": [
        952.9411764705882,
        391.1764705882353,
        2,
        965.7051282051282,
        380.12820512820514,
        2,
        944.6,
        379.4,
        2,
        997.4,
        384.1,
        2,
        946.2242562929061,
        389.2448512585812,
        0,
        1016.326530612245,
        437.75510204081627,
        2,
        934.6938775510205,
        429.59183673469386,
        2,
        1085.7142857142858,
        513.2653061224489,
        2,
        891.8367346938776,
        498.9795918367347,
        2,
        1034.6938775510205,
        564.2857142857142,
        2,
        857.3529411764705,
        526.470588235294,
        2,
        1017.5324675324674,
        646.7532467532467,
        2,
        929.2207792207793,
        635.0649350649351,
        2,
        1000.6493506493506,
        761.038961038961,
        2,
        942.2077922077923,
        758.4415584415584,
        2,
        986.3636363636364,
        854.5454545454545,
        2,
        963.6363636363636,
        851.9480519480519,
        2,
        1001.2987012987013,
        879.2207792207791,
        2,
        973.4848484848484,
        874.2424242424242,
        1,
        982.5757575757576,
        907.5757575757575,
        2,
        950.7575757575756,
        889.3939393939394,
        1
      ],
      "num_keypoints": 20,
      "iscrowd": 0,
      "segmentation": [],
      "group_id": 1
    },
    {
      "category_id": 1,
      "image_id": 0,
      "id": 1,
      "bbox": [
        742.4735729386891,
        341.58069592586116,
        132.1775898520085,
        557.5100542052807
      ],
      "area": 73690.33528311661,
      "keypoints": [
        833.1168831168831,
        400.0,
        2,
        828.0303030303029,
        381.8181818181818,
        0,
        823.5732009925558,
        388.5856079404466,
        2,
        808.6378737541528,
        372.4252491694352,
        0,
        792.0265780730897,
        388.03986710963454,
        2,
        838.5382059800664,
        451.8272425249169,
        2,
        753.4883720930231,
        448.83720930232556,
        2,
        863.6363636363636,
        515.1515151515151,
        1,
        765.1515151515151,
        528.7878787878788,
        2,
        862.280701754386,
        492.9824561403509,
        0,
        853.5087719298244,
        514.0350877192983,
        2,
        828.9473684210527,
        631.578947368421,
        2,
        774.1071428571429,
        641.0714285714287,
        2,
        821.9298245614034,
        726.3157894736843,
        2,
        772.8070175438596,
        728.0701754385965,
        2,
        806.140350877193,
        807.0175438596491,
        2,
        765.7894736842105,
        828.0701754385965,
        2,
        792.1052631578947,
        831.578947368421,
        2,
        753.5087719298245,
        843.859649122807,
        2,
        827.1929824561403,
        833.3333333333334,
        2,
        781.578947368421,
        852.6315789473684,
        2
      ],
      "num_keypoints": 18,
      "iscrowd": 0,
      "segmentation": [],
      "group_id": 2
    }
  ]
}