{
  "categories": [
    {
      "supercategory": "person",
      "id": 1,
      "name": "person",
      "keypoints": [
        "nose",
        "left_eye",
        "right_eye",
        "left_ear",
        "right_ear",
        "left_shoulder",
        "right_shoulder",
        "left_elbow",
        "right_elbow",
        "left_wrist",
        "right_wrist",
        "left_hip",
        "right_hip",
        "left_knee",
        "right_knee",
        "left_ankle",
        "right_ankle",
        "left_heel",
        "right_heel",
        "left_foot",
        "right_foot"
      ],
      "skeleton": [
        [
          1,
          2
        ],
        [
          0,
          1
        ],
        [
          0,
          2
        ],
        [
          1,
          3
        ],
        [
          2,
          4
        ],
        [
          5,
          6
        ],
        [
          5,
          7
        ],
        [
          7,
          9
        ],
        [
          6,
          8
        ],
        [
          8,
          10
        ],
        [
          5,
          11
        ],
        [
          6,
          12
        ],
        [
          11,
          12
        ],
        [
          11,
          13
        ],
        [
          13,
          15
        ],
        [
          12,
          14
        ],
        [
          14,
          16
        ],
        [
          16,
          18
        ],
        [
          16,
          20
        ],
        [
          20,
          18
        ],
        [
          15,
          17
        ],
        [
          15,
          19
        ],
        [
          19,
          17
        ]
      ]
    }
  ],
  "images": [
    {
      "file_name": "000000001638.jpg",
      "height": 1200,
      "width": 1600,
      "id": 0
    }
  ],
  "annotations": [
    {
      "category_id": 1,
      "image_id": 0,
      "id": 0,
      "bbox": [
        509.8611111111112,
        264.22777777777776,
        456.66666666666663,
        513.2666666666668
      ],
      "area": 234391.7777777778,
      "keypoints": [
        827.0833333333334,
        320.83333333333337,
        2,
        840.0,
        307.0,
        2,
        818.7500000000001,
        308.33333333333337,
        1,
        870.1388888888889,
        312.5,
        1,
        824.3055555555557,
        301.3888888888889,
        0,
        921.5277777777779,
        363.8888888888889,
        2,
        822.9166666666667,
        372.22222222222223,
        2,
        925.6944444444445,
        475.0,
        2,
        803.4722222222223,
        451.3888888888889,
        2,
        928.4722222222223,
        581.9444444444445,
        2,
        770.1388888888889,
        561.1111111111111,
        2,
        860.4166666666667,
        540.2777777777778,
        2,
        800.6944444444446,
        529.1666666666667,
        2,
        761.8055555555557,
        609.7222222222223,
        2,
        714.5833333333334,
        601.3888888888889,
        2,
        647.9166666666667,
        672.2222222222223,
        2,
        611.8055555555557,
        675.0,
        1,
        618.7500000000001,
        723.6111111111111,
        2,
        584.0277777777778,
        734.7222222222223,
        2,
        599.3055555555557,
        683.3333333333334,
        1,
        547.9166666666667,
        688.8888888888889,
        1
      ],
      "num_keypoints": 20,
      "iscrowd": 0,
      "segmentation": [],
      "group_id": 1
    },
    {
      "category_id": 1,
      "image_id": 0,
      "id": 1,
      "bbox": [
        575.611471861472,
        359.49999999999994,
        242.66233766233745,
        595.0909090909092
      ],
      "area": 144406.15112160557,
      "keypoints": [
        660.3896103896104,
        425.97402597402595,
        2,
        669.4805194805194,
        409.09090909090907,
        2,
        648.7012987012987,
        411.68831168831167,
        2,
        656.4935064935065,
        412.987012987013,
        0,
        612.3376623376623,
        418.1818181818182,
        2,
        668.1818181818181,
        461.038961038961,
        2,
        601.9480519480519,
        472.7272727272727,
        2,
        731.8181818181818,
        446.75324675324674,
        2,
        687.6623376623377,
        493.5064935064935,
        2,
        798.051948051948,
        425.97402597402595,
        1,
        764.2857142857142,
        497.4025974025974,
        2,
        675.974025974026,
        663.6363636363636,
        1,
        630.5194805194805,
        658.4415584415584,
        1,
        684.4155844155844,
        740.2597402597403,
        1,
        612.9870129870129,
        772.7272727272727,
        1,
        677.5,
        843.3333333333334,
        2,
        599.1666666666667,
        876.6666666666667,
        2,
        667.5,
        866.6666666666667,
        2,
        595.8333333333334,
        885.0000000000001,
        1,
        697.5,
        871.6666666666667,
        2,
        599.1666666666667,
        905.0000000000001,
        2
      ],
      "num_keypoints": 20,
      "iscrowd": 0,
      "segmentation": [],
      "group_id": 2
    }
  ]
}