{
  "categories": [
    {
      "supercategory": "person",
      "id": 1,
      "name": "person",
      "keypoints": [
        "nose",
        "left_eye",
        "right_eye",
        "left_ear",
        "right_ear",
        "left_shoulder",
        "right_shoulder",
        "left_elbow",
        "right_elbow",
        "left_wrist",
        "right_wrist",
        "left_hip",
        "right_hip",
        "left_knee",
        "right_knee",
        "left_ankle",
        "right_ankle",
        "left_heel",
        "right_heel",
        "left_foot",
        "right_foot"
      ],
      "skeleton": [
        [
          1,
          2
        ],
        [
          0,
          1
        ],
        [
          0,
          2
        ],
        [
          1,
          3
        ],
        [
          2,
          4
        ],
        [
          5,
          6
        ],
        [
          5,
          7
        ],
        [
          7,
          9
        ],
        [
          6,
          8
        ],
        [
          8,
          10
        ],
        [
          5,
          11
        ],
        [
          6,
          12
        ],
        [
          11,
          12
        ],
        [
          11,
          13
        ],
        [
          13,
          15
        ],
        [
          12,
          14
        ],
        [
          14,
          16
        ],
        [
          16,
          18
        ],
        [
          16,
          20
        ],
        [
          20,
          18
        ],
        [
          15,
          17
        ],
        [
          15,
          19
        ],
        [
          19,
          17
        ]
      ]
    }
  ],
  "images": [
    {
      "file_name": "000000000033.jpg",
      "height": 1200,
      "width": 1600,
      "id": 0
    }
  ],
  "annotations": [
    {
      "category_id": 1,
      "image_id": 0,
      "id": 0,
      "bbox": [
        833.7695652173913,
        217.25703324808183,
        362.7652173913043,
        327.6982097186701
      ],
      "area": 118877.5122873346,
      "keypoints": [
        871.311475409836,
        309.8360655737705,
        2,
        884.0707964601769,
        293.80530973451323,
        2,
        864.6017699115043,
        294.69026548672565,
        1,
        925.6637168141592,
        290.26548672566366,
        2,
        857.6,
        300.8,
        0,
        997.6,
        349.6,
        2,
        864.0,
        355.2,
        2,
        1031.3725490196077,
        440.19607843137254,
        2,
        887.2549019607843,
        424.5098039215686,
        1,
        1045.0980392156862,
        517.6470588235294,
        2,
        894.1176470588235,
        500.98039215686276,
        0,
        1059.8360655737704,
        363.9344262295082,
        2,
        1015.5737704918033,
        331.1475409836066,
        2,
        1095.9016393442623,
        360.65573770491807,
        1,
        1035.8695652173913,
        325.0,
        0,
        1145.6521739130435,
        292.39130434782606,
        2,
        1071.7391304347825,
        279.3478260869565,
        2,
        1138.0434782608695,
        256.52173913043475,
        2,
        1089.1304347826087,
        244.56521739130434,
        2,
        1166.304347826087,
        283.695652173913,
        2,
        1105.3097345132742,
        278.7610619469026,
        2
      ],
      "num_keypoints": 18,
      "iscrowd": 0,
      "segmentation": [],
      "group_id": 1
    },
    {
      "category_id": 1,
      "image_id": 0,
      "id": 1,
      "bbox": [
        701.8264411027569,
        327.98167092924126,
        163.796992481203,
        599.5140664961637
      ],
      "area": 98198.60104224755,
      "keypoints": [
        783.1858407079645,
        392.03539823008845,
        1,
        787.2549019607843,
        379.4117647058823,
        0,
        773.0392156862745,
        377.94117647058823,
        2,
        783.3333333333334,
        367.156862745098,
        0,
        742.6470588235294,
        377.94117647058823,
        2,
        796.7391304347826,
        422.82608695652175,
        1,
        715.4761904761905,
        435.7142857142857,
        2,
        851.9736842105264,
        452.63157894736844,
        1,
        758.5526315789474,
        476.9736842105263,
        2,
        877.6315789473684,
        417.7631578947368,
        0,
        837.5,
        435.5263157894737,
        2,
        807.079646017699,
        608.8495575221239,
        2,
        769.0265486725663,
        615.0442477876105,
        2,
        789.2156862745098,
        741.1764705882352,
        2,
        747.0588235294117,
        748.0392156862745,
        2,
        776.8115942028985,
        818.8405797101449,
        2,
        743.3734939759036,
        826.5060240963854,
        2,
        761.4457831325301,
        845.7831325301204,
        0,
        723.9130434782608,
        860.8695652173913,
        2,
        802.8985507246376,
        852.8985507246376,
        2,
        754.3478260869565,
        877.5362318840579,
        2
      ],
      "num_keypoints": 17,
      "iscrowd": 0,
      "segmentation": [],
      "group_id": 2
    }
  ]
}