{
  "categories": [
    {
      "supercategory": "person",
      "id": 1,
      "name": "person",
      "keypoints": [
        "nose",
        "left_eye",
        "right_eye",
        "left_ear",
        "right_ear",
        "left_shoulder",
        "right_shoulder",
        "left_elbow",
        "right_elbow",
        "left_wrist",
        "right_wrist",
        "left_hip",
        "right_hip",
        "left_knee",
        "right_knee",
        "left_ankle",
        "right_ankle",
        "left_heel",
        "right_heel",
        "left_foot",
        "right_foot"
      ],
      "skeleton": [
        [
          1,
          2
        ],
        [
          0,
          1
        ],
        [
          0,
          2
        ],
        [
          1,
          3
        ],
        [
          2,
          4
        ],
        [
          5,
          6
        ],
        [
          5,
          7
        ],
        [
          7,
          9
        ],
        [
          6,
          8
        ],
        [
          8,
          10
        ],
        [
          5,
          11
        ],
        [
          6,
          12
        ],
        [
          11,
          12
        ],
        [
          11,
          13
        ],
        [
          13,
          15
        ],
        [
          12,
          14
        ],
        [
          14,
          16
        ],
        [
          16,
          18
        ],
        [
          16,
          20
        ],
        [
          20,
          18
        ],
        [
          15,
          17
        ],
        [
          15,
          19
        ],
        [
          19,
          17
        ]
      ]
    }
  ],
  "images": [
    {
      "file_name": "000000000612.jpg",
      "height": 1200,
      "width": 1600,
      "id": 0
    }
  ],
  "annotations": [
    {
      "category_id": 1,
      "image_id": 0,
      "id": 0,
      "bbox": [
        760.3856328856328,
        252.99781778505184,
        329.21855921855934,
        402.3240589198036
      ],
      "area": 132452.5470165405,
      "keypoints": [
        964.1304347826086,
        301.0869565217391,
        2,
        979.4326241134752,
        287.9432624113475,
        2,
        957.4468085106383,
        287.58865248226954,
        2,
        1011.3475177304965,
        286.5248226950355,
        2,
        970.10582010582,
        285.44973544973544,
        0,
        1054.2328042328043,
        357.1428571428571,
        2,
        942.3280423280422,
        341.79894179894177,
        2,
        1053.968253968254,
        457.6719576719576,
        2,
        923.8095238095237,
        430.6878306878307,
        2,
        1062.1693121693122,
        544.1798941798942,
        2,
        916.6666666666667,
        502.08333333333337,
        0,
        1022.3958333333334,
        477.6041666666667,
        2,
        946.1538461538462,
        464.1025641025641,
        2,
        946.1538461538462,
        529.4871794871794,
        2,
        893.5897435897434,
        517.9487179487179,
        2,
        862.8205128205127,
        596.1538461538462,
        2,
        820.5128205128204,
        576.9230769230769,
        1,
        843.5897435897435,
        619.2307692307692,
        2,
        803.2051282051282,
        621.7948717948718,
        2,
        824.3589743589744,
        589.7435897435897,
        2,
        787.8205128205128,
        580.1282051282051,
        2
      ],
      "num_keypoints": 19,
      "iscrowd": 0,
      "segmentation": [],
      "group_id": 1
    },
    {
      "category_id": 1,
      "image_id": 0,
      "id": 1,
      "bbox": [
        771.9911858974359,
        305.6640625,
        129.85576923076917,
        611.71875
      ],
      "area": 79435.20883413458,
      "keypoints": [
        853.515625,
        369.53125,
        2,
        858.203125,
        356.640625,
        2,
        843.359375,
        357.8125,
        2,
        849.21875,
        352.34375,
        0,
        808.984375,
        359.765625,
        2,
        862.890625,
        409.765625,
        2,
        802.5641025641025,
        429.48717948717945,
        2,
        923.7179487179487,
        491.025641025641,
        0,
        824.3589743589744,
        528.2051282051282,
        2,
        939.1025641025641,
        451.9230769230769,
        0,
        891.025641025641,
        485.89743589743586,
        2,
        868.5897435897435,
        560.8974358974359,
        0,
        808.9743589743589,
        585.8974358974359,
        0,
        844.8717948717947,
        705.1282051282051,
        2,
        807.6923076923076,
        724.3589743589744,
        2,
        834.6153846153845,
        819.2307692307692,
        2,
        789.84375,
        846.09375,
        2,
        826.5625,
        837.5,
        2,
        782.8125,
        861.71875,
        2,
        861.71875,
        838.28125,
        2,
        807.03125,
        866.40625,
        2
      ],
      "num_keypoints": 16,
      "iscrowd": 0,
      "segmentation": [],
      "group_id": 2
    },
    {
      "category_id": 1,
      "image_id": 0,
      "id": 2,
      "bbox": [
        87.4113475177305,
        277.8014184397163,
        142.55319148936167,
        330.21276595744695
      ],
      "area": 47072.883657763705,
      "keypoints": [
        160.99290780141845,
        313.12056737588654,
        0,
        153.90070921985816,
        298.58156028368796,
        0,
        164.18439716312056,
        308.51063829787233,
        0,
        140.0709219858156,
        301.7730496453901,
        0,
        160.2836879432624,
        305.3191489361702,
        2,
        112.76595744680851,
        328.36879432624113,
        2,
        163.12056737588654,
        334.7517730496454,
        2,
        99.29078014184398,
        395.74468085106383,
        2,
        187.2340425531915,
        394.68085106382983,
        2,
        125.88652482269504,
        397.5177304964539,
        0,
        174.822695035461,
        370.56737588652487,
        0,
        117.3758865248227,
        425.177304964539,
        2,
        175.88652482269504,
        424.468085106383,
        2,
        142.90780141843973,
        490.07092198581563,
        2,
        184.7517730496454,
        487.2340425531915,
        2,
        145.74468085106383,
        570.2127659574469,
        2,
        204.9645390070922,
        548.936170212766,
        2,
        146.09929078014184,
        580.4964539007093,
        2,
        202.48226950354612,
        559.9290780141845,
        2,
        156.02836879432624,
        571.6312056737589,
        1,
        218.08510638297872,
        548.936170212766,
        2
      ],
      "num_keypoints": 15,
      "iscrowd": 0,
      "segmentation": [],
      "group_id": 3
    }
  ]
}