{
  "categories": [
    {
      "supercategory": "person",
      "id": 1,
      "name": "person",
      "keypoints": [
        "nose",
        "left_eye",
        "right_eye",
        "left_ear",
        "right_ear",
        "left_shoulder",
        "right_shoulder",
        "left_elbow",
        "right_elbow",
        "left_wrist",
        "right_wrist",
        "left_hip",
        "right_hip",
        "left_knee",
        "right_knee",
        "left_ankle",
        "right_ankle",
        "left_heel",
        "right_heel",
        "left_foot",
        "right_foot"
      ],
      "skeleton": [
        [
          1,
          2
        ],
        [
          0,
          1
        ],
        [
          0,
          2
        ],
        [
          1,
          3
        ],
        [
          2,
          4
        ],
        [
          5,
          6
        ],
        [
          5,
          7
        ],
        [
          7,
          9
        ],
        [
          6,
          8
        ],
        [
          8,
          10
        ],
        [
          5,
          11
        ],
        [
          6,
          12
        ],
        [
          11,
          12
        ],
        [
          11,
          13
        ],
        [
          13,
          15
        ],
        [
          12,
          14
        ],
        [
          14,
          16
        ],
        [
          16,
          18
        ],
        [
          16,
          20
        ],
        [
          20,
          18
        ],
        [
          15,
          17
        ],
        [
          15,
          19
        ],
        [
          19,
          17
        ]
      ]
    }
  ],
  "images": [
    {
      "file_name": "000000000211.jpg",
      "height": 1200,
      "width": 1600,
      "id": 0
    }
  ],
  "annotations": [
    {
      "category_id": 1,
      "image_id": 0,
      "id": 0,
      "bbox": [
        826.8656482569526,
        306.0369372835706,
        332.74735605170383,
        277.99923047325893
      ],
      "area": 92503.50892438517,
      "keypoints": [
        869.672131147541,
        352.45901639344265,
        1,
        883.9285714285714,
        343.45238095238096,
        2,
        857.1428571428572,
        342.26190476190476,
        1,
        918.5840707964601,
        329.20353982300884,
        1,
        854.5945945945946,
        330.27027027027026,
        1,
        983.7837837837837,
        387.56756756756755,
        2,
        861.4754098360655,
        370.4918032786885,
        2,
        999.0196078431372,
        474.5098039215686,
        2,
        866.6666666666666,
        459.80392156862746,
        2,
        1023.5294117647059,
        547.0588235294117,
        2,
        877.4509803921568,
        525.4901960784314,
        0,
        1038.5245901639344,
        503.27868852459017,
        2,
        979.5081967213114,
        513.1147540983607,
        0,
        1084.4262295081967,
        547.5409836065573,
        0,
        1046.7391304347825,
        551.0869565217391,
        0,
        1114.7058823529412,
        529.4117647058823,
        1,
        1069.6078431372548,
        528.4313725490196,
        0,
        1125.301204819277,
        510.84337349397583,
        2,
        1087.9518072289156,
        510.84337349397583,
        1,
        1131.8840579710145,
        560.8695652173913,
        2,
        1089.9193548387098,
        560.0806451612904,
        0
      ],
      "num_keypoints": 15,
      "iscrowd": 0,
      "segmentation": [],
      "group_id": 1
    },
    {
      "category_id": 1,
      "image_id": 0,
      "id": 1,
      "bbox": [
        755.4594594594594,
        308.0376028202115,
        99.89189189189187,
        633.9835487661576
      ],
      "area": 63329.816114586974,
      "keypoints": [
        816.3043478260869,
        369.5652173913043,
        2,
        820.2898550724638,
        360.86956521739125,
        1,
        802.1739130434781,
        362.3188405797101,
        2,
        789.1304347826086,
        361.5942028985507,
        0,
        768.6813186813187,
        371.4285714285714,
        2,
        836.2745098039215,
        419.6078431372549,
        1,
        774.5098039215686,
        445.09803921568624,
        2,
        901.9607843137255,
        485.29411764705884,
        0,
        781.3725490196078,
        554.9019607843137,
        2,
        879.4117647058823,
        470.5882352941176,
        0,
        844.1176470588235,
        513.7254901960785,
        2,
        832.3529411764706,
        614.7058823529412,
        2,
        791.1764705882352,
        622.5490196078431,
        2,
        828.2608695652174,
        735.8695652173913,
        2,
        785.8695652173913,
        752.1739130434783,
        2,
        813.0434782608695,
        825.0,
        2,
        778.7610619469026,
        846.9026548672565,
        2,
        795.8333333333334,
        844.047619047619,
        2,
        763.7837837837837,
        874.0540540540541,
        2,
        847.027027027027,
        848.108108108108,
        2,
        802.7027027027027,
        889.1891891891892,
        2
      ],
      "num_keypoints": 18,
      "iscrowd": 0,
      "segmentation": [],
      "group_id": 2
    }
  ]
}