{
  "categories": [
    {
      "supercategory": "person",
      "id": 1,
      "name": "person",
      "keypoints": [
        "nose",
        "left_eye",
        "right_eye",
        "left_ear",
        "right_ear",
        "left_shoulder",
        "right_shoulder",
        "left_elbow",
        "right_elbow",
        "left_wrist",
        "right_wrist",
        "left_hip",
        "right_hip",
        "left_knee",
        "right_knee",
        "left_ankle",
        "right_ankle",
        "left_heel",
        "right_heel",
        "left_foot",
        "right_foot"
      ],
      "skeleton": [
        [
          1,
          2
        ],
        [
          0,
          1
        ],
        [
          0,
          2
        ],
        [
          1,
          3
        ],
        [
          2,
          4
        ],
        [
          5,
          6
        ],
        [
          5,
          7
        ],
        [
          7,
          9
        ],
        [
          6,
          8
        ],
        [
          8,
          10
        ],
        [
          5,
          11
        ],
        [
          6,
          12
        ],
        [
          11,
          12
        ],
        [
          11,
          13
        ],
        [
          13,
          15
        ],
        [
          12,
          14
        ],
        [
          14,
          16
        ],
        [
          16,
          18
        ],
        [
          16,
          20
        ],
        [
          20,
          18
        ],
        [
          15,
          17
        ],
        [
          15,
          19
        ],
        [
          19,
          17
        ]
      ]
    }
  ],
  "images": [
    {
      "file_name": "000000001161.jpg",
      "height": 1200,
      "width": 1600,
      "id": 0
    }
  ],
  "annotations": [
    {
      "category_id": 1,
      "image_id": 0,
      "id": 0,
      "bbox": [
        990.2551020408164,
        205.8465402406651,
        253.30241187384058,
        530.575911236866
      ],
      "area": 134396.15799845892,
      "keypoints": [
        1134.782608695652,
        272.82608695652175,
        2,
        1156.3549160671464,
        259.95203836930455,
        2,
        1124.3574051407588,
        260.2203182374541,
        1,
        1173.6842105263158,
        250.06119951040392,
        2,
        1125.3365973072216,
        266.3402692778458,
        0,
        1202.0408163265306,
        280.61224489795916,
        2,
        1093.8775510204082,
        284.69387755102036,
        2,
        1218.3673469387757,
        386.73469387755097,
        2,
        1100.0,
        388.77551020408157,
        2,
        1222.4489795918369,
        474.48979591836735,
        2,
        1081.8681318681317,
        457.1428571428571,
        1,
        1181.8181818181818,
        453.24675324675326,
        2,
        1088.9610389610389,
        436.3636363636364,
        2,
        1127.9220779220777,
        550.6493506493506,
        2,
        1069.4805194805194,
        544.1558441558442,
        1,
        1086.3636363636365,
        648.051948051948,
        2,
        1044.155844155844,
        628.5714285714286,
        2,
        1074.025974025974,
        692.2077922077922,
        2,
        1040.151515151515,
        663.6363636363636,
        1,
        1053.7878787878785,
        683.3333333333334,
        2,
        1011.3636363636364,
        681.8181818181819,
        2
      ],
      "num_keypoints": 20,
      "iscrowd": 0,
      "segmentation": [],
      "group_id": 1
    },
    {
      "category_id": 1,
      "image_id": 0,
      "id": 1,
      "bbox": [
        944.8803827751196,
        252.3684210526316,
        124.5933014354066,
        553.3971291866029
      ],
      "area": 68949.57533023506,
      "keypoints": [
        1021.4285714285714,
        312.987012987013,
        2,
        1028.030303030303,
        298.4848484848485,
        2,
        1012.121212121212,
        303.030303030303,
        2,
        997.7477477477477,
        277.9279279279279,
        0,
        974.7747747747746,
        303.6036036036036,
        2,
        1027.6094276094275,
        352.18855218855214,
        2,
        972.7272727272726,
        362.28956228956224,
        2,
        1059.090909090909,
        428.7878787878788,
        2,
        977.2727272727273,
        450.0,
        2,
        1123.6842105263158,
        391.22807017543863,
        0,
        1046.4912280701753,
        431.5789473684211,
        2,
        1041.2280701754385,
        528.0701754385965,
        2,
        990.3508771929824,
        522.8070175438597,
        2,
        1028.9473684210525,
        617.5438596491229,
        1,
        993.859649122807,
        617.5438596491229,
        2,
        997.3684210526314,
        712.280701754386,
        2,
        969.2982456140351,
        731.578947368421,
        2,
        990.3508771929824,
        729.8245614035088,
        2,
        955.2631578947369,
        754.3859649122807,
        2,
        1021.9298245614034,
        738.5964912280701,
        1,
        986.8421052631579,
        759.6491228070175,
        2
      ],
      "num_keypoints": 19,
      "iscrowd": 0,
      "segmentation": [],
      "group_id": 2
    }
  ]
}