{
  "categories": [
    {
      "supercategory": "person",
      "id": 1,
      "name": "person",
      "keypoints": [
        "nose",
        "left_eye",
        "right_eye",
        "left_ear",
        "right_ear",
        "left_shoulder",
        "right_shoulder",
        "left_elbow",
        "right_elbow",
        "left_wrist",
        "right_wrist",
        "left_hip",
        "right_hip",
        "left_knee",
        "right_knee",
        "left_ankle",
        "right_ankle",
        "left_heel",
        "right_heel",
        "left_foot",
        "right_foot"
      ],
      "skeleton": [
        [
          1,
          2
        ],
        [
          0,
          1
        ],
        [
          0,
          2
        ],
        [
          1,
          3
        ],
        [
          2,
          4
        ],
        [
          5,
          6
        ],
        [
          5,
          7
        ],
        [
          7,
          9
        ],
        [
          6,
          8
        ],
        [
          8,
          10
        ],
        [
          5,
          11
        ],
        [
          6,
          12
        ],
        [
          11,
          12
        ],
        [
          11,
          13
        ],
        [
          13,
          15
        ],
        [
          12,
          14
        ],
        [
          14,
          16
        ],
        [
          16,
          18
        ],
        [
          16,
          20
        ],
        [
          20,
          18
        ],
        [
          15,
          17
        ],
        [
          15,
          19
        ],
        [
          19,
          17
        ]
      ]
    }
  ],
  "images": [
    {
      "file_name": "000000000156.jpg",
      "height": 1200,
      "width": 1600,
      "id": 0
    }
  ],
  "annotations": [
    {
      "category_id": 1,
      "image_id": 0,
      "id": 0,
      "bbox": [
        785.6750572082381,
        192.00280112044817,
        282.42562929061774,
        553.1092436974791
      ],
      "area": 156212.22621771818,
      "keypoints": [
        841.8032786885245,
        259.0163934426229,
        2,
        860.7142857142858,
        238.6904761904762,
        2,
        832.7380952380953,
        238.0952380952381,
        1,
        903.9215686274509,
        249.01960784313724,
        2,
        834.8684210526316,
        250.6578947368421,
        1,
        956.578947368421,
        326.9736842105263,
        2,
        809.2105263157895,
        319.07894736842104,
        2,
        979.5081967213114,
        455.7377049180328,
        2,
        815.5737704918032,
        419.672131147541,
        2,
        983.695652173913,
        553.2608695652174,
        2,
        820.6521739130435,
        519.5652173913044,
        2,
        951.639344262295,
        516.3934426229508,
        2,
        895.9016393442623,
        521.311475409836,
        2,
        1004.4247787610618,
        607.9646017699115,
        2,
        955.7522123893805,
        618.5840707964601,
        2,
        1028.4313725490197,
        640.1960784313725,
        1,
        982.3529411764706,
        644.1176470588235,
        2,
        1044.5652173913043,
        639.1304347826086,
        1,
        1011.9565217391304,
        644.5652173913044,
        2,
        1033.3333333333333,
        694.927536231884,
        2,
        996.078431372549,
        699.0196078431372,
        2
      ],
      "num_keypoints": 21,
      "iscrowd": 0,
      "segmentation": [],
      "group_id": 1
    },
    {
      "category_id": 1,
      "image_id": 0,
      "id": 1,
      "bbox": [
        604.0087991718426,
        328.94426294426296,
        216.18012422360255,
        663.6578556578556
      ],
      "area": 143469.63767808492,
      "keypoints": [
        692.0353982300884,
        395.575221238938,
        2,
        697.4358974358975,
        384.24908424908426,
        1,
        680.952380952381,
        386.0805860805861,
        2,
        661.1721611721612,
        381.31868131868134,
        0,
        637.7289377289377,
        389.3772893772894,
        2,
        697.1014492753623,
        444.927536231884,
        1,
        622.0238095238095,
        476.1904761904762,
        2,
        785.8695652173913,
        477.17391304347825,
        2,
        716.3043478260869,
        557.6086956521739,
        2,
        802.1739130434783,
        433.695652173913,
        1,
        788.0434782608695,
        523.9130434782609,
        2,
        720.6521739130435,
        652.1739130434783,
        2,
        668.4782608695651,
        669.5652173913044,
        2,
        714.4578313253012,
        774.6987951807229,
        2,
        669.8795180722891,
        793.9759036144577,
        2,
        704.8192771084337,
        853.012048192771,
        2,
        655.8823529411765,
        888.2352941176471,
        2,
        692.8571428571429,
        884.5238095238095,
        2,
        642.4778761061946,
        915.0442477876105,
        0,
        750.8108108108107,
        883.2432432432432,
        2,
        683.7837837837837,
        937.2972972972973,
        2
      ],
      "num_keypoints": 19,
      "iscrowd": 0,
      "segmentation": [],
      "group_id": 2
    }
  ]
}