{
  "categories": [
    {
      "supercategory": "person",
      "id": 1,
      "name": "person",
      "keypoints": [
        "nose",
        "left_eye",
        "right_eye",
        "left_ear",
        "right_ear",
        "left_shoulder",
        "right_shoulder",
        "left_elbow",
        "right_elbow",
        "left_wrist",
        "right_wrist",
        "left_hip",
        "right_hip",
        "left_knee",
        "right_knee",
        "left_ankle",
        "right_ankle",
        "left_heel",
        "right_heel",
        "left_foot",
        "right_foot"
      ],
      "skeleton": [
        [
          1,
          2
        ],
        [
          0,
          1
        ],
        [
          0,
          2
        ],
        [
          1,
          3
        ],
        [
          2,
          4
        ],
        [
          5,
          6
        ],
        [
          5,
          7
        ],
        [
          7,
          9
        ],
        [
          6,
          8
        ],
        [
          8,
          10
        ],
        [
          5,
          11
        ],
        [
          6,
          12
        ],
        [
          11,
          12
        ],
        [
          11,
          13
        ],
        [
          13,
          15
        ],
        [
          12,
          14
        ],
        [
          14,
          16
        ],
        [
          16,
          18
        ],
        [
          16,
          20
        ],
        [
          20,
          18
        ],
        [
          15,
          17
        ],
        [
          15,
          19
        ],
        [
          19,
          17
        ]
      ]
    }
  ],
  "images": [
    {
      "file_name": "000000000783.jpg",
      "height": 1200,
      "width": 1600,
      "id": 0
    }
  ],
  "annotations": [
    {
      "category_id": 1,
      "image_id": 0,
      "id": 0,
      "bbox": [
        752.2265143880865,
        285.2308516777971,
        311.7433658045012,
        308.4194904773682
      ],
      "area": 96147.73004112406,
      "keypoints": [
        933.3333333333334,
        322.54901960784315,
        2,
        944.3729903536978,
        314.1479099678457,
        1,
        925.7234726688104,
        310.9324758842444,
        2,
        980.0643086816721,
        310.9324758842444,
        2,
        941.2663755458515,
        307.8602620087336,
        0,
        1029.2576419213974,
        367.90393013100436,
        2,
        916.5938864628821,
        356.11353711790395,
        2,
        1028.1659388646287,
        459.6069868995633,
        2,
        909.1703056768558,
        450.2183406113537,
        2,
        1037.9912663755458,
        540.1746724890829,
        2,
        884.6153846153846,
        538.4615384615385,
        0,
        1003.0769230769231,
        487.1794871794872,
        2,
        934.6153846153845,
        473.0769230769231,
        2,
        916.6666666666665,
        488.46153846153845,
        2,
        892.3076923076922,
        484.6153846153846,
        1,
        850.0,
        523.0769230769231,
        2,
        805.1282051282051,
        535.8974358974359,
        1,
        823.7179487179487,
        546.1538461538462,
        2,
        787.8205128205128,
        567.9487179487179,
        2,
        825.6410256410256,
        504.48717948717945,
        2,
        778.2051282051282,
        524.3589743589744,
        2
      ],
      "num_keypoints": 19,
      "iscrowd": 0,
      "segmentation": [],
      "group_id": 1
    },
    {
      "category_id": 1,
      "image_id": 0,
      "id": 1,
      "bbox": [
        766.4887218045112,
        306.9354440789474,
        92.6616541353385,
        624.5871710526314
      ],
      "area": 57875.280421448435,
      "keypoints": [
        833.984375,
        368.75,
        2,
        837.109375,
        358.984375,
        2,
        817.578125,
        359.375,
        2,
        825.0,
        359.375,
        0,
        783.984375,
        366.015625,
        2,
        851.4285714285714,
        415.7142857142857,
        2,
        780.0,
        431.4285714285714,
        2,
        895.2380952380952,
        493.8095238095238,
        0,
        800.952380952381,
        523.3333333333333,
        0,
        918.0952380952381,
        464.2857142857143,
        0,
        875.7142857142857,
        493.8095238095238,
        0,
        836.1904761904761,
        617.6190476190476,
        2,
        798.7179487179486,
        615.3846153846154,
        2,
        841.0256410256409,
        734.6153846153846,
        2,
        808.9743589743589,
        746.1538461538462,
        2,
        814.7368421052631,
        831.578947368421,
        2,
        782.1052631578947,
        861.578947368421,
        2,
        812.1052631578947,
        849.9999999999999,
        2,
        774.2105263157894,
        872.1052631578947,
        2,
        832.6315789473683,
        846.8421052631578,
        2,
        792.1052631578947,
        879.4736842105262,
        2
      ],
      "num_keypoints": 16,
      "iscrowd": 0,
      "segmentation": [],
      "group_id": 2
    }
  ]
}