{
  "categories": [
    {
      "supercategory": "person",
      "id": 1,
      "name": "person",
      "keypoints": [
        "nose",
        "left_eye",
        "right_eye",
        "left_ear",
        "right_ear",
        "left_shoulder",
        "right_shoulder",
        "left_elbow",
        "right_elbow",
        "left_wrist",
        "right_wrist",
        "left_hip",
        "right_hip",
        "left_knee",
        "right_knee",
        "left_ankle",
        "right_ankle",
        "left_heel",
        "right_heel",
        "left_foot",
        "right_foot"
      ],
      "skeleton": [
        [
          1,
          2
        ],
        [
          0,
          1
        ],
        [
          0,
          2
        ],
        [
          1,
          3
        ],
        [
          2,
          4
        ],
        [
          5,
          6
        ],
        [
          5,
          7
        ],
        [
          7,
          9
        ],
        [
          6,
          8
        ],
        [
          8,
          10
        ],
        [
          5,
          11
        ],
        [
          6,
          12
        ],
        [
          11,
          12
        ],
        [
          11,
          13
        ],
        [
          13,
          15
        ],
        [
          12,
          14
        ],
        [
          14,
          16
        ],
        [
          16,
          18
        ],
        [
          16,
          20
        ],
        [
          20,
          18
        ],
        [
          15,
          17
        ],
        [
          15,
          19
        ],
        [
          19,
          17
        ]
      ]
    }
  ],
  "images": [
    {
      "file_name": "000000001627.jpg",
      "height": 1200,
      "width": 1600,
      "id": 0
    }
  ],
  "annotations": [
    {
      "category_id": 1,
      "image_id": 0,
      "id": 0,
      "bbox": [
        789.1666666666667,
        164.86111111111111,
        271.6666666666665,
        638.3333333333335
      ],
      "area": 173413.88888888885,
      "keypoints": [
        888.1944444444446,
        313.8888888888889,
        2,
        906.0,
        305.0,
        2,
        884.0277777777778,
        301.3888888888889,
        2,
        929.8611111111112,
        316.6666666666667,
        2,
        879.8611111111112,
        293.05555555555554,
        0,
        932.638888888889,
        369.44444444444446,
        2,
        863.1944444444446,
        354.1666666666667,
        2,
        981.2500000000001,
        327.77777777777777,
        2,
        836.8055555555557,
        287.5,
        2,
        1038.1944444444443,
        258.33333333333337,
        2,
        811.8055555555557,
        218.05555555555557,
        2,
        917.3611111111112,
        537.5,
        2,
        861.8055555555557,
        531.9444444444445,
        1,
        924.3055555555555,
        644.4444444444445,
        1,
        878.4722222222223,
        652.7777777777778,
        1,
        925.6944444444445,
        722.2222222222223,
        2,
        884.0277777777778,
        706.9444444444445,
        2,
        940.9722222222223,
        734.7222222222223,
        2,
        900.6944444444446,
        729.1666666666667,
        2,
        915.9722222222223,
        750.0000000000001,
        2,
        863.1944444444446,
        730.5555555555557,
        2
      ],
      "num_keypoints": 20,
      "iscrowd": 0,
      "segmentation": [],
      "group_id": 1
    },
    {
      "category_id": 1,
      "image_id": 0,
      "id": 1,
      "bbox": [
        282.32142857142856,
        258.6190476190476,
        251.1038961038961,
        652.4155844155845
      ],
      "area": 163824.09512565358,
      "keypoints": [
        420.12987012987014,
        328.57142857142856,
        2,
        426.6233766233766,
        312.987012987013,
        1,
        411.038961038961,
        315.5844155844156,
        2,
        396.75324675324674,
        323.37662337662334,
        0,
        370.7792207792208,
        329.87012987012986,
        2,
        421.4285714285714,
        379.2207792207792,
        2,
        339.6103896103896,
        410.38961038961037,
        2,
        434.4155844155844,
        471.42857142857144,
        1,
        312.3376623376623,
        505.19480519480516,
        2,
        470.77922077922074,
        509.09090909090907,
        2,
        303.24675324675326,
        605.1948051948052,
        2,
        418.83116883116884,
        587.012987012987,
        2,
        378.57142857142856,
        598.7012987012987,
        2,
        375.3246753246753,
        670.1298701298701,
        1,
        446.75324675324674,
        710.3896103896104,
        1,
        324.16666666666674,
        780.0000000000001,
        2,
        472.5,
        825.0000000000001,
        1,
        307.5,
        783.3333333333334,
        2,
        464.16666666666674,
        856.6666666666667,
        1,
        329.16666666666674,
        810.0000000000001,
        2,
        512.5,
        843.3333333333334,
        1
      ],
      "num_keypoints": 20,
      "iscrowd": 0,
      "segmentation": [],
      "group_id": 2
    }
  ]
}