{
  "categories": [
    {
      "supercategory": "person",
      "id": 1,
      "name": "person",
      "keypoints": [
        "nose",
        "left_eye",
        "right_eye",
        "left_ear",
        "right_ear",
        "left_shoulder",
        "right_shoulder",
        "left_elbow",
        "right_elbow",
        "left_wrist",
        "right_wrist",
        "left_hip",
        "right_hip",
        "left_knee",
        "right_knee",
        "left_ankle",
        "right_ankle",
        "left_heel",
        "right_heel",
        "left_foot",
        "right_foot"
      ],
      "skeleton": [
        [
          1,
          2
        ],
        [
          0,
          1
        ],
        [
          0,
          2
        ],
        [
          1,
          3
        ],
        [
          2,
          4
        ],
        [
          5,
          6
        ],
        [
          5,
          7
        ],
        [
          7,
          9
        ],
        [
          6,
          8
        ],
        [
          8,
          10
        ],
        [
          5,
          11
        ],
        [
          6,
          12
        ],
        [
          11,
          12
        ],
        [
          11,
          13
        ],
        [
          13,
          15
        ],
        [
          12,
          14
        ],
        [
          14,
          16
        ],
        [
          16,
          18
        ],
        [
          16,
          20
        ],
        [
          20,
          18
        ],
        [
          15,
          17
        ],
        [
          15,
          19
        ],
        [
          19,
          17
        ]
      ]
    }
  ],
  "images": [
    {
      "file_name": "000000001948.jpg",
      "height": 1200,
      "width": 1600,
      "id": 0
    }
  ],
  "annotations": [
    {
      "category_id": 1,
      "image_id": 0,
      "id": 0,
      "bbox": [
        697.2222222222223,
        332.89682539682536,
        141.66666666666663,
        571.9047619047619
      ],
      "area": 81019.84126984126,
      "keypoints": [
        730.0,
        389.0,
        2,
        747.9166666666667,
        381.94444444444446,
        2,
        721.5277777777778,
        380.55555555555554,
        2,
        778.4722222222223,
        395.83333333333337,
        2,
        715.9722222222223,
        386.11111111111114,
        0,
        793.7500000000001,
        459.72222222222223,
        2,
        709.0277777777778,
        462.5,
        2,
        827.0833333333334,
        548.6111111111111,
        1,
        713.1944444444445,
        534.7222222222223,
        1,
        795.1388888888889,
        629.1666666666667,
        2,
        718.7500000000001,
        606.9444444444445,
        1,
        778.4722222222223,
        619.4444444444445,
        2,
        736.8055555555557,
        620.8333333333334,
        1,
        770.1388888888889,
        726.3888888888889,
        2,
        784.0277777777778,
        715.2777777777778,
        1,
        754.8611111111112,
        829.1666666666667,
        2,
        799.3055555555557,
        781.9444444444445,
        2,
        778.5714285714286,
        857.1428571428571,
        2,
        817.5324675324675,
        787.012987012987,
        2,
        743.5064935064935,
        855.8441558441558,
        2,
        800.6493506493506,
        807.7922077922078,
        1
      ],
      "num_keypoints": 20,
      "iscrowd": 0,
      "segmentation": [],
      "group_id": 1
    },
    {
      "category_id": 1,
      "image_id": 0,
      "id": 1,
      "bbox": [
        493.20454545454544,
        336.6904761904762,
        111.54545454545445,
        572.7012987012988
      ],
      "area": 63882.22668240846,
      "keypoints": [
        557.7922077922078,
        405.1948051948052,
        2,
        539.6103896103896,
        387.012987012987,
        0,
        551.2987012987013,
        388.31168831168833,
        1,
        525.3246753246754,
        388.31168831168833,
        0,
        520.1298701298701,
        384.4155844155844,
        2,
        533.1168831168831,
        448.05194805194805,
        0,
        508.4415584415584,
        472.7272727272727,
        2,
        526.6233766233767,
        540.2597402597403,
        0,
        529.2207792207791,
        555.8441558441558,
        2,
        585.0649350649351,
        507.79220779220776,
        1,
        595.4545454545454,
        520.7792207792207,
        2,
        508.4415584415584,
        642.8571428571429,
        0,
        539.6103896103896,
        642.8571428571429,
        1,
        554.5454545454545,
        729.8701298701299,
        1,
        540.2597402597402,
        741.5584415584416,
        1,
        535.8333333333334,
        815.0000000000001,
        1,
        514.1666666666667,
        850.0000000000001,
        1,
        529.1666666666667,
        843.3333333333334,
        1,
        502.5,
        861.6666666666667,
        1,
        580.8333333333334,
        833.3333333333334,
        2,
        550.8333333333334,
        861.6666666666667,
        2
      ],
      "num_keypoints": 16,
      "iscrowd": 0,
      "segmentation": [],
      "group_id": 2
    }
  ]
}