{
  "categories": [
    {
      "supercategory": "person",
      "id": 1,
      "name": "person",
      "keypoints": [
        "nose",
        "left_eye",
        "right_eye",
        "left_ear",
        "right_ear",
        "left_shoulder",
        "right_shoulder",
        "left_elbow",
        "right_elbow",
        "left_wrist",
        "right_wrist",
        "left_hip",
        "right_hip",
        "left_knee",
        "right_knee",
        "left_ankle",
        "right_ankle",
        "left_heel",
        "right_heel",
        "left_foot",
        "right_foot"
      ],
      "skeleton": [
        [
          1,
          2
        ],
        [
          0,
          1
        ],
        [
          0,
          2
        ],
        [
          1,
          3
        ],
        [
          2,
          4
        ],
        [
          5,
          6
        ],
        [
          5,
          7
        ],
        [
          7,
          9
        ],
        [
          6,
          8
        ],
        [
          8,
          10
        ],
        [
          5,
          11
        ],
        [
          6,
          12
        ],
        [
          11,
          12
        ],
        [
          11,
          13
        ],
        [
          13,
          15
        ],
        [
          12,
          14
        ],
        [
          14,
          16
        ],
        [
          16,
          18
        ],
        [
          16,
          20
        ],
        [
          20,
          18
        ],
        [
          15,
          17
        ],
        [
          15,
          19
        ],
        [
          19,
          17
        ]
      ]
    }
  ],
  "images": [
    {
      "file_name": "000000000845.jpg",
      "height": 1200,
      "width": 1600,
      "id": 0
    }
  ],
  "annotations": [
    {
      "category_id": 1,
      "image_id": 0,
      "id": 0,
      "bbox": [
        928.3089700996677,
        210.89724955277282,
        208.8637873754153,
        645.1945438282648
      ],
      "area": 134757.77601792477,
      "keypoints": [
        977.8761061946901,
        313.2743362831858,
        2,
        993.2624113475177,
        297.5177304964539,
        2,
        969.1489361702128,
        298.58156028368796,
        2,
        1030.2884615384614,
        264.66346153846155,
        2,
        970.4761904761905,
        273.3333333333333,
        0,
        1095.7142857142858,
        302.85714285714283,
        2,
        950.4761904761905,
        296.66666666666663,
        2,
        1114.7619047619048,
        408.57142857142856,
        2,
        958.0952380952381,
        389.5238095238095,
        2,
        1108.095238095238,
        506.19047619047615,
        2,
        945.7142857142857,
        492.85714285714283,
        2,
        1105.2380952380952,
        527.6190476190476,
        1,
        1010.2564102564102,
        505.12820512820514,
        2,
        1088.4615384615383,
        641.025641025641,
        2,
        1023.0769230769231,
        639.7435897435897,
        2,
        1107.6923076923076,
        747.4358974358975,
        2,
        1055.128205128205,
        716.6666666666666,
        2,
        1119.7674418604652,
        766.2790697674419,
        2,
        1068.0232558139535,
        716.2790697674419,
        2,
        1102.906976744186,
        802.3255813953489,
        2,
        1036.046511627907,
        767.4418604651163,
        2
      ],
      "num_keypoints": 20,
      "iscrowd": 0,
      "segmentation": [],
      "group_id": 1
    },
    {
      "category_id": 1,
      "image_id": 0,
      "id": 1,
      "bbox": [
        744.008620689655,
        291.57327586206895,
        185.68965517241395,
        626.1206896551724
      ],
      "area": 116264.13495838299,
      "keypoints": [
        842.96875,
        357.421875,
        2,
        842.578125,
        348.046875,
        2,
        830.859375,
        346.875,
        2,
        815.625,
        339.84375,
        0,
        784.375,
        343.75,
        2,
        838.7931034482758,
        403.01724137931035,
        2,
        778.448275862069,
        419.82758620689657,
        2,
        914.2241379310344,
        453.8793103448276,
        2,
        837.5,
        523.7068965517242,
        2,
        946.9827586206897,
        366.8103448275862,
        0,
        907.7586206896551,
        481.46551724137936,
        2,
        857.6923076923076,
        607.6923076923077,
        2,
        806.4102564102564,
        608.974358974359,
        2,
        844.8717948717947,
        717.9487179487179,
        2,
        792.3076923076923,
        723.0769230769231,
        2,
        833.6206896551723,
        804.3103448275863,
        2,
        770.6896551724137,
        834.4827586206898,
        2,
        823.2758620689655,
        818.9655172413794,
        2,
        759.4827586206895,
        856.896551724138,
        2,
        860.3448275862069,
        818.9655172413794,
        2,
        778.448275862069,
        865.5172413793103,
        2
      ],
      "num_keypoints": 19,
      "iscrowd": 0,
      "segmentation": [],
      "group_id": 2
    }
  ]
}