{
  "categories": [
    {
      "supercategory": "person",
      "id": 1,
      "name": "person",
      "keypoints": [
        "nose",
        "left_eye",
        "right_eye",
        "left_ear",
        "right_ear",
        "left_shoulder",
        "right_shoulder",
        "left_elbow",
        "right_elbow",
        "left_wrist",
        "right_wrist",
        "left_hip",
        "right_hip",
        "left_knee",
        "right_knee",
        "left_ankle",
        "right_ankle",
        "left_heel",
        "right_heel",
        "left_foot",
        "right_foot"
      ],
      "skeleton": [
        [
          1,
          2
        ],
        [
          0,
          1
        ],
        [
          0,
          2
        ],
        [
          1,
          3
        ],
        [
          2,
          4
        ],
        [
          5,
          6
        ],
        [
          5,
          7
        ],
        [
          7,
          9
        ],
        [
          6,
          8
        ],
        [
          8,
          10
        ],
        [
          5,
          11
        ],
        [
          6,
          12
        ],
        [
          11,
          12
        ],
        [
          11,
          13
        ],
        [
          13,
          15
        ],
        [
          12,
          14
        ],
        [
          14,
          16
        ],
        [
          16,
          18
        ],
        [
          16,
          20
        ],
        [
          20,
          18
        ],
        [
          15,
          17
        ],
        [
          15,
          19
        ],
        [
          19,
          17
        ]
      ]
    }
  ],
  "images": [
    {
      "file_name": "000000000391.jpg",
      "height": 1200,
      "width": 1600,
      "id": 0
    }
  ],
  "annotations": [
    {
      "category_id": 1,
      "image_id": 0,
      "id": 0,
      "bbox": [
        700.5882352941177,
        252.72804774083545,
        381.17647058823525,
        402.55754475703327
      ],
      "area": 153445.4641191515,
      "keypoints": [
        936.144578313253,
        322.8915662650602,
        2,
        949.5098039215686,
        310.29411764705884,
        1,
        923.5294117647059,
        305.88235294117646,
        2,
        982.3529411764706,
        286.27450980392155,
        2,
        917.8571428571429,
        287.5,
        0,
        1044.047619047619,
        320.23809523809524,
        2,
        911.504424778761,
        316.81415929203536,
        2,
        1046.7391304347825,
        439.1304347826087,
        2,
        897.8260869565217,
        400.0,
        2,
        1050.0,
        527.1739130434783,
        2,
        891.3043478260869,
        502.17391304347825,
        0,
        1014.1592920353982,
        498.23008849557516,
        2,
        936.2831858407079,
        459.29203539823004,
        2,
        909.3333333333334,
        516.0,
        2,
        872.0,
        508.0,
        2,
        846.7391304347826,
        567.391304347826,
        2,
        794.5652173913043,
        550.0,
        2,
        806.5217391304348,
        621.7391304347826,
        2,
        747.8260869565217,
        604.3478260869565,
        2,
        790.4,
        567.2,
        1,
        732.3529411764706,
        545.0980392156863,
        1
      ],
      "num_keypoints": 19,
      "iscrowd": 0,
      "segmentation": [],
      "group_id": 1
    },
    {
      "category_id": 1,
      "image_id": 0,
      "id": 1,
      "bbox": [
        708.1953044375645,
        313.38584637268843,
        162.1826625386998,
        604.7752489331438
      ],
      "area": 98084.06010948222,
      "keypoints": [
        776.1061946902654,
        373.4513274336283,
        2,
        788.6486486486486,
        363.78378378378375,
        2,
        766.7774086378737,
        364.1196013289036,
        2,
        790.6976744186046,
        355.4817275747508,
        0,
        738.5382059800664,
        378.4053156146179,
        2,
        790.1315789473684,
        415.7894736842105,
        2,
        721.7105263157895,
        441.4473684210526,
        2,
        856.8627450980392,
        468.62745098039215,
        2,
        804.9019607843137,
        529.4117647058823,
        2,
        915.6862745098039,
        384.3137254901961,
        0,
        871.6814159292035,
        495.575221238938,
        0,
        805.3097345132743,
        630.0884955752211,
        1,
        764.7058823529412,
        625.4901960784314,
        0,
        798.0392156862745,
        718.6274509803922,
        2,
        741.1764705882352,
        747.0588235294117,
        2,
        791.1764705882352,
        791.1764705882352,
        2,
        730.9734513274335,
        820.3539823008849,
        2,
        780.5309734513273,
        823.8938053097344,
        2,
        721.7105263157895,
        861.8421052631579,
        2,
        820.3947368421052,
        828.2894736842105,
        2,
        759.8684210526316,
        867.7631578947369,
        2
      ],
      "num_keypoints": 17,
      "iscrowd": 0,
      "segmentation": [],
      "group_id": 2
    }
  ]
}