{
  "categories": [
    {
      "supercategory": "person",
      "id": 1,
      "name": "person",
      "keypoints": [
        "nose",
        "left_eye",
        "right_eye",
        "left_ear",
        "right_ear",
        "left_shoulder",
        "right_shoulder",
        "left_elbow",
        "right_elbow",
        "left_wrist",
        "right_wrist",
        "left_hip",
        "right_hip",
        "left_knee",
        "right_knee",
        "left_ankle",
        "right_ankle",
        "left_heel",
        "right_heel",
        "left_foot",
        "right_foot"
      ],
      "skeleton": [
        [
          1,
          2
        ],
        [
          0,
          1
        ],
        [
          0,
          2
        ],
        [
          1,
          3
        ],
        [
          2,
          4
        ],
        [
          5,
          6
        ],
        [
          5,
          7
        ],
        [
          7,
          9
        ],
        [
          6,
          8
        ],
        [
          8,
          10
        ],
        [
          5,
          11
        ],
        [
          6,
          12
        ],
        [
          11,
          12
        ],
        [
          11,
          13
        ],
        [
          13,
          15
        ],
        [
          12,
          14
        ],
        [
          14,
          16
        ],
        [
          16,
          18
        ],
        [
          16,
          20
        ],
        [
          20,
          18
        ],
        [
          15,
          17
        ],
        [
          15,
          19
        ],
        [
          19,
          17
        ]
      ]
    }
  ],
  "images": [
    {
      "file_name": "000000000500.jpg",
      "height": 1200,
      "width": 1600,
      "id": 0
    }
  ],
  "annotations": [
    {
      "category_id": 1,
      "image_id": 0,
      "id": 0,
      "bbox": [
        629.7695035460993,
        264.55465587044534,
        542.7659574468087,
        420.48582995951415
      ],
      "area": 228225.39409079167,
      "keypoints": [
        980.4347826086956,
        318.4782608695652,
        2,
        989.0625,
        307.8125,
        2,
        973.8191632928475,
        308.09716599190284,
        2,
        1024.021592442645,
        299.59514170040484,
        2,
        982.2695035460994,
        298.58156028368796,
        0,
        1042.9078014184397,
        358.15602836879435,
        2,
        974.822695035461,
        335.10638297872345,
        2,
        1090.0709219858156,
        434.3971631205674,
        2,
        982.9787234042553,
        419.1489361702128,
        0,
        1127.3049645390072,
        505.3191489361702,
        2,
        983.3333333333334,
        487.58865248226954,
        2,
        933.6879432624114,
        470.21276595744683,
        2,
        888.5714285714286,
        425.23809523809524,
        2,
        825.7142857142857,
        518.5714285714286,
        2,
        799.047619047619,
        479.04761904761904,
        2,
        746.1538461538461,
        626.2820512820513,
        2,
        706.4102564102564,
        561.5384615384615,
        2,
        752.34375,
        640.625,
        2,
        710.15625,
        589.0625,
        2,
        720.3125,
        650.0,
        2,
        675.0,
        587.5,
        2
      ],
      "num_keypoints": 19,
      "iscrowd": 0,
      "segmentation": [],
      "group_id": 1
    },
    {
      "category_id": 1,
      "image_id": 0,
      "id": 1,
      "bbox": [
        822.3375331564986,
        344.6872236958444,
        101.18037135278519,
        482.7188328912466
      ],
      "area": 48841.67077091939,
      "keypoints": [
        901.7241379310344,
        395.68965517241384,
        2,
        911.6379310344827,
        388.36206896551727,
        2,
        892.6724137931034,
        384.9137931034483,
        2,
        915.0862068965516,
        393.5344827586207,
        1,
        869.3965517241379,
        387.5,
        2,
        925.4310344827586,
        430.6034482758621,
        0,
        840.6976744186047,
        426.16279069767444,
        2,
        921.5116279069767,
        483.13953488372096,
        0,
        831.9767441860465,
        477.90697674418607,
        0,
        934.8837209302326,
        495.93023255813955,
        0,
        877.9069767441861,
        468.0232558139535,
        0,
        908.7209302325582,
        577.3255813953489,
        2,
        844.8717948717947,
        575.6410256410256,
        2,
        903.8461538461538,
        667.9487179487179,
        2,
        873.0769230769231,
        671.7948717948718,
        2,
        862.8205128205127,
        765.3846153846154,
        2,
        839.1025641025641,
        725.0,
        2,
        856.4102564102564,
        783.9743589743589,
        2,
        830.7692307692307,
        724.3589743589744,
        2,
        889.7435897435897,
        787.1794871794872,
        2,
        837.8205128205128,
        751.9230769230769,
        2
      ],
      "num_keypoints": 16,
      "iscrowd": 0,
      "segmentation": [],
      "group_id": 2
    }
  ]
}