{
  "categories": [
    {
      "supercategory": "person",
      "id": 1,
      "name": "person",
      "keypoints": [
        "nose",
        "left_eye",
        "right_eye",
        "left_ear",
        "right_ear",
        "left_shoulder",
        "right_shoulder",
        "left_elbow",
        "right_elbow",
        "left_wrist",
        "right_wrist",
        "left_hip",
        "right_hip",
        "left_knee",
        "right_knee",
        "left_ankle",
        "right_ankle",
        "left_heel",
        "right_heel",
        "left_foot",
        "right_foot"
      ],
      "skeleton": [
        [
          1,
          2
        ],
        [
          0,
          1
        ],
        [
          0,
          2
        ],
        [
          1,
          3
        ],
        [
          2,
          4
        ],
        [
          5,
          6
        ],
        [
          5,
          7
        ],
        [
          7,
          9
        ],
        [
          6,
          8
        ],
        [
          8,
          10
        ],
        [
          5,
          11
        ],
        [
          6,
          12
        ],
        [
          11,
          12
        ],
        [
          11,
          13
        ],
        [
          13,
          15
        ],
        [
          12,
          14
        ],
        [
          14,
          16
        ],
        [
          16,
          18
        ],
        [
          16,
          20
        ],
        [
          20,
          18
        ],
        [
          15,
          17
        ],
        [
          15,
          19
        ],
        [
          19,
          17
        ]
      ]
    }
  ],
  "images": [
    {
      "file_name": "000000001611.jpg",
      "height": 1200,
      "width": 1600,
      "id": 0
    }
  ],
  "annotations": [
    {
      "category_id": 1,
      "image_id": 0,
      "id": 0,
      "bbox": [
        937.5,
        188.19444444444446,
        308.33333333333326,
        358.33333333333337
      ],
      "area": 110486.1111111111,
      "keypoints": [
        1004.8611111111112,
        230.55555555555557,
        2,
        1024.3055555555554,
        222.22222222222223,
        2,
        996.5277777777779,
        218.05555555555557,
        2,
        1064.5833333333333,
        236.11111111111111,
        2,
        993.7500000000001,
        206.94444444444446,
        0,
        1081.25,
        334.72222222222223,
        2,
        979.8611111111112,
        295.83333333333337,
        1,
        1114.5833333333333,
        431.94444444444446,
        2,
        963.1944444444445,
        395.83333333333337,
        2,
        1128.4722222222222,
        516.6666666666667,
        2,
        971.5277777777779,
        480.5555555555556,
        1,
        1107.638888888889,
        459.72222222222223,
        1,
        1052.0833333333333,
        468.0555555555556,
        1,
        1175.6944444444443,
        443.0555555555556,
        2,
        1114.5833333333333,
        404.1666666666667,
        0,
        1206.25,
        366.6666666666667,
        2,
        1164.5833333333333,
        348.61111111111114,
        2,
        1200.6944444444443,
        338.8888888888889,
        2,
        1177.0833333333333,
        320.8333333333333,
        2,
        1220.138888888889,
        347.22222222222223,
        1,
        1184.0277777777778,
        334.72222222222223,
        1
      ],
      "num_keypoints": 19,
      "iscrowd": 0,
      "segmentation": [],
      "group_id": 1
    },
    {
      "category_id": 1,
      "image_id": 0,
      "id": 1,
      "bbox": [
        771.1201298701299,
        254.90476190476187,
        196.5584415584416,
        634.6493506493507
      ],
      "area": 124745.6872997133,
      "keypoints": [
        909.7402597402597,
        319.4805194805195,
        2,
        916.2337662337662,
        309.09090909090907,
        0,
        899.3506493506493,
        307.79220779220776,
        2,
        892.8571428571428,
        312.987012987013,
        0,
        860.3896103896103,
        310.38961038961037,
        2,
        890.2597402597403,
        389.6103896103896,
        1,
        829.2207792207791,
        388.31168831168833,
        2,
        916.2337662337662,
        466.23376623376623,
        2,
        904.5454545454545,
        400.0,
        2,
        948.7012987012987,
        475.3246753246753,
        1,
        951.2987012987013,
        319.4805194805195,
        2,
        883.7662337662338,
        594.8051948051948,
        2,
        847.4025974025974,
        602.5974025974026,
        2,
        883.1168831168831,
        681.8181818181818,
        1,
        836.3636363636364,
        696.1038961038961,
        1,
        850.8333333333335,
        780.0000000000001,
        2,
        807.5,
        808.3333333333334,
        2,
        830.8333333333335,
        801.6666666666667,
        1,
        787.5,
        821.6666666666667,
        2,
        875.8333333333335,
        793.3333333333334,
        2,
        820.8333333333335,
        836.6666666666667,
        2
      ],
      "num_keypoints": 19,
      "iscrowd": 0,
      "segmentation": [],
      "group_id": 2
    }
  ]
}