{
  "categories": [
    {
      "supercategory": "person",
      "id": 1,
      "name": "person",
      "keypoints": [
        "nose",
        "left_eye",
        "right_eye",
        "left_ear",
        "right_ear",
        "left_shoulder",
        "right_shoulder",
        "left_elbow",
        "right_elbow",
        "left_wrist",
        "right_wrist",
        "left_hip",
        "right_hip",
        "left_knee",
        "right_knee",
        "left_ankle",
        "right_ankle",
        "left_heel",
        "right_heel",
        "left_foot",
        "right_foot"
      ],
      "skeleton": [
        [
          1,
          2
        ],
        [
          0,
          1
        ],
        [
          0,
          2
        ],
        [
          1,
          3
        ],
        [
          2,
          4
        ],
        [
          5,
          6
        ],
        [
          5,
          7
        ],
        [
          7,
          9
        ],
        [
          6,
          8
        ],
        [
          8,
          10
        ],
        [
          5,
          11
        ],
        [
          6,
          12
        ],
        [
          11,
          12
        ],
        [
          11,
          13
        ],
        [
          13,
          15
        ],
        [
          12,
          14
        ],
        [
          14,
          16
        ],
        [
          16,
          18
        ],
        [
          16,
          20
        ],
        [
          20,
          18
        ],
        [
          15,
          17
        ],
        [
          15,
          19
        ],
        [
          19,
          17
        ]
      ]
    }
  ],
  "images": [
    {
      "file_name": "000000001727.jpg",
      "height": 1200,
      "width": 1600,
      "id": 0
    }
  ],
  "annotations": [
    {
      "category_id": 1,
      "image_id": 0,
      "id": 0,
      "bbox": [
        774.4444444444446,
        286.94444444444446,
        231.66666666666652,
        456.66666666666674
      ],
      "area": 105794.4444444444,
      "keypoints": [
        817.3611111111112,
        358.33333333333337,
        2,
        824.3055555555557,
        343.05555555555554,
        2,
        804.8611111111112,
        344.44444444444446,
        2,
        861.8055555555557,
        325.0,
        2,
        807.6388888888889,
        334.72222222222223,
        0,
        896.5277777777778,
        394.44444444444446,
        2,
        800.6944444444446,
        376.3888888888889,
        2,
        927.0833333333334,
        497.22222222222223,
        2,
        793.7500000000001,
        465.27777777777777,
        2,
        950.6944444444445,
        587.5,
        2,
        795.1388888888889,
        551.3888888888889,
        2,
        893.7500000000001,
        581.9444444444445,
        2,
        821.5277777777778,
        575.0,
        2,
        946.5277777777779,
        672.2222222222223,
        2,
        896.5277777777778,
        680.5555555555555,
        1,
        979.8611111111112,
        661.1111111111111,
        2,
        938.1944444444445,
        669.4444444444445,
        1,
        986.8055555555555,
        651.3888888888889,
        2,
        953.4722222222223,
        651.3888888888889,
        1,
        984.0277777777779,
        687.5000000000001,
        2,
        952.0833333333334,
        705.5555555555557,
        2
      ],
      "num_keypoints": 20,
      "iscrowd": 0,
      "segmentation": [],
      "group_id": 1
    },
    {
      "category_id": 1,
      "image_id": 0,
      "id": 1,
      "bbox": [
        610.5194805194806,
        352.26190476190476,
        193.2467532467532,
        588.4415584415585
      ],
      "area": 113714.42064429076,
      "keypoints": [
        694.1558441558441,
        422.0779220779221,
        2,
        696.7532467532467,
        401.2987012987013,
        2,
        678.5714285714286,
        406.49350649350646,
        2,
        669.4805194805194,
        409.09090909090907,
        0,
        640.9090909090909,
        412.987012987013,
        2,
        701.9480519480519,
        445.45454545454544,
        2,
        626.6233766233767,
        467.53246753246754,
        2,
        740.9090909090909,
        449.35064935064935,
        2,
        708.4415584415584,
        496.1038961038961,
        2,
        787.6623376623377,
        446.75324675324674,
        1,
        766.8831168831168,
        497.4025974025974,
        2,
        709.7402597402597,
        641.5584415584416,
        2,
        656.4935064935065,
        650.6493506493506,
        2,
        687.012987012987,
        748.051948051948,
        1,
        640.2597402597402,
        759.7402597402597,
        1,
        692.5,
        833.3333333333334,
        2,
        647.5,
        861.6666666666667,
        2,
        672.5,
        858.3333333333334,
        2,
        637.5,
        870.0000000000001,
        1,
        720.8333333333334,
        861.6666666666667,
        2,
        644.1666666666667,
        891.6666666666667,
        2
      ],
      "num_keypoints": 20,
      "iscrowd": 0,
      "segmentation": [],
      "group_id": 2
    }
  ]
}