{
  "categories": [
    {
      "supercategory": "person",
      "id": 1,
      "name": "person",
      "keypoints": [
        "nose",
        "left_eye",
        "right_eye",
        "left_ear",
        "right_ear",
        "left_shoulder",
        "right_shoulder",
        "left_elbow",
        "right_elbow",
        "left_wrist",
        "right_wrist",
        "left_hip",
        "right_hip",
        "left_knee",
        "right_knee",
        "left_ankle",
        "right_ankle",
        "left_heel",
        "right_heel",
        "left_foot",
        "right_foot"
      ],
      "skeleton": [
        [
          1,
          2
        ],
        [
          0,
          1
        ],
        [
          0,
          2
        ],
        [
          1,
          3
        ],
        [
          2,
          4
        ],
        [
          5,
          6
        ],
        [
          5,
          7
        ],
        [
          7,
          9
        ],
        [
          6,
          8
        ],
        [
          8,
          10
        ],
        [
          5,
          11
        ],
        [
          6,
          12
        ],
        [
          11,
          12
        ],
        [
          11,
          13
        ],
        [
          13,
          15
        ],
        [
          12,
          14
        ],
        [
          14,
          16
        ],
        [
          16,
          18
        ],
        [
          16,
          20
        ],
        [
          20,
          18
        ],
        [
          15,
          17
        ],
        [
          15,
          19
        ],
        [
          19,
          17
        ]
      ]
    }
  ],
  "images": [
    {
      "file_name": "000000001422.jpg",
      "height": 1200,
      "width": 1600,
      "id": 0
    }
  ],
  "annotations": [
    {
      "category_id": 1,
      "image_id": 0,
      "id": 0,
      "bbox": [
        873.6103896103896,
        162.33703312191685,
        251.22077922077915,
        560.0951374207187
      ],
      "area": 140707.53686060235,
      "keypoints": [
        926.148409893993,
        233.56890459363956,
        2,
        944.5229681978799,
        210.6007067137809,
        2,
        918.3139534883721,
        209.01162790697674,
        2,
        986.6279069767442,
        222.09302325581396,
        2,
        920.979020979021,
        230.06993006993008,
        0,
        1026.5734265734266,
        289.51048951048955,
        2,
        898.6013986013986,
        294.4055944055944,
        2,
        1074.1258741258741,
        416.7832167832168,
        2,
        897.9591836734695,
        417.34693877551024,
        2,
        1076.9696969696968,
        537.5757575757575,
        2,
        894.5454545454545,
        507.27272727272725,
        2,
        1050.0,
        485.7142857142857,
        2,
        946.1038961038961,
        512.987012987013,
        2,
        1074.6753246753246,
        588.3116883116883,
        2,
        1025.3246753246754,
        601.2987012987013,
        1,
        1096.103896103896,
        631.1688311688312,
        2,
        1046.7532467532467,
        623.3766233766233,
        2,
        1103.8961038961038,
        622.077922077922,
        2,
        1071.969696969697,
        645.4545454545455,
        2,
        1097.7272727272725,
        675.7575757575758,
        2,
        1047.7272727272725,
        672.7272727272727,
        2
      ],
      "num_keypoints": 20,
      "iscrowd": 0,
      "segmentation": [],
      "group_id": 1
    },
    {
      "category_id": 1,
      "image_id": 0,
      "id": 1,
      "bbox": [
        675.3333333333334,
        291.53333333333336,
        223.9999999999999,
        683.4181818181819
      ],
      "area": 153085.67272727267,
      "keypoints": [
        790.2597402597402,
        364.93506493506493,
        2,
        800.7575757575756,
        348.4848484848485,
        1,
        784.4036697247707,
        355.35168195718654,
        2,
        773.9393939393939,
        325.45454545454544,
        0,
        738.2262996941896,
        359.9388379204893,
        2,
        797.5535168195719,
        414.37308868501526,
        2,
        744.0366972477065,
        432.11009174311926,
        2,
        875.7575757575758,
        472.72727272727275,
        1,
        831.8181818181819,
        472.72727272727275,
        2,
        896.6666666666666,
        398.0,
        0,
        880.6666666666666,
        370.0,
        2,
        802.0,
        608.6666666666666,
        2,
        754.0,
        615.3333333333334,
        2,
        814.0,
        730.0,
        2,
        760.6666666666666,
        748.6666666666666,
        2,
        795.3333333333333,
        818.0,
        2,
        716.6666666666666,
        858.0,
        2,
        771.3333333333333,
        840.6666666666666,
        2,
        694.0,
        879.3333333333334,
        2,
        856.6666666666666,
        859.3333333333334,
        2,
        755.3333333333333,
        918.0,
        2
      ],
      "num_keypoints": 19,
      "iscrowd": 0,
      "segmentation": [],
      "group_id": 2
    }
  ]
}