{
  "categories": [
    {
      "supercategory": "person",
      "id": 1,
      "name": "person",
      "keypoints": [
        "nose",
        "left_eye",
        "right_eye",
        "left_ear",
        "right_ear",
        "left_shoulder",
        "right_shoulder",
        "left_elbow",
        "right_elbow",
        "left_wrist",
        "right_wrist",
        "left_hip",
        "right_hip",
        "left_knee",
        "right_knee",
        "left_ankle",
        "right_ankle",
        "left_heel",
        "right_heel",
        "left_foot",
        "right_foot"
      ],
      "skeleton": [
        [
          1,
          2
        ],
        [
          0,
          1
        ],
        [
          0,
          2
        ],
        [
          1,
          3
        ],
        [
          2,
          4
        ],
        [
          5,
          6
        ],
        [
          5,
          7
        ],
        [
          7,
          9
        ],
        [
          6,
          8
        ],
        [
          8,
          10
        ],
        [
          5,
          11
        ],
        [
          6,
          12
        ],
        [
          11,
          12
        ],
        [
          11,
          13
        ],
        [
          13,
          15
        ],
        [
          12,
          14
        ],
        [
          14,
          16
        ],
        [
          16,
          18
        ],
        [
          16,
          20
        ],
        [
          20,
          18
        ],
        [
          15,
          17
        ],
        [
          15,
          19
        ],
        [
          19,
          17
        ]
      ]
    }
  ],
  "images": [
    {
      "file_name": "000000000043.jpg",
      "height": 1200,
      "width": 1600,
      "id": 0
    }
  ],
  "annotations": [
    {
      "category_id": 1,
      "image_id": 0,
      "id": 0,
      "bbox": [
        865.2365728900255,
        220.0933051173528,
        240.6905370843989,
        512.8626394767218
      ],
      "area": 123441.18414617462,
      "keypoints": [
        905.7377049180327,
        285.24590163934425,
        2,
        917.2972972972973,
        272.97297297297297,
        2,
        895.1351351351351,
        272.4324324324324,
        1,
        956.6371681415928,
        262.8318584070796,
        2,
        888.7254901960785,
        260.29411764705884,
        0,
        1017.156862745098,
        318.1372549019608,
        2,
        885.2941176470588,
        319.6078431372549,
        2,
        1050.0,
        433.3333333333333,
        2,
        893.1372549019608,
        426.4705882352941,
        0,
        1052.9411764705883,
        521.5686274509803,
        2,
        895.0980392156863,
        496.078431372549,
        2,
        1012.295081967213,
        519.672131147541,
        2,
        953.27868852459,
        522.9508196721312,
        2,
        1042.1568627450981,
        613.7254901960785,
        2,
        1001.3157894736842,
        621.0526315789474,
        2,
        1072.549019607843,
        644.1176470588235,
        2,
        1026.4705882352941,
        639.2156862745098,
        2,
        1085.8695652173913,
        629.3478260869565,
        1,
        1050.0,
        636.9565217391304,
        2,
        1080.4347826086955,
        690.2173913043478,
        2,
        1031.2,
        682.4,
        2
      ],
      "num_keypoints": 19,
      "iscrowd": 0,
      "segmentation": [],
      "group_id": 1
    },
    {
      "category_id": 1,
      "image_id": 0,
      "id": 1,
      "bbox": [
        706.803635493901,
        324.01486401012016,
        151.86988758670168,
        602.1442125237193
      ],
      "area": 91447.57386696024,
      "keypoints": [
        784.0707964601769,
        390.26548672566366,
        1,
        788.3064516129033,
        376.61290322580646,
        1,
        779.0322580645161,
        375.80645161290323,
        2,
        788.3064516129033,
        367.33870967741933,
        0,
        743.9516129032259,
        374.19354838709677,
        2,
        797.3451327433628,
        422.1238938053097,
        0,
        719.4594594594595,
        430.8108108108108,
        2,
        846.0176991150441,
        449.55752212389376,
        1,
        758.4070796460177,
        476.10619469026545,
        2,
        884.9557522123893,
        415.0442477876106,
        0,
        844.2477876106194,
        416.81415929203536,
        2,
        804.3478260869565,
        611.5942028985506,
        2,
        756.5217391304348,
        608.695652173913,
        2,
        790.2173913043478,
        733.695652173913,
        2,
        747.8260869565217,
        751.0869565217391,
        2,
        766.3716814159292,
        831.858407079646,
        2,
        739.1304347826086,
        839.1304347826086,
        2,
        754.3478260869565,
        848.9130434782609,
        0,
        720.0980392156863,
        857.843137254902,
        2,
        804.4117647058823,
        852.9411764705882,
        2,
        757.3529411764706,
        875.9803921568628,
        2
      ],
      "num_keypoints": 17,
      "iscrowd": 0,
      "segmentation": [],
      "group_id": 2
    }
  ]
}