{
  "categories": [
    {
      "supercategory": "person",
      "id": 1,
      "name": "person",
      "keypoints": [
        "nose",
        "left_eye",
        "right_eye",
        "left_ear",
        "right_ear",
        "left_shoulder",
        "right_shoulder",
        "left_elbow",
        "right_elbow",
        "left_wrist",
        "right_wrist",
        "left_hip",
        "right_hip",
        "left_knee",
        "right_knee",
        "left_ankle",
        "right_ankle",
        "left_heel",
        "right_heel",
        "left_foot",
        "right_foot"
      ],
      "skeleton": [
        [
          1,
          2
        ],
        [
          0,
          1
        ],
        [
          0,
          2
        ],
        [
          1,
          3
        ],
        [
          2,
          4
        ],
        [
          5,
          6
        ],
        [
          5,
          7
        ],
        [
          7,
          9
        ],
        [
          6,
          8
        ],
        [
          8,
          10
        ],
        [
          5,
          11
        ],
        [
          6,
          12
        ],
        [
          11,
          12
        ],
        [
          11,
          13
        ],
        [
          13,
          15
        ],
        [
          12,
          14
        ],
        [
          14,
          16
        ],
        [
          16,
          18
        ],
        [
          16,
          20
        ],
        [
          20,
          18
        ],
        [
          15,
          17
        ],
        [
          15,
          19
        ],
        [
          19,
          17
        ]
      ]
    }
  ],
  "images": [
    {
      "file_name": "000000001489.jpg",
      "height": 1200,
      "width": 1600,
      "id": 0
    }
  ],
  "annotations": [
    {
      "category_id": 1,
      "image_id": 0,
      "id": 0,
      "bbox": [
        735.6938775510205,
        383.30281614733906,
        311.93320964749523,
        641.3556055252169
      ],
      "area": 200060.11255689373,
      "keypoints": [
        905.6537102473497,
        450.53003533568904,
        2,
        918.7279151943462,
        436.74911660777383,
        2,
        892.2848664688427,
        436.94362017804156,
        2,
        939.7626112759643,
        445.9940652818991,
        2,
        888.1632653061224,
        451.83673469387753,
        0,
        975.9183673469387,
        479.59183673469386,
        2,
        871.4285714285713,
        477.95918367346934,
        2,
        1021.6326530612245,
        552.6530612244898,
        2,
        800.0000000000001,
        539.7959183673469,
        1,
        956.5749235474007,
        602.1406727828746,
        2,
        761.6883116883117,
        571.4285714285714,
        1,
        962.9870129870129,
        702.5974025974026,
        2,
        862.9870129870129,
        690.9090909090909,
        2,
        949.9999999999999,
        846.7532467532467,
        2,
        895.4545454545454,
        846.7532467532467,
        2,
        959.6491228070174,
        929.8245614035088,
        2,
        907.0175438596491,
        922.8070175438597,
        2,
        965.7894736842106,
        945.6140350877195,
        2,
        903.7878787878789,
        946.969696969697,
        2,
        938.6363636363636,
        971.2121212121212,
        2,
        873.4848484848484,
        953.030303030303,
        2
      ],
      "num_keypoints": 20,
      "iscrowd": 0,
      "segmentation": [],
      "group_id": 1
    },
    {
      "category_id": 1,
      "image_id": 0,
      "id": 1,
      "bbox": [
        641.0666666666666,
        333.390243902439,
        139.20000000000005,
        701.7560975609755
      ],
      "area": 97684.44878048782,
      "keypoints": [
        746.1038961038961,
        410.38961038961037,
        2,
        745.5284552845528,
        391.869918699187,
        1,
        732.520325203252,
        399.1869918699187,
        2,
        723.4848484848485,
        371.21212121212125,
        0,
        697.7272727272727,
        395.45454545454544,
        2,
        717.8861788617886,
        447.1544715447155,
        0,
        674.7967479674796,
        460.9756097560976,
        2,
        750.7575757575756,
        542.4242424242424,
        2,
        746.2121212121211,
        560.6060606060606,
        2,
        802.0,
        551.3333333333334,
        0,
        787.3333333333333,
        562.0,
        0,
        687.3333333333333,
        670.0,
        2,
        675.3333333333333,
        676.6666666666666,
        1,
        746.0,
        775.3333333333334,
        2,
        712.6666666666666,
        820.6666666666666,
        2,
        708.6666666666666,
        884.6666666666666,
        2,
        671.3333333333333,
        935.3333333333334,
        2,
        678.0,
        916.6666666666666,
        2,
        652.6666666666666,
        966.0,
        2,
        768.6666666666666,
        908.6666666666666,
        2,
        731.3333333333333,
        976.6666666666666,
        2
      ],
      "num_keypoints": 17,
      "iscrowd": 0,
      "segmentation": [],
      "group_id": 2
    }
  ]
}