{
  "categories": [
    {
      "supercategory": "person",
      "id": 1,
      "name": "person",
      "keypoints": [
        "nose",
        "left_eye",
        "right_eye",
        "left_ear",
        "right_ear",
        "left_shoulder",
        "right_shoulder",
        "left_elbow",
        "right_elbow",
        "left_wrist",
        "right_wrist",
        "left_hip",
        "right_hip",
        "left_knee",
        "right_knee",
        "left_ankle",
        "right_ankle",
        "left_heel",
        "right_heel",
        "left_foot",
        "right_foot"
      ],
      "skeleton": [
        [
          1,
          2
        ],
        [
          0,
          1
        ],
        [
          0,
          2
        ],
        [
          1,
          3
        ],
        [
          2,
          4
        ],
        [
          5,
          6
        ],
        [
          5,
          7
        ],
        [
          7,
          9
        ],
        [
          6,
          8
        ],
        [
          8,
          10
        ],
        [
          5,
          11
        ],
        [
          6,
          12
        ],
        [
          11,
          12
        ],
        [
          11,
          13
        ],
        [
          13,
          15
        ],
        [
          12,
          14
        ],
        [
          14,
          16
        ],
        [
          16,
          18
        ],
        [
          16,
          20
        ],
        [
          20,
          18
        ],
        [
          15,
          17
        ],
        [
          15,
          19
        ],
        [
          19,
          17
        ]
      ]
    }
  ],
  "images": [
    {
      "file_name": "000000001218.jpg",
      "height": 1200,
      "width": 1600,
      "id": 0
    }
  ],
  "annotations": [
    {
      "category_id": 1,
      "image_id": 0,
      "id": 0,
      "bbox": [
        843.7598116169545,
        313.030303030303,
        259.49764521193106,
        643.6363636363636
      ],
      "area": 167022.12073640653,
      "keypoints": [
        987.2549019607843,
        378.4313725490196,
        2,
        1000.0,
        366.66666666666663,
        2,
        978.5407725321888,
        369.0987124463519,
        2,
        1024.0343347639484,
        375.53648068669526,
        2,
        969.6969696969696,
        373.3333333333333,
        0,
        1034.6938775510205,
        433.67346938775506,
        2,
        951.0204081632654,
        435.71428571428567,
        2,
        1081.6326530612246,
        511.2244897959183,
        2,
        883.6734693877552,
        507.1428571428571,
        2,
        1020.4081632653063,
        556.1224489795918,
        2,
        865.3846153846154,
        534.6153846153846,
        2,
        1030.5194805194806,
        641.5584415584416,
        2,
        942.2077922077923,
        628.5714285714286,
        2,
        1001.948051948052,
        750.6493506493506,
        2,
        957.7922077922077,
        749.3506493506493,
        2,
        990.2597402597402,
        861.038961038961,
        2,
        959.7402597402597,
        837.6623376623377,
        2,
        998.7012987012987,
        884.4155844155844,
        2,
        967.4242424242424,
        866.6666666666666,
        1,
        988.6363636363636,
        903.030303030303,
        2,
        950.7575757575756,
        889.3939393939394,
        1
      ],
      "num_keypoints": 20,
      "iscrowd": 0,
      "segmentation": [],
      "group_id": 1
    },
    {
      "category_id": 1,
      "image_id": 0,
      "id": 1,
      "bbox": [
        742.4735729386891,
        339.3880048959608,
        132.1775898520085,
        559.9020807833538
      ],
      "area": 74006.50759106826,
      "keypoints": [
        827.9220779220778,
        402.5974025974026,
        2,
        826.7759562841529,
        379.23497267759564,
        0,
        824.5847176079734,
        386.04651162790697,
        2,
        808.6378737541528,
        372.4252491694352,
        0,
        792.0265780730897,
        388.03986710963454,
        2,
        838.5382059800664,
        451.8272425249169,
        2,
        753.4883720930231,
        448.83720930232556,
        2,
        863.6363636363636,
        515.1515151515151,
        1,
        765.1515151515151,
        528.7878787878788,
        2,
        871.0526315789473,
        500.00000000000006,
        0,
        848.2456140350878,
        528.0701754385965,
        1,
        827.1929824561403,
        622.8070175438596,
        2,
        774.1071428571429,
        641.0714285714287,
        2,
        827.1929824561403,
        703.5087719298245,
        2,
        776.3157894736842,
        717.5438596491229,
        2,
        804.3859649122807,
        803.5087719298245,
        2,
        765.7894736842105,
        828.0701754385965,
        2,
        799.1228070175439,
        829.8245614035088,
        2,
        753.5087719298245,
        843.859649122807,
        2,
        827.1929824561403,
        833.3333333333334,
        2,
        781.578947368421,
        852.6315789473684,
        2
      ],
      "num_keypoints": 18,
      "iscrowd": 0,
      "segmentation": [],
      "group_id": 2
    }
  ]
}