{
  "categories": [
    {
      "supercategory": "person",
      "id": 1,
      "name": "person",
      "keypoints": [
        "nose",
        "left_eye",
        "right_eye",
        "left_ear",
        "right_ear",
        "left_shoulder",
        "right_shoulder",
        "left_elbow",
        "right_elbow",
        "left_wrist",
        "right_wrist",
        "left_hip",
        "right_hip",
        "left_knee",
        "right_knee",
        "left_ankle",
        "right_ankle",
        "left_heel",
        "right_heel",
        "left_foot",
        "right_foot"
      ],
      "skeleton": [
        [
          1,
          2
        ],
        [
          0,
          1
        ],
        [
          0,
          2
        ],
        [
          1,
          3
        ],
        [
          2,
          4
        ],
        [
          5,
          6
        ],
        [
          5,
          7
        ],
        [
          7,
          9
        ],
        [
          6,
          8
        ],
        [
          8,
          10
        ],
        [
          5,
          11
        ],
        [
          6,
          12
        ],
        [
          11,
          12
        ],
        [
          11,
          13
        ],
        [
          13,
          15
        ],
        [
          12,
          14
        ],
        [
          14,
          16
        ],
        [
          16,
          18
        ],
        [
          16,
          20
        ],
        [
          20,
          18
        ],
        [
          15,
          17
        ],
        [
          15,
          19
        ],
        [
          19,
          17
        ]
      ]
    }
  ],
  "images": [
    {
      "file_name": "000000000945.jpg",
      "height": 1200,
      "width": 1600,
      "id": 0
    }
  ],
  "annotations": [
    {
      "category_id": 1,
      "image_id": 0,
      "id": 0,
      "bbox": [
        868.2461939102565,
        281.2956901254774,
        291.983173076923,
        335.090016366612
      ],
      "area": 97840.64624512143,
      "keypoints": [
        904.3478260869565,
        323.9130434782609,
        2,
        919.8581560283689,
        313.4751773049646,
        2,
        898.936170212766,
        309.9290780141844,
        2,
        959.9290780141845,
        309.2198581560284,
        2,
        909.765625,
        305.46875,
        0,
        1012.109375,
        354.6875,
        2,
        892.578125,
        346.09375,
        2,
        1038.671875,
        465.234375,
        2,
        905.46875,
        445.3125,
        2,
        1071.09375,
        542.578125,
        2,
        919.53125,
        517.96875,
        2,
        1051.953125,
        488.671875,
        1,
        974.3589743589744,
        507.6923076923077,
        2,
        1076.923076923077,
        588.4615384615385,
        2,
        1044.8717948717947,
        574.3589743589744,
        1,
        1120.5128205128203,
        560.2564102564103,
        2,
        1097.4358974358975,
        526.9230769230769,
        1,
        1133.974358974359,
        543.5897435897435,
        1,
        1110.2564102564102,
        502.56410256410254,
        2,
        1135.8974358974358,
        585.2564102564103,
        1,
        1102.5641025641025,
        544.2307692307692,
        1
      ],
      "num_keypoints": 20,
      "iscrowd": 0,
      "segmentation": [],
      "group_id": 1
    },
    {
      "category_id": 1,
      "image_id": 0,
      "id": 1,
      "bbox": [
        774.3129006410256,
        344.18911637931035,
        130.12019230769226,
        566.2823275862069
      ],
      "area": 73684.76536596482,
      "keypoints": [
        842.6724137931034,
        410.3448275862069,
        2,
        843.9655172413793,
        399.1379310344828,
        2,
        833.6206896551723,
        399.5689655172414,
        2,
        828.0172413793102,
        390.948275862069,
        0,
        793.5344827586206,
        391.3793103448276,
        2,
        850.0,
        438.46153846153845,
        2,
        785.8974358974359,
        458.3333333333333,
        2,
        907.6923076923076,
        482.05128205128204,
        0,
        821.1538461538461,
        550.6410256410256,
        2,
        926.9230769230769,
        445.5128205128205,
        0,
        893.5897435897435,
        512.8205128205128,
        2,
        848.7179487179487,
        597.4358974358975,
        2,
        799.9999999999999,
        607.6923076923077,
        2,
        853.8461538461538,
        712.8205128205128,
        2,
        807.6923076923076,
        735.8974358974359,
        2,
        828.125,
        836.71875,
        2,
        803.90625,
        842.96875,
        2,
        820.3125,
        844.53125,
        1,
        785.15625,
        857.03125,
        2,
        842.96875,
        842.96875,
        2,
        814.84375,
        863.28125,
        2
      ],
      "num_keypoints": 18,
      "iscrowd": 0,
      "segmentation": [],
      "group_id": 2
    }
  ]
}