{
  "categories": [
    {
      "supercategory": "person",
      "id": 1,
      "name": "person",
      "keypoints": [
        "nose",
        "left_eye",
        "right_eye",
        "left_ear",
        "right_ear",
        "left_shoulder",
        "right_shoulder",
        "left_elbow",
        "right_elbow",
        "left_wrist",
        "right_wrist",
        "left_hip",
        "right_hip",
        "left_knee",
        "right_knee",
        "left_ankle",
        "right_ankle",
        "left_heel",
        "right_heel",
        "left_foot",
        "right_foot"
      ],
      "skeleton": [
        [
          1,
          2
        ],
        [
          0,
          1
        ],
        [
          0,
          2
        ],
        [
          1,
          3
        ],
        [
          2,
          4
        ],
        [
          5,
          6
        ],
        [
          5,
          7
        ],
        [
          7,
          9
        ],
        [
          6,
          8
        ],
        [
          8,
          10
        ],
        [
          5,
          11
        ],
        [
          6,
          12
        ],
        [
          11,
          12
        ],
        [
          11,
          13
        ],
        [
          13,
          15
        ],
        [
          12,
          14
        ],
        [
          14,
          16
        ],
        [
          16,
          18
        ],
        [
          16,
          20
        ],
        [
          20,
          18
        ],
        [
          15,
          17
        ],
        [
          15,
          19
        ],
        [
          19,
          17
        ]
      ]
    }
  ],
  "images": [
    {
      "file_name": "000000001457.jpg",
      "height": 1200,
      "width": 1600,
      "id": 0
    }
  ],
  "annotations": [
    {
      "category_id": 1,
      "image_id": 0,
      "id": 0,
      "bbox": [
        869.0909090909091,
        334.54140814674935,
        238.4415584415582,
        577.1944968977609
      ],
      "area": 137627.15536419323,
      "keypoints": [
        1033.6330935251797,
        394.60431654676256,
        2,
        1045.863309352518,
        382.91366906474815,
        2,
        1025.9643916913947,
        382.6409495548961,
        2,
        1072.8486646884273,
        390.80118694362017,
        2,
        1021.3930348258706,
        394.0298507462686,
        0,
        1080.597014925373,
        440.79601990049747,
        2,
        990.049751243781,
        433.83084577114425,
        2,
        1084.0796019900497,
        504.9751243781094,
        2,
        946.9387755102042,
        486.73469387755097,
        2,
        1047.6070528967255,
        545.088161209068,
        2,
        888.961038961039,
        523.3766233766233,
        2,
        1087.6623376623374,
        623.3766233766233,
        2,
        986.3636363636364,
        615.5844155844155,
        2,
        1050.0,
        725.974025974026,
        2,
        1005.8441558441558,
        731.1688311688312,
        2,
        1047.3684210526314,
        810.5263157894738,
        2,
        1024.561403508772,
        807.0175438596492,
        2,
        1057.017543859649,
        838.5964912280701,
        2,
        1023.4848484848484,
        831.8181818181818,
        1,
        1035.6060606060605,
        863.6363636363636,
        2,
        996.2121212121211,
        853.030303030303,
        2
      ],
      "num_keypoints": 20,
      "iscrowd": 0,
      "segmentation": [],
      "group_id": 1
    },
    {
      "category_id": 1,
      "image_id": 0,
      "id": 1,
      "bbox": [
        717.3333333333333,
        347.5666666666666,
        232.0,
        529.2
      ],
      "area": 122774.40000000001,
      "keypoints": [
        829.2207792207793,
        412.987012987013,
        2,
        831.9039451114922,
        400.34305317324186,
        1,
        818.3333333333333,
        398.05555555555554,
        2,
        817.7777777777777,
        385.18518518518516,
        0,
        785.2777777777777,
        391.66666666666663,
        2,
        830.8333333333333,
        438.05555555555554,
        2,
        758.6111111111111,
        445.27777777777777,
        2,
        895.4545454545455,
        501.5151515151515,
        1,
        804.5454545454545,
        504.54545454545456,
        2,
        929.9999999999999,
        496.6666666666667,
        1,
        876.6666666666666,
        495.3333333333333,
        2,
        803.3333333333333,
        598.0,
        2,
        758.0,
        603.3333333333334,
        1,
        814.0,
        699.3333333333334,
        2,
        750.0,
        707.3333333333334,
        2,
        818.0,
        772.6666666666666,
        2,
        740.6666666666666,
        780.6666666666666,
        2,
        806.0,
        798.0,
        2,
        736.6666666666666,
        810.0,
        2,
        842.0,
        815.3333333333334,
        2,
        756.6666666666666,
        832.6666666666666,
        2
      ],
      "num_keypoints": 20,
      "iscrowd": 0,
      "segmentation": [],
      "group_id": 2
    }
  ]
}