{
  "categories": [
    {
      "supercategory": "person",
      "id": 1,
      "name": "person",
      "keypoints": [
        "nose",
        "left_eye",
        "right_eye",
        "left_ear",
        "right_ear",
        "left_shoulder",
        "right_shoulder",
        "left_elbow",
        "right_elbow",
        "left_wrist",
        "right_wrist",
        "left_hip",
        "right_hip",
        "left_knee",
        "right_knee",
        "left_ankle",
        "right_ankle",
        "left_heel",
        "right_heel",
        "left_foot",
        "right_foot"
      ],
      "skeleton": [
        [
          1,
          2
        ],
        [
          0,
          1
        ],
        [
          0,
          2
        ],
        [
          1,
          3
        ],
        [
          2,
          4
        ],
        [
          5,
          6
        ],
        [
          5,
          7
        ],
        [
          7,
          9
        ],
        [
          6,
          8
        ],
        [
          8,
          10
        ],
        [
          5,
          11
        ],
        [
          6,
          12
        ],
        [
          11,
          12
        ],
        [
          11,
          13
        ],
        [
          13,
          15
        ],
        [
          12,
          14
        ],
        [
          14,
          16
        ],
        [
          16,
          18
        ],
        [
          16,
          20
        ],
        [
          20,
          18
        ],
        [
          15,
          17
        ],
        [
          15,
          19
        ],
        [
          19,
          17
        ]
      ]
    }
  ],
  "images": [
    {
      "file_name": "000000000192.jpg",
      "height": 1200,
      "width": 1600,
      "id": 0
    }
  ],
  "annotations": [
    {
      "category_id": 1,
      "image_id": 0,
      "id": 0,
      "bbox": [
        860.2941176470588,
        263.10630630630635,
        205.88235294117658,
        618.7243243243242
      ],
      "area": 127384.41971383152,
      "keypoints": [
        968.6746987951807,
        326.5060240963855,
        2,
        982.2222222222222,
        314.6666666666667,
        2,
        962.6666666666666,
        315.1111111111111,
        2,
        1013.1578947368421,
        321.7105263157895,
        1,
        950.0,
        320.5882352941176,
        1,
        1049.0196078431372,
        360.78431372549016,
        2,
        941.8032786885246,
        354.09836065573774,
        2,
        1048.0392156862745,
        480.3921568627451,
        2,
        896.078431372549,
        466.6666666666667,
        2,
        1029.4117647058824,
        549.0196078431372,
        2,
        877.4509803921568,
        518.6274509803922,
        1,
        1002.4590163934427,
        568.8524590163935,
        1,
        941.8032786885246,
        565.5737704918033,
        2,
        995.9016393442623,
        708.1967213114755,
        2,
        941.3043478260869,
        706.5217391304348,
        2,
        1008.433734939759,
        771.0843373493975,
        2,
        967.4698795180722,
        771.0843373493975,
        2,
        1023.008849557522,
        791.150442477876,
        2,
        983.1858407079645,
        782.3008849557522,
        2,
        1007.027027027027,
        830.2702702702702,
        2,
        957.1428571428572,
        827.3809523809524,
        2
      ],
      "num_keypoints": 21,
      "iscrowd": 0,
      "segmentation": [],
      "group_id": 1
    },
    {
      "category_id": 1,
      "image_id": 0,
      "id": 1,
      "bbox": [
        751.2894117647058,
        304.16052631578947,
        123.72705882352943,
        636.9157894736843
      ],
      "area": 78803.71734984523,
      "keypoints": [
        836.8,
        368.0,
        1,
        832.2368421052631,
        355.92105263157896,
        0,
        824.3421052631579,
        357.2368421052632,
        2,
        807.2368421052631,
        356.57894736842104,
        0,
        787.5,
        366.4473684210526,
        1,
        843.362831858407,
        417.6991150442477,
        1,
        784.0707964601769,
        425.6637168141593,
        2,
        866.3043478260869,
        486.95652173913044,
        0,
        792.391304347826,
        519.5652173913044,
        2,
        909.2105263157895,
        457.2368421052632,
        0,
        864.7058823529412,
        493.1372549019608,
        2,
        840.1960784313725,
        616.6666666666666,
        1,
        803.9215686274509,
        609.8039215686274,
        2,
        839.2156862745098,
        728.4313725490196,
        2,
        798.0392156862745,
        739.2156862745098,
        2,
        815.6862745098039,
        820.5882352941177,
        2,
        780.4347826086956,
        847.8260869565217,
        2,
        798.6842105263157,
        840.1315789473684,
        2,
        761.6,
        869.6,
        2,
        848.0,
        844.0,
        2,
        802.4,
        888.0,
        2
      ],
      "num_keypoints": 17,
      "iscrowd": 0,
      "segmentation": [],
      "group_id": 2
    }
  ]
}