{
  "categories": [
    {
      "supercategory": "person",
      "id": 1,
      "name": "person",
      "keypoints": [
        "nose",
        "left_eye",
        "right_eye",
        "left_ear",
        "right_ear",
        "left_shoulder",
        "right_shoulder",
        "left_elbow",
        "right_elbow",
        "left_wrist",
        "right_wrist",
        "left_hip",
        "right_hip",
        "left_knee",
        "right_knee",
        "left_ankle",
        "right_ankle",
        "left_heel",
        "right_heel",
        "left_foot",
        "right_foot"
      ],
      "skeleton": [
        [
          1,
          2
        ],
        [
          0,
          1
        ],
        [
          0,
          2
        ],
        [
          1,
          3
        ],
        [
          2,
          4
        ],
        [
          5,
          6
        ],
        [
          5,
          7
        ],
        [
          7,
          9
        ],
        [
          6,
          8
        ],
        [
          8,
          10
        ],
        [
          5,
          11
        ],
        [
          6,
          12
        ],
        [
          11,
          12
        ],
        [
          11,
          13
        ],
        [
          13,
          15
        ],
        [
          12,
          14
        ],
        [
          14,
          16
        ],
        [
          16,
          18
        ],
        [
          16,
          20
        ],
        [
          20,
          18
        ],
        [
          15,
          17
        ],
        [
          15,
          19
        ],
        [
          19,
          17
        ]
      ]
    }
  ],
  "images": [
    {
      "file_name": "000000000962.jpg",
      "height": 1200,
      "width": 1600,
      "id": 0
    }
  ],
  "annotations": [
    {
      "category_id": 1,
      "image_id": 0,
      "id": 0,
      "bbox": [
        960.7245065789473,
        220.39638157894734,
        275.51644736842104,
        279.4539473684211
      ],
      "area": 76994.15878202909,
      "keypoints": [
        1152.1739130434783,
        253.26086956521738,
        2,
        1167.8947368421052,
        244.21052631578945,
        2,
        1147.3684210526314,
        243.68421052631578,
        2,
        1193.6842105263156,
        248.9473684210526,
        2,
        1142.578125,
        240.625,
        0,
        1207.03125,
        299.609375,
        2,
        1120.3125,
        295.3125,
        2,
        1213.28125,
        382.03125,
        2,
        1103.515625,
        376.953125,
        2,
        1212.890625,
        476.5625,
        2,
        1087.109375,
        461.71875,
        2,
        1180.46875,
        405.859375,
        2,
        1116.0256410256409,
        390.38461538461536,
        1,
        1105.7692307692307,
        401.9230769230769,
        2,
        1090.0,
        390.52631578947364,
        1,
        1050.0,
        424.35897435897436,
        2,
        1017.8947368421052,
        416.84210526315786,
        1,
        1025.7894736842104,
        439.99999999999994,
        1,
        992.6315789473683,
        441.05263157894734,
        2,
        1022.1052631578947,
        386.31578947368416,
        1,
        983.6842105263157,
        387.89473684210526,
        1
      ],
      "num_keypoints": 20,
      "iscrowd": 0,
      "segmentation": [],
      "group_id": 1
    },
    {
      "category_id": 1,
      "image_id": 0,
      "id": 1,
      "bbox": [
        886.7152961980547,
        248.46848060344826,
        221.48541114058355,
        548.0657327586208
      ],
      "area": 121388.56415210832,
      "keypoints": [
        1002.734375,
        305.859375,
        2,
        1003.125,
        297.265625,
        2,
        992.1875,
        297.265625,
        2,
        981.25,
        294.921875,
        0,
        960.9375,
        294.140625,
        2,
        1010.2564102564103,
        346.79487179487177,
        2,
        948.0769230769231,
        360.8974358974359,
        2,
        1047.4358974358975,
        411.53846153846155,
        0,
        967.3076923076923,
        455.12820512820514,
        2,
        1089.7435897435896,
        375.0,
        1,
        1039.7435897435896,
        475.64102564102564,
        2,
        1005.1282051282051,
        511.53846153846155,
        1,
        956.4102564102564,
        515.3846153846154,
        1,
        993.5897435897434,
        624.3589743589744,
        2,
        955.1282051282051,
        630.7692307692307,
        2,
        967.2413793103448,
        716.3793103448277,
        2,
        918.103448275862,
        730.1724137931035,
        2,
        955.1724137931034,
        734.4827586206897,
        2,
        905.1724137931034,
        750.8620689655173,
        2,
        988.7931034482758,
        736.2068965517242,
        2,
        939.655172413793,
        748.2758620689656,
        2
      ],
      "num_keypoints": 19,
      "iscrowd": 0,
      "segmentation": [],
      "group_id": 2
    }
  ]
}