{
  "categories": [
    {
      "supercategory": "person",
      "id": 1,
      "name": "person",
      "keypoints": [
        "nose",
        "left_eye",
        "right_eye",
        "left_ear",
        "right_ear",
        "left_shoulder",
        "right_shoulder",
        "left_elbow",
        "right_elbow",
        "left_wrist",
        "right_wrist",
        "left_hip",
        "right_hip",
        "left_knee",
        "right_knee",
        "left_ankle",
        "right_ankle",
        "left_heel",
        "right_heel",
        "left_foot",
        "right_foot"
      ],
      "skeleton": [
        [
          1,
          2
        ],
        [
          0,
          1
        ],
        [
          0,
          2
        ],
        [
          1,
          3
        ],
        [
          2,
          4
        ],
        [
          5,
          6
        ],
        [
          5,
          7
        ],
        [
          7,
          9
        ],
        [
          6,
          8
        ],
        [
          8,
          10
        ],
        [
          5,
          11
        ],
        [
          6,
          12
        ],
        [
          11,
          12
        ],
        [
          11,
          13
        ],
        [
          13,
          15
        ],
        [
          12,
          14
        ],
        [
          14,
          16
        ],
        [
          16,
          18
        ],
        [
          16,
          20
        ],
        [
          20,
          18
        ],
        [
          15,
          17
        ],
        [
          15,
          19
        ],
        [
          19,
          17
        ]
      ]
    }
  ],
  "images": [
    {
      "file_name": "000000001962.jpg",
      "height": 1200,
      "width": 1600,
      "id": 0
    }
  ],
  "annotations": [
    {
      "category_id": 1,
      "image_id": 0,
      "id": 0,
      "bbox": [
        763.6408730158729,
        201.19588744588745,
        366.1796536796536,
        535.6493506493506
      ],
      "area": 196143.89371451054,
      "keypoints": [
        982.0,
        279.0,
        2,
        993.7500000000001,
        262.5,
        2,
        964.5833333333334,
        269.44444444444446,
        2,
        1027.0833333333333,
        245.83333333333334,
        2,
        964.5833333333334,
        258.33333333333337,
        0,
        1084.0277777777778,
        315.27777777777777,
        2,
        971.5277777777779,
        309.72222222222223,
        2,
        1090.9722222222222,
        431.94444444444446,
        2,
        954.8611111111112,
        415.27777777777777,
        1,
        1099.3055555555554,
        523.6111111111111,
        2,
        942.3611111111112,
        512.5,
        1,
        1046.5277777777778,
        475.0,
        2,
        974.3055555555555,
        459.72222222222223,
        2,
        968.7500000000001,
        547.2222222222223,
        1,
        918.7500000000001,
        547.2222222222223,
        2,
        886.8055555555557,
        626.3888888888889,
        2,
        845.1388888888889,
        631.9444444444445,
        1,
        861.6883116883116,
        679.2207792207791,
        2,
        834.4155844155844,
        692.2077922077922,
        1,
        833.1168831168831,
        637.6623376623377,
        1,
        794.1558441558441,
        632.4675324675325,
        1
      ],
      "num_keypoints": 20,
      "iscrowd": 0,
      "segmentation": [],
      "group_id": 1
    },
    {
      "category_id": 1,
      "image_id": 0,
      "id": 1,
      "bbox": [
        802.1569264069266,
        257.69047619047615,
        164.11688311688295,
        647.9740259740261
      ],
      "area": 106343.47748355531,
      "keypoints": [
        907.1428571428571,
        327.27272727272725,
        2,
        917.5324675324675,
        311.68831168831167,
        2,
        891.5584415584416,
        318.1818181818182,
        2,
        916.2337662337662,
        325.97402597402595,
        0,
        859.0909090909091,
        320.7792207792208,
        2,
        914.9350649350649,
        375.3246753246753,
        2,
        837.012987012987,
        393.5064935064935,
        2,
        935.7142857142857,
        474.025974025974,
        0,
        898.051948051948,
        449.35064935064935,
        2,
        965.5844155844155,
        435.06493506493507,
        0,
        952.5974025974026,
        375.3246753246753,
        2,
        933.1168831168831,
        587.012987012987,
        1,
        887.6623376623377,
        584.4155844155844,
        1,
        916.8831168831168,
        674.025974025974,
        2,
        863.6363636363636,
        694.8051948051948,
        1,
        889.1666666666667,
        786.6666666666667,
        2,
        837.5,
        803.3333333333334,
        2,
        882.5,
        801.6666666666667,
        2,
        815.8333333333335,
        818.3333333333334,
        2,
        919.1666666666667,
        811.6666666666667,
        2,
        842.5,
        851.6666666666667,
        2
      ],
      "num_keypoints": 18,
      "iscrowd": 0,
      "segmentation": [],
      "group_id": 2
    }
  ]
}