{
  "categories": [
    {
      "supercategory": "person",
      "id": 1,
      "name": "person",
      "keypoints": [
        "nose",
        "left_eye",
        "right_eye",
        "left_ear",
        "right_ear",
        "left_shoulder",
        "right_shoulder",
        "left_elbow",
        "right_elbow",
        "left_wrist",
        "right_wrist",
        "left_hip",
        "right_hip",
        "left_knee",
        "right_knee",
        "left_ankle",
        "right_ankle",
        "left_heel",
        "right_heel",
        "left_foot",
        "right_foot"
      ],
      "skeleton": [
        [
          1,
          2
        ],
        [
          0,
          1
        ],
        [
          0,
          2
        ],
        [
          1,
          3
        ],
        [
          2,
          4
        ],
        [
          5,
          6
        ],
        [
          5,
          7
        ],
        [
          7,
          9
        ],
        [
          6,
          8
        ],
        [
          8,
          10
        ],
        [
          5,
          11
        ],
        [
          6,
          12
        ],
        [
          11,
          12
        ],
        [
          11,
          13
        ],
        [
          13,
          15
        ],
        [
          12,
          14
        ],
        [
          14,
          16
        ],
        [
          16,
          18
        ],
        [
          16,
          20
        ],
        [
          20,
          18
        ],
        [
          15,
          17
        ],
        [
          15,
          19
        ],
        [
          19,
          17
        ]
      ]
    }
  ],
  "images": [
    {
      "file_name": "000000001429.jpg",
      "height": 1200,
      "width": 1600,
      "id": 0
    }
  ],
  "annotations": [
    {
      "category_id": 1,
      "image_id": 0,
      "id": 0,
      "bbox": [
        872.779793735676,
        159.78104746890875,
        264.87776928953383,
        572.8008407777195
      ],
      "area": 151722.2089523718,
      "keypoints": [
        930.9352517985611,
        228.53717026378897,
        2,
        948.2014388489209,
        211.03117505995203,
        2,
        919.6531791907514,
        207.51445086705203,
        2,
        995.3757225433526,
        224.27745664739885,
        2,
        920.5882352941176,
        234.55882352941174,
        0,
        1025.0,
        302.94117647058823,
        2,
        894.8529411764705,
        288.235294117647,
        2,
        1075.735294117647,
        410.2941176470588,
        2,
        910.2040816326531,
        423.46938775510205,
        2,
        1079.601990049751,
        531.8407960199004,
        2,
        898.9361702127659,
        504.25531914893617,
        2,
        1053.8961038961038,
        522.077922077922,
        2,
        970.7792207792207,
        533.7662337662338,
        2,
        1074.6753246753246,
        602.5974025974026,
        2,
        1031.818181818182,
        612.9870129870129,
        2,
        1104.5454545454545,
        633.7662337662338,
        2,
        1074.025974025974,
        636.3636363636364,
        2,
        1115.5844155844154,
        615.5844155844155,
        2,
        1087.121212121212,
        654.5454545454545,
        1,
        1111.3636363636365,
        681.8181818181819,
        2,
        1070.4545454545455,
        684.8484848484849,
        2
      ],
      "num_keypoints": 20,
      "iscrowd": 0,
      "segmentation": [],
      "group_id": 1
    },
    {
      "category_id": 1,
      "image_id": 0,
      "id": 1,
      "bbox": [
        673.8666666666667,
        293.38518518518515,
        241.60000000000002,
        681.3979797979798
      ],
      "area": 164625.75191919194,
      "keypoints": [
        808.4415584415584,
        361.038961038961,
        2,
        806.8181818181819,
        351.5151515151515,
        1,
        794.2760942760942,
        350.1683501683502,
        2,
        781.8181818181818,
        325.25252525252523,
        0,
        745.9259259259259,
        355.55555555555554,
        2,
        811.4478114478114,
        408.7542087542087,
        2,
        744.5283018867925,
        425.66037735849056,
        2,
        872.7272727272727,
        481.8181818181818,
        2,
        830.3030303030303,
        459.0909090909091,
        2,
        895.3333333333334,
        410.0,
        1,
        880.6666666666666,
        367.3333333333333,
        2,
        799.3333333333333,
        614.0,
        2,
        754.0,
        615.3333333333334,
        1,
        814.0,
        730.0,
        2,
        758.0,
        747.3333333333334,
        2,
        795.3333333333333,
        818.0,
        2,
        715.3333333333333,
        860.6666666666666,
        2,
        771.3333333333333,
        840.6666666666666,
        2,
        694.0,
        879.3333333333334,
        2,
        854.0,
        856.6666666666666,
        2,
        755.3333333333333,
        918.0,
        2
      ],
      "num_keypoints": 20,
      "iscrowd": 0,
      "segmentation": [],
      "group_id": 2
    }
  ]
}