{
  "categories": [
    {
      "supercategory": "person",
      "id": 1,
      "name": "person",
      "keypoints": [
        "nose",
        "left_eye",
        "right_eye",
        "left_ear",
        "right_ear",
        "left_shoulder",
        "right_shoulder",
        "left_elbow",
        "right_elbow",
        "left_wrist",
        "right_wrist",
        "left_hip",
        "right_hip",
        "left_knee",
        "right_knee",
        "left_ankle",
        "right_ankle",
        "left_heel",
        "right_heel",
        "left_foot",
        "right_foot"
      ],
      "skeleton": [
        [
          1,
          2
        ],
        [
          0,
          1
        ],
        [
          0,
          2
        ],
        [
          1,
          3
        ],
        [
          2,
          4
        ],
        [
          5,
          6
        ],
        [
          5,
          7
        ],
        [
          7,
          9
        ],
        [
          6,
          8
        ],
        [
          8,
          10
        ],
        [
          5,
          11
        ],
        [
          6,
          12
        ],
        [
          11,
          12
        ],
        [
          11,
          13
        ],
        [
          13,
          15
        ],
        [
          12,
          14
        ],
        [
          14,
          16
        ],
        [
          16,
          18
        ],
        [
          16,
          20
        ],
        [
          20,
          18
        ],
        [
          15,
          17
        ],
        [
          15,
          19
        ],
        [
          19,
          17
        ]
      ]
    }
  ],
  "images": [
    {
      "file_name": "000000001377.jpg",
      "height": 1200,
      "width": 1600,
      "id": 0
    }
  ],
  "annotations": [
    {
      "category_id": 1,
      "image_id": 0,
      "id": 0,
      "bbox": [
        769.5973524544953,
        490.1144094001237,
        137.80474351902922,
        351.2801484230056
      ],
      "area": 48408.0707567588,
      "keypoints": [
        810.4651162790698,
        563.0813953488372,
        0,
        826.7441860465117,
        544.7674418604652,
        2,
        801.6177957532861,
        551.567239635996,
        1,
        843.8888888888889,
        538.8888888888889,
        2,
        798.1981981981982,
        542.3423423423422,
        0,
        865.7657657657657,
        536.036036036036,
        1,
        781.081081081081,
        575.6756756756756,
        2,
        906.3063063063063,
        541.4414414414414,
        0,
        783.6734693877552,
        627.5510204081633,
        2,
        895.9183673469388,
        519.3877551020408,
        1,
        811.4427860696517,
        674.1293532338308,
        2,
        879.87012987013,
        689.6103896103896,
        2,
        814.935064935065,
        681.8181818181818,
        0,
        848.7012987012987,
        749.3506493506493,
        2,
        792.8571428571428,
        750.6493506493506,
        2,
        859.7402597402597,
        788.3116883116883,
        2,
        820.7792207792207,
        783.1168831168831,
        2,
        867.5324675324675,
        781.8181818181818,
        2,
        835.6060606060606,
        790.9090909090909,
        1,
        865.9090909090909,
        809.0909090909091,
        2,
        828.0303030303029,
        812.1212121212121,
        2
      ],
      "num_keypoints": 17,
      "iscrowd": 0,
      "segmentation": [],
      "group_id": 1
    },
    {
      "category_id": 1,
      "image_id": 0,
      "id": 1,
      "bbox": [
        421.99999999999994,
        361.7621890547263,
        352.00000000000006,
        614.0776119402985
      ],
      "area": 216155.31940298513,
      "keypoints": [
        646.1038961038961,
        429.87012987012986,
        1,
        643.7810945273632,
        412.93532338308455,
        1,
        642.7860696517412,
        419.4029850746268,
        2,
        610.4477611940298,
        408.955223880597,
        0,
        610.4477611940298,
        431.3432835820895,
        2,
        614.9253731343283,
        467.16417910447757,
        0,
        594.5273631840795,
        501.9900497512437,
        2,
        627.2727272727273,
        598.4848484848485,
        0,
        580.3030303030304,
        625.7575757575758,
        2,
        626.0,
        636.6666666666666,
        0,
        640.6666666666666,
        666.0,
        2,
        626.0,
        671.3333333333334,
        2,
        608.6666666666666,
        690.0,
        2,
        620.6666666666666,
        780.6666666666666,
        2,
        728.6666666666666,
        772.6666666666666,
        2,
        487.33333333333326,
        820.6666666666666,
        2,
        694.0,
        890.0,
        2,
        451.33333333333326,
        826.0,
        2,
        663.3333333333333,
        908.6666666666666,
        2,
        503.33333333333326,
        866.0,
        2,
        744.6666666666666,
        924.6666666666666,
        2
      ],
      "num_keypoints": 17,
      "iscrowd": 0,
      "segmentation": [],
      "group_id": 2
    }
  ]
}