{
  "categories": [
    {
      "supercategory": "person",
      "id": 1,
      "name": "person",
      "keypoints": [
        "nose",
        "left_eye",
        "right_eye",
        "left_ear",
        "right_ear",
        "left_shoulder",
        "right_shoulder",
        "left_elbow",
        "right_elbow",
        "left_wrist",
        "right_wrist",
        "left_hip",
        "right_hip",
        "left_knee",
        "right_knee",
        "left_ankle",
        "right_ankle",
        "left_heel",
        "right_heel",
        "left_foot",
        "right_foot"
      ],
      "skeleton": [
        [
          1,
          2
        ],
        [
          0,
          1
        ],
        [
          0,
          2
        ],
        [
          1,
          3
        ],
        [
          2,
          4
        ],
        [
          5,
          6
        ],
        [
          5,
          7
        ],
        [
          7,
          9
        ],
        [
          6,
          8
        ],
        [
          8,
          10
        ],
        [
          5,
          11
        ],
        [
          6,
          12
        ],
        [
          11,
          12
        ],
        [
          11,
          13
        ],
        [
          13,
          15
        ],
        [
          12,
          14
        ],
        [
          14,
          16
        ],
        [
          16,
          18
        ],
        [
          16,
          20
        ],
        [
          20,
          18
        ],
        [
          15,
          17
        ],
        [
          15,
          19
        ],
        [
          19,
          17
        ]
      ]
    }
  ],
  "images": [
    {
      "file_name": "000000001850.jpg",
      "height": 1200,
      "width": 1600,
      "id": 0
    }
  ],
  "annotations": [
    {
      "category_id": 1,
      "image_id": 0,
      "id": 0,
      "bbox": [
        904.7222222222224,
        301.3636363636364,
        218.33333333333303,
        583.6363636363636
      ],
      "area": 127427.27272727255,
      "keypoints": [
        993.7500000000001,
        368.05555555555554,
        2,
        1015.9722222222223,
        350.0,
        2,
        985.4166666666669,
        351.3888888888889,
        2,
        1043.75,
        359.72222222222223,
        2,
        982.638888888889,
        348.61111111111114,
        0,
        1071.5277777777778,
        387.5,
        2,
        984.0277777777779,
        393.05555555555554,
        2,
        1104.861111111111,
        475.0,
        2,
        942.3611111111112,
        458.33333333333337,
        2,
        1067.361111111111,
        515.2777777777778,
        2,
        922.9166666666669,
        497.22222222222223,
        2,
        1053.4722222222222,
        583.3333333333334,
        2,
        981.2500000000001,
        591.6666666666667,
        1,
        1053.4722222222222,
        723.6111111111111,
        2,
        992.3611111111112,
        726.3888888888889,
        2,
        1039.5833333333333,
        804.1666666666667,
        2,
        1009.0277777777779,
        800.0,
        2,
        1060.3896103896104,
        812.9870129870129,
        2,
        1022.7272727272726,
        818.1818181818181,
        1,
        1035.7142857142858,
        836.3636363636364,
        2,
        1005.8441558441558,
        824.6753246753246,
        2
      ],
      "num_keypoints": 20,
      "iscrowd": 0,
      "segmentation": [],
      "group_id": 1
    },
    {
      "category_id": 1,
      "image_id": 0,
      "id": 1,
      "bbox": [
        693.8961038961039,
        321.8571428571428,
        236.88311688311683,
        641.6103896103898
      ],
      "area": 151986.6689155001,
      "keypoints": [
        807.1428571428571,
        398.7012987012987,
        2,
        817.5324675324675,
        381.8181818181818,
        2,
        800.6493506493506,
        384.4155844155844,
        2,
        787.6623376623377,
        384.4155844155844,
        0,
        760.3896103896103,
        375.3246753246753,
        2,
        795.4545454545454,
        438.9610389610389,
        2,
        729.2207792207791,
        449.35064935064935,
        2,
        843.5064935064935,
        489.6103896103896,
        2,
        713.6363636363636,
        541.5584415584416,
        2,
        911.038961038961,
        485.7142857142857,
        1,
        748.7012987012987,
        559.7402597402597,
        1,
        786.3636363636364,
        646.7532467532467,
        0,
        757.7922077922078,
        651.9480519480519,
        2,
        783.1168831168831,
        737.6623376623377,
        1,
        767.5324675324675,
        740.2597402597403,
        2,
        779.1666666666667,
        828.3333333333334,
        1,
        747.5,
        858.3333333333334,
        2,
        775.8333333333335,
        841.6666666666667,
        1,
        744.1666666666667,
        881.6666666666667,
        2,
        820.8333333333335,
        833.3333333333334,
        2,
        780.8333333333335,
        910.0000000000001,
        2
      ],
      "num_keypoints": 19,
      "iscrowd": 0,
      "segmentation": [],
      "group_id": 2
    }
  ]
}