{
  "categories": [
    {
      "supercategory": "person",
      "id": 1,
      "name": "person",
      "keypoints": [
        "nose",
        "left_eye",
        "right_eye",
        "left_ear",
        "right_ear",
        "left_shoulder",
        "right_shoulder",
        "left_elbow",
        "right_elbow",
        "left_wrist",
        "right_wrist",
        "left_hip",
        "right_hip",
        "left_knee",
        "right_knee",
        "left_ankle",
        "right_ankle",
        "left_heel",
        "right_heel",
        "left_foot",
        "right_foot"
      ],
      "skeleton": [
        [
          1,
          2
        ],
        [
          0,
          1
        ],
        [
          0,
          2
        ],
        [
          1,
          3
        ],
        [
          2,
          4
        ],
        [
          5,
          6
        ],
        [
          5,
          7
        ],
        [
          7,
          9
        ],
        [
          6,
          8
        ],
        [
          8,
          10
        ],
        [
          5,
          11
        ],
        [
          6,
          12
        ],
        [
          11,
          12
        ],
        [
          11,
          13
        ],
        [
          13,
          15
        ],
        [
          12,
          14
        ],
        [
          14,
          16
        ],
        [
          16,
          18
        ],
        [
          16,
          20
        ],
        [
          20,
          18
        ],
        [
          15,
          17
        ],
        [
          15,
          19
        ],
        [
          19,
          17
        ]
      ]
    }
  ],
  "images": [
    {
      "file_name": "000000000635.jpg",
      "height": 1200,
      "width": 1600,
      "id": 0
    }
  ],
  "annotations": [
    {
      "category_id": 1,
      "image_id": 0,
      "id": 0,
      "bbox": [
        515.2171052631579,
        376.8770559210526,
        192.3947368421052,
        582.1628289473684
      ],
      "area": 112005.06427458445,
      "keypoints": [
        537.2549019607843,
        436.27450980392155,
        1,
        548.828125,
        425.390625,
        2,
        531.25,
        425.78125,
        2,
        584.375,
        430.46875,
        2,
        552.1865889212828,
        431.77842565597666,
        0,
        633.2361516034985,
        513.1195335276967,
        2,
        539.3586005830904,
        496.7930029154519,
        2,
        648.3965014577259,
        614.868804664723,
        1,
        537.3177842565598,
        603.7900874635568,
        2,
        639.6501457725947,
        700.2915451895043,
        2,
        543.4402332361516,
        668.804664723032,
        2,
        613.7026239067055,
        676.6763848396502,
        2,
        560.2564102564102,
        673.0769230769231,
        2,
        593.5897435897435,
        800.0,
        2,
        624.3589743589743,
        771.7948717948718,
        0,
        656.4102564102564,
        866.6666666666666,
        1,
        675.6410256410255,
        847.4358974358975,
        2,
        673.1578947368421,
        885.2631578947368,
        2,
        691.578947368421,
        859.9999999999999,
        2,
        641.578947368421,
        910.5263157894736,
        1,
        650.5263157894736,
        872.1052631578947,
        1
      ],
      "num_keypoints": 19,
      "iscrowd": 0,
      "segmentation": [],
      "group_id": 1
    },
    {
      "category_id": 1,
      "image_id": 0,
      "id": 1,
      "bbox": [
        715.9317233154442,
        294.1146179401993,
        170.35778175313067,
        533.4817275747508
      ],
      "area": 90882.76371546251,
      "keypoints": [
        764.7619047619047,
        350.4761904761905,
        2,
        776.1904761904761,
        338.57142857142856,
        2,
        754.2857142857142,
        342.38095238095235,
        2,
        795.2380952380952,
        343.8095238095238,
        2,
        743.3333333333333,
        345.7142857142857,
        2,
        820.952380952381,
        396.19047619047615,
        2,
        733.9743589743589,
        405.12820512820514,
        2,
        837.1794871794872,
        482.6923076923077,
        2,
        730.1282051282051,
        494.87179487179486,
        2,
        814.7435897435897,
        483.3333333333333,
        2,
        757.6923076923076,
        489.7435897435897,
        2,
        821.7948717948717,
        554.4871794871794,
        1,
        755.1282051282051,
        566.6666666666666,
        2,
        838.4615384615383,
        671.7948717948718,
        1,
        761.5384615384614,
        669.2307692307692,
        2,
        859.3023255813954,
        762.2093023255815,
        2,
        762.2093023255815,
        744.1860465116279,
        2,
        858.7209302325582,
        775.5813953488372,
        2,
        777.3255813953489,
        761.046511627907,
        2,
        872.0930232558139,
        783.1395348837209,
        2,
        761.046511627907,
        770.3488372093024,
        2
      ],
      "num_keypoints": 21,
      "iscrowd": 0,
      "segmentation": [],
      "group_id": 2
    },
    {
      "category_id": 1,
      "image_id": 0,
      "id": 2,
      "bbox": [
        237.77777777777777,
        256.05820105820106,
        99.04761904761904,
        238.41269841269838
      ],
      "area": 23614.210128495837,
      "keypoints": [
        283.3333333333333,
        277.5132275132275,
        0,
        280.1587301587301,
        271.95767195767195,
        0,
        287.037037037037,
        272.75132275132273,
        0,
        273.015873015873,
        275.9259259259259,
        1,
        292.59259259259255,
        277.77777777777777,
        2,
        258.2010582010582,
        298.67724867724866,
        2,
        303.17460317460313,
        295.23809523809524,
        2,
        246.8253968253968,
        342.32804232804233,
        2,
        320.1058201058201,
        340.2116402116402,
        2,
        246.03174603174602,
        369.57671957671954,
        2,
        297.0899470899471,
        329.8941798941799,
        0,
        270.6349206349206,
        365.60846560846556,
        2,
        306.6137566137566,
        366.9312169312169,
        2,
        285.18518518518516,
        427.77777777777777,
        2,
        311.37566137566137,
        416.1375661375661,
        2,
        293.1216931216931,
        464.8148148148148,
        2,
        319.3121693121693,
        457.9365079365079,
        2,
        297.8835978835979,
        474.6031746031746,
        2,
        317.4603174603174,
        463.7566137566137,
        2,
        286.2433862433862,
        470.6349206349206,
        2,
        328.57142857142856,
        464.5502645502645,
        2
      ],
      "num_keypoints": 17,
      "iscrowd": 0,
      "segmentation": [],
      "group_id": 3
    }
  ]
}