{
  "categories": [
    {
      "supercategory": "person",
      "id": 1,
      "name": "person",
      "keypoints": [
        "nose",
        "left_eye",
        "right_eye",
        "left_ear",
        "right_ear",
        "left_shoulder",
        "right_shoulder",
        "left_elbow",
        "right_elbow",
        "left_wrist",
        "right_wrist",
        "left_hip",
        "right_hip",
        "left_knee",
        "right_knee",
        "left_ankle",
        "right_ankle",
        "left_heel",
        "right_heel",
        "left_foot",
        "right_foot"
      ],
      "skeleton": [
        [
          1,
          2
        ],
        [
          0,
          1
        ],
        [
          0,
          2
        ],
        [
          1,
          3
        ],
        [
          2,
          4
        ],
        [
          5,
          6
        ],
        [
          5,
          7
        ],
        [
          7,
          9
        ],
        [
          6,
          8
        ],
        [
          8,
          10
        ],
        [
          5,
          11
        ],
        [
          6,
          12
        ],
        [
          11,
          12
        ],
        [
          11,
          13
        ],
        [
          13,
          15
        ],
        [
          12,
          14
        ],
        [
          14,
          16
        ],
        [
          16,
          18
        ],
        [
          16,
          20
        ],
        [
          20,
          18
        ],
        [
          15,
          17
        ],
        [
          15,
          19
        ],
        [
          19,
          17
        ]
      ]
    }
  ],
  "images": [
    {
      "file_name": "000000000000.jpg",
      "height": 1200,
      "width": 1600,
      "id": 0
    }
  ],
  "annotations": [
    {
      "category_id": 1,
      "image_id": 0,
      "id": 0,
      "bbox": [
        882.6445623342174,
        302.63720279720275,
        254.41909814323617,
        621.1535664335665
      ],
      "area": 158033.33018048274,
      "keypoints": [
        1047.0588235294117,
        365.6862745098039,
        2,
        1061.6,
        354.4,
        2,
        1036.0,
        355.1111111111111,
        2,
        1086.2222222222222,
        362.22222222222223,
        2,
        1027.5862068965519,
        360.0,
        1,
        1115.8620689655172,
        411.0344827586207,
        2,
        1010.344827586207,
        402.0689655172414,
        2,
        1096.1538461538462,
        477.6923076923077,
        2,
        950.0,
        459.2307692307692,
        2,
        1066.923076923077,
        514.6153846153846,
        2,
        903.8461538461538,
        493.07692307692304,
        2,
        1078.4615384615383,
        610.7692307692307,
        2,
        1012.3076923076923,
        603.8461538461538,
        2,
        1073.076923076923,
        732.3076923076923,
        2,
        1012.3076923076923,
        728.4615384615385,
        2,
        1062.3076923076924,
        826.1538461538461,
        2,
        1017.6923076923076,
        814.6153846153846,
        2,
        1070.6293706293707,
        848.951048951049,
        1,
        1031.4685314685314,
        839.86013986014,
        2,
        1044.7552447552448,
        872.027972027972,
        2,
        995.8041958041958,
        856.6433566433567,
        2
      ],
      "num_keypoints": 21,
      "iscrowd": 0,
      "segmentation": [],
      "group_id": 1
    },
    {
      "category_id": 1,
      "image_id": 0,
      "id": 1,
      "bbox": [
        659.5384615384614,
        317.4573426573427,
        134.76923076923094,
        606.5118881118881
      ],
      "area": 81739.14061323303,
      "keypoints": [
        729.4117647058823,
        381.37254901960785,
        2,
        737.6,
        368.0,
        2,
        716.0,
        370.22222222222223,
        2,
        743.448275862069,
        374.48275862068965,
        1,
        693.7931034482759,
        375.1724137931035,
        2,
        749.6551724137931,
        429.65517241379314,
        2,
        671.5384615384615,
        439.2307692307692,
        2,
        774.6153846153846,
        526.1538461538462,
        1,
        670.7692307692307,
        552.3076923076923,
        2,
        783.0769230769231,
        613.8461538461538,
        1,
        680.0,
        640.7692307692307,
        2,
        760.0,
        623.0769230769231,
        2,
        714.6153846153846,
        633.0769230769231,
        2,
        751.5384615384615,
        739.2307692307692,
        2,
        708.4615384615385,
        757.6923076923076,
        2,
        730.0,
        815.3846153846154,
        2,
        698.6013986013986,
        836.3636363636364,
        0,
        718.8811188811189,
        840.5594405594406,
        2,
        686.013986013986,
        858.0419580419581,
        0,
        762.2377622377622,
        844.7552447552448,
        2,
        720.979020979021,
        873.4265734265734,
        1
      ],
      "num_keypoints": 19,
      "iscrowd": 0,
      "segmentation": [],
      "group_id": 2
    }
  ]
}