{
  "categories": [
    {
      "supercategory": "person",
      "id": 1,
      "name": "person",
      "keypoints": [
        "nose",
        "left_eye",
        "right_eye",
        "left_ear",
        "right_ear",
        "left_shoulder",
        "right_shoulder",
        "left_elbow",
        "right_elbow",
        "left_wrist",
        "right_wrist",
        "left_hip",
        "right_hip",
        "left_knee",
        "right_knee",
        "left_ankle",
        "right_ankle",
        "left_heel",
        "right_heel",
        "left_foot",
        "right_foot"
      ],
      "skeleton": [
        [
          1,
          2
        ],
        [
          0,
          1
        ],
        [
          0,
          2
        ],
        [
          1,
          3
        ],
        [
          2,
          4
        ],
        [
          5,
          6
        ],
        [
          5,
          7
        ],
        [
          7,
          9
        ],
        [
          6,
          8
        ],
        [
          8,
          10
        ],
        [
          5,
          11
        ],
        [
          6,
          12
        ],
        [
          11,
          12
        ],
        [
          11,
          13
        ],
        [
          13,
          15
        ],
        [
          12,
          14
        ],
        [
          14,
          16
        ],
        [
          16,
          18
        ],
        [
          16,
          20
        ],
        [
          20,
          18
        ],
        [
          15,
          17
        ],
        [
          15,
          19
        ],
        [
          19,
          17
        ]
      ]
    }
  ],
  "images": [
    {
      "file_name": "000000001112.jpg",
      "height": 1200,
      "width": 1600,
      "id": 0
    }
  ],
  "annotations": [
    {
      "category_id": 1,
      "image_id": 0,
      "id": 0,
      "bbox": [
        840.6122448979593,
        174.98678646934462,
        198.36734693877565,
        771.0887949260041
      ],
      "area": 152958.8385036891,
      "keypoints": [
        898.7951807228915,
        253.01204819277106,
        2,
        915.9883720930233,
        239.24418604651163,
        2,
        889.2441860465117,
        240.11627906976744,
        2,
        952.9976019184652,
        251.5587529976019,
        2,
        889.4484412470024,
        251.3189448441247,
        0,
        989.795918367347,
        315.3061224489795,
        2,
        865.3061224489796,
        321.42857142857144,
        2,
        1008.1632653061225,
        423.46938775510205,
        2,
        857.1428571428572,
        441.8367346938776,
        2,
        1022.4489795918369,
        537.7551020408163,
        2,
        859.6296296296296,
        525.1851851851851,
        2,
        989.6103896103896,
        563.6363636363636,
        2,
        892.8571428571428,
        558.4415584415584,
        2,
        966.8831168831169,
        694.8051948051948,
        2,
        907.1428571428572,
        696.1038961038961,
        2,
        973.3766233766233,
        819.4805194805194,
        2,
        940.2597402597403,
        822.077922077922,
        2,
        997.4025974025974,
        837.6623376623377,
        2,
        959.8484848484849,
        843.9393939393939,
        2,
        979.5454545454546,
        881.8181818181818,
        2,
        940.1515151515151,
        871.2121212121212,
        1
      ],
      "num_keypoints": 20,
      "iscrowd": 0,
      "segmentation": [],
      "group_id": 1
    },
    {
      "category_id": 1,
      "image_id": 0,
      "id": 1,
      "bbox": [
        615.5540935672515,
        305.4135338345865,
        250.0175438596491,
        683.0895420369104
      ],
      "area": 170784.36953628086,
      "keypoints": [
        685.0649350649351,
        379.2207792207792,
        2,
        683.1168831168832,
        362.3376623376623,
        2,
        669.1666666666666,
        374.1666666666667,
        2,
        674.9235474006116,
        342.81345565749234,
        0,
        636.3888888888889,
        389.72222222222223,
        2,
        692.2222222222222,
        428.05555555555554,
        2,
        647.7064220183486,
        446.7889908256881,
        2,
        780.3030303030303,
        486.3636363636364,
        2,
        765.1515151515151,
        466.6666666666667,
        2,
        828.9473684210527,
        466.6666666666667,
        2,
        844.7368421052631,
        403.5087719298246,
        2,
        676.3157894736842,
        631.578947368421,
        0,
        674.561403508772,
        649.1228070175439,
        2,
        681.578947368421,
        761.4035087719299,
        0,
        679.8245614035088,
        794.7368421052631,
        1,
        665.7894736842105,
        836.8421052631579,
        1,
        662.280701754386,
        903.5087719298245,
        2,
        650.0,
        866.6666666666666,
        1,
        648.2456140350877,
        919.2982456140351,
        2,
        686.8421052631579,
        864.9122807017544,
        1,
        685.0877192982456,
        931.578947368421,
        1
      ],
      "num_keypoints": 18,
      "iscrowd": 0,
      "segmentation": [],
      "group_id": 2
    }
  ]
}