{
  "categories": [
    {
      "supercategory": "person",
      "id": 1,
      "name": "person",
      "keypoints": [
        "nose",
        "left_eye",
        "right_eye",
        "left_ear",
        "right_ear",
        "left_shoulder",
        "right_shoulder",
        "left_elbow",
        "right_elbow",
        "left_wrist",
        "right_wrist",
        "left_hip",
        "right_hip",
        "left_knee",
        "right_knee",
        "left_ankle",
        "right_ankle",
        "left_heel",
        "right_heel",
        "left_foot",
        "right_foot"
      ],
      "skeleton": [
        [
          1,
          2
        ],
        [
          0,
          1
        ],
        [
          0,
          2
        ],
        [
          1,
          3
        ],
        [
          2,
          4
        ],
        [
          5,
          6
        ],
        [
          5,
          7
        ],
        [
          7,
          9
        ],
        [
          6,
          8
        ],
        [
          8,
          10
        ],
        [
          5,
          11
        ],
        [
          6,
          12
        ],
        [
          11,
          12
        ],
        [
          11,
          13
        ],
        [
          13,
          15
        ],
        [
          12,
          14
        ],
        [
          14,
          16
        ],
        [
          16,
          18
        ],
        [
          16,
          20
        ],
        [
          20,
          18
        ],
        [
          15,
          17
        ],
        [
          15,
          19
        ],
        [
          19,
          17
        ]
      ]
    }
  ],
  "images": [
    {
      "file_name": "000000001273.jpg",
      "height": 1200,
      "width": 1600,
      "id": 0
    }
  ],
  "annotations": [
    {
      "category_id": 1,
      "image_id": 0,
      "id": 0,
      "bbox": [
        927.8367346938775,
        292.977797779778,
        263.5102040816329,
        630.8010801080109
      ],
      "area": 166222.5213541764,
      "keypoints": [
        1060.1769911504423,
        358.4070796460177,
        2,
        1072.0,
        345.7,
        2,
        1050.6930693069307,
        345.54455445544556,
        2,
        1094.6534653465346,
        349.7029702970297,
        2,
        1044.074074074074,
        353.3333333333333,
        0,
        1128.5714285714287,
        405.1020408163265,
        2,
        1020.4081632653063,
        398.9795918367347,
        2,
        1169.387755102041,
        484.69387755102036,
        2,
        989.795918367347,
        470.40816326530614,
        2,
        1157.3333333333333,
        512.0,
        2,
        949.7959183673469,
        506.5306122448979,
        2,
        1109.7402597402597,
        589.6103896103896,
        2,
        1013.6363636363636,
        590.9090909090909,
        1,
        1086.3636363636365,
        689.6103896103896,
        2,
        1012.3376623376624,
        710.3896103896104,
        2,
        1116.2337662337663,
        750.6493506493506,
        2,
        1015.5844155844155,
        827.2727272727273,
        2,
        1129.8701298701299,
        750.6493506493506,
        1,
        1021.9696969696969,
        851.5151515151515,
        2,
        1120.4545454545455,
        793.9393939393939,
        2,
        997.7272727272726,
        871.2121212121212,
        2
      ],
      "num_keypoints": 20,
      "iscrowd": 0,
      "segmentation": [],
      "group_id": 1
    },
    {
      "category_id": 1,
      "image_id": 0,
      "id": 1,
      "bbox": [
        655.2551495016611,
        277.00000000000006,
        138.2671096345515,
        676.0
      ],
      "area": 93468.56611295682,
      "keypoints": [
        748.7012987012987,
        353.24675324675326,
        2,
        752.2727272727271,
        333.33333333333337,
        1,
        729.2349726775956,
        337.9781420765027,
        2,
        709.3023255813953,
        319.60132890365446,
        0,
        692.0245398773005,
        340.28629856850716,
        2,
        749.0797546012269,
        393.86503067484665,
        2,
        666.7774086378737,
        421.59468438538204,
        2,
        780.3030303030303,
        518.1818181818181,
        1,
        681.8181818181819,
        557.5757575757576,
        2,
        782.0,
        616.6666666666666,
        1,
        708.6666666666666,
        651.3333333333334,
        2,
        758.0,
        599.3333333333334,
        2,
        714.0,
        614.0,
        2,
        760.6666666666666,
        734.0,
        2,
        730.0,
        751.3333333333334,
        2,
        723.3333333333333,
        843.3333333333334,
        1,
        702.0,
        851.3333333333334,
        2,
        699.3333333333333,
        872.6666666666666,
        1,
        670.0,
        882.0,
        2,
        766.0,
        884.6666666666666,
        2,
        743.3333333333333,
        896.6666666666666,
        2
      ],
      "num_keypoints": 20,
      "iscrowd": 0,
      "segmentation": [],
      "group_id": 2
    }
  ]
}