{
  "categories": [
    {
      "supercategory": "person",
      "id": 1,
      "name": "person",
      "keypoints": [
        "nose",
        "left_eye",
        "right_eye",
        "left_ear",
        "right_ear",
        "left_shoulder",
        "right_shoulder",
        "left_elbow",
        "right_elbow",
        "left_wrist",
        "right_wrist",
        "left_hip",
        "right_hip",
        "left_knee",
        "right_knee",
        "left_ankle",
        "right_ankle",
        "left_heel",
        "right_heel",
        "left_foot",
        "right_foot"
      ],
      "skeleton": [
        [
          1,
          2
        ],
        [
          0,
          1
        ],
        [
          0,
          2
        ],
        [
          1,
          3
        ],
        [
          2,
          4
        ],
        [
          5,
          6
        ],
        [
          5,
          7
        ],
        [
          7,
          9
        ],
        [
          6,
          8
        ],
        [
          8,
          10
        ],
        [
          5,
          11
        ],
        [
          6,
          12
        ],
        [
          11,
          12
        ],
        [
          11,
          13
        ],
        [
          13,
          15
        ],
        [
          12,
          14
        ],
        [
          14,
          16
        ],
        [
          16,
          18
        ],
        [
          16,
          20
        ],
        [
          20,
          18
        ],
        [
          15,
          17
        ],
        [
          15,
          19
        ],
        [
          19,
          17
        ]
      ]
    }
  ],
  "images": [
    {
      "file_name": "000000001640.jpg",
      "height": 1200,
      "width": 1600,
      "id": 0
    }
  ],
  "annotations": [
    {
      "category_id": 1,
      "image_id": 0,
      "id": 0,
      "bbox": [
        724.0277777777779,
        312.8,
        319.9999999999999,
        422.40000000000015
      ],
      "area": 135168.0,
      "keypoints": [
        763.1944444444446,
        365.27777777777777,
        2,
        773.0,
        348.0,
        2,
        750.6944444444446,
        352.77777777777777,
        1,
        800.6944444444446,
        352.77777777777777,
        1,
        759.0277777777778,
        343.05555555555554,
        0,
        882.6388888888889,
        383.33333333333337,
        2,
        764.5833333333334,
        404.1666666666667,
        2,
        917.3611111111112,
        488.8888888888889,
        2,
        777.0833333333334,
        463.8888888888889,
        2,
        920.138888888889,
        594.4444444444445,
        2,
        771.5277777777778,
        565.2777777777778,
        2,
        889.5833333333334,
        575.0,
        2,
        852.0833333333334,
        588.8888888888889,
        2,
        946.5277777777779,
        650.0,
        2,
        909.0277777777778,
        655.5555555555555,
        1,
        1000.6944444444445,
        672.2222222222223,
        2,
        967.3611111111112,
        658.3333333333334,
        1,
        1017.3611111111112,
        651.3888888888889,
        2,
        978.4722222222223,
        630.5555555555557,
        2,
        1009.0277777777779,
        700.0000000000001,
        2,
        974.3055555555555,
        683.3333333333334,
        1
      ],
      "num_keypoints": 20,
      "iscrowd": 0,
      "segmentation": [],
      "group_id": 1
    },
    {
      "category_id": 1,
      "image_id": 0,
      "id": 1,
      "bbox": [
        569.4318181818182,
        363.1190476190476,
        216.81818181818176,
        598.4155844155845
      ],
      "area": 129747.37898465169,
      "keypoints": [
        650.0,
        428.57142857142856,
        2,
        657.7922077922078,
        412.987012987013,
        2,
        637.012987012987,
        418.1818181818182,
        2,
        646.1038961038961,
        420.7792207792208,
        0,
        598.051948051948,
        418.1818181818182,
        2,
        655.1948051948052,
        458.4415584415584,
        2,
        594.1558441558442,
        475.3246753246753,
        2,
        724.025974025974,
        451.94805194805195,
        2,
        683.7662337662338,
        492.2077922077922,
        2,
        768.1818181818181,
        442.85714285714283,
        2,
        755.1948051948052,
        493.5064935064935,
        2,
        651.2987012987013,
        658.4415584415584,
        2,
        613.6363636363636,
        663.6363636363636,
        2,
        650.6493506493506,
        761.038961038961,
        1,
        597.4025974025974,
        780.5194805194805,
        1,
        654.1666666666667,
        856.6666666666667,
        2,
        590.8333333333334,
        870.0000000000001,
        2,
        640.8333333333334,
        878.3333333333334,
        2,
        587.5,
        880.0000000000001,
        1,
        670.8333333333334,
        880.0000000000001,
        2,
        595.8333333333334,
        911.6666666666667,
        2
      ],
      "num_keypoints": 20,
      "iscrowd": 0,
      "segmentation": [],
      "group_id": 2
    }
  ]
}