{
  "categories": [
    {
      "supercategory": "person",
      "id": 1,
      "name": "person",
      "keypoints": [
        "nose",
        "left_eye",
        "right_eye",
        "left_ear",
        "right_ear",
        "left_shoulder",
        "right_shoulder",
        "left_elbow",
        "right_elbow",
        "left_wrist",
        "right_wrist",
        "left_hip",
        "right_hip",
        "left_knee",
        "right_knee",
        "left_ankle",
        "right_ankle",
        "left_heel",
        "right_heel",
        "left_foot",
        "right_foot"
      ],
      "skeleton": [
        [
          1,
          2
        ],
        [
          0,
          1
        ],
        [
          0,
          2
        ],
        [
          1,
          3
        ],
        [
          2,
          4
        ],
        [
          5,
          6
        ],
        [
          5,
          7
        ],
        [
          7,
          9
        ],
        [
          6,
          8
        ],
        [
          8,
          10
        ],
        [
          5,
          11
        ],
        [
          6,
          12
        ],
        [
          11,
          12
        ],
        [
          11,
          13
        ],
        [
          13,
          15
        ],
        [
          12,
          14
        ],
        [
          14,
          16
        ],
        [
          16,
          18
        ],
        [
          16,
          20
        ],
        [
          20,
          18
        ],
        [
          15,
          17
        ],
        [
          15,
          19
        ],
        [
          19,
          17
        ]
      ]
    }
  ],
  "images": [
    {
      "file_name": "000000001698.jpg",
      "height": 1200,
      "width": 1600,
      "id": 0
    }
  ],
  "annotations": [
    {
      "category_id": 1,
      "image_id": 0,
      "id": 0,
      "bbox": [
        437.6388888888888,
        304.44444444444446,
        156.66666666666686,
        546.6666666666667
      ],
      "area": 85644.44444444455,
      "keypoints": [
        457.63888888888886,
        375.0,
        2,
        468.75000000000006,
        365.27777777777777,
        2,
        452.0833333333333,
        362.5,
        1,
        509.02777777777777,
        350.0,
        2,
        479.86111111111114,
        362.5,
        0,
        535.4166666666667,
        416.6666666666667,
        2,
        459.02777777777777,
        419.44444444444446,
        1,
        575.6944444444445,
        504.1666666666667,
        2,
        471.52777777777777,
        491.6666666666667,
        1,
        581.2500000000001,
        583.3333333333334,
        2,
        450.6944444444444,
        562.5,
        2,
        507.63888888888886,
        581.9444444444445,
        2,
        528.4722222222223,
        593.0555555555555,
        0,
        468.75000000000006,
        681.9444444444445,
        1,
        535.4166666666667,
        679.1666666666667,
        1,
        550.6944444444445,
        762.5,
        2,
        561.8055555555557,
        773.6111111111111,
        1,
        575.6944444444445,
        754.1666666666667,
        2,
        581.2500000000001,
        793.0555555555557,
        1,
        534.0277777777778,
        805.5555555555557,
        1,
        540.9722222222223,
        794.4444444444445,
        1
      ],
      "num_keypoints": 19,
      "iscrowd": 0,
      "segmentation": [],
      "group_id": 1
    },
    {
      "category_id": 1,
      "image_id": 0,
      "id": 1,
      "bbox": [
        604.5703463203464,
        315.8809523809524,
        235.15584415584408,
        635.4025974025974
      ],
      "area": 149418.63417102373,
      "keypoints": [
        778.5714285714286,
        389.6103896103896,
        2,
        790.2597402597403,
        368.83116883116884,
        2,
        765.5844155844155,
        379.2207792207792,
        2,
        799.3506493506493,
        370.12987012987014,
        0,
        734.4155844155844,
        381.8181818181818,
        2,
        801.9480519480519,
        458.4415584415584,
        2,
        718.8311688311688,
        450.64935064935065,
        2,
        782.4675324675325,
        567.5324675324675,
        0,
        759.0909090909091,
        540.2597402597403,
        2,
        768.1818181818181,
        615.5844155844155,
        0,
        820.1298701298701,
        527.2727272727273,
        2,
        783.7662337662338,
        649.3506493506493,
        2,
        733.1168831168831,
        633.7662337662338,
        2,
        807.7922077922077,
        731.1688311688312,
        2,
        710.3896103896103,
        757.1428571428571,
        2,
        764.1666666666667,
        808.3333333333334,
        2,
        647.5,
        866.6666666666667,
        1,
        754.1666666666667,
        841.6666666666667,
        2,
        624.1666666666667,
        885.0000000000001,
        1,
        799.1666666666667,
        846.6666666666667,
        2,
        677.5,
        898.3333333333334,
        2
      ],
      "num_keypoints": 18,
      "iscrowd": 0,
      "segmentation": [],
      "group_id": 2
    }
  ]
}