{
  "categories": [
    {
      "supercategory": "person",
      "id": 1,
      "name": "person",
      "keypoints": [
        "nose",
        "left_eye",
        "right_eye",
        "left_ear",
        "right_ear",
        "left_shoulder",
        "right_shoulder",
        "left_elbow",
        "right_elbow",
        "left_wrist",
        "right_wrist",
        "left_hip",
        "right_hip",
        "left_knee",
        "right_knee",
        "left_ankle",
        "right_ankle",
        "left_heel",
        "right_heel",
        "left_foot",
        "right_foot"
      ],
      "skeleton": [
        [
          1,
          2
        ],
        [
          0,
          1
        ],
        [
          0,
          2
        ],
        [
          1,
          3
        ],
        [
          2,
          4
        ],
        [
          5,
          6
        ],
        [
          5,
          7
        ],
        [
          7,
          9
        ],
        [
          6,
          8
        ],
        [
          8,
          10
        ],
        [
          5,
          11
        ],
        [
          6,
          12
        ],
        [
          11,
          12
        ],
        [
          11,
          13
        ],
        [
          13,
          15
        ],
        [
          12,
          14
        ],
        [
          14,
          16
        ],
        [
          16,
          18
        ],
        [
          16,
          20
        ],
        [
          20,
          18
        ],
        [
          15,
          17
        ],
        [
          15,
          19
        ],
        [
          19,
          17
        ]
      ]
    }
  ],
  "images": [
    {
      "file_name": "000000001970.jpg",
      "height": 1200,
      "width": 1600,
      "id": 0
    }
  ],
  "annotations": [
    {
      "category_id": 1,
      "image_id": 0,
      "id": 0,
      "bbox": [
        897.9265873015873,
        192.27272727272728,
        219.68614718614697,
        692.7272727272727
      ],
      "area": 152182.58559622182,
      "keypoints": [
        971.0,
        281.0,
        2,
        990.9722222222223,
        261.11111111111114,
        2,
        960.4166666666669,
        269.44444444444446,
        2,
        1020.138888888889,
        250.0,
        2,
        972.9166666666669,
        259.72222222222223,
        0,
        1068.75,
        319.44444444444446,
        2,
        967.3611111111112,
        315.27777777777777,
        2,
        1090.9722222222222,
        415.27777777777777,
        2,
        954.8611111111112,
        404.1666666666667,
        2,
        1099.3055555555554,
        531.9444444444445,
        2,
        940.9722222222223,
        512.5,
        2,
        1027.0833333333333,
        527.7777777777778,
        2,
        970.138888888889,
        519.4444444444445,
        2,
        1003.4722222222223,
        658.3333333333334,
        2,
        950.6944444444445,
        643.0555555555555,
        2,
        977.0833333333334,
        783.3333333333334,
        2,
        931.2500000000001,
        780.5555555555555,
        2,
        986.3636363636364,
        809.0909090909091,
        1,
        950.0,
        811.6883116883116,
        1,
        962.9870129870129,
        827.2727272727273,
        2,
        916.2337662337662,
        822.077922077922,
        2
      ],
      "num_keypoints": 20,
      "iscrowd": 0,
      "segmentation": [],
      "group_id": 1
    },
    {
      "category_id": 1,
      "image_id": 0,
      "id": 1,
      "bbox": [
        792.585497835498,
        260.88095238095235,
        158.97402597402572,
        640.8571428571429
      ],
      "area": 101879.64007421135,
      "keypoints": [
        896.7532467532467,
        331.16883116883116,
        2,
        911.038961038961,
        314.2857142857143,
        2,
        883.7662337662338,
        314.2857142857143,
        2,
        922.7272727272727,
        318.1818181818182,
        2,
        864.2857142857142,
        316.8831168831169,
        2,
        925.3246753246754,
        384.4155844155844,
        1,
        842.2077922077922,
        385.7142857142857,
        2,
        944.8051948051948,
        474.025974025974,
        0,
        881.1688311688312,
        445.45454545454544,
        2,
        953.8961038961039,
        454.54545454545456,
        0,
        938.3116883116883,
        372.7272727272727,
        2,
        925.3246753246754,
        585.7142857142857,
        2,
        872.077922077922,
        590.9090909090909,
        2,
        909.090909090909,
        681.8181818181818,
        2,
        844.1558441558441,
        697.4025974025974,
        2,
        894.1666666666667,
        788.3333333333334,
        2,
        824.1666666666667,
        816.6666666666667,
        2,
        880.8333333333335,
        801.6666666666667,
        2,
        805.8333333333335,
        826.6666666666667,
        2,
        927.5,
        808.3333333333334,
        1,
        844.1666666666667,
        848.3333333333334,
        2
      ],
      "num_keypoints": 19,
      "iscrowd": 0,
      "segmentation": [],
      "group_id": 2
    }
  ]
}