{
  "categories": [
    {
      "supercategory": "person",
      "id": 1,
      "name": "person",
      "keypoints": [
        "nose",
        "left_eye",
        "right_eye",
        "left_ear",
        "right_ear",
        "left_shoulder",
        "right_shoulder",
        "left_elbow",
        "right_elbow",
        "left_wrist",
        "right_wrist",
        "left_hip",
        "right_hip",
        "left_knee",
        "right_knee",
        "left_ankle",
        "right_ankle",
        "left_heel",
        "right_heel",
        "left_foot",
        "right_foot"
      ],
      "skeleton": [
        [
          1,
          2
        ],
        [
          0,
          1
        ],
        [
          0,
          2
        ],
        [
          1,
          3
        ],
        [
          2,
          4
        ],
        [
          5,
          6
        ],
        [
          5,
          7
        ],
        [
          7,
          9
        ],
        [
          6,
          8
        ],
        [
          8,
          10
        ],
        [
          5,
          11
        ],
        [
          6,
          12
        ],
        [
          11,
          12
        ],
        [
          11,
          13
        ],
        [
          13,
          15
        ],
        [
          12,
          14
        ],
        [
          14,
          16
        ],
        [
          16,
          18
        ],
        [
          16,
          20
        ],
        [
          20,
          18
        ],
        [
          15,
          17
        ],
        [
          15,
          19
        ],
        [
          19,
          17
        ]
      ]
    }
  ],
  "images": [
    {
      "file_name": "000000000458.jpg",
      "height": 1200,
      "width": 1600,
      "id": 0
    }
  ],
  "annotations": [
    {
      "category_id": 1,
      "image_id": 0,
      "id": 0,
      "bbox": [
        593.9761526232114,
        332.88570691434467,
        178.1685214626391,
        711.2538699690404
      ],
      "area": 126723.05039696408,
      "keypoints": [
        704.4247787610619,
        407.0796460176991,
        2,
        717.6470588235294,
        393.62745098039215,
        2,
        689.2156862745098,
        392.156862745098,
        2,
        744.927536231884,
        403.62318840579707,
        0,
        676.0869565217391,
        409.42028985507244,
        2,
        753.623188405797,
        463.76811594202894,
        2,
        643.1372549019608,
        485.29411764705884,
        2,
        766.6666666666666,
        559.8039215686274,
        0,
        608.8235294117646,
        604.9019607843137,
        2,
        775.4901960784314,
        588.2352941176471,
        0,
        694.1176470588235,
        582.3529411764706,
        1,
        742.156862745098,
        697.0588235294117,
        1,
        692.156862745098,
        697.0588235294117,
        1,
        724.5098039215686,
        824.5098039215686,
        2,
        664.7058823529412,
        850.9803921568628,
        2,
        715.9292035398229,
        885.8407079646017,
        2,
        662.5,
        911.9047619047619,
        1,
        706.1946902654867,
        916.8141592920354,
        2,
        655.1351351351351,
        965.9459459459459,
        1,
        757.2972972972973,
        924.8648648648648,
        2,
        671.7105263157895,
        984.8684210526316,
        2
      ],
      "num_keypoints": 18,
      "iscrowd": 0,
      "segmentation": [],
      "group_id": 2
    },
    {
      "category_id": 1,
      "image_id": 0,
      "id": 1,
      "bbox": [
        1.803278688524582,
        440.4918032786885,
        184.91803278688528,
        733.770491803279
      ],
      "area": 135687.39586132768,
      "keypoints": [
        89.34426229508198,
        501.6393442622951,
        2,
        61.475409836065566,
        486.88524590163934,
        0,
        76.22950819672131,
        495.08196721311475,
        0,
        25.40983606557377,
        508.1967213114754,
        0,
        40.16393442622952,
        549.1803278688525,
        2,
        15.573770491803273,
        660.655737704918,
        0,
        112.29508196721311,
        683.6065573770492,
        2,
        23.770491803278688,
        855.7377049180328,
        0,
        104.09836065573772,
        929.5081967213115,
        2,
        17.213114754098356,
        942.6229508196722,
        2,
        171.31147540983608,
        1021.3114754098361,
        2,
        41.34615384615381,
        1096.1538461538462,
        0,
        97.54098360655739,
        1113.114754098361,
        1,
        28.125,
        1160.4166666666667,
        0,
        171.875,
        1179.1666666666667,
        0,
        30.32786885245902,
        1181.9672131147543,
        0,
        217.2131147540984,
        1193.44262295082,
        0,
        181.14754098360658,
        1119.6721311475412,
        0,
        95.83333333333337,
        1177.0833333333333,
        0,
        47.916666666666686,
        1189.5833333333333,
        0,
        250.0,
        1172.9166666666667,
        0
      ],
      "num_keypoints": 7,
      "iscrowd": 0,
      "segmentation": [],
      "group_id": 3
    }
  ]
}