{
  "categories": [
    {
      "supercategory": "person",
      "id": 1,
      "name": "person",
      "keypoints": [
        "nose",
        "left_eye",
        "right_eye",
        "left_ear",
        "right_ear",
        "left_shoulder",
        "right_shoulder",
        "left_elbow",
        "right_elbow",
        "left_wrist",
        "right_wrist",
        "left_hip",
        "right_hip",
        "left_knee",
        "right_knee",
        "left_ankle",
        "right_ankle",
        "left_heel",
        "right_heel",
        "left_foot",
        "right_foot"
      ],
      "skeleton": [
        [
          1,
          2
        ],
        [
          0,
          1
        ],
        [
          0,
          2
        ],
        [
          1,
          3
        ],
        [
          2,
          4
        ],
        [
          5,
          6
        ],
        [
          5,
          7
        ],
        [
          7,
          9
        ],
        [
          6,
          8
        ],
        [
          8,
          10
        ],
        [
          5,
          11
        ],
        [
          6,
          12
        ],
        [
          11,
          12
        ],
        [
          11,
          13
        ],
        [
          13,
          15
        ],
        [
          12,
          14
        ],
        [
          14,
          16
        ],
        [
          16,
          18
        ],
        [
          16,
          20
        ],
        [
          20,
          18
        ],
        [
          15,
          17
        ],
        [
          15,
          19
        ],
        [
          19,
          17
        ]
      ]
    }
  ],
  "images": [
    {
      "file_name": "000000001748.jpg",
      "height": 1200,
      "width": 1600,
      "id": 0
    }
  ],
  "annotations": [
    {
      "category_id": 1,
      "image_id": 0,
      "id": 0,
      "bbox": [
        579.3055555555555,
        363.47222222222223,
        190.0000000000001,
        538.3333333333335
      ],
      "area": 102283.33333333343,
      "keypoints": [
        679.0,
        421.0,
        1,
        696.5277777777778,
        408.33333333333337,
        1,
        671.5277777777778,
        409.72222222222223,
        1,
        721.5277777777778,
        413.8888888888889,
        2,
        659.0277777777778,
        416.6666666666667,
        0,
        742.3611111111112,
        466.6666666666667,
        2,
        652.0833333333334,
        465.27777777777777,
        2,
        707.6388888888889,
        451.3888888888889,
        2,
        615.9722222222223,
        456.94444444444446,
        2,
        692.3611111111112,
        427.77777777777777,
        2,
        595.1388888888889,
        411.11111111111114,
        2,
        724.3055555555557,
        644.4444444444445,
        2,
        665.9722222222223,
        633.3333333333334,
        2,
        732.6388888888889,
        748.6111111111111,
        2,
        684.0277777777778,
        747.2222222222223,
        1,
        735.4166666666667,
        822.2222222222223,
        2,
        707.6388888888889,
        819.4444444444445,
        2,
        753.4722222222223,
        838.8888888888889,
        2,
        722.9166666666667,
        843.0555555555557,
        1,
        729.8611111111112,
        856.9444444444446,
        2,
        697.9166666666667,
        851.3888888888889,
        2
      ],
      "num_keypoints": 20,
      "iscrowd": 0,
      "segmentation": [],
      "group_id": 1
    },
    {
      "category_id": 1,
      "image_id": 0,
      "id": 1,
      "bbox": [
        386.4935064935065,
        354.76190476190476,
        138.7012987012987,
        558.4415584415585
      ],
      "area": 77456.56940462136,
      "keypoints": [
        448.7012987012987,
        419.4805194805195,
        2,
        459.09090909090907,
        401.2987012987013,
        2,
        434.4155844155844,
        401.2987012987013,
        2,
        460.38961038961037,
        406.49350649350646,
        0,
        405.8441558441558,
        405.1948051948052,
        2,
        474.67532467532465,
        453.24675324675326,
        2,
        398.05194805194805,
        477.9220779220779,
        2,
        513.6363636363636,
        532.4675324675325,
        2,
        430.5194805194805,
        564.9350649350649,
        2,
        490.2597402597403,
        490.9090909090909,
        2,
        466.8831168831168,
        502.5974025974026,
        2,
        496.7532467532467,
        635.0649350649351,
        2,
        434.4155844155844,
        645.4545454545455,
        2,
        489.6103896103896,
        735.0649350649351,
        2,
        459.7402597402597,
        749.3506493506493,
        2,
        485.83333333333337,
        825.0000000000001,
        1,
        454.16666666666674,
        846.6666666666667,
        1,
        472.5,
        841.6666666666667,
        1,
        444.16666666666674,
        846.6666666666667,
        1,
        504.16666666666674,
        841.6666666666667,
        1,
        464.16666666666674,
        866.6666666666667,
        1
      ],
      "num_keypoints": 20,
      "iscrowd": 0,
      "segmentation": [],
      "group_id": 2
    }
  ]
}