{
  "categories": [
    {
      "supercategory": "person",
      "id": 1,
      "name": "person",
      "keypoints": [
        "nose",
        "left_eye",
        "right_eye",
        "left_ear",
        "right_ear",
        "left_shoulder",
        "right_shoulder",
        "left_elbow",
        "right_elbow",
        "left_wrist",
        "right_wrist",
        "left_hip",
        "right_hip",
        "left_knee",
        "right_knee",
        "left_ankle",
        "right_ankle",
        "left_heel",
        "right_heel",
        "left_foot",
        "right_foot"
      ],
      "skeleton": [
        [
          1,
          2
        ],
        [
          0,
          1
        ],
        [
          0,
          2
        ],
        [
          1,
          3
        ],
        [
          2,
          4
        ],
        [
          5,
          6
        ],
        [
          5,
          7
        ],
        [
          7,
          9
        ],
        [
          6,
          8
        ],
        [
          8,
          10
        ],
        [
          5,
          11
        ],
        [
          6,
          12
        ],
        [
          11,
          12
        ],
        [
          11,
          13
        ],
        [
          13,
          15
        ],
        [
          12,
          14
        ],
        [
          14,
          16
        ],
        [
          16,
          18
        ],
        [
          16,
          20
        ],
        [
          20,
          18
        ],
        [
          15,
          17
        ],
        [
          15,
          19
        ],
        [
          19,
          17
        ]
      ]
    }
  ],
  "images": [
    {
      "file_name": "000000001740.jpg",
      "height": 1200,
      "width": 1600,
      "id": 0
    }
  ],
  "annotations": [
    {
      "category_id": 1,
      "image_id": 0,
      "id": 0,
      "bbox": [
        774.7222222222223,
        255.69444444444446,
        195.0,
        665.0
      ],
      "area": 129675.0,
      "keypoints": [
        836.0,
        329.0,
        2,
        842.3611111111112,
        312.5,
        2,
        824.3055555555557,
        316.6666666666667,
        2,
        879.8611111111112,
        311.11111111111114,
        2,
        824.3055555555557,
        304.1666666666667,
        0,
        921.5277777777779,
        390.27777777777777,
        2,
        820.1388888888889,
        376.3888888888889,
        2,
        936.8055555555555,
        491.6666666666667,
        2,
        806.2500000000001,
        468.0555555555556,
        2,
        953.4722222222223,
        584.7222222222223,
        2,
        790.9722222222223,
        559.7222222222223,
        1,
        882.6388888888889,
        575.0,
        2,
        815.9722222222223,
        575.0,
        2,
        889.5833333333334,
        723.6111111111111,
        2,
        856.2500000000001,
        731.9444444444445,
        2,
        918.7500000000001,
        813.8888888888889,
        2,
        872.9166666666667,
        813.8888888888889,
        2,
        929.8611111111112,
        823.6111111111111,
        2,
        888.1944444444446,
        840.2777777777778,
        1,
        906.2500000000001,
        865.2777777777778,
        2,
        867.3611111111112,
        862.5000000000001,
        2
      ],
      "num_keypoints": 20,
      "iscrowd": 0,
      "segmentation": [],
      "group_id": 1
    },
    {
      "category_id": 1,
      "image_id": 0,
      "id": 1,
      "bbox": [
        604.8051948051948,
        360.99999999999994,
        199.48051948051955,
        577.0909090909092
      ],
      "area": 115118.39433293986,
      "keypoints": [
        681.1688311688312,
        423.37662337662334,
        2,
        685.0649350649351,
        409.09090909090907,
        2,
        669.4805194805194,
        411.68831168831167,
        2,
        662.9870129870129,
        419.4805194805195,
        0,
        634.4155844155844,
        411.68831168831167,
        2,
        686.3636363636364,
        446.75324675324674,
        2,
        621.4285714285714,
        467.53246753246754,
        2,
        731.8181818181818,
        448.05194805194805,
        2,
        703.2467532467532,
        493.5064935064935,
        2,
        787.6623376623377,
        445.45454545454544,
        1,
        781.1688311688312,
        494.8051948051948,
        2,
        695.4545454545454,
        649.3506493506493,
        2,
        657.7922077922078,
        655.8441558441558,
        2,
        689.6103896103896,
        746.7532467532467,
        1,
        638.961038961039,
        766.2337662337662,
        1,
        692.5,
        841.6666666666667,
        2,
        637.5,
        851.6666666666667,
        2,
        670.8333333333334,
        853.3333333333334,
        2,
        637.5,
        863.3333333333334,
        1,
        715.8333333333334,
        863.3333333333334,
        2,
        647.5,
        890.0000000000001,
        2
      ],
      "num_keypoints": 20,
      "iscrowd": 0,
      "segmentation": [],
      "group_id": 2
    }
  ]
}