{
  "categories": [
    {
      "supercategory": "person",
      "id": 1,
      "name": "person",
      "keypoints": [
        "nose",
        "left_eye",
        "right_eye",
        "left_ear",
        "right_ear",
        "left_shoulder",
        "right_shoulder",
        "left_elbow",
        "right_elbow",
        "left_wrist",
        "right_wrist",
        "left_hip",
        "right_hip",
        "left_knee",
        "right_knee",
        "left_ankle",
        "right_ankle",
        "left_heel",
        "right_heel",
        "left_foot",
        "right_foot"
      ],
      "skeleton": [
        [
          1,
          2
        ],
        [
          0,
          1
        ],
        [
          0,
          2
        ],
        [
          1,
          3
        ],
        [
          2,
          4
        ],
        [
          5,
          6
        ],
        [
          5,
          7
        ],
        [
          7,
          9
        ],
        [
          6,
          8
        ],
        [
          8,
          10
        ],
        [
          5,
          11
        ],
        [
          6,
          12
        ],
        [
          11,
          12
        ],
        [
          11,
          13
        ],
        [
          13,
          15
        ],
        [
          12,
          14
        ],
        [
          14,
          16
        ],
        [
          16,
          18
        ],
        [
          16,
          20
        ],
        [
          20,
          18
        ],
        [
          15,
          17
        ],
        [
          15,
          19
        ],
        [
          19,
          17
        ]
      ]
    }
  ],
  "images": [
    {
      "file_name": "000000001106.jpg",
      "height": 1200,
      "width": 1600,
      "id": 0
    }
  ],
  "annotations": [
    {
      "category_id": 1,
      "image_id": 0,
      "id": 0,
      "bbox": [
        832.7472527472527,
        149.84711984711987,
        213.62637362637372,
        821.6543816543816
      ],
      "area": 175527.04592704598,
      "keypoints": [
        912.7450980392157,
        234.31372549019608,
        2,
        931.8318318318318,
        219.81981981981983,
        2,
        907.5075075075075,
        218.31831831831832,
        2,
        970.0581395348837,
        241.27906976744185,
        2,
        904.3604651162791,
        241.86046511627907,
        0,
        997.9591836734695,
        311.2244897959183,
        2,
        871.4285714285714,
        319.38775510204084,
        2,
        1028.5714285714287,
        431.63265306122446,
        2,
        857.1428571428572,
        443.8775510204082,
        1,
        1014.2857142857144,
        541.8367346938776,
        2,
        850.5494505494505,
        526.9230769230769,
        1,
        974.025974025974,
        551.9480519480519,
        2,
        862.9870129870129,
        551.9480519480519,
        2,
        938.3116883116883,
        705.1948051948052,
        2,
        881.1688311688312,
        698.7012987012987,
        2,
        935.7142857142857,
        840.2597402597403,
        2,
        887.012987012987,
        840.2597402597403,
        2,
        941.5584415584416,
        853.2467532467532,
        2,
        906.8181818181819,
        863.6363636363636,
        1,
        937.1212121212121,
        903.030303030303,
        2,
        888.6363636363636,
        903.030303030303,
        1
      ],
      "num_keypoints": 20,
      "iscrowd": 0,
      "segmentation": [],
      "group_id": 1
    },
    {
      "category_id": 1,
      "image_id": 0,
      "id": 1,
      "bbox": [
        628.421052631579,
        307.5438596491228,
        237.8947368421052,
        673.11004784689
      ],
      "area": 160129.33769831274,
      "keypoints": [
        733.1168831168832,
        377.9220779220779,
        2,
        728.5714285714286,
        363.6363636363636,
        1,
        721.7125382262997,
        370.9480122324159,
        2,
        721.5189873417721,
        344.3037974683544,
        0,
        675.9493670886076,
        366.4556962025316,
        2,
        733.3333333333334,
        425.9938837920489,
        2,
        666.0550458715596,
        426.29969418960246,
        2,
        795.4545454545455,
        486.3636363636364,
        2,
        768.1818181818182,
        450.0,
        2,
        846.4912280701753,
        473.68421052631584,
        1,
        844.7368421052631,
        394.7368421052632,
        2,
        681.578947368421,
        622.8070175438596,
        0,
        664.0350877192983,
        636.8421052631579,
        2,
        695.6140350877193,
        756.140350877193,
        1,
        678.0701754385965,
        782.4561403508771,
        1,
        679.8245614035088,
        835.0877192982456,
        1,
        660.5263157894736,
        894.7368421052631,
        2,
        664.0350877192983,
        868.421052631579,
        1,
        648.2456140350877,
        919.2982456140351,
        2,
        706.140350877193,
        856.140350877193,
        1,
        679.8245614035088,
        924.561403508772,
        1
      ],
      "num_keypoints": 19,
      "iscrowd": 0,
      "segmentation": [],
      "group_id": 2
    }
  ]
}