{
  "categories": [
    {
      "supercategory": "person",
      "id": 1,
      "name": "person",
      "keypoints": [
        "nose",
        "left_eye",
        "right_eye",
        "left_ear",
        "right_ear",
        "left_shoulder",
        "right_shoulder",
        "left_elbow",
        "right_elbow",
        "left_wrist",
        "right_wrist",
        "left_hip",
        "right_hip",
        "left_knee",
        "right_knee",
        "left_ankle",
        "right_ankle",
        "left_heel",
        "right_heel",
        "left_foot",
        "right_foot"
      ],
      "skeleton": [
        [
          1,
          2
        ],
        [
          0,
          1
        ],
        [
          0,
          2
        ],
        [
          1,
          3
        ],
        [
          2,
          4
        ],
        [
          5,
          6
        ],
        [
          5,
          7
        ],
        [
          7,
          9
        ],
        [
          6,
          8
        ],
        [
          8,
          10
        ],
        [
          5,
          11
        ],
        [
          6,
          12
        ],
        [
          11,
          12
        ],
        [
          11,
          13
        ],
        [
          13,
          15
        ],
        [
          12,
          14
        ],
        [
          14,
          16
        ],
        [
          16,
          18
        ],
        [
          16,
          20
        ],
        [
          20,
          18
        ],
        [
          15,
          17
        ],
        [
          15,
          19
        ],
        [
          19,
          17
        ]
      ]
    }
  ],
  "images": [
    {
      "file_name": "000000000982.jpg",
      "height": 1200,
      "width": 1600,
      "id": 0
    }
  ],
  "annotations": [
    {
      "category_id": 1,
      "image_id": 0,
      "id": 0,
      "bbox": [
        831.8649517684888,
        371.05741279069764,
        292.86173633440524,
        553.561046511628
      ],
      "area": 162116.8492484858,
      "keypoints": [
        983.5164835164835,
        426.37362637362634,
        2,
        1000.390625,
        417.96875,
        2,
        976.171875,
        417.1875,
        2,
        1029.6875,
        421.09375,
        2,
        982.6366559485531,
        416.07717041800646,
        0,
        1063.9871382636657,
        459.80707395498393,
        2,
        958.8424437299036,
        454.983922829582,
        2,
        1100.3215434083602,
        522.1864951768489,
        2,
        889.7106109324759,
        490.03215434083603,
        2,
        1045.0160771704182,
        536.3344051446945,
        2,
        856.2700964630226,
        509.00321543408364,
        2,
        1045.9807073954985,
        651.1254019292604,
        2,
        975.6410256410256,
        634.6153846153846,
        2,
        994.8717948717947,
        776.9230769230769,
        2,
        962.8205128205127,
        771.7948717948718,
        2,
        1039.7435897435896,
        853.8461538461538,
        2,
        1000.0,
        847.4358974358975,
        2,
        1054.6511627906978,
        856.3953488372093,
        2,
        1011.046511627907,
        852.9069767441861,
        1,
        1025.5813953488373,
        878.4883720930233,
        2,
        981.9767441860465,
        869.7674418604652,
        2
      ],
      "num_keypoints": 20,
      "iscrowd": 0,
      "segmentation": [],
      "group_id": 1
    },
    {
      "category_id": 1,
      "image_id": 0,
      "id": 1,
      "bbox": [
        614.620150862069,
        302.76400862068965,
        96.43318965517233,
        670.2801724137931
      ],
      "area": 64637.25498848092,
      "keypoints": [
        698.7068965517241,
        372.8448275862069,
        2,
        703.0172413793102,
        358.62068965517244,
        2,
        686.6379310344827,
        364.22413793103453,
        2,
        676.7241379310344,
        361.6379310344828,
        0,
        649.5689655172413,
        373.2758620689655,
        2,
        671.7948717948718,
        433.3333333333333,
        1,
        653.2051282051282,
        450.0,
        2,
        689.1025641025641,
        517.3076923076923,
        0,
        655.7692307692307,
        559.6153846153846,
        2,
        714.7435897435897,
        619.2307692307692,
        0,
        680.1282051282051,
        641.025641025641,
        2,
        708.9743589743589,
        630.7692307692307,
        0,
        662.8205128205127,
        643.5897435897435,
        1,
        685.8974358974358,
        752.5641025641025,
        0,
        675.6410256410255,
        774.3589743589744,
        1,
        653.125,
        872.65625,
        0,
        645.3125,
        892.1875,
        2,
        622.65625,
        893.75,
        1,
        629.6875,
        917.1875,
        2,
        682.03125,
        882.8125,
        0,
        667.96875,
        907.8125,
        1
      ],
      "num_keypoints": 14,
      "iscrowd": 0,
      "segmentation": [],
      "group_id": 2
    },
    {
      "category_id": 1,
      "image_id": 0,
      "id": 2,
      "bbox": [
        1024.8471615720523,
        264.08296943231437,
        136.76855895196513,
        357.64192139737986
      ],
      "area": 48914.17021033163,
      "keypoints": [
        1083.8095238095239,
        300.95238095238096,
        2,
        1089.9563318777293,
        295.63318777292574,
        2,
        1078.3842794759826,
        295.63318777292574,
        2,
        1101.9650655021833,
        293.88646288209605,
        2,
        1069.8689956331878,
        294.5414847161572,
        2,
        1122.2707423580787,
        332.09606986899564,
        2,
        1055.6768558951965,
        332.7510917030568,
        2,
        1150.2183406113536,
        379.47598253275106,
        2,
        1043.886462882096,
        400.2183406113537,
        1,
        1126.6375545851529,
        418.3406113537118,
        2,
        1036.2445414847161,
        433.6244541484716,
        1,
        1107.8602620087336,
        441.92139737991266,
        2,
        1058.296943231441,
        442.3580786026201,
        2,
        1109.6069868995633,
        519.4323144104803,
        0,
        1057.2052401746726,
        517.0305676855895,
        0,
        1112.0087336244542,
        579.9126637554585,
        2,
        1053.4934497816594,
        576.4192139737992,
        0,
        1105.240174672489,
        591.9213973799126,
        2,
        1060.480349344978,
        582.9694323144105,
        0,
        1114.6288209606987,
        591.4847161572052,
        2,
        1049.1266375545852,
        584.4978165938865,
        0
      ],
      "num_keypoints": 16,
      "iscrowd": 0,
      "segmentation": [],
      "group_id": 3
    }
  ]
}