{
  "categories": [
    {
      "supercategory": "person",
      "id": 1,
      "name": "person",
      "keypoints": [
        "nose",
        "left_eye",
        "right_eye",
        "left_ear",
        "right_ear",
        "left_shoulder",
        "right_shoulder",
        "left_elbow",
        "right_elbow",
        "left_wrist",
        "right_wrist",
        "left_hip",
        "right_hip",
        "left_knee",
        "right_knee",
        "left_ankle",
        "right_ankle",
        "left_heel",
        "right_heel",
        "left_foot",
        "right_foot"
      ],
      "skeleton": [
        [
          1,
          2
        ],
        [
          0,
          1
        ],
        [
          0,
          2
        ],
        [
          1,
          3
        ],
        [
          2,
          4
        ],
        [
          5,
          6
        ],
        [
          5,
          7
        ],
        [
          7,
          9
        ],
        [
          6,
          8
        ],
        [
          8,
          10
        ],
        [
          5,
          11
        ],
        [
          6,
          12
        ],
        [
          11,
          12
        ],
        [
          11,
          13
        ],
        [
          13,
          15
        ],
        [
          12,
          14
        ],
        [
          14,
          16
        ],
        [
          16,
          18
        ],
        [
          16,
          20
        ],
        [
          20,
          18
        ],
        [
          15,
          17
        ],
        [
          15,
          19
        ],
        [
          19,
          17
        ]
      ]
    }
  ],
  "images": [
    {
      "file_name": "000000001249.jpg",
      "height": 1200,
      "width": 1600,
      "id": 0
    }
  ],
  "annotations": [
    {
      "category_id": 1,
      "image_id": 0,
      "id": 0,
      "bbox": [
        431.07142857142856,
        242.06265385531643,
        636.2337662337665,
        340.3843405066307
      ],
      "area": 216564.0109275304,
      "keypoints": [
        890.1960784313725,
        280.3921568627451,
        2,
        901.1673151750973,
        270.4280155642023,
        2,
        884.9785407725321,
        271.6738197424893,
        2,
        939.0557939914163,
        281.1158798283262,
        2,
        885.1351351351351,
        258.55855855855856,
        0,
        946.9387755102042,
        360.204081632653,
        2,
        863.265306122449,
        319.38775510204084,
        2,
        975.5102040816328,
        470.40816326530614,
        2,
        869.3877551020408,
        421.42857142857144,
        0,
        1014.2857142857144,
        554.0816326530612,
        2,
        855.0,
        537.0,
        2,
        821.4285714285714,
        477.9220779220779,
        2,
        783.7662337662338,
        445.45454545454544,
        0,
        737.012987012987,
        401.2987012987013,
        2,
        726.6233766233767,
        377.9220779220779,
        1,
        582.4675324675325,
        346.75324675324674,
        2,
        555.8441558441558,
        332.46753246753246,
        0,
        542.8571428571429,
        357.1428571428571,
        2,
        503.78787878787875,
        353.03030303030306,
        2,
        512.8787878787879,
        312.1212121212121,
        2,
        484.0909090909091,
        301.5151515151515,
        2
      ],
      "num_keypoints": 17,
      "iscrowd": 0,
      "segmentation": [],
      "group_id": 1
    },
    {
      "category_id": 1,
      "image_id": 0,
      "id": 1,
      "bbox": [
        742.719298245614,
        344.56521739130426,
        171.57894736842104,
        569.5652173913044
      ],
      "area": 97725.4004576659,
      "keypoints": [
        833.1168831168831,
        411.68831168831167,
        0,
        835.6060606060606,
        392.42424242424244,
        2,
        823.1884057971014,
        392.0289855072463,
        2,
        808.6378737541528,
        372.4252491694352,
        0,
        786.9565217391304,
        392.0289855072463,
        2,
        838.0067567567568,
        444.2567567567568,
        0,
        749.6621621621622,
        460.6418918918919,
        0,
        900.0,
        516.6666666666666,
        1,
        775.7575757575758,
        553.030303030303,
        2,
        874.561403508772,
        484.21052631578954,
        0,
        835.9649122807018,
        524.561403508772,
        2,
        851.7543859649122,
        626.3157894736843,
        2,
        786.8421052631579,
        636.8421052631579,
        2,
        828.9473684210527,
        738.5964912280701,
        2,
        783.3333333333334,
        747.3684210526316,
        2,
        804.3859649122807,
        810.5263157894736,
        2,
        767.5438596491229,
        835.0877192982456,
        2,
        788.5964912280701,
        833.3333333333334,
        2,
        757.0175438596491,
        863.1578947368421,
        2,
        823.6842105263158,
        831.578947368421,
        2,
        785.0877192982456,
        866.6666666666666,
        2
      ],
      "num_keypoints": 16,
      "iscrowd": 0,
      "segmentation": [],
      "group_id": 2
    }
  ]
}