{
  "categories": [
    {
      "supercategory": "person",
      "id": 1,
      "name": "person",
      "keypoints": [
        "nose",
        "left_eye",
        "right_eye",
        "left_ear",
        "right_ear",
        "left_shoulder",
        "right_shoulder",
        "left_elbow",
        "right_elbow",
        "left_wrist",
        "right_wrist",
        "left_hip",
        "right_hip",
        "left_knee",
        "right_knee",
        "left_ankle",
        "right_ankle",
        "left_heel",
        "right_heel",
        "left_foot",
        "right_foot"
      ],
      "skeleton": [
        [
          1,
          2
        ],
        [
          0,
          1
        ],
        [
          0,
          2
        ],
        [
          1,
          3
        ],
        [
          2,
          4
        ],
        [
          5,
          6
        ],
        [
          5,
          7
        ],
        [
          7,
          9
        ],
        [
          6,
          8
        ],
        [
          8,
          10
        ],
        [
          5,
          11
        ],
        [
          6,
          12
        ],
        [
          11,
          12
        ],
        [
          11,
          13
        ],
        [
          13,
          15
        ],
        [
          12,
          14
        ],
        [
          14,
          16
        ],
        [
          16,
          18
        ],
        [
          16,
          20
        ],
        [
          20,
          18
        ],
        [
          15,
          17
        ],
        [
          15,
          19
        ],
        [
          19,
          17
        ]
      ]
    }
  ],
  "images": [
    {
      "file_name": "000000000895.jpg",
      "height": 1200,
      "width": 1600,
      "id": 0
    }
  ],
  "annotations": [
    {
      "category_id": 1,
      "image_id": 0,
      "id": 0,
      "bbox": [
        866.6594636524823,
        178.58156028368796,
        255.405585106383,
        682.5531914893618
      ],
      "area": 174327.8972385695,
      "keypoints": [
        1000.0,
        259.80392156862746,
        2,
        1016.6666666666667,
        246.45390070921988,
        2,
        991.8439716312057,
        248.22695035460995,
        2,
        1036.8794326241136,
        235.46099290780143,
        2,
        976.171875,
        239.0625,
        2,
        1081.640625,
        294.921875,
        2,
        962.890625,
        281.640625,
        2,
        1100.78125,
        419.140625,
        2,
        942.1875,
        397.265625,
        2,
        1088.28125,
        510.9375,
        2,
        932.421875,
        492.578125,
        2,
        1051.171875,
        457.03125,
        2,
        970.5128205128203,
        447.43589743589746,
        2,
        989.7435897435896,
        602.5641025641025,
        2,
        934.6153846153845,
        611.5384615384615,
        1,
        939.7435897435896,
        762.8205128205128,
        2,
        905.1282051282051,
        750.0,
        2,
        948.936170212766,
        790.0709219858156,
        2,
        915.6028368794326,
        786.5248226950355,
        1,
        921.2765957446809,
        804.2553191489362,
        2,
        887.9432624113475,
        790.7801418439717,
        2
      ],
      "num_keypoints": 21,
      "iscrowd": 0,
      "segmentation": [],
      "group_id": 1
    },
    {
      "category_id": 1,
      "image_id": 0,
      "id": 1,
      "bbox": [
        711.8571428571429,
        321.72413793103453,
        200.57142857142844,
        587.5862068965517
      ],
      "area": 117853.0049261083,
      "keypoints": [
        787.9310344827586,
        384.9137931034483,
        2,
        791.3793103448276,
        373.2758620689655,
        2,
        778.8793103448276,
        375.0,
        2,
        782.3275862068965,
        368.1034482758621,
        0,
        745.2586206896551,
        370.68965517241384,
        2,
        797.1428571428571,
        415.7142857142857,
        2,
        728.5714285714286,
        425.7142857142857,
        2,
        870.952380952381,
        432.85714285714283,
        2,
        792.8571428571428,
        451.90476190476187,
        2,
        918.0952380952381,
        387.6190476190476,
        0,
        895.7142857142857,
        394.76190476190476,
        2,
        817.9487179487179,
        582.051282051282,
        2,
        770.5128205128204,
        597.4358974358975,
        2,
        796.1538461538461,
        728.2051282051282,
        2,
        767.9487179487179,
        730.7692307692307,
        2,
        777.5862068965516,
        818.1034482758621,
        2,
        743.103448275862,
        838.7931034482759,
        2,
        771.5517241379309,
        828.4482758620691,
        2,
        729.3103448275862,
        850.8620689655173,
        2,
        799.1379310344827,
        831.896551724138,
        2,
        754.3103448275862,
        860.344827586207,
        2
      ],
      "num_keypoints": 19,
      "iscrowd": 0,
      "segmentation": [],
      "group_id": 2
    }
  ]
}