{
  "categories": [
    {
      "supercategory": "person",
      "id": 1,
      "name": "person",
      "keypoints": [
        "nose",
        "left_eye",
        "right_eye",
        "left_ear",
        "right_ear",
        "left_shoulder",
        "right_shoulder",
        "left_elbow",
        "right_elbow",
        "left_wrist",
        "right_wrist",
        "left_hip",
        "right_hip",
        "left_knee",
        "right_knee",
        "left_ankle",
        "right_ankle",
        "left_heel",
        "right_heel",
        "left_foot",
        "right_foot"
      ],
      "skeleton": [
        [
          1,
          2
        ],
        [
          0,
          1
        ],
        [
          0,
          2
        ],
        [
          1,
          3
        ],
        [
          2,
          4
        ],
        [
          5,
          6
        ],
        [
          5,
          7
        ],
        [
          7,
          9
        ],
        [
          6,
          8
        ],
        [
          8,
          10
        ],
        [
          5,
          11
        ],
        [
          6,
          12
        ],
        [
          11,
          12
        ],
        [
          11,
          13
        ],
        [
          13,
          15
        ],
        [
          12,
          14
        ],
        [
          14,
          16
        ],
        [
          16,
          18
        ],
        [
          16,
          20
        ],
        [
          20,
          18
        ],
        [
          15,
          17
        ],
        [
          15,
          19
        ],
        [
          19,
          17
        ]
      ]
    }
  ],
  "images": [
    {
      "file_name": "000000000282.jpg",
      "height": 1200,
      "width": 1600,
      "id": 0
    }
  ],
  "annotations": [
    {
      "category_id": 1,
      "image_id": 0,
      "id": 0,
      "bbox": [
        791.0871074093354,
        298.62577639751555,
        377.5429463820924,
        303.4472049689441
      ],
      "area": 114564.35183538587,
      "keypoints": [
        830.327868852459,
        337.7049180327869,
        2,
        842.156862745098,
        324.01960784313724,
        2,
        822.5490196078431,
        324.01960784313724,
        2,
        883.695652173913,
        323.9130434782609,
        2,
        820.2898550724638,
        310.86956521739125,
        0,
        964.4927536231884,
        368.1159420289855,
        2,
        844.1176470588235,
        357.84313725490193,
        0,
        986.0294117647059,
        469.1176470588235,
        2,
        853.6764705882352,
        455.88235294117646,
        2,
        1020.5882352941177,
        569.6078431372549,
        2,
        854.9019607843137,
        548.0392156862745,
        2,
        1027.450980392157,
        513.7254901960785,
        2,
        977.4509803921568,
        548.0392156862745,
        2,
        1059.8360655737704,
        577.0491803278688,
        0,
        1048.9130434782608,
        556.5217391304348,
        0,
        1108.8235294117646,
        535.2941176470588,
        1,
        1083.3333333333333,
        550.9803921568628,
        1,
        1119.4690265486724,
        503.5398230088495,
        2,
        1091.150442477876,
        511.504424778761,
        2,
        1137.1681415929202,
        555.7522123893805,
        2,
        1102.9761904761906,
        576.7857142857143,
        1
      ],
      "num_keypoints": 17,
      "iscrowd": 0,
      "segmentation": [],
      "group_id": 1
    },
    {
      "category_id": 1,
      "image_id": 0,
      "id": 1,
      "bbox": [
        711.0940482387645,
        289.1898297780651,
        142.9776158250911,
        679.1725921137686
      ],
      "area": 97106.47795417371,
      "keypoints": [
        792.9203539823008,
        358.4070796460177,
        2,
        797.0238095238095,
        346.42857142857144,
        2,
        779.8534798534798,
        345.7875457875458,
        2,
        794.8717948717949,
        336.2637362637363,
        0,
        743.5897435897436,
        348.35164835164835,
        2,
        807.9646017699114,
        400.88495575221236,
        0,
        723.008849557522,
        424.77876106194685,
        2,
        869.5652173913043,
        507.6086956521739,
        0,
        775.0,
        498.9130434782609,
        2,
        866.3043478260869,
        471.73913043478257,
        0,
        825.6,
        406.4,
        2,
        838.0434782608695,
        638.0434782608695,
        2,
        771.311475409836,
        640.983606557377,
        2,
        819.5652173913043,
        739.1304347826086,
        2,
        758.695652173913,
        763.0434782608695,
        2,
        808.695652173913,
        836.9565217391304,
        2,
        755.8823529411765,
        859.8039215686274,
        2,
        790.1315789473684,
        862.5,
        2,
        740.1960784313725,
        893.1372549019608,
        2,
        842.156862745098,
        876.4705882352941,
        2,
        771.5686274509803,
        911.7647058823529,
        2
      ],
      "num_keypoints": 17,
      "iscrowd": 0,
      "segmentation": [],
      "group_id": 2
    }
  ]
}