{
  "categories": [
    {
      "supercategory": "person",
      "id": 1,
      "name": "person",
      "keypoints": [
        "nose",
        "left_eye",
        "right_eye",
        "left_ear",
        "right_ear",
        "left_shoulder",
        "right_shoulder",
        "left_elbow",
        "right_elbow",
        "left_wrist",
        "right_wrist",
        "left_hip",
        "right_hip",
        "left_knee",
        "right_knee",
        "left_ankle",
        "right_ankle",
        "left_heel",
        "right_heel",
        "left_foot",
        "right_foot"
      ],
      "skeleton": [
        [
          1,
          2
        ],
        [
          0,
          1
        ],
        [
          0,
          2
        ],
        [
          1,
          3
        ],
        [
          2,
          4
        ],
        [
          5,
          6
        ],
        [
          5,
          7
        ],
        [
          7,
          9
        ],
        [
          6,
          8
        ],
        [
          8,
          10
        ],
        [
          5,
          11
        ],
        [
          6,
          12
        ],
        [
          11,
          12
        ],
        [
          11,
          13
        ],
        [
          13,
          15
        ],
        [
          12,
          14
        ],
        [
          14,
          16
        ],
        [
          16,
          18
        ],
        [
          16,
          20
        ],
        [
          20,
          18
        ],
        [
          15,
          17
        ],
        [
          15,
          19
        ],
        [
          19,
          17
        ]
      ]
    }
  ],
  "images": [
    {
      "file_name": "000000001430.jpg",
      "height": 1200,
      "width": 1600,
      "id": 0
    }
  ],
  "annotations": [
    {
      "category_id": 1,
      "image_id": 0,
      "id": 0,
      "bbox": [
        733.7121212121212,
        123.5565906413963,
        386.36363636363626,
        785.872149052361
      ],
      "area": 303632.4212247758,
      "keypoints": [
        957.9505300353356,
        211.30742049469964,
        2,
        978.4452296819787,
        189.04593639575972,
        2,
        952.6066350710901,
        191.46919431279622,
        2,
        1021.8009478672986,
        200.94786729857822,
        2,
        949.6969696969696,
        203.030303030303,
        0,
        1045.4545454545453,
        276.96969696969694,
        2,
        923.6363636363635,
        273.93939393939394,
        2,
        1087.8787878787878,
        401.8181818181818,
        2,
        910.2040816326531,
        411.2244897959183,
        2,
        1075.1020408163265,
        543.2653061224489,
        2,
        895.8333333333334,
        507.6388888888889,
        2,
        1024.025974025974,
        529.8701298701299,
        2,
        925.3246753246752,
        509.09090909090907,
        2,
        927.9220779220778,
        659.7402597402597,
        2,
        881.9148936170212,
        639.3617021276596,
        1,
        868.1818181818181,
        789.6103896103896,
        2,
        822.077922077922,
        767.5324675324675,
        2,
        855.8441558441559,
        836.3636363636364,
        2,
        821.9696969696969,
        822.7272727272727,
        1,
        800.7575757575756,
        843.9393939393939,
        2,
        765.9090909090909,
        819.6969696969696,
        2
      ],
      "num_keypoints": 20,
      "iscrowd": 0,
      "segmentation": [],
      "group_id": 1
    },
    {
      "category_id": 1,
      "image_id": 0,
      "id": 1,
      "bbox": [
        673.3333333333334,
        288.8,
        247.9999999999999,
        686.4000000000001
      ],
      "area": 170227.19999999995,
      "keypoints": [
        805.8441558441558,
        357.1428571428571,
        2,
        806.8181818181819,
        346.969696969697,
        1,
        794.1896024464831,
        348.01223241590213,
        2,
        781.8181818181818,
        325.25252525252523,
        0,
        745.9259259259259,
        355.55555555555554,
        2,
        811.4478114478114,
        408.7542087542087,
        2,
        744.5283018867925,
        425.66037735849056,
        2,
        872.7272727272727,
        481.8181818181818,
        2,
        837.8787878787879,
        428.7878787878788,
        2,
        900.6666666666666,
        416.6666666666667,
        1,
        896.6666666666666,
        346.0,
        2,
        799.3333333333333,
        614.0,
        2,
        754.0,
        615.3333333333334,
        1,
        814.0,
        730.0,
        2,
        758.0,
        747.3333333333334,
        2,
        795.3333333333333,
        818.0,
        2,
        715.3333333333333,
        860.6666666666666,
        2,
        771.3333333333333,
        840.6666666666666,
        2,
        694.0,
        879.3333333333334,
        2,
        854.0,
        856.6666666666666,
        2,
        755.3333333333333,
        918.0,
        2
      ],
      "num_keypoints": 20,
      "iscrowd": 0,
      "segmentation": [],
      "group_id": 2
    }
  ]
}