{
  "categories": [
    {
      "supercategory": "person",
      "id": 1,
      "name": "person",
      "keypoints": [
        "nose",
        "left_eye",
        "right_eye",
        "left_ear",
        "right_ear",
        "left_shoulder",
        "right_shoulder",
        "left_elbow",
        "right_elbow",
        "left_wrist",
        "right_wrist",
        "left_hip",
        "right_hip",
        "left_knee",
        "right_knee",
        "left_ankle",
        "right_ankle",
        "left_heel",
        "right_heel",
        "left_foot",
        "right_foot"
      ],
      "skeleton": [
        [
          1,
          2
        ],
        [
          0,
          1
        ],
        [
          0,
          2
        ],
        [
          1,
          3
        ],
        [
          2,
          4
        ],
        [
          5,
          6
        ],
        [
          5,
          7
        ],
        [
          7,
          9
        ],
        [
          6,
          8
        ],
        [
          8,
          10
        ],
        [
          5,
          11
        ],
        [
          6,
          12
        ],
        [
          11,
          12
        ],
        [
          11,
          13
        ],
        [
          13,
          15
        ],
        [
          12,
          14
        ],
        [
          14,
          16
        ],
        [
          16,
          18
        ],
        [
          16,
          20
        ],
        [
          20,
          18
        ],
        [
          15,
          17
        ],
        [
          15,
          19
        ],
        [
          19,
          17
        ]
      ]
    }
  ],
  "images": [
    {
      "file_name": "000000000917.jpg",
      "height": 1200,
      "width": 1600,
      "id": 0
    }
  ],
  "annotations": [
    {
      "category_id": 1,
      "image_id": 0,
      "id": 0,
      "bbox": [
        612.6719576719577,
        381.47069597069594,
        254.28571428571422,
        553.7802197802198
      ],
      "area": 140818.398744113,
      "keypoints": [
        653.9215686274509,
        448.0392156862745,
        2,
        668.0952380952381,
        433.3333333333333,
        2,
        642.8571428571428,
        434.76190476190476,
        2,
        701.9047619047619,
        427.6190476190476,
        2,
        659.7883597883598,
        427.2486772486772,
        0,
        741.0052910052909,
        457.1428571428571,
        2,
        633.8624338624338,
        485.97883597883595,
        2,
        845.7671957671957,
        487.3015873015873,
        2,
        647.089947089947,
        609.5238095238095,
        1,
        813.7566137566137,
        525.6613756613756,
        2,
        650.0,
        662.4338624338624,
        1,
        756.084656084656,
        644.7089947089946,
        2,
        675.6410256410255,
        635.8974358974359,
        2,
        710.2564102564102,
        812.8205128205128,
        1,
        656.4102564102564,
        787.1794871794872,
        2,
        744.8717948717948,
        848.7179487179487,
        2,
        721.7948717948717,
        842.3076923076923,
        0,
        767.3076923076923,
        856.4102564102564,
        2,
        740.3846153846154,
        837.1794871794872,
        0,
        741.025641025641,
        889.1025641025641,
        2,
        723.0769230769231,
        860.2564102564103,
        1
      ],
      "num_keypoints": 18,
      "iscrowd": 0,
      "segmentation": [],
      "group_id": 1
    },
    {
      "category_id": 1,
      "image_id": 0,
      "id": 1,
      "bbox": [
        738.6627906976745,
        315.46875,
        122.09302325581382,
        564.375
      ],
      "area": 68906.24999999993,
      "keypoints": [
        814.84375,
        373.4375,
        2,
        820.703125,
        363.28125,
        2,
        805.078125,
        362.5,
        2,
        813.28125,
        359.375,
        0,
        771.484375,
        364.84375,
        2,
        831.3953488372093,
        424.4186046511628,
        2,
        748.8372093023256,
        433.13953488372096,
        2,
        844.7674418604652,
        512.2093023255813,
        1,
        741.2790697674419,
        513.3720930232558,
        0,
        850.5813953488372,
        593.0232558139535,
        2,
        743.6046511627907,
        593.6046511627907,
        0,
        829.4871794871794,
        582.051282051282,
        2,
        780.7692307692307,
        589.7435897435897,
        2,
        816.6666666666666,
        692.3076923076923,
        2,
        784.6153846153845,
        703.8461538461538,
        2,
        796.09375,
        807.8125,
        2,
        768.75,
        817.96875,
        2,
        786.71875,
        821.09375,
        1,
        757.8125,
        823.4375,
        0,
        801.5625,
        822.65625,
        2,
        771.875,
        832.8125,
        1
      ],
      "num_keypoints": 17,
      "iscrowd": 0,
      "segmentation": [],
      "group_id": 2
    }
  ]
}