{
  "categories": [
    {
      "supercategory": "person",
      "id": 1,
      "name": "person",
      "keypoints": [
        "nose",
        "left_eye",
        "right_eye",
        "left_ear",
        "right_ear",
        "left_shoulder",
        "right_shoulder",
        "left_elbow",
        "right_elbow",
        "left_wrist",
        "right_wrist",
        "left_hip",
        "right_hip",
        "left_knee",
        "right_knee",
        "left_ankle",
        "right_ankle",
        "left_heel",
        "right_heel",
        "left_foot",
        "right_foot"
      ],
      "skeleton": [
        [
          1,
          2
        ],
        [
          0,
          1
        ],
        [
          0,
          2
        ],
        [
          1,
          3
        ],
        [
          2,
          4
        ],
        [
          5,
          6
        ],
        [
          5,
          7
        ],
        [
          7,
          9
        ],
        [
          6,
          8
        ],
        [
          8,
          10
        ],
        [
          5,
          11
        ],
        [
          6,
          12
        ],
        [
          11,
          12
        ],
        [
          11,
          13
        ],
        [
          13,
          15
        ],
        [
          12,
          14
        ],
        [
          14,
          16
        ],
        [
          16,
          18
        ],
        [
          16,
          20
        ],
        [
          20,
          18
        ],
        [
          15,
          17
        ],
        [
          15,
          19
        ],
        [
          19,
          17
        ]
      ]
    }
  ],
  "images": [
    {
      "file_name": "000000000876.jpg",
      "height": 1200,
      "width": 1600,
      "id": 0
    }
  ],
  "annotations": [
    {
      "category_id": 1,
      "image_id": 0,
      "id": 0,
      "bbox": [
        769.1756810897436,
        205.4485452586207,
        354.50721153846143,
        327.72090517241384
      ],
      "area": 116179.42425553297,
      "keypoints": [
        975.221238938053,
        271.6814159292035,
        2,
        989.2241379310344,
        259.05172413793105,
        2,
        963.7931034482758,
        258.62068965517244,
        2,
        1021.9827586206897,
        232.75862068965517,
        2,
        966.40625,
        240.234375,
        0,
        1069.921875,
        296.09375,
        2,
        950.78125,
        282.03125,
        2,
        1094.140625,
        415.234375,
        2,
        941.40625,
        372.65625,
        1,
        1088.28125,
        505.859375,
        2,
        929.6875,
        495.3125,
        1,
        1045.703125,
        422.65625,
        2,
        957.6923076923076,
        405.12820512820514,
        2,
        958.9743589743589,
        433.3333333333333,
        2,
        920.5128205128203,
        428.2051282051282,
        2,
        879.4871794871794,
        479.4871794871795,
        2,
        825.6410256410255,
        471.79487179487177,
        1,
        848.0769230769231,
        498.7179487179487,
        2,
        804.4871794871794,
        501.28205128205127,
        2,
        842.3076923076923,
        428.8461538461538,
        1,
        798.7179487179487,
        420.5128205128205,
        1
      ],
      "num_keypoints": 20,
      "iscrowd": 0,
      "segmentation": [],
      "group_id": 1
    },
    {
      "category_id": 1,
      "image_id": 0,
      "id": 1,
      "bbox": [
        710.8921130952381,
        321.1072198275862,
        216.1696428571429,
        584.6443965517242
      ],
      "area": 126382.37040101604,
      "keypoints": [
        789.655172413793,
        379.7413793103448,
        2,
        789.2241379310344,
        369.82758620689657,
        2,
        775.8620689655172,
        371.9827586206897,
        2,
        767.2413793103448,
        371.12068965517244,
        0,
        741.8103448275862,
        373.2758620689655,
        2,
        800.4761904761905,
        410.4761904761905,
        0,
        732.3809523809523,
        424.76190476190476,
        2,
        867.1428571428571,
        433.3333333333333,
        0,
        796.1904761904761,
        436.66666666666663,
        0,
        909.047619047619,
        399.04761904761904,
        1,
        888.0952380952381,
        385.7142857142857,
        2,
        808.9743589743589,
        591.025641025641,
        2,
        766.6666666666666,
        598.7179487179487,
        2,
        802.5641025641025,
        716.6666666666666,
        2,
        771.7948717948717,
        719.2307692307692,
        2,
        789.0625,
        817.1875,
        2,
        741.40625,
        838.28125,
        2,
        776.5625,
        832.03125,
        2,
        728.90625,
        851.5625,
        2,
        805.46875,
        832.8125,
        2,
        755.46875,
        857.03125,
        2
      ],
      "num_keypoints": 17,
      "iscrowd": 0,
      "segmentation": [],
      "group_id": 2
    }
  ]
}