{
  "categories": [
    {
      "supercategory": "person",
      "id": 1,
      "name": "person",
      "keypoints": [
        "nose",
        "left_eye",
        "right_eye",
        "left_ear",
        "right_ear",
        "left_shoulder",
        "right_shoulder",
        "left_elbow",
        "right_elbow",
        "left_wrist",
        "right_wrist",
        "left_hip",
        "right_hip",
        "left_knee",
        "right_knee",
        "left_ankle",
        "right_ankle",
        "left_heel",
        "right_heel",
        "left_foot",
        "right_foot"
      ],
      "skeleton": [
        [
          1,
          2
        ],
        [
          0,
          1
        ],
        [
          0,
          2
        ],
        [
          1,
          3
        ],
        [
          2,
          4
        ],
        [
          5,
          6
        ],
        [
          5,
          7
        ],
        [
          7,
          9
        ],
        [
          6,
          8
        ],
        [
          8,
          10
        ],
        [
          5,
          11
        ],
        [
          6,
          12
        ],
        [
          11,
          12
        ],
        [
          11,
          13
        ],
        [
          13,
          15
        ],
        [
          12,
          14
        ],
        [
          14,
          16
        ],
        [
          16,
          18
        ],
        [
          16,
          20
        ],
        [
          20,
          18
        ],
        [
          15,
          17
        ],
        [
          15,
          19
        ],
        [
          19,
          17
        ]
      ]
    }
  ],
  "images": [
    {
      "file_name": "000000001780.jpg",
      "height": 1200,
      "width": 1600,
      "id": 0
    }
  ],
  "annotations": [
    {
      "category_id": 1,
      "image_id": 0,
      "id": 0,
      "bbox": [
        914.8611111111113,
        368.49386724386727,
        213.33333333333326,
        561.4069264069263
      ],
      "area": 119766.81096681091,
      "keypoints": [
        971.5277777777779,
        427.77777777777777,
        2,
        989.5833333333334,
        415.27777777777777,
        2,
        957.638888888889,
        415.27777777777777,
        2,
        1010.4166666666669,
        415.27777777777777,
        2,
        947.9166666666669,
        422.22222222222223,
        0,
        1035.4166666666667,
        455.5555555555556,
        2,
        939.5833333333334,
        454.1666666666667,
        2,
        1110.4166666666667,
        486.11111111111114,
        2,
        967.3611111111112,
        498.61111111111114,
        0,
        1075.6944444444443,
        540.2777777777778,
        2,
        932.638888888889,
        506.94444444444446,
        1,
        1021.5277777777779,
        644.4444444444445,
        2,
        967.3611111111112,
        634.7222222222223,
        2,
        1018.7500000000001,
        769.4444444444445,
        2,
        970.138888888889,
        758.3333333333334,
        2,
        1017.3611111111112,
        847.2222222222223,
        2,
        986.8055555555555,
        843.0555555555555,
        2,
        1035.7142857142858,
        872.7272727272727,
        2,
        998.051948051948,
        870.1298701298701,
        1,
        1008.4415584415584,
        883.1168831168831,
        2,
        979.8701298701297,
        874.025974025974,
        2
      ],
      "num_keypoints": 19,
      "iscrowd": 0,
      "segmentation": [],
      "group_id": 1
    },
    {
      "category_id": 1,
      "image_id": 0,
      "id": 1,
      "bbox": [
        768.5064935064935,
        353.76190476190476,
        159.74025974025972,
        570.4415584415585
      ],
      "area": 91122.4827120931,
      "keypoints": [
        850.0,
        424.67532467532465,
        1,
        838.3116883116883,
        401.2987012987013,
        0,
        847.4025974025974,
        402.5974025974026,
        0,
        812.3376623376623,
        393.5064935064935,
        0,
        825.3246753246754,
        401.2987012987013,
        2,
        796.7532467532467,
        474.025974025974,
        0,
        807.1428571428571,
        472.7272727272727,
        2,
        855.1948051948052,
        496.1038961038961,
        1,
        833.1168831168831,
        554.5454545454545,
        1,
        914.9350649350649,
        475.3246753246753,
        2,
        901.9480519480519,
        514.2857142857142,
        2,
        787.6623376623377,
        655.8441558441558,
        0,
        830.5194805194805,
        666.2337662337662,
        1,
        781.8181818181818,
        742.8571428571429,
        1,
        816.8831168831168,
        750.6493506493506,
        2,
        794.1666666666667,
        850.0000000000001,
        1,
        810.8333333333335,
        853.3333333333334,
        2,
        784.1666666666667,
        870.0000000000001,
        1,
        790.8333333333335,
        876.6666666666667,
        2,
        835.8333333333335,
        860.0000000000001,
        1,
        832.5,
        873.3333333333334,
        2
      ],
      "num_keypoints": 16,
      "iscrowd": 0,
      "segmentation": [],
      "group_id": 2
    }
  ]
}