{
  "categories": [
    {
      "supercategory": "person",
      "id": 1,
      "name": "person",
      "keypoints": [
        "nose",
        "left_eye",
        "right_eye",
        "left_ear",
        "right_ear",
        "left_shoulder",
        "right_shoulder",
        "left_elbow",
        "right_elbow",
        "left_wrist",
        "right_wrist",
        "left_hip",
        "right_hip",
        "left_knee",
        "right_knee",
        "left_ankle",
        "right_ankle",
        "left_heel",
        "right_heel",
        "left_foot",
        "right_foot"
      ],
      "skeleton": [
        [
          1,
          2
        ],
        [
          0,
          1
        ],
        [
          0,
          2
        ],
        [
          1,
          3
        ],
        [
          2,
          4
        ],
        [
          5,
          6
        ],
        [
          5,
          7
        ],
        [
          7,
          9
        ],
        [
          6,
          8
        ],
        [
          8,
          10
        ],
        [
          5,
          11
        ],
        [
          6,
          12
        ],
        [
          11,
          12
        ],
        [
          11,
          13
        ],
        [
          13,
          15
        ],
        [
          12,
          14
        ],
        [
          14,
          16
        ],
        [
          16,
          18
        ],
        [
          16,
          20
        ],
        [
          20,
          18
        ],
        [
          15,
          17
        ],
        [
          15,
          19
        ],
        [
          19,
          17
        ]
      ]
    }
  ],
  "images": [
    {
      "file_name": "000000001671.jpg",
      "height": 1200,
      "width": 1600,
      "id": 0
    }
  ],
  "annotations": [
    {
      "category_id": 1,
      "image_id": 0,
      "id": 0,
      "bbox": [
        867.9166666666667,
        228.33333333333334,
        193.33333333333326,
        643.3333333333334
      ],
      "area": 124377.77777777774,
      "keypoints": [
        926.0,
        310.0,
        2,
        936.8055555555555,
        295.83333333333337,
        2,
        915.9722222222223,
        294.44444444444446,
        2,
        977.0833333333334,
        281.94444444444446,
        2,
        903.4722222222223,
        293.05555555555554,
        0,
        1028.4722222222222,
        340.27777777777777,
        2,
        893.7500000000001,
        327.77777777777777,
        2,
        1035.4166666666667,
        437.5,
        2,
        892.3611111111112,
        423.61111111111114,
        2,
        1045.138888888889,
        533.3333333333334,
        2,
        888.1944444444446,
        511.11111111111114,
        1,
        990.9722222222223,
        551.3888888888889,
        1,
        922.9166666666669,
        544.4444444444445,
        2,
        974.3055555555555,
        668.0555555555555,
        2,
        914.5833333333334,
        647.2222222222223,
        1,
        947.9166666666669,
        786.1111111111111,
        2,
        890.9722222222223,
        777.7777777777778,
        2,
        963.1944444444445,
        800.0,
        2,
        911.8055555555557,
        790.2777777777778,
        1,
        932.638888888889,
        806.9444444444445,
        2,
        884.0277777777778,
        818.0555555555557,
        2
      ],
      "num_keypoints": 20,
      "iscrowd": 0,
      "segmentation": [],
      "group_id": 1
    },
    {
      "category_id": 1,
      "image_id": 0,
      "id": 1,
      "bbox": [
        692.4859307359309,
        318.6428571428571,
        200.16883116883105,
        617.844155844156
      ],
      "area": 123673.1425198178,
      "keypoints": [
        788.961038961039,
        388.31168831168833,
        2,
        792.8571428571429,
        370.12987012987014,
        2,
        774.6753246753246,
        374.025974025974,
        2,
        760.3896103896103,
        377.9220779220779,
        0,
        729.2207792207791,
        383.1168831168831,
        2,
        792.8571428571429,
        442.85714285714283,
        2,
        720.1298701298701,
        461.038961038961,
        2,
        846.1038961038961,
        483.1168831168831,
        2,
        787.6623376623377,
        538.961038961039,
        2,
        875.974025974026,
        431.16883116883116,
        1,
        859.0909090909091,
        516.8831168831168,
        2,
        799.3506493506493,
        636.3636363636364,
        1,
        765.5844155844155,
        638.961038961039,
        2,
        788.3116883116883,
        735.0649350649351,
        2,
        732.4675324675325,
        742.8571428571429,
        2,
        777.5,
        821.6666666666667,
        2,
        724.1666666666667,
        846.6666666666667,
        2,
        764.1666666666667,
        853.3333333333334,
        2,
        709.1666666666667,
        880.0000000000001,
        2,
        814.1666666666667,
        853.3333333333334,
        2,
        752.5,
        885.0000000000001,
        2
      ],
      "num_keypoints": 20,
      "iscrowd": 0,
      "segmentation": [],
      "group_id": 2
    }
  ]
}