{
  "categories": [
    {
      "supercategory": "person",
      "id": 1,
      "name": "person",
      "keypoints": [
        "nose",
        "left_eye",
        "right_eye",
        "left_ear",
        "right_ear",
        "left_shoulder",
        "right_shoulder",
        "left_elbow",
        "right_elbow",
        "left_wrist",
        "right_wrist",
        "left_hip",
        "right_hip",
        "left_knee",
        "right_knee",
        "left_ankle",
        "right_ankle",
        "left_heel",
        "right_heel",
        "left_foot",
        "right_foot"
      ],
      "skeleton": [
        [
          1,
          2
        ],
        [
          0,
          1
        ],
        [
          0,
          2
        ],
        [
          1,
          3
        ],
        [
          2,
          4
        ],
        [
          5,
          6
        ],
        [
          5,
          7
        ],
        [
          7,
          9
        ],
        [
          6,
          8
        ],
        [
          8,
          10
        ],
        [
          5,
          11
        ],
        [
          6,
          12
        ],
        [
          11,
          12
        ],
        [
          11,
          13
        ],
        [
          13,
          15
        ],
        [
          12,
          14
        ],
        [
          14,
          16
        ],
        [
          16,
          18
        ],
        [
          16,
          20
        ],
        [
          20,
          18
        ],
        [
          15,
          17
        ],
        [
          15,
          19
        ],
        [
          19,
          17
        ]
      ]
    }
  ],
  "images": [
    {
      "file_name": "000000001901.jpg",
      "height": 1200,
      "width": 1600,
      "id": 0
    }
  ],
  "annotations": [
    {
      "category_id": 1,
      "image_id": 0,
      "id": 0,
      "bbox": [
        869.1405122655124,
        259.5111832611833,
        378.6471861471862,
        469.19913419913416
      ],
      "area": 177660.93190719813,
      "keypoints": [
        917.3611111111112,
        336.11111111111114,
        2,
        922.9166666666669,
        320.83333333333337,
        2,
        900.6944444444446,
        318.05555555555554,
        2,
        959.0277777777779,
        298.61111111111114,
        2,
        914.5833333333334,
        300.0,
        0,
        1027.0833333333333,
        329.1666666666667,
        2,
        928.4722222222223,
        348.61111111111114,
        1,
        1054.861111111111,
        420.83333333333337,
        2,
        918.7500000000001,
        425.0,
        2,
        1056.25,
        512.5,
        2,
        913.1944444444446,
        502.77777777777777,
        2,
        1074.3055555555554,
        479.1666666666667,
        1,
        1084.0277777777778,
        440.27777777777777,
        0,
        1070.138888888889,
        601.3888888888889,
        2,
        1109.0277777777778,
        497.22222222222223,
        1,
        1096.5277777777778,
        641.6666666666667,
        2,
        1179.861111111111,
        461.11111111111114,
        2,
        1111.0389610389611,
        645.4545454545455,
        2,
        1195.4545454545455,
        441.55844155844153,
        2,
        1085.064935064935,
        689.6103896103896,
        2,
        1216.2337662337663,
        477.9220779220779,
        2
      ],
      "num_keypoints": 19,
      "iscrowd": 0,
      "segmentation": [],
      "group_id": 1
    },
    {
      "category_id": 1,
      "image_id": 0,
      "id": 1,
      "bbox": [
        678.8885281385283,
        322.52380952380946,
        243.3376623376621,
        633.6103896103898
      ],
      "area": 154181.27104064755,
      "keypoints": [
        779.8701298701299,
        392.2077922077922,
        1,
        766.8831168831168,
        375.3246753246753,
        0,
        779.8701298701299,
        372.7272727272727,
        0,
        725.3246753246754,
        372.7272727272727,
        0,
        747.4025974025974,
        375.3246753246753,
        2,
        769.4805194805194,
        428.57142857142856,
        2,
        747.4025974025974,
        467.53246753246754,
        2,
        846.1038961038961,
        451.94805194805195,
        2,
        809.7402597402597,
        533.7662337662338,
        2,
        901.9480519480519,
        403.8961038961039,
        2,
        875.974025974026,
        497.4025974025974,
        2,
        782.4675324675325,
        642.8571428571429,
        1,
        751.2987012987013,
        648.051948051948,
        2,
        764.9350649350649,
        737.6623376623377,
        2,
        735.0649350649351,
        735.0649350649351,
        2,
        775.8333333333335,
        821.6666666666667,
        2,
        724.1666666666667,
        875.0000000000001,
        2,
        765.8333333333334,
        835.0000000000001,
        2,
        699.1666666666667,
        896.6666666666667,
        2,
        817.5,
        838.3333333333334,
        2,
        747.5,
        903.3333333333334,
        2
      ],
      "num_keypoints": 18,
      "iscrowd": 0,
      "segmentation": [],
      "group_id": 2
    }
  ]
}