{
  "categories": [
    {
      "supercategory": "person",
      "id": 1,
      "name": "person",
      "keypoints": [
        "nose",
        "left_eye",
        "right_eye",
        "left_ear",
        "right_ear",
        "left_shoulder",
        "right_shoulder",
        "left_elbow",
        "right_elbow",
        "left_wrist",
        "right_wrist",
        "left_hip",
        "right_hip",
        "left_knee",
        "right_knee",
        "left_ankle",
        "right_ankle",
        "left_heel",
        "right_heel",
        "left_foot",
        "right_foot"
      ],
      "skeleton": [
        [
          1,
          2
        ],
        [
          0,
          1
        ],
        [
          0,
          2
        ],
        [
          1,
          3
        ],
        [
          2,
          4
        ],
        [
          5,
          6
        ],
        [
          5,
          7
        ],
        [
          7,
          9
        ],
        [
          6,
          8
        ],
        [
          8,
          10
        ],
        [
          5,
          11
        ],
        [
          6,
          12
        ],
        [
          11,
          12
        ],
        [
          11,
          13
        ],
        [
          13,
          15
        ],
        [
          12,
          14
        ],
        [
          14,
          16
        ],
        [
          16,
          18
        ],
        [
          16,
          20
        ],
        [
          20,
          18
        ],
        [
          15,
          17
        ],
        [
          15,
          19
        ],
        [
          19,
          17
        ]
      ]
    }
  ],
  "images": [
    {
      "file_name": "000000001870.jpg",
      "height": 1200,
      "width": 1600,
      "id": 0
    }
  ],
  "annotations": [
    {
      "category_id": 1,
      "image_id": 0,
      "id": 0,
      "bbox": [
        871.7000360750361,
        244.72222222222223,
        297.9329004329003,
        296.6666666666667
      ],
      "area": 88386.76046176042,
      "keypoints": [
        907.6388888888889,
        295.83333333333337,
        2,
        917.3611111111112,
        281.94444444444446,
        2,
        896.5277777777778,
        280.55555555555554,
        2,
        956.2500000000001,
        269.44444444444446,
        2,
        885.4166666666667,
        273.61111111111114,
        0,
        1010.4166666666669,
        333.33333333333337,
        2,
        902.0833333333334,
        327.77777777777777,
        2,
        1040.9722222222222,
        433.33333333333337,
        2,
        907.6388888888889,
        412.5,
        2,
        1053.4722222222222,
        513.8888888888889,
        2,
        910.4166666666667,
        500.0,
        2,
        1039.5833333333333,
        515.2777777777778,
        1,
        990.9722222222223,
        506.94444444444446,
        1,
        1082.638888888889,
        516.6666666666667,
        1,
        1065.9722222222222,
        481.94444444444446,
        1,
        1131.25,
        480.5555555555556,
        2,
        1097.9166666666667,
        452.77777777777777,
        2,
        1138.3116883116884,
        453.24675324675326,
        2,
        1101.9480519480521,
        442.85714285714283,
        2,
        1144.8051948051948,
        488.31168831168833,
        1,
        1113.6363636363637,
        449.35064935064935,
        1
      ],
      "num_keypoints": 20,
      "iscrowd": 0,
      "segmentation": [],
      "group_id": 1
    },
    {
      "category_id": 1,
      "image_id": 0,
      "id": 1,
      "bbox": [
        684.7781385281386,
        323.4523809523809,
        232.66233766233756,
        638.0519480519481
      ],
      "area": 148450.65778377463,
      "keypoints": [
        770.7792207792207,
        388.31168831168833,
        0,
        772.077922077922,
        372.7272727272727,
        0,
        783.7662337662338,
        377.9220779220779,
        0,
        735.7142857142857,
        376.6233766233766,
        0,
        748.7012987012987,
        376.6233766233766,
        2,
        772.077922077922,
        432.46753246753246,
        1,
        733.1168831168831,
        463.6363636363636,
        2,
        847.4025974025974,
        448.05194805194805,
        2,
        818.8311688311688,
        525.974025974026,
        2,
        898.051948051948,
        401.2987012987013,
        1,
        878.5714285714286,
        496.1038961038961,
        2,
        788.961038961039,
        637.6623376623377,
        1,
        746.1038961038961,
        644.1558441558442,
        2,
        771.4285714285714,
        737.6623376623377,
        2,
        725.974025974026,
        746.7532467532467,
        2,
        769.1666666666667,
        816.6666666666667,
        2,
        705.8333333333334,
        873.3333333333334,
        2,
        759.1666666666667,
        841.6666666666667,
        2,
        704.1666666666667,
        908.3333333333334,
        2,
        802.5,
        836.6666666666667,
        2,
        737.5,
        903.3333333333334,
        2
      ],
      "num_keypoints": 17,
      "iscrowd": 0,
      "segmentation": [],
      "group_id": 2
    }
  ]
}