{
  "categories": [
    {
      "supercategory": "person",
      "id": 1,
      "name": "person",
      "keypoints": [
        "nose",
        "left_eye",
        "right_eye",
        "left_ear",
        "right_ear",
        "left_shoulder",
        "right_shoulder",
        "left_elbow",
        "right_elbow",
        "left_wrist",
        "right_wrist",
        "left_hip",
        "right_hip",
        "left_knee",
        "right_knee",
        "left_ankle",
        "right_ankle",
        "left_heel",
        "right_heel",
        "left_foot",
        "right_foot"
      ],
      "skeleton": [
        [
          1,
          2
        ],
        [
          0,
          1
        ],
        [
          0,
          2
        ],
        [
          1,
          3
        ],
        [
          2,
          4
        ],
        [
          5,
          6
        ],
        [
          5,
          7
        ],
        [
          7,
          9
        ],
        [
          6,
          8
        ],
        [
          8,
          10
        ],
        [
          5,
          11
        ],
        [
          6,
          12
        ],
        [
          11,
          12
        ],
        [
          11,
          13
        ],
        [
          13,
          15
        ],
        [
          12,
          14
        ],
        [
          14,
          16
        ],
        [
          16,
          18
        ],
        [
          16,
          20
        ],
        [
          20,
          18
        ],
        [
          15,
          17
        ],
        [
          15,
          19
        ],
        [
          19,
          17
        ]
      ]
    }
  ],
  "images": [
    {
      "file_name": "000000000340.jpg",
      "height": 1200,
      "width": 1600,
      "id": 0
    }
  ],
  "annotations": [
    {
      "category_id": 1,
      "image_id": 0,
      "id": 0,
      "bbox": [
        979.2156862745097,
        162.10784313725492,
        202.3529411764706,
        648.8235294117648
      ],
      "area": 131291.34948096887,
      "keypoints": [
        1045.6521739130435,
        230.43478260869566,
        2,
        1061.2745098039215,
        218.62745098039215,
        2,
        1033.8235294117646,
        216.1764705882353,
        2,
        1091.1764705882354,
        231.37254901960785,
        2,
        1033.5526315789473,
        230.92105263157893,
        0,
        1142.7631578947369,
        310.5263157894737,
        2,
        1009.8039215686274,
        300.98039215686276,
        1,
        1149.0196078431372,
        410.78431372549016,
        2,
        998.0392156862745,
        393.1372549019608,
        2,
        1164.7058823529412,
        496.078431372549,
        2,
        996.078431372549,
        466.6666666666667,
        2,
        1114.7058823529412,
        484.3137254901961,
        2,
        1052.9411764705883,
        489.2156862745098,
        2,
        1126.6666666666667,
        614.6666666666666,
        2,
        1076.0,
        620.0,
        2,
        1140.2173913043478,
        680.4347826086956,
        2,
        1093.4782608695652,
        691.3043478260869,
        2,
        1150.0,
        722.5490196078431,
        2,
        1119.6078431372548,
        714.7058823529412,
        2,
        1126.1904761904761,
        742.8571428571429,
        2,
        1098.0392156862745,
        756.8627450980392,
        2
      ],
      "num_keypoints": 20,
      "iscrowd": 0,
      "segmentation": [],
      "group_id": 1
    },
    {
      "category_id": 1,
      "image_id": 0,
      "id": 1,
      "bbox": [
        827.5000000000001,
        240.2769151138716,
        169.9999999999999,
        664.5031055900622
      ],
      "area": 112965.5279503105,
      "keypoints": [
        950.4424778761061,
        312.3893805309734,
        1,
        954.3478260869564,
        300.0,
        1,
        940.5797101449275,
        295.65217391304344,
        2,
        924.6376811594203,
        291.30434782608694,
        0,
        905.7971014492753,
        305.07246376811594,
        2,
        941.6666666666666,
        366.6666666666667,
        1,
        879.9019607843137,
        373.52941176470586,
        2,
        980.8,
        451.2,
        1,
        950.4,
        404.0,
        2,
        1007.2,
        426.4,
        0,
        983.3333333333334,
        325.4901960784314,
        2,
        924.5098039215686,
        584.313725490196,
        1,
        886.0655737704918,
        577.0491803278688,
        2,
        907.2289156626505,
        695.1807228915662,
        0,
        893.9759036144577,
        712.0481927710842,
        2,
        868.6746987951807,
        762.6506024096385,
        0,
        864.0,
        816.8,
        2,
        844.0,
        792.0,
        0,
        841.6666666666667,
        835.1190476190477,
        2,
        911.9047619047619,
        798.8095238095239,
        2,
        904.1666666666667,
        849.4047619047619,
        2
      ],
      "num_keypoints": 16,
      "iscrowd": 0,
      "segmentation": [],
      "group_id": 2
    }
  ]
}