{
  "categories": [
    {
      "supercategory": "person",
      "id": 1,
      "name": "person",
      "keypoints": [
        "nose",
        "left_eye",
        "right_eye",
        "left_ear",
        "right_ear",
        "left_shoulder",
        "right_shoulder",
        "left_elbow",
        "right_elbow",
        "left_wrist",
        "right_wrist",
        "left_hip",
        "right_hip",
        "left_knee",
        "right_knee",
        "left_ankle",
        "right_ankle",
        "left_heel",
        "right_heel",
        "left_foot",
        "right_foot"
      ],
      "skeleton": [
        [
          1,
          2
        ],
        [
          0,
          1
        ],
        [
          0,
          2
        ],
        [
          1,
          3
        ],
        [
          2,
          4
        ],
        [
          5,
          6
        ],
        [
          5,
          7
        ],
        [
          7,
          9
        ],
        [
          6,
          8
        ],
        [
          8,
          10
        ],
        [
          5,
          11
        ],
        [
          6,
          12
        ],
        [
          11,
          12
        ],
        [
          11,
          13
        ],
        [
          13,
          15
        ],
        [
          12,
          14
        ],
        [
          14,
          16
        ],
        [
          16,
          18
        ],
        [
          16,
          20
        ],
        [
          20,
          18
        ],
        [
          15,
          17
        ],
        [
          15,
          19
        ],
        [
          19,
          17
        ]
      ]
    }
  ],
  "images": [
    {
      "file_name": "000000000144.jpg",
      "height": 1200,
      "width": 1600,
      "id": 0
    }
  ],
  "annotations": [
    {
      "category_id": 1,
      "image_id": 0,
      "id": 0,
      "bbox": [
        580.3945098039216,
        243.53577106518281,
        576.4423529411764,
        684.0572337042927
      ],
      "area": 394319.56134293467,
      "keypoints": [
        871.311475409836,
        319.672131147541,
        2,
        886.4864864864865,
        306.48648648648646,
        2,
        865.9459459459459,
        300.5405405405405,
        2,
        928.8,
        318.4,
        2,
        873.2142857142858,
        291.6666666666667,
        0,
        958.3333333333334,
        383.33333333333337,
        2,
        835.1190476190477,
        344.04761904761904,
        2,
        1022.1311475409836,
        445.9016393442623,
        2,
        830.327868852459,
        439.344262295082,
        2,
        1108.8,
        503.2,
        2,
        837.6,
        508.8,
        0,
        823.7704918032787,
        563.9344262295082,
        2,
        746.7213114754098,
        532.7868852459017,
        2,
        735.2459016393442,
        701.6393442622951,
        2,
        669.672131147541,
        660.655737704918,
        2,
        731.3725490196078,
        808.8235294117646,
        2,
        654.9019607843137,
        778.4313725490196,
        2,
        748.0392156862745,
        830.3921568627451,
        1,
        679.4117647058823,
        814.7058823529412,
        2,
        728.4313725490196,
        870.5882352941177,
        2,
        628.4313725490196,
        850.9803921568628,
        2
      ],
      "num_keypoints": 19,
      "iscrowd": 0,
      "segmentation": [],
      "group_id": 1
    },
    {
      "category_id": 1,
      "image_id": 0,
      "id": 1,
      "bbox": [
        805.3097345132742,
        558.6578171091446,
        116.81415929203536,
        296.1061946902653
      ],
      "area": 34589.39619390708,
      "keypoints": [
        892.0353982300884,
        326.54867256637164,
        0,
        893.452380952381,
        339.2857142857143,
        0,
        881.547619047619,
        332.73809523809524,
        0,
        898.2142857142858,
        317.26190476190476,
        0,
        859.5238095238095,
        330.3571428571429,
        0,
        933.3333333333334,
        375.4901960784314,
        0,
        831.3725490196078,
        390.19607843137254,
        0,
        958.8235294117646,
        480.3921568627451,
        0,
        872.5490196078431,
        422.54901960784315,
        0,
        939.2156862745098,
        405.88235294117646,
        0,
        852.9411764705882,
        409.80392156862746,
        0,
        910.7843137254902,
        583.3333333333334,
        2,
        858.8235294117646,
        590.1960784313725,
        2,
        889.2156862745098,
        680.3921568627451,
        2,
        838.2352941176471,
        700.9803921568628,
        2,
        875.4901960784314,
        764.7058823529412,
        2,
        830.9734513274335,
        787.6106194690265,
        2,
        861.6216216216216,
        786.4864864864865,
        2,
        815.0442477876105,
        813.2743362831858,
        2,
        912.3893805309733,
        790.2654867256637,
        2,
        850.4424778761061,
        830.0884955752211,
        2
      ],
      "num_keypoints": 10,
      "iscrowd": 0,
      "segmentation": [],
      "group_id": 2
    }
  ]
}