{
  "categories": [
    {
      "supercategory": "person",
      "id": 1,
      "name": "person",
      "keypoints": [
        "nose",
        "left_eye",
        "right_eye",
        "left_ear",
        "right_ear",
        "left_shoulder",
        "right_shoulder",
        "left_elbow",
        "right_elbow",
        "left_wrist",
        "right_wrist",
        "left_hip",
        "right_hip",
        "left_knee",
        "right_knee",
        "left_ankle",
        "right_ankle",
        "left_heel",
        "right_heel",
        "left_foot",
        "right_foot"
      ],
      "skeleton": [
        [
          1,
          2
        ],
        [
          0,
          1
        ],
        [
          0,
          2
        ],
        [
          1,
          3
        ],
        [
          2,
          4
        ],
        [
          5,
          6
        ],
        [
          5,
          7
        ],
        [
          7,
          9
        ],
        [
          6,
          8
        ],
        [
          8,
          10
        ],
        [
          5,
          11
        ],
        [
          6,
          12
        ],
        [
          11,
          12
        ],
        [
          11,
          13
        ],
        [
          13,
          15
        ],
        [
          12,
          14
        ],
        [
          14,
          16
        ],
        [
          16,
          18
        ],
        [
          16,
          20
        ],
        [
          20,
          18
        ],
        [
          15,
          17
        ],
        [
          15,
          19
        ],
        [
          19,
          17
        ]
      ]
    }
  ],
  "images": [
    {
      "file_name": "000000001639.jpg",
      "height": 1200,
      "width": 1600,
      "id": 0
    }
  ],
  "annotations": [
    {
      "category_id": 1,
      "image_id": 0,
      "id": 0,
      "bbox": [
        682.5000000000001,
        256.34999999999997,
        268.33333333333326,
        715.8000000000002
      ],
      "area": 192073.0,
      "keypoints": [
        818.7500000000001,
        331.94444444444446,
        2,
        834.0,
        316.0,
        2,
        806.2500000000001,
        320.83333333333337,
        1,
        867.3611111111112,
        320.83333333333337,
        1,
        814.5833333333334,
        311.11111111111114,
        0,
        927.0833333333334,
        375.0,
        2,
        811.8055555555557,
        369.44444444444446,
        2,
        925.6944444444445,
        470.83333333333337,
        2,
        799.3055555555557,
        459.72222222222223,
        2,
        928.4722222222223,
        587.5,
        2,
        770.1388888888889,
        559.7222222222223,
        2,
        864.5833333333334,
        568.0555555555555,
        2,
        810.4166666666667,
        554.1666666666667,
        2,
        820.1388888888889,
        730.5555555555555,
        2,
        753.4722222222223,
        708.3333333333334,
        1,
        782.6388888888889,
        876.3888888888889,
        2,
        724.3055555555557,
        848.6111111111111,
        2,
        795.1388888888889,
        908.3333333333334,
        2,
        739.5833333333334,
        881.9444444444446,
        2,
        754.8611111111112,
        912.5000000000001,
        2,
        704.8611111111112,
        886.1111111111112,
        2
      ],
      "num_keypoints": 20,
      "iscrowd": 0,
      "segmentation": [],
      "group_id": 1
    },
    {
      "category_id": 1,
      "image_id": 0,
      "id": 1,
      "bbox": [
        560.6699134199134,
        367.1428571428571,
        241.96103896103898,
        581.2987012987014
      ],
      "area": 140651.63771293644,
      "keypoints": [
        650.0,
        429.87012987012986,
        2,
        661.6883116883116,
        415.5844155844156,
        2,
        643.5064935064935,
        419.4805194805195,
        2,
        651.2987012987013,
        418.1818181818182,
        0,
        604.5454545454545,
        418.1818181818182,
        2,
        659.0909090909091,
        454.54545454545456,
        2,
        595.4545454545454,
        476.6233766233766,
        2,
        727.9220779220778,
        453.24675324675326,
        2,
        687.6623376623377,
        490.9090909090909,
        2,
        782.4675324675325,
        436.3636363636364,
        2,
        760.3896103896103,
        494.8051948051948,
        2,
        673.3766233766233,
        655.8441558441558,
        2,
        618.8311688311688,
        667.5324675324675,
        2,
        658.4415584415584,
        761.038961038961,
        1,
        603.8961038961039,
        775.3246753246754,
        1,
        650.8333333333334,
        853.3333333333334,
        2,
        595.8333333333334,
        868.3333333333334,
        2,
        647.5,
        871.6666666666667,
        2,
        580.8333333333334,
        885.0000000000001,
        1,
        675.8333333333334,
        880.0000000000001,
        1,
        599.1666666666667,
        900.0000000000001,
        2
      ],
      "num_keypoints": 20,
      "iscrowd": 0,
      "segmentation": [],
      "group_id": 2
    }
  ]
}