{
  "categories": [
    {
      "supercategory": "person",
      "id": 1,
      "name": "person",
      "keypoints": [
        "nose",
        "left_eye",
        "right_eye",
        "left_ear",
        "right_ear",
        "left_shoulder",
        "right_shoulder",
        "left_elbow",
        "right_elbow",
        "left_wrist",
        "right_wrist",
        "left_hip",
        "right_hip",
        "left_knee",
        "right_knee",
        "left_ankle",
        "right_ankle",
        "left_heel",
        "right_heel",
        "left_foot",
        "right_foot"
      ],
      "skeleton": [
        [
          1,
          2
        ],
        [
          0,
          1
        ],
        [
          0,
          2
        ],
        [
          1,
          3
        ],
        [
          2,
          4
        ],
        [
          5,
          6
        ],
        [
          5,
          7
        ],
        [
          7,
          9
        ],
        [
          6,
          8
        ],
        [
          8,
          10
        ],
        [
          5,
          11
        ],
        [
          6,
          12
        ],
        [
          11,
          12
        ],
        [
          11,
          13
        ],
        [
          13,
          15
        ],
        [
          12,
          14
        ],
        [
          14,
          16
        ],
        [
          16,
          18
        ],
        [
          16,
          20
        ],
        [
          20,
          18
        ],
        [
          15,
          17
        ],
        [
          15,
          19
        ],
        [
          19,
          17
        ]
      ]
    }
  ],
  "images": [
    {
      "file_name": "000000001525.jpg",
      "height": 1200,
      "width": 1600,
      "id": 0
    }
  ],
  "annotations": [
    {
      "category_id": 1,
      "image_id": 0,
      "id": 0,
      "bbox": [
        878.1944444444445,
        268.19444444444446,
        219.9999999999999,
        681.6666666666667
      ],
      "area": 149966.6666666666,
      "keypoints": [
        1015.9722222222223,
        338.8888888888889,
        2,
        1029.0,
        328.0,
        2,
        1000.6944444444445,
        325.0,
        2,
        1047.9166666666667,
        334.72222222222223,
        2,
        986.8055555555555,
        333.33333333333337,
        2,
        1079.861111111111,
        406.94444444444446,
        2,
        977.0833333333334,
        400.0,
        2,
        1077.0833333333333,
        486.11111111111114,
        2,
        940.9722222222223,
        490.27777777777777,
        2,
        1050.6944444444443,
        552.7777777777778,
        2,
        896.5277777777778,
        522.2222222222223,
        2,
        1038.1944444444443,
        606.9444444444445,
        2,
        971.5277777777779,
        605.5555555555555,
        1,
        1018.7500000000001,
        741.6666666666667,
        2,
        968.7500000000001,
        741.6666666666667,
        2,
        1013.1944444444445,
        850.0,
        2,
        978.4722222222223,
        829.1666666666667,
        2,
        1015.9722222222223,
        875.0,
        1,
        986.8055555555555,
        855.5555555555557,
        1,
        999.3055555555555,
        893.0555555555557,
        2,
        971.5277777777779,
        876.3888888888889,
        2
      ],
      "num_keypoints": 21,
      "iscrowd": 0,
      "segmentation": [],
      "group_id": 1
    },
    {
      "category_id": 1,
      "image_id": 0,
      "id": 1,
      "bbox": [
        621.9480519480519,
        279.0,
        149.6103896103897,
        688.3636363636365
      ],
      "area": 102986.35182998827,
      "keypoints": [
        713.1944444444445,
        352.77777777777777,
        2,
        726.6233766233767,
        338.961038961039,
        2,
        700.6493506493506,
        336.3636363636364,
        2,
        734.4155844155844,
        345.45454545454544,
        0,
        661.6883116883116,
        340.2597402597402,
        2,
        743.5064935064935,
        415.5844155844156,
        2,
        637.012987012987,
        425.97402597402595,
        2,
        750.0,
        520.7792207792207,
        0,
        634.4155844155844,
        540.2597402597403,
        2,
        759.0909090909091,
        622.077922077922,
        1,
        655.1948051948052,
        646.7532467532467,
        1,
        740.9090909090909,
        638.961038961039,
        2,
        701.9480519480519,
        632.4675324675325,
        1,
        735.0649350649351,
        751.9480519480519,
        1,
        680.5194805194805,
        762.3376623376623,
        1,
        710.8333333333334,
        856.6666666666667,
        2,
        667.5,
        878.3333333333334,
        1,
        707.5,
        875.0000000000001,
        2,
        647.5,
        895.0000000000001,
        2,
        740.8333333333334,
        876.6666666666667,
        2,
        695.8333333333334,
        910.0000000000001,
        1
      ],
      "num_keypoints": 19,
      "iscrowd": 0,
      "segmentation": [],
      "group_id": 2
    }
  ]
}