{
  "categories": [
    {
      "supercategory": "person",
      "id": 1,
      "name": "person",
      "keypoints": [
        "nose",
        "left_eye",
        "right_eye",
        "left_ear",
        "right_ear",
        "left_shoulder",
        "right_shoulder",
        "left_elbow",
        "right_elbow",
        "left_wrist",
        "right_wrist",
        "left_hip",
        "right_hip",
        "left_knee",
        "right_knee",
        "left_ankle",
        "right_ankle",
        "left_heel",
        "right_heel",
        "left_foot",
        "right_foot"
      ],
      "skeleton": [
        [
          1,
          2
        ],
        [
          0,
          1
        ],
        [
          0,
          2
        ],
        [
          1,
          3
        ],
        [
          2,
          4
        ],
        [
          5,
          6
        ],
        [
          5,
          7
        ],
        [
          7,
          9
        ],
        [
          6,
          8
        ],
        [
          8,
          10
        ],
        [
          5,
          11
        ],
        [
          6,
          12
        ],
        [
          11,
          12
        ],
        [
          11,
          13
        ],
        [
          13,
          15
        ],
        [
          12,
          14
        ],
        [
          14,
          16
        ],
        [
          16,
          18
        ],
        [
          16,
          20
        ],
        [
          20,
          18
        ],
        [
          15,
          17
        ],
        [
          15,
          19
        ],
        [
          19,
          17
        ]
      ]
    }
  ],
  "images": [
    {
      "file_name": "000000000367.jpg",
      "height": 1200,
      "width": 1600,
      "id": 0
    }
  ],
  "annotations": [
    {
      "category_id": 1,
      "image_id": 0,
      "id": 0,
      "bbox": [
        952.7450980392157,
        309.28871090770406,
        202.3529411764705,
        378.00915331807767
      ],
      "area": 76491.26396554039,
      "keypoints": [
        989.344262295082,
        355.7377049180328,
        0,
        998.9189189189188,
        349.72972972972974,
        0,
        979.4594594594594,
        348.64864864864865,
        1,
        1019.7368421052631,
        340.7894736842105,
        1,
        970.2222222222222,
        334.6666666666667,
        0,
        1073.3333333333333,
        341.3333333333333,
        2,
        969.6078431372549,
        361.7647058823529,
        1,
        1106.862745098039,
        443.1372549019608,
        2,
        972.5490196078431,
        440.19607843137254,
        2,
        1119.6078431372548,
        511.7647058823529,
        2,
        973.5294117647059,
        495.09803921568624,
        0,
        1078.4313725490197,
        509.80392156862746,
        2,
        1031.3725490196077,
        517.6470588235294,
        0,
        1106.5217391304348,
        607.6086956521739,
        2,
        1073.9130434782608,
        625.0,
        2,
        1130.088495575221,
        615.0442477876105,
        2,
        1090.2654867256635,
        632.7433628318583,
        1,
        1138.235294117647,
        601.9607843137255,
        2,
        1101.9607843137255,
        617.6470588235294,
        2,
        1131.159420289855,
        651.4492753623188,
        2,
        1101.4492753623188,
        655.7971014492753,
        1
      ],
      "num_keypoints": 16,
      "iscrowd": 0,
      "segmentation": [],
      "group_id": 1
    },
    {
      "category_id": 1,
      "image_id": 0,
      "id": 1,
      "bbox": [
        831.7822128851541,
        351.0164835164835,
        125.75630252100837,
        491.09890109890125
      ],
      "area": 61758.781974328194,
      "keypoints": [
        928.4313725490196,
        400.98039215686276,
        2,
        934.2105263157895,
        392.10526315789474,
        2,
        921.6117216117216,
        392.3076923076923,
        2,
        942.1245421245421,
        392.6739926739927,
        0,
        894.5054945054945,
        391.94139194139194,
        1,
        942.1052631578947,
        438.8157894736842,
        2,
        872.3684210526316,
        439.4736842105263,
        2,
        984.0,
        475.2,
        0,
        900.0,
        498.9189189189189,
        2,
        986.4864864864865,
        459.4594594594594,
        0,
        947.0588235294117,
        508.8235294117647,
        1,
        931.3725490196078,
        599.0196078431372,
        2,
        879.3478260869565,
        605.4347826086956,
        2,
        929.6,
        693.6,
        2,
        867.2,
        697.6,
        2,
        920.0,
        753.6,
        2,
        853.9215686274509,
        777.4509803921568,
        2,
        907.2368421052631,
        776.9736842105264,
        1,
        842.2619047619048,
        792.8571428571429,
        2,
        934.5238095238095,
        775.5952380952381,
        2,
        872.6190476190477,
        801.1904761904763,
        2
      ],
      "num_keypoints": 18,
      "iscrowd": 0,
      "segmentation": [],
      "group_id": 2
    }
  ]
}