{
  "categories": [
    {
      "supercategory": "person",
      "id": 1,
      "name": "person",
      "keypoints": [
        "nose",
        "left_eye",
        "right_eye",
        "left_ear",
        "right_ear",
        "left_shoulder",
        "right_shoulder",
        "left_elbow",
        "right_elbow",
        "left_wrist",
        "right_wrist",
        "left_hip",
        "right_hip",
        "left_knee",
        "right_knee",
        "left_ankle",
        "right_ankle",
        "left_heel",
        "right_heel",
        "left_foot",
        "right_foot"
      ],
      "skeleton": [
        [
          1,
          2
        ],
        [
          0,
          1
        ],
        [
          0,
          2
        ],
        [
          1,
          3
        ],
        [
          2,
          4
        ],
        [
          5,
          6
        ],
        [
          5,
          7
        ],
        [
          7,
          9
        ],
        [
          6,
          8
        ],
        [
          8,
          10
        ],
        [
          5,
          11
        ],
        [
          6,
          12
        ],
        [
          11,
          12
        ],
        [
          11,
          13
        ],
        [
          13,
          15
        ],
        [
          12,
          14
        ],
        [
          14,
          16
        ],
        [
          16,
          18
        ],
        [
          16,
          20
        ],
        [
          20,
          18
        ],
        [
          15,
          17
        ],
        [
          15,
          19
        ],
        [
          19,
          17
        ]
      ]
    }
  ],
  "images": [
    {
      "file_name": "000000001783.jpg",
      "height": 1200,
      "width": 1600,
      "id": 0
    }
  ],
  "annotations": [
    {
      "category_id": 1,
      "image_id": 0,
      "id": 0,
      "bbox": [
        904.027777777778,
        395.734126984127,
        226.6666666666663,
        534.5238095238095
      ],
      "area": 121158.73015872996,
      "keypoints": [
        954.8611111111112,
        454.1666666666667,
        2,
        971.5277777777779,
        441.6666666666667,
        2,
        945.138888888889,
        441.6666666666667,
        2,
        1002.0833333333334,
        440.27777777777777,
        2,
        931.2500000000001,
        444.44444444444446,
        0,
        1038.1944444444443,
        486.11111111111114,
        2,
        924.3055555555555,
        479.1666666666667,
        2,
        1111.8055555555554,
        483.33333333333337,
        2,
        956.2500000000001,
        483.33333333333337,
        0,
        1070.138888888889,
        538.8888888888889,
        2,
        922.9166666666669,
        513.8888888888889,
        1,
        1013.1944444444445,
        656.9444444444445,
        2,
        952.0833333333334,
        650.0,
        2,
        999.3055555555555,
        776.3888888888889,
        2,
        956.2500000000001,
        775.0,
        2,
        1015.9722222222223,
        854.1666666666667,
        2,
        979.8611111111112,
        852.7777777777778,
        2,
        1035.7142857142858,
        872.7272727272727,
        2,
        1000.6493506493506,
        871.4285714285714,
        1,
        1012.3376623376622,
        885.7142857142857,
        2,
        975.974025974026,
        876.6233766233767,
        2
      ],
      "num_keypoints": 19,
      "iscrowd": 0,
      "segmentation": [],
      "group_id": 1
    },
    {
      "category_id": 1,
      "image_id": 0,
      "id": 1,
      "bbox": [
        746.3322510822511,
        351.16666666666663,
        174.01298701298697,
        586.0000000000001
      ],
      "area": 101971.61038961039,
      "keypoints": [
        844.8051948051948,
        429.87012987012986,
        1,
        834.4155844155844,
        405.1948051948052,
        0,
        846.1038961038961,
        407.79220779220776,
        0,
        807.1428571428571,
        400.0,
        0,
        821.4285714285714,
        400.0,
        2,
        795.4545454545454,
        474.025974025974,
        0,
        807.1428571428571,
        474.025974025974,
        2,
        850.0,
        498.7012987012987,
        1,
        839.6103896103896,
        555.8441558441558,
        1,
        905.8441558441558,
        466.23376623376623,
        2,
        899.3506493506493,
        515.5844155844155,
        2,
        772.077922077922,
        649.3506493506493,
        0,
        816.2337662337662,
        661.038961038961,
        1,
        789.6103896103896,
        741.5584415584416,
        2,
        829.8701298701299,
        749.3506493506493,
        2,
        804.1666666666667,
        853.3333333333334,
        1,
        787.5,
        860.0000000000001,
        2,
        792.5,
        880.0000000000001,
        1,
        760.8333333333334,
        881.6666666666667,
        2,
        830.8333333333335,
        855.0000000000001,
        2,
        814.1666666666667,
        888.3333333333334,
        2
      ],
      "num_keypoints": 16,
      "iscrowd": 0,
      "segmentation": [],
      "group_id": 2
    }
  ]
}