{
  "categories": [
    {
      "supercategory": "person",
      "id": 1,
      "name": "person",
      "keypoints": [
        "nose",
        "left_eye",
        "right_eye",
        "left_ear",
        "right_ear",
        "left_shoulder",
        "right_shoulder",
        "left_elbow",
        "right_elbow",
        "left_wrist",
        "right_wrist",
        "left_hip",
        "right_hip",
        "left_knee",
        "right_knee",
        "left_ankle",
        "right_ankle",
        "left_heel",
        "right_heel",
        "left_foot",
        "right_foot"
      ],
      "skeleton": [
        [
          1,
          2
        ],
        [
          0,
          1
        ],
        [
          0,
          2
        ],
        [
          1,
          3
        ],
        [
          2,
          4
        ],
        [
          5,
          6
        ],
        [
          5,
          7
        ],
        [
          7,
          9
        ],
        [
          6,
          8
        ],
        [
          8,
          10
        ],
        [
          5,
          11
        ],
        [
          6,
          12
        ],
        [
          11,
          12
        ],
        [
          11,
          13
        ],
        [
          13,
          15
        ],
        [
          12,
          14
        ],
        [
          14,
          16
        ],
        [
          16,
          18
        ],
        [
          16,
          20
        ],
        [
          20,
          18
        ],
        [
          15,
          17
        ],
        [
          15,
          19
        ],
        [
          19,
          17
        ]
      ]
    }
  ],
  "images": [
    {
      "file_name": "000000000178.jpg",
      "height": 1200,
      "width": 1600,
      "id": 0
    }
  ],
  "annotations": [
    {
      "category_id": 1,
      "image_id": 0,
      "id": 0,
      "bbox": [
        403.6703958691911,
        466.1033429765349,
        341.669535283993,
        544.4648023143683
      ],
      "area": 186027.03598524132,
      "keypoints": [
        451.6393442622951,
        555.7377049180328,
        1,
        460.7142857142857,
        538.0952380952381,
        2,
        432.14285714285717,
        541.6666666666667,
        2,
        492.9203539823008,
        532.7433628318583,
        2,
        427.433628318584,
        552.2123893805309,
        0,
        564.6017699115043,
        544.2477876106194,
        2,
        458.1967213114754,
        596.7213114754098,
        2,
        654.9180327868852,
        511.47540983606564,
        2,
        450.00000000000006,
        696.7213114754098,
        2,
        716.867469879518,
        551.8072289156626,
        2,
        415.6626506024096,
        775.9036144578313,
        0,
        595.9016393442623,
        731.1475409836065,
        1,
        520.4918032786885,
        729.5081967213115,
        2,
        471.3114754098361,
        860.655737704918,
        1,
        430.32786885245906,
        831.1475409836065,
        0,
        550.6024096385541,
        925.301204819277,
        2,
        536.144578313253,
        906.0240963855421,
        2,
        599.1803278688525,
        945.9016393442623,
        2,
        556.5573770491803,
        904.9180327868853,
        1,
        545.5882352941177,
        965.1960784313725,
        2,
        497.3451327433628,
        939.8230088495575,
        2
      ],
      "num_keypoints": 18,
      "iscrowd": 0,
      "segmentation": [],
      "group_id": 1
    },
    {
      "category_id": 1,
      "image_id": 0,
      "id": 1,
      "bbox": [
        644.0170050321013,
        334.1141456582633,
        225.7782404997397,
        569.2016806722689
      ],
      "area": 128513.35395167957,
      "keypoints": [
        677.8761061946902,
        393.80530973451323,
        2,
        692.2619047619048,
        385.11904761904765,
        1,
        670.8333333333334,
        385.11904761904765,
        1,
        719.6428571428572,
        381.54761904761904,
        2,
        679.7619047619048,
        372.0238095238095,
        0,
        752.2123893805309,
        435.39823008849555,
        2,
        662.8318584070796,
        437.16814159292034,
        2,
        804.9019607843137,
        496.078431372549,
        0,
        642.156862745098,
        539.2156862745098,
        0,
        850.9803921568628,
        506.8627450980392,
        1,
        652.9411764705882,
        592.156862745098,
        0,
        744.2477876106194,
        621.2389380530973,
        2,
        687.6106194690265,
        623.008849557522,
        2,
        736.9565217391304,
        711.9565217391304,
        1,
        691.3043478260869,
        728.2608695652174,
        0,
        718.4782608695651,
        807.6086956521739,
        2,
        709.6385542168674,
        771.0843373493975,
        1,
        711.504424778761,
        833.6283185840707,
        2,
        716.6666666666666,
        787.2549019607843,
        0,
        732.3529411764706,
        855.8823529411765,
        2,
        692.156862745098,
        807.843137254902,
        2
      ],
      "num_keypoints": 15,
      "iscrowd": 0,
      "segmentation": [],
      "group_id": 2
    }
  ]
}