{
  "categories": [
    {
      "supercategory": "person",
      "id": 1,
      "name": "person",
      "keypoints": [
        "nose",
        "left_eye",
        "right_eye",
        "left_ear",
        "right_ear",
        "left_shoulder",
        "right_shoulder",
        "left_elbow",
        "right_elbow",
        "left_wrist",
        "right_wrist",
        "left_hip",
        "right_hip",
        "left_knee",
        "right_knee",
        "left_ankle",
        "right_ankle",
        "left_heel",
        "right_heel",
        "left_foot",
        "right_foot"
      ],
      "skeleton": [
        [
          1,
          2
        ],
        [
          0,
          1
        ],
        [
          0,
          2
        ],
        [
          1,
          3
        ],
        [
          2,
          4
        ],
        [
          5,
          6
        ],
        [
          5,
          7
        ],
        [
          7,
          9
        ],
        [
          6,
          8
        ],
        [
          8,
          10
        ],
        [
          5,
          11
        ],
        [
          6,
          12
        ],
        [
          11,
          12
        ],
        [
          11,
          13
        ],
        [
          13,
          15
        ],
        [
          12,
          14
        ],
        [
          14,
          16
        ],
        [
          16,
          18
        ],
        [
          16,
          20
        ],
        [
          20,
          18
        ],
        [
          15,
          17
        ],
        [
          15,
          19
        ],
        [
          19,
          17
        ]
      ]
    }
  ],
  "images": [
    {
      "file_name": "000000001804.jpg",
      "height": 1200,
      "width": 1600,
      "id": 0
    }
  ],
  "annotations": [
    {
      "category_id": 1,
      "image_id": 0,
      "id": 0,
      "bbox": [
        774.9900793650793,
        270.1190476190476,
        323.49567099567116,
        296.23376623376635
      ],
      "area": 95830.34097936704,
      "keypoints": [
        968.0,
        334.0,
        2,
        982.638888888889,
        325.0,
        2,
        950.6944444444445,
        323.61111111111114,
        2,
        1006.2500000000001,
        298.61111111111114,
        2,
        942.3611111111112,
        309.72222222222223,
        0,
        1040.9722222222222,
        356.94444444444446,
        2,
        945.138888888889,
        340.27777777777777,
        2,
        1052.0833333333333,
        456.94444444444446,
        2,
        924.3055555555555,
        466.6666666666667,
        1,
        1071.5277777777778,
        541.6666666666667,
        2,
        922.9166666666669,
        518.0555555555555,
        1,
        1007.638888888889,
        494.44444444444446,
        2,
        957.638888888889,
        502.77777777777777,
        1,
        961.8055555555555,
        420.83333333333337,
        2,
        904.8611111111112,
        448.61111111111114,
        2,
        900.6944444444446,
        363.8888888888889,
        2,
        831.2500000000001,
        386.11111111111114,
        2,
        855.1948051948052,
        372.7272727272727,
        2,
        804.5454545454545,
        375.3246753246753,
        2,
        851.2987012987013,
        294.8051948051948,
        1,
        801.9480519480519,
        323.37662337662334,
        1
      ],
      "num_keypoints": 20,
      "iscrowd": 0,
      "segmentation": [],
      "group_id": 1
    },
    {
      "category_id": 1,
      "image_id": 0,
      "id": 1,
      "bbox": [
        723.7012987012986,
        348.07142857142856,
        183.1168831168833,
        607.5584415584417
      ],
      "area": 111254.20812953294,
      "keypoints": [
        785.0649350649351,
        425.97402597402595,
        0,
        779.8701298701299,
        406.49350649350646,
        0,
        791.5584415584416,
        406.49350649350646,
        0,
        756.4935064935065,
        400.0,
        0,
        761.6883116883116,
        398.7012987012987,
        2,
        730.5194805194805,
        477.9220779220779,
        0,
        769.4805194805194,
        489.6103896103896,
        2,
        839.6103896103896,
        463.6363636363636,
        2,
        826.6233766233765,
        525.974025974026,
        2,
        891.5584415584416,
        442.85714285714283,
        1,
        888.961038961039,
        523.3766233766233,
        2,
        740.9090909090909,
        649.3506493506493,
        0,
        772.077922077922,
        672.7272727272727,
        1,
        738.9610389610389,
        754.5454545454545,
        1,
        772.7272727272726,
        775.3246753246754,
        2,
        747.5,
        868.3333333333334,
        1,
        754.1666666666667,
        888.3333333333334,
        2,
        740.8333333333334,
        876.6666666666667,
        1,
        744.1666666666667,
        905.0000000000001,
        2,
        790.8333333333335,
        873.3333333333334,
        2,
        780.8333333333335,
        896.6666666666667,
        2
      ],
      "num_keypoints": 15,
      "iscrowd": 0,
      "segmentation": [],
      "group_id": 2
    }
  ]
}