{
  "categories": [
    {
      "supercategory": "person",
      "id": 1,
      "name": "person",
      "keypoints": [
        "nose",
        "left_eye",
        "right_eye",
        "left_ear",
        "right_ear",
        "left_shoulder",
        "right_shoulder",
        "left_elbow",
        "right_elbow",
        "left_wrist",
        "right_wrist",
        "left_hip",
        "right_hip",
        "left_knee",
        "right_knee",
        "left_ankle",
        "right_ankle",
        "left_heel",
        "right_heel",
        "left_foot",
        "right_foot"
      ],
      "skeleton": [
        [
          1,
          2
        ],
        [
          0,
          1
        ],
        [
          0,
          2
        ],
        [
          1,
          3
        ],
        [
          2,
          4
        ],
        [
          5,
          6
        ],
        [
          5,
          7
        ],
        [
          7,
          9
        ],
        [
          6,
          8
        ],
        [
          8,
          10
        ],
        [
          5,
          11
        ],
        [
          6,
          12
        ],
        [
          11,
          12
        ],
        [
          11,
          13
        ],
        [
          13,
          15
        ],
        [
          12,
          14
        ],
        [
          14,
          16
        ],
        [
          16,
          18
        ],
        [
          16,
          20
        ],
        [
          20,
          18
        ],
        [
          15,
          17
        ],
        [
          15,
          19
        ],
        [
          19,
          17
        ]
      ]
    }
  ],
  "images": [
    {
      "file_name": "000000000902.jpg",
      "height": 1200,
      "width": 1600,
      "id": 0
    }
  ],
  "annotations": [
    {
      "category_id": 1,
      "image_id": 0,
      "id": 0,
      "bbox": [
        893.0082197273456,
        269.0827047413793,
        275.28067361668,
        263.19504310344826
      ],
      "area": 72452.50875808837,
      "keypoints": [
        956.5217391304348,
        334.7826086956522,
        1,
        967.578125,
        326.171875,
        2,
        940.625,
        328.125,
        1,
        992.1875,
        291.015625,
        2,
        927.5862068965516,
        294.82758620689657,
        0,
        1047.4137931034484,
        318.96551724137936,
        2,
        915.948275862069,
        312.0689655172414,
        2,
        1083.6206896551726,
        414.65517241379314,
        2,
        934.0517241379309,
        389.22413793103453,
        2,
        1089.2241379310346,
        510.3448275862069,
        2,
        934.0517241379309,
        487.50000000000006,
        2,
        1093.9655172413793,
        398.2758620689655,
        1,
        1020.5128205128203,
        424.35897435897436,
        2,
        1111.5384615384614,
        441.02564102564105,
        2,
        1078.2051282051282,
        461.53846153846155,
        1,
        1141.0256410256409,
        446.15384615384613,
        1,
        1115.3846153846152,
        451.28205128205127,
        1,
        1141.2790697674418,
        430.2325581395349,
        2,
        1124.4186046511627,
        427.90697674418607,
        1,
        1145.3488372093022,
        476.74418604651163,
        2,
        1113.953488372093,
        475.5813953488372,
        2
      ],
      "num_keypoints": 20,
      "iscrowd": 0,
      "segmentation": [],
      "group_id": 1
    },
    {
      "category_id": 1,
      "image_id": 0,
      "id": 1,
      "bbox": [
        715.4747023809524,
        322.34375,
        208.05357142857133,
        585.0
      ],
      "area": 121711.33928571423,
      "keypoints": [
        798.828125,
        382.03125,
        2,
        800.78125,
        371.875,
        1,
        790.625,
        373.4375,
        2,
        777.34375,
        372.265625,
        0,
        757.421875,
        371.09375,
        2,
        805.7142857142857,
        416.19047619047615,
        2,
        736.6666666666666,
        430.4761904761905,
        2,
        870.952380952381,
        438.0952380952381,
        2,
        801.4285714285714,
        451.90476190476187,
        2,
        906.1904761904761,
        405.7142857142857,
        1,
        875.2380952380952,
        403.3333333333333,
        2,
        821.7948717948717,
        578.2051282051282,
        2,
        767.9487179487179,
        592.3076923076923,
        2,
        799.9999999999999,
        732.051282051282,
        2,
        770.5128205128204,
        735.8974358974359,
        2,
        782.8125,
        815.625,
        2,
        746.09375,
        836.71875,
        2,
        777.34375,
        828.90625,
        2,
        732.8125,
        850.78125,
        2,
        799.21875,
        831.25,
        2,
        757.8125,
        858.59375,
        2
      ],
      "num_keypoints": 20,
      "iscrowd": 0,
      "segmentation": [],
      "group_id": 2
    }
  ]
}