{
  "categories": [
    {
      "supercategory": "person",
      "id": 1,
      "name": "person",
      "keypoints": [
        "nose",
        "left_eye",
        "right_eye",
        "left_ear",
        "right_ear",
        "left_shoulder",
        "right_shoulder",
        "left_elbow",
        "right_elbow",
        "left_wrist",
        "right_wrist",
        "left_hip",
        "right_hip",
        "left_knee",
        "right_knee",
        "left_ankle",
        "right_ankle",
        "left_heel",
        "right_heel",
        "left_foot",
        "right_foot"
      ],
      "skeleton": [
        [
          1,
          2
        ],
        [
          0,
          1
        ],
        [
          0,
          2
        ],
        [
          1,
          3
        ],
        [
          2,
          4
        ],
        [
          5,
          6
        ],
        [
          5,
          7
        ],
        [
          7,
          9
        ],
        [
          6,
          8
        ],
        [
          8,
          10
        ],
        [
          5,
          11
        ],
        [
          6,
          12
        ],
        [
          11,
          12
        ],
        [
          11,
          13
        ],
        [
          13,
          15
        ],
        [
          12,
          14
        ],
        [
          14,
          16
        ],
        [
          16,
          18
        ],
        [
          16,
          20
        ],
        [
          20,
          18
        ],
        [
          15,
          17
        ],
        [
          15,
          19
        ],
        [
          19,
          17
        ]
      ]
    }
  ],
  "images": [
    {
      "file_name": "000000001232.jpg",
      "height": 1200,
      "width": 1600,
      "id": 0
    }
  ],
  "annotations": [
    {
      "category_id": 1,
      "image_id": 0,
      "id": 0,
      "bbox": [
        818.3829300196206,
        289.1742220044107,
        314.6566383257033,
        388.6694437637834
      ],
      "area": 122297.42059463308,
      "keypoints": [
        856.5217391304348,
        342.39130434782606,
        2,
        860.1918465227818,
        330.4556354916067,
        2,
        844.6043165467626,
        331.65467625899277,
        2,
        901.7520215633423,
        321.5633423180593,
        2,
        839.7553516819572,
        324.15902140672785,
        0,
        951.0204081632654,
        366.32653061224494,
        2,
        857.1428571428572,
        368.36734693877554,
        2,
        1004.0816326530613,
        474.48979591836735,
        2,
        877.5510204081634,
        462.2448979591836,
        2,
        1018.3673469387757,
        566.3265306122449,
        2,
        865.4411764705882,
        528.6764705882352,
        0,
        1029.2207792207791,
        498.7012987012987,
        2,
        947.4025974025975,
        520.7792207792207,
        0,
        1062.9870129870128,
        577.922077922078,
        2,
        1016.2337662337662,
        593.5064935064935,
        0,
        1090.2597402597403,
        600.0,
        2,
        1046.7532467532467,
        614.2857142857142,
        2,
        1102.5974025974026,
        590.9090909090909,
        2,
        1065.909090909091,
        610.6060606060606,
        2,
        1106.818181818182,
        634.8484848484849,
        2,
        1065.909090909091,
        645.4545454545455,
        2
      ],
      "num_keypoints": 17,
      "iscrowd": 0,
      "segmentation": [],
      "group_id": 1
    },
    {
      "category_id": 1,
      "image_id": 0,
      "id": 1,
      "bbox": [
        728.531941031941,
        346.7716422203049,
        173.83292383292394,
        563.3304572907679
      ],
      "area": 97925.38047499226,
      "keypoints": [
        818.8311688311688,
        405.1948051948052,
        2,
        818.1818181818182,
        390.9090909090909,
        0,
        807.103825136612,
        393.7158469945355,
        2,
        808.6378737541528,
        372.4252491694352,
        0,
        779.7297297297297,
        396.6216216216216,
        2,
        830.4054054054053,
        445.045045045045,
        2,
        743.018018018018,
        458.5585585585585,
        2,
        887.8787878787879,
        500.0,
        1,
        775.7575757575758,
        553.030303030303,
        2,
        862.280701754386,
        468.42105263157896,
        0,
        842.9824561403509,
        521.0526315789474,
        2,
        825.438596491228,
        633.3333333333334,
        2,
        769.2982456140351,
        650.8771929824561,
        2,
        820.1754385964912,
        722.8070175438596,
        2,
        774.561403508772,
        742.1052631578948,
        2,
        800.8771929824561,
        805.2631578947369,
        2,
        767.5438596491229,
        835.0877192982456,
        2,
        788.5964912280701,
        833.3333333333334,
        2,
        757.0175438596491,
        863.1578947368421,
        2,
        827.1929824561403,
        833.3333333333334,
        2,
        783.3333333333334,
        856.140350877193,
        2
      ],
      "num_keypoints": 18,
      "iscrowd": 0,
      "segmentation": [],
      "group_id": 2
    }
  ]
}