{
  "categories": [
    {
      "supercategory": "person",
      "id": 1,
      "name": "person",
      "keypoints": [
        "nose",
        "left_eye",
        "right_eye",
        "left_ear",
        "right_ear",
        "left_shoulder",
        "right_shoulder",
        "left_elbow",
        "right_elbow",
        "left_wrist",
        "right_wrist",
        "left_hip",
        "right_hip",
        "left_knee",
        "right_knee",
        "left_ankle",
        "right_ankle",
        "left_heel",
        "right_heel",
        "left_foot",
        "right_foot"
      ],
      "skeleton": [
        [
          1,
          2
        ],
        [
          0,
          1
        ],
        [
          0,
          2
        ],
        [
          1,
          3
        ],
        [
          2,
          4
        ],
        [
          5,
          6
        ],
        [
          5,
          7
        ],
        [
          7,
          9
        ],
        [
          6,
          8
        ],
        [
          8,
          10
        ],
        [
          5,
          11
        ],
        [
          6,
          12
        ],
        [
          11,
          12
        ],
        [
          11,
          13
        ],
        [
          13,
          15
        ],
        [
          12,
          14
        ],
        [
          14,
          16
        ],
        [
          16,
          18
        ],
        [
          16,
          20
        ],
        [
          20,
          18
        ],
        [
          15,
          17
        ],
        [
          15,
          19
        ],
        [
          19,
          17
        ]
      ]
    }
  ],
  "images": [
    {
      "file_name": "000000000443.jpg",
      "height": 1200,
      "width": 1600,
      "id": 0
    }
  ],
  "annotations": [
    {
      "category_id": 1,
      "image_id": 0,
      "id": 0,
      "bbox": [
        593.3695652173913,
        335.49664602683174,
        196.9565217391305,
        702.9876160990711
      ],
      "area": 138457.99569255623,
      "keypoints": [
        730.3921568627451,
        411.7647058823529,
        2,
        733.5526315789474,
        394.07894736842104,
        2,
        704.6052631578947,
        396.7105263157895,
        2,
        742.156862745098,
        402.94117647058823,
        0,
        670.2380952380953,
        402.3809523809524,
        2,
        742.2619047619048,
        457.14285714285717,
        2,
        638.0530973451326,
        488.4955752212389,
        2,
        751.0869565217391,
        530.4347826086956,
        0,
        609.7826086956521,
        606.5217391304348,
        2,
        773.9130434782609,
        550.0,
        1,
        694.5652173913044,
        575.0,
        1,
        735.8024691358024,
        697.5308641975308,
        2,
        683.9506172839506,
        707.4074074074074,
        1,
        724.5098039215686,
        810.7843137254902,
        2,
        654.9019607843137,
        837.2549019607843,
        2,
        716.867469879518,
        884.3373493975903,
        2,
        655.8823529411765,
        922.5490196078431,
        1,
        703.5398230088495,
        920.3539823008848,
        2,
        645.4054054054054,
        961.081081081081,
        1,
        754.0540540540541,
        930.2702702702702,
        2,
        667.156862745098,
        979.9019607843137,
        2
      ],
      "num_keypoints": 19,
      "iscrowd": 0,
      "segmentation": [],
      "group_id": 2
    }
  ]
}