{
  "categories": [
    {
      "supercategory": "person",
      "id": 1,
      "name": "person",
      "keypoints": [
        "nose",
        "left_eye",
        "right_eye",
        "left_ear",
        "right_ear",
        "left_shoulder",
        "right_shoulder",
        "left_elbow",
        "right_elbow",
        "left_wrist",
        "right_wrist",
        "left_hip",
        "right_hip",
        "left_knee",
        "right_knee",
        "left_ankle",
        "right_ankle",
        "left_heel",
        "right_heel",
        "left_foot",
        "right_foot"
      ],
      "skeleton": [
        [
          1,
          2
        ],
        [
          0,
          1
        ],
        [
          0,
          2
        ],
        [
          1,
          3
        ],
        [
          2,
          4
        ],
        [
          5,
          6
        ],
        [
          5,
          7
        ],
        [
          7,
          9
        ],
        [
          6,
          8
        ],
        [
          8,
          10
        ],
        [
          5,
          11
        ],
        [
          6,
          12
        ],
        [
          11,
          12
        ],
        [
          11,
          13
        ],
        [
          13,
          15
        ],
        [
          12,
          14
        ],
        [
          14,
          16
        ],
        [
          16,
          18
        ],
        [
          16,
          20
        ],
        [
          20,
          18
        ],
        [
          15,
          17
        ],
        [
          15,
          19
        ],
        [
          19,
          17
        ]
      ]
    }
  ],
  "images": [
    {
      "file_name": "000000000382.jpg",
      "height": 1200,
      "width": 1600,
      "id": 0
    }
  ],
  "annotations": [
    {
      "category_id": 1,
      "image_id": 0,
      "id": 0,
      "bbox": [
        871.5929203539822,
        308.0998452012384,
        277.1681415929204,
        626.3312693498451
      ],
      "area": 173599.07394723143,
      "keypoints": [
        1001.9607843137255,
        370.5882352941176,
        2,
        1017.6470588235294,
        360.29411764705884,
        1,
        990.6862745098039,
        363.2352941176471,
        2,
        1044.8,
        364.0,
        1,
        979.5555555555555,
        368.0,
        0,
        1083.111111111111,
        424.44444444444446,
        2,
        961.0619469026548,
        414.1592920353982,
        2,
        1125.6637168141592,
        523.8938053097345,
        2,
        916.8141592920354,
        475.22123893805303,
        2,
        1066.371681415929,
        528.3185840707964,
        1,
        894.6902654867256,
        499.1150442477876,
        2,
        1033.6283185840707,
        647.787610619469,
        2,
        956.6371681415928,
        635.3982300884956,
        1,
        1030.392156862745,
        746.0784313725491,
        2,
        977.4509803921568,
        743.1372549019608,
        2,
        1026.086956521739,
        834.7826086956521,
        2,
        982.6086956521739,
        820.6521739130435,
        2,
        1032.3529411764705,
        859.8039215686274,
        1,
        992.156862745098,
        848.0392156862745,
        2,
        1014.4736842105264,
        882.2368421052631,
        2,
        957.8947368421052,
        861.1842105263157,
        2
      ],
      "num_keypoints": 20,
      "iscrowd": 0,
      "segmentation": [],
      "group_id": 1
    },
    {
      "category_id": 1,
      "image_id": 0,
      "id": 1,
      "bbox": [
        707.4886274509804,
        308.2212885154062,
        145.43058823529407,
        615.6302521008403
      ],
      "area": 89531.46969846758,
      "keypoints": [
        800.0,
        371.2,
        2,
        813.6904761904763,
        359.5238095238095,
        2,
        789.7435897435897,
        361.53846153846155,
        2,
        820.5128205128206,
        367.3992673992674,
        1,
        766.6666666666666,
        370.6959706959707,
        2,
        821.7391304347825,
        420.28985507246375,
        2,
        735.5072463768115,
        426.8115942028985,
        2,
        840.8,
        507.2,
        2,
        730.4,
        535.2,
        2,
        914.4,
        480.0,
        0,
        800.8849557522124,
        532.7433628318583,
        2,
        806.1946902654867,
        631.858407079646,
        2,
        750.9803921568628,
        633.3333333333334,
        2,
        806.0606060606061,
        720.2020202020202,
        2,
        749.4949494949495,
        735.3535353535353,
        2,
        786.8686868686868,
        800.0,
        2,
        729.4117647058823,
        828.4313725490196,
        2,
        778.9473684210526,
        826.9736842105264,
        2,
        719.6078431372549,
        860.7843137254902,
        2,
        822.5490196078431,
        833.3333333333334,
        2,
        763.7254901960785,
        872.5490196078431,
        2
      ],
      "num_keypoints": 20,
      "iscrowd": 0,
      "segmentation": [],
      "group_id": 2
    }
  ]
}