{
  "categories": [
    {
      "supercategory": "person",
      "id": 1,
      "name": "person",
      "keypoints": [
        "nose",
        "left_eye",
        "right_eye",
        "left_ear",
        "right_ear",
        "left_shoulder",
        "right_shoulder",
        "left_elbow",
        "right_elbow",
        "left_wrist",
        "right_wrist",
        "left_hip",
        "right_hip",
        "left_knee",
        "right_knee",
        "left_ankle",
        "right_ankle",
        "left_heel",
        "right_heel",
        "left_foot",
        "right_foot"
      ],
      "skeleton": [
        [
          1,
          2
        ],
        [
          0,
          1
        ],
        [
          0,
          2
        ],
        [
          1,
          3
        ],
        [
          2,
          4
        ],
        [
          5,
          6
        ],
        [
          5,
          7
        ],
        [
          7,
          9
        ],
        [
          6,
          8
        ],
        [
          8,
          10
        ],
        [
          5,
          11
        ],
        [
          6,
          12
        ],
        [
          11,
          12
        ],
        [
          11,
          13
        ],
        [
          13,
          15
        ],
        [
          12,
          14
        ],
        [
          14,
          16
        ],
        [
          16,
          18
        ],
        [
          16,
          20
        ],
        [
          20,
          18
        ],
        [
          15,
          17
        ],
        [
          15,
          19
        ],
        [
          19,
          17
        ]
      ]
    }
  ],
  "images": [
    {
      "file_name": "000000001651.jpg",
      "height": 1200,
      "width": 1600,
      "id": 0
    }
  ],
  "annotations": [
    {
      "category_id": 1,
      "image_id": 0,
      "id": 0,
      "bbox": [
        516.1111111111112,
        305.0722222222222,
        448.33333333333326,
        311.13333333333344
      ],
      "area": 139491.44444444447,
      "keypoints": [
        790.9722222222223,
        347.22222222222223,
        2,
        807.0,
        331.0,
        2,
        786.8055555555557,
        331.94444444444446,
        1,
        845.1388888888889,
        334.72222222222223,
        1,
        795.1388888888889,
        322.22222222222223,
        0,
        911.8055555555557,
        379.1666666666667,
        2,
        793.7500000000001,
        372.22222222222223,
        2,
        927.0833333333334,
        483.33333333333337,
        2,
        786.8055555555557,
        458.33333333333337,
        2,
        927.0833333333334,
        577.7777777777778,
        2,
        777.0833333333334,
        568.0555555555555,
        1,
        868.7500000000001,
        545.8333333333334,
        2,
        802.0833333333334,
        502.77777777777777,
        2,
        765.9722222222223,
        552.7777777777778,
        2,
        729.8611111111112,
        525.0,
        2,
        663.1944444444445,
        550.0,
        2,
        614.5833333333334,
        547.2222222222223,
        1,
        629.8611111111112,
        590.2777777777778,
        2,
        585.4166666666667,
        570.8333333333334,
        2,
        614.5833333333334,
        518.0555555555557,
        1,
        553.4722222222223,
        498.61111111111114,
        1
      ],
      "num_keypoints": 20,
      "iscrowd": 0,
      "segmentation": [],
      "group_id": 1
    },
    {
      "category_id": 1,
      "image_id": 0,
      "id": 1,
      "bbox": [
        539.5790043290044,
        367.6428571428571,
        255.05194805194787,
        575.2987012987014
      ],
      "area": 146731.05447798947,
      "keypoints": [
        638.3116883116883,
        431.16883116883116,
        2,
        647.4025974025974,
        416.8831168831169,
        2,
        626.6233766233767,
        415.5844155844156,
        2,
        613.6363636363636,
        428.57142857142856,
        0,
        585.0649350649351,
        424.67532467532465,
        2,
        650.0,
        448.05194805194805,
        2,
        590.2597402597403,
        470.12987012987014,
        1,
        705.8441558441558,
        451.94805194805195,
        2,
        685.0649350649351,
        494.8051948051948,
        2,
        773.3766233766233,
        432.46753246753246,
        2,
        756.4935064935065,
        488.31168831168833,
        2,
        664.2857142857142,
        663.6363636363636,
        2,
        612.3376623376623,
        658.4415584415584,
        1,
        650.6493506493506,
        757.1428571428571,
        1,
        596.1038961038961,
        796.1038961038961,
        1,
        655.8333333333334,
        856.6666666666667,
        2,
        594.1666666666667,
        871.6666666666667,
        2,
        649.1666666666667,
        880.0000000000001,
        2,
        560.8333333333334,
        880.0000000000001,
        1,
        675.8333333333334,
        878.3333333333334,
        2,
        597.5,
        895.0000000000001,
        2
      ],
      "num_keypoints": 20,
      "iscrowd": 0,
      "segmentation": [],
      "group_id": 2
    }
  ]
}