{
  "categories": [
    {
      "supercategory": "person",
      "id": 1,
      "name": "person",
      "keypoints": [
        "nose",
        "left_eye",
        "right_eye",
        "left_ear",
        "right_ear",
        "left_shoulder",
        "right_shoulder",
        "left_elbow",
        "right_elbow",
        "left_wrist",
        "right_wrist",
        "left_hip",
        "right_hip",
        "left_knee",
        "right_knee",
        "left_ankle",
        "right_ankle",
        "left_heel",
        "right_heel",
        "left_foot",
        "right_foot"
      ],
      "skeleton": [
        [
          1,
          2
        ],
        [
          0,
          1
        ],
        [
          0,
          2
        ],
        [
          1,
          3
        ],
        [
          2,
          4
        ],
        [
          5,
          6
        ],
        [
          5,
          7
        ],
        [
          7,
          9
        ],
        [
          6,
          8
        ],
        [
          8,
          10
        ],
        [
          5,
          11
        ],
        [
          6,
          12
        ],
        [
          11,
          12
        ],
        [
          11,
          13
        ],
        [
          13,
          15
        ],
        [
          12,
          14
        ],
        [
          14,
          16
        ],
        [
          16,
          18
        ],
        [
          16,
          20
        ],
        [
          20,
          18
        ],
        [
          15,
          17
        ],
        [
          15,
          19
        ],
        [
          19,
          17
        ]
      ]
    }
  ],
  "images": [
    {
      "file_name": "000000000339.jpg",
      "height": 1200,
      "width": 1600,
      "id": 0
    }
  ],
  "annotations": [
    {
      "category_id": 1,
      "image_id": 0,
      "id": 0,
      "bbox": [
        971.6814159292035,
        200.34919875627838,
        297.3451327433627,
        320.13393924898344
      ],
      "area": 95190.26866164459,
      "keypoints": [
        1031.3725490196077,
        240.19607843137254,
        2,
        1045.9459459459458,
        228.1081081081081,
        2,
        1020.5405405405405,
        227.027027027027,
        2,
        1080.392156862745,
        243.13725490196077,
        2,
        1015.7894736842105,
        242.10526315789474,
        1,
        1129.6052631578948,
        318.42105263157896,
        2,
        1003.9215686274509,
        300.0,
        1,
        1149.5575221238937,
        405.3097345132743,
        2,
        1001.7699115044247,
        394.69026548672565,
        2,
        1160.1769911504423,
        493.80530973451323,
        2,
        996.4601769911503,
        470.7964601769911,
        2,
        1166.6666666666667,
        428.4313725490196,
        1,
        1118.627450980392,
        443.1372549019608,
        2,
        1200.0,
        430.3921568627451,
        1,
        1161.764705882353,
        397.05882352941177,
        0,
        1223.9130434782608,
        377.17391304347825,
        2,
        1180.952380952381,
        372.0238095238095,
        2,
        1230.1204819277107,
        338.55421686746985,
        2,
        1192.7710843373493,
        342.16867469879514,
        2,
        1244.2477876106193,
        371.6814159292035,
        1,
        1219.7368421052631,
        360.5263157894737,
        0
      ],
      "num_keypoints": 19,
      "iscrowd": 0,
      "segmentation": [],
      "group_id": 1
    },
    {
      "category_id": 1,
      "image_id": 0,
      "id": 1,
      "bbox": [
        828.9130434782608,
        241.98732718894007,
        174.78260869565224,
        657.4423963133642
      ],
      "area": 114909.49709477065,
      "keypoints": [
        950.9803921568628,
        308.8235294117647,
        1,
        954.0540540540541,
        298.9189189189189,
        1,
        944.3548387096774,
        296.7741935483871,
        2,
        928.6290322580645,
        296.7741935483871,
        0,
        906.0483870967741,
        308.4677419354839,
        2,
        947.8260869565216,
        376.8115942028985,
        0,
        886.2318840579709,
        371.01449275362313,
        2,
        978.9473684210526,
        451.9736842105263,
        1,
        942.1052631578947,
        411.84210526315786,
        2,
        1011.8421052631579,
        426.9736842105263,
        0,
        989.1304347826086,
        320.65217391304344,
        2,
        914.1304347826086,
        584.7826086956521,
        1,
        887.7049180327868,
        580.327868852459,
        2,
        906.8627450980392,
        690.1960784313725,
        0,
        905.8823529411765,
        697.0588235294117,
        2,
        868.6274509803922,
        765.6862745098039,
        0,
        860.0,
        816.0,
        2,
        850.4,
        791.2,
        0,
        843.4782608695651,
        839.1304347826086,
        2,
        907.2463768115941,
        798.5507246376811,
        2,
        899.4047619047619,
        844.6428571428572,
        2
      ],
      "num_keypoints": 15,
      "iscrowd": 0,
      "segmentation": [],
      "group_id": 2
    }
  ]
}