{
  "categories": [
    {
      "supercategory": "person",
      "id": 1,
      "name": "person",
      "keypoints": [
        "nose",
        "left_eye",
        "right_eye",
        "left_ear",
        "right_ear",
        "left_shoulder",
        "right_shoulder",
        "left_elbow",
        "right_elbow",
        "left_wrist",
        "right_wrist",
        "left_hip",
        "right_hip",
        "left_knee",
        "right_knee",
        "left_ankle",
        "right_ankle",
        "left_heel",
        "right_heel",
        "left_foot",
        "right_foot"
      ],
      "skeleton": [
        [
          1,
          2
        ],
        [
          0,
          1
        ],
        [
          0,
          2
        ],
        [
          1,
          3
        ],
        [
          2,
          4
        ],
        [
          5,
          6
        ],
        [
          5,
          7
        ],
        [
          7,
          9
        ],
        [
          6,
          8
        ],
        [
          8,
          10
        ],
        [
          5,
          11
        ],
        [
          6,
          12
        ],
        [
          11,
          12
        ],
        [
          11,
          13
        ],
        [
          13,
          15
        ],
        [
          12,
          14
        ],
        [
          14,
          16
        ],
        [
          16,
          18
        ],
        [
          16,
          20
        ],
        [
          20,
          18
        ],
        [
          15,
          17
        ],
        [
          15,
          19
        ],
        [
          19,
          17
        ]
      ]
    }
  ],
  "images": [
    {
      "file_name": "000000001134.jpg",
      "height": 1200,
      "width": 1600,
      "id": 0
    }
  ],
  "annotations": [
    {
      "category_id": 1,
      "image_id": 0,
      "id": 0,
      "bbox": [
        438.36734693877554,
        310.80065359477123,
        200.81632653061217,
        721.3725490196078
      ],
      "area": 144863.38535414162,
      "keypoints": [
        526.0869565217391,
        386.95652173913044,
        2,
        534.8583877995643,
        372.1132897603486,
        2,
        514.0522875816994,
        370.91503267973854,
        2,
        534.4771241830065,
        383.8235294117647,
        0,
        466.1764705882353,
        381.37254901960785,
        2,
        555.1020408163266,
        462.2448979591836,
        2,
        455.10204081632656,
        441.8367346938776,
        2,
        622.4489795918367,
        556.1224489795918,
        2,
        479.5918367346939,
        590.8163265306123,
        1,
        583.6734693877552,
        674.4897959183673,
        2,
        494.1176470588235,
        682.3529411764705,
        0,
        581.8181818181818,
        714.2857142857142,
        2,
        503.2467532467532,
        700.0,
        2,
        559.0909090909091,
        809.0909090909091,
        2,
        518.8311688311688,
        818.1818181818181,
        2,
        573.3766233766233,
        910.3896103896104,
        2,
        544.1558441558442,
        912.9870129870129,
        2,
        601.2987012987013,
        935.0649350649351,
        2,
        574.7126436781609,
        927.0114942528736,
        1,
        588.2352941176471,
        972.0588235294117,
        2,
        539.080459770115,
        958.0459770114943,
        2
      ],
      "num_keypoints": 19,
      "iscrowd": 0,
      "segmentation": [],
      "group_id": 1
    }
  ]
}