{
  "categories": [
    {
      "supercategory": "person",
      "id": 1,
      "name": "person",
      "keypoints": [
        "nose",
        "left_eye",
        "right_eye",
        "left_ear",
        "right_ear",
        "left_shoulder",
        "right_shoulder",
        "left_elbow",
        "right_elbow",
        "left_wrist",
        "right_wrist",
        "left_hip",
        "right_hip",
        "left_knee",
        "right_knee",
        "left_ankle",
        "right_ankle",
        "left_heel",
        "right_heel",
        "left_foot",
        "right_foot"
      ],
      "skeleton": [
        [
          1,
          2
        ],
        [
          0,
          1
        ],
        [
          0,
          2
        ],
        [
          1,
          3
        ],
        [
          2,
          4
        ],
        [
          5,
          6
        ],
        [
          5,
          7
        ],
        [
          7,
          9
        ],
        [
          6,
          8
        ],
        [
          8,
          10
        ],
        [
          5,
          11
        ],
        [
          6,
          12
        ],
        [
          11,
          12
        ],
        [
          11,
          13
        ],
        [
          13,
          15
        ],
        [
          12,
          14
        ],
        [
          14,
          16
        ],
        [
          16,
          18
        ],
        [
          16,
          20
        ],
        [
          20,
          18
        ],
        [
          15,
          17
        ],
        [
          15,
          19
        ],
        [
          19,
          17
        ]
      ]
    }
  ],
  "images": [
    {
      "file_name": "000000000599.jpg",
      "height": 1200,
      "width": 1600,
      "id": 0
    }
  ],
  "annotations": [
    {
      "category_id": 1,
      "image_id": 0,
      "id": 0,
      "bbox": [
        514.4221105527638,
        518.2172490358771,
        291.2562814070352,
        450.73974523781703
      ],
      "area": 131280.782080321,
      "keypoints": [
        592.9203539823009,
        630.9734513274335,
        1,
        603.1578947368421,
        618.9473684210526,
        2,
        580.5263157894736,
        617.8947368421052,
        2,
        638.9473684210526,
        604.2105263157895,
        2,
        587.8306878306878,
        606.084656084656,
        0,
        690.7407407407406,
        594.7089947089946,
        2,
        589.4179894179894,
        669.3121693121693,
        2,
        751.3227513227513,
        576.1904761904761,
        1,
        574.8677248677249,
        730.4232804232804,
        2,
        781.4070351758794,
        555.7788944723618,
        2,
        538.6934673366834,
        796.9849246231156,
        1,
        728.1407035175879,
        742.2110552763819,
        2,
        657.6923076923076,
        735.8974358974359,
        1,
        664.1025641025641,
        846.1538461538462,
        2,
        607.6923076923076,
        865.3846153846154,
        2,
        702.5641025641025,
        897.4358974358975,
        2,
        651.2820512820513,
        894.8717948717948,
        2,
        720.3488372093024,
        905.232558139535,
        2,
        673.2558139534884,
        902.3255813953489,
        1,
        690.6976744186046,
        931.3953488372093,
        2,
        646.5116279069767,
        918.6046511627907,
        2
      ],
      "num_keypoints": 20,
      "iscrowd": 0,
      "segmentation": [],
      "group_id": 1
    },
    {
      "category_id": 1,
      "image_id": 0,
      "id": 1,
      "bbox": [
        697.5641025641025,
        314.4396551724138,
        229.23076923076917,
        535.344827586207
      ],
      "area": 122717.50663129972,
      "keypoints": [
        828.448275862069,
        371.12068965517244,
        2,
        841.3793103448276,
        359.05172413793105,
        2,
        819.8275862068965,
        359.05172413793105,
        2,
        852.5862068965516,
        361.2068965517242,
        2,
        805.1724137931034,
        359.4827586206897,
        2,
        881.4655172413793,
        397.8448275862069,
        2,
        778.2051282051282,
        416.025641025641,
        2,
        907.6923076923076,
        492.30769230769226,
        2,
        776.9230769230769,
        496.79487179487177,
        2,
        850.0,
        509.6153846153846,
        2,
        716.6666666666666,
        525.0,
        2,
        869.8717948717948,
        564.7435897435897,
        2,
        802.5641025641025,
        569.2307692307692,
        1,
        864.102564102564,
        682.051282051282,
        2,
        801.2820512820512,
        685.8974358974359,
        1,
        860.2564102564102,
        779.4871794871794,
        2,
        798.2758620689655,
        777.5862068965517,
        2,
        854.3103448275862,
        803.4482758620691,
        2,
        815.5172413793102,
        779.3103448275863,
        2,
        879.3103448275862,
        805.1724137931035,
        2,
        792.2413793103448,
        788.7931034482759,
        2
      ],
      "num_keypoints": 21,
      "iscrowd": 0,
      "segmentation": [],
      "group_id": 2
    }
  ]
}