{
  "categories": [
    {
      "supercategory": "person",
      "id": 1,
      "name": "person",
      "keypoints": [
        "nose",
        "left_eye",
        "right_eye",
        "left_ear",
        "right_ear",
        "left_shoulder",
        "right_shoulder",
        "left_elbow",
        "right_elbow",
        "left_wrist",
        "right_wrist",
        "left_hip",
        "right_hip",
        "left_knee",
        "right_knee",
        "left_ankle",
        "right_ankle",
        "left_heel",
        "right_heel",
        "left_foot",
        "right_foot"
      ],
      "skeleton": [
        [
          1,
          2
        ],
        [
          0,
          1
        ],
        [
          0,
          2
        ],
        [
          1,
          3
        ],
        [
          2,
          4
        ],
        [
          5,
          6
        ],
        [
          5,
          7
        ],
        [
          7,
          9
        ],
        [
          6,
          8
        ],
        [
          8,
          10
        ],
        [
          5,
          11
        ],
        [
          6,
          12
        ],
        [
          11,
          12
        ],
        [
          11,
          13
        ],
        [
          13,
          15
        ],
        [
          12,
          14
        ],
        [
          14,
          16
        ],
        [
          16,
          18
        ],
        [
          16,
          20
        ],
        [
          20,
          18
        ],
        [
          15,
          17
        ],
        [
          15,
          19
        ],
        [
          19,
          17
        ]
      ]
    }
  ],
  "images": [
    {
      "file_name": "000000001163.jpg",
      "height": 1200,
      "width": 1600,
      "id": 0
    }
  ],
  "annotations": [
    {
      "category_id": 1,
      "image_id": 0,
      "id": 0,
      "bbox": [
        1060.13529856387,
        223.47717484926787,
        184.4988662131518,
        471.7622739018087
      ],
      "area": 87039.6046570221,
      "keypoints": [
        1119.4690265486724,
        283.1858407079646,
        1,
        1128.268551236749,
        273.4982332155477,
        1,
        1104.6511627906978,
        276.74418604651163,
        1,
        1151.1627906976744,
        262.7906976744186,
        2,
        1100.0,
        268.9922480620155,
        0,
        1173.4693877551022,
        294.8979591836735,
        2,
        1079.591836734694,
        294.8979591836735,
        2,
        1216.326530612245,
        384.69387755102036,
        2,
        1075.5102040816328,
        403.0612244897959,
        2,
        1214.2857142857144,
        474.48979591836735,
        2,
        1076.1578044596913,
        463.12178387650084,
        1,
        1185.7142857142858,
        477.9220779220779,
        2,
        1094.155844155844,
        474.025974025974,
        2,
        1185.064935064935,
        583.1168831168831,
        2,
        1131.818181818182,
        584.4155844155844,
        2,
        1216.2337662337663,
        612.9870129870129,
        2,
        1166.2337662337661,
        632.4675324675325,
        1,
        1229.2592592592591,
        611.8518518518518,
        2,
        1181.111111111111,
        630.3703703703703,
        1,
        1223.4848484848485,
        651.5151515151515,
        2,
        1176.6666666666665,
        655.9259259259259,
        2
      ],
      "num_keypoints": 20,
      "iscrowd": 0,
      "segmentation": [],
      "group_id": 1
    },
    {
      "category_id": 1,
      "image_id": 0,
      "id": 1,
      "bbox": [
        944.561403508772,
        251.17794486215539,
        128.42105263157896,
        554.6958304853041
      ],
      "area": 71234.62244127064,
      "keypoints": [
        1021.4285714285714,
        311.68831168831167,
        2,
        1029.8701298701299,
        297.4025974025974,
        2,
        1011.3350125944584,
        299.4962216624685,
        2,
        1011.0831234256926,
        285.13853904282115,
        0,
        984.1309823677582,
        306.29722921914356,
        2,
        1032.2222222222222,
        346.6666666666667,
        2,
        972.7272727272726,
        362.28956228956224,
        2,
        1060.6060606060605,
        436.3636363636364,
        2,
        1016.6666666666666,
        433.3333333333333,
        2,
        1102.6315789473683,
        394.7368421052632,
        0,
        1062.280701754386,
        361.40350877192986,
        2,
        1039.4736842105262,
        517.5438596491229,
        2,
        999.1228070175439,
        528.0701754385965,
        2,
        1021.9298245614034,
        612.280701754386,
        1,
        992.1052631578948,
        615.7894736842105,
        2,
        997.3684210526314,
        712.280701754386,
        2,
        969.2982456140351,
        731.578947368421,
        2,
        990.3508771929824,
        729.8245614035088,
        2,
        955.2631578947369,
        754.3859649122807,
        2,
        1021.9298245614034,
        738.5964912280701,
        1,
        986.8421052631579,
        759.6491228070175,
        2
      ],
      "num_keypoints": 19,
      "iscrowd": 0,
      "segmentation": [],
      "group_id": 2
    }
  ]
}