{
  "categories": [
    {
      "supercategory": "person",
      "id": 1,
      "name": "person",
      "keypoints": [
        "nose",
        "left_eye",
        "right_eye",
        "left_ear",
        "right_ear",
        "left_shoulder",
        "right_shoulder",
        "left_elbow",
        "right_elbow",
        "left_wrist",
        "right_wrist",
        "left_hip",
        "right_hip",
        "left_knee",
        "right_knee",
        "left_ankle",
        "right_ankle",
        "left_heel",
        "right_heel",
        "left_foot",
        "right_foot"
      ],
      "skeleton": [
        [
          1,
          2
        ],
        [
          0,
          1
        ],
        [
          0,
          2
        ],
        [
          1,
          3
        ],
        [
          2,
          4
        ],
        [
          5,
          6
        ],
        [
          5,
          7
        ],
        [
          7,
          9
        ],
        [
          6,
          8
        ],
        [
          8,
          10
        ],
        [
          5,
          11
        ],
        [
          6,
          12
        ],
        [
          11,
          12
        ],
        [
          11,
          13
        ],
        [
          13,
          15
        ],
        [
          12,
          14
        ],
        [
          14,
          16
        ],
        [
          16,
          18
        ],
        [
          16,
          20
        ],
        [
          20,
          18
        ],
        [
          15,
          17
        ],
        [
          15,
          19
        ],
        [
          19,
          17
        ]
      ]
    }
  ],
  "images": [
    {
      "file_name": "000000000265.jpg",
      "height": 1200,
      "width": 1600,
      "id": 0
    }
  ],
  "annotations": [
    {
      "category_id": 1,
      "image_id": 0,
      "id": 0,
      "bbox": [
        842.7794597112251,
        275.3356216628527,
        260.33069399161593,
        678.5812356979407
      ],
      "area": 176655.52401893318,
      "keypoints": [
        984.3373493975903,
        351.8072289156626,
        2,
        996.6867469879518,
        338.55421686746985,
        2,
        973.4939759036143,
        338.855421686747,
        2,
        1030.4347826086955,
        331.88405797101444,
        1,
        965.1960784313725,
        344.6078431372549,
        1,
        1070.0980392156862,
        389.70588235294116,
        2,
        972.8,
        388.8,
        1,
        1081.4159292035397,
        513.2743362831858,
        2,
        920.3539823008848,
        483.18584070796453,
        2,
        1026.3157894736842,
        560.5263157894736,
        2,
        864.4736842105264,
        534.2105263157895,
        2,
        1035.2,
        607.2,
        2,
        955.2,
        600.0,
        2,
        1023.9130434782609,
        761.9565217391304,
        2,
        936.9565217391304,
        751.0869565217391,
        2,
        1018.4782608695651,
        844.5652173913043,
        2,
        947.8260869565217,
        823.9130434782609,
        2,
        1033.3333333333335,
        888.0952380952381,
        2,
        974.4047619047619,
        871.4285714285714,
        2,
        1008.3333333333334,
        896.4285714285714,
        2,
        935.5263157894736,
        897.3684210526316,
        2
      ],
      "num_keypoints": 21,
      "iscrowd": 0,
      "segmentation": [],
      "group_id": 1
    },
    {
      "category_id": 1,
      "image_id": 0,
      "id": 1,
      "bbox": [
        718.0978260869565,
        275.1535087719298,
        232.82608695652175,
        698.1578947368421
      ],
      "area": 162549.37070938214,
      "keypoints": [
        831.858407079646,
        349.55752212389376,
        2,
        839.4736842105264,
        336.1842105263158,
        2,
        821.2454212454212,
        338.46153846153845,
        2,
        845.7875457875458,
        333.3333333333333,
        1,
        783.1501831501831,
        343.5897435897436,
        2,
        842.4778761061946,
        405.3097345132743,
        1,
        769.0265486725663,
        407.96460176991144,
        2,
        861.9469026548671,
        506.19469026548666,
        0,
        861.0619469026548,
        479.646017699115,
        2,
        909.7345132743362,
        494.6902654867256,
        0,
        931.5217391304348,
        428.2608695652174,
        2,
        836.9565217391304,
        626.0869565217391,
        2,
        779.5081967213115,
        627.8688524590164,
        2,
        833.695652173913,
        736.9565217391304,
        2,
        783.695652173913,
        769.5652173913043,
        2,
        804.3478260869565,
        838.0434782608695,
        2,
        758.8235294117646,
        853.9215686274509,
        2,
        792.8,
        864.8,
        2,
        737.5,
        890.1315789473684,
        2,
        848.0263157894736,
        873.6842105263157,
        2,
        786.8421052631579,
        915.1315789473684,
        2
      ],
      "num_keypoints": 19,
      "iscrowd": 0,
      "segmentation": [],
      "group_id": 2
    }
  ]
}