{
  "categories": [
    {
      "supercategory": "person",
      "id": 1,
      "name": "person",
      "keypoints": [
        "nose",
        "left_eye",
        "right_eye",
        "left_ear",
        "right_ear",
        "left_shoulder",
        "right_shoulder",
        "left_elbow",
        "right_elbow",
        "left_wrist",
        "right_wrist",
        "left_hip",
        "right_hip",
        "left_knee",
        "right_knee",
        "left_ankle",
        "right_ankle",
        "left_heel",
        "right_heel",
        "left_foot",
        "right_foot"
      ],
      "skeleton": [
        [
          1,
          2
        ],
        [
          0,
          1
        ],
        [
          0,
          2
        ],
        [
          1,
          3
        ],
        [
          2,
          4
        ],
        [
          5,
          6
        ],
        [
          5,
          7
        ],
        [
          7,
          9
        ],
        [
          6,
          8
        ],
        [
          8,
          10
        ],
        [
          5,
          11
        ],
        [
          6,
          12
        ],
        [
          11,
          12
        ],
        [
          11,
          13
        ],
        [
          13,
          15
        ],
        [
          12,
          14
        ],
        [
          14,
          16
        ],
        [
          16,
          18
        ],
        [
          16,
          20
        ],
        [
          20,
          18
        ],
        [
          15,
          17
        ],
        [
          15,
          19
        ],
        [
          19,
          17
        ]
      ]
    }
  ],
  "images": [
    {
      "file_name": "000000000533.jpg",
      "height": 1200,
      "width": 1600,
      "id": 0
    }
  ],
  "annotations": [
    {
      "category_id": 1,
      "image_id": 0,
      "id": 0,
      "bbox": [
        850.9003215434084,
        227.73133414932678,
        214.9196141479099,
        570.3818849449204
      ],
      "area": 122586.25462931984,
      "keypoints": [
        884.7826086956521,
        300.0,
        2,
        901.0526315789473,
        288.4210526315789,
        2,
        876.8421052631578,
        283.1578947368421,
        2,
        945.2631578947368,
        275.2631578947368,
        2,
        877.1704180064309,
        275.2411575562701,
        0,
        1020.9003215434084,
        337.62057877813504,
        2,
        868.8102893890675,
        318.32797427652736,
        2,
        1047.9099678456591,
        440.8360128617364,
        2,
        878.4565916398714,
        429.2604501607717,
        2,
        1041.8006430868168,
        542.7652733118971,
        2,
        881.9935691318328,
        516.0771704180064,
        2,
        1004.5016077170418,
        550.8038585209003,
        2,
        925.8620689655172,
        539.2241379310345,
        2,
        1006.0344827586207,
        643.5344827586207,
        2,
        959.4827586206897,
        644.396551724138,
        2,
        1033.6633663366335,
        713.8613861386139,
        2,
        1001.2820512820513,
        719.2307692307692,
        2,
        1044.1860465116279,
        706.9767441860465,
        1,
        1016.8604651162791,
        708.7209302325582,
        1,
        1033.7209302325582,
        750.5813953488372,
        2,
        1013.3720930232558,
        742.4418604651163,
        2
      ],
      "num_keypoints": 20,
      "iscrowd": 0,
      "segmentation": [],
      "group_id": 1
    },
    {
      "category_id": 1,
      "image_id": 0,
      "id": 1,
      "bbox": [
        651.0881576777174,
        316.54866715578385,
        225.23998020781778,
        652.4798239178283
      ],
      "area": 146964.54262525207,
      "keypoints": [
        719.5035460992908,
        382.62411347517735,
        2,
        715.2482269503547,
        370.92198581560285,
        1,
        709.2198581560284,
        378.01418439716315,
        2,
        692.5531914893618,
        367.0212765957447,
        0,
        669.8581560283689,
        384.7517730496454,
        2,
        720.9219858156029,
        422.6950354609929,
        2,
        677.9069767441861,
        453.48837209302326,
        2,
        794.7674418604652,
        476.16279069767444,
        1,
        782.5581395348837,
        473.83720930232556,
        2,
        844.7674418604652,
        470.93023255813955,
        2,
        857.5581395348837,
        413.95348837209303,
        2,
        748.8372093023256,
        600.0,
        0,
        725.6410256410255,
        621.7948717948718,
        2,
        730.7692307692307,
        730.7692307692307,
        0,
        749.9999999999999,
        776.9230769230769,
        2,
        694.8717948717948,
        825.6410256410256,
        1,
        724.1379310344827,
        895.6896551724138,
        2,
        682.7586206896551,
        850.8620689655173,
        1,
        717.2413793103448,
        906.896551724138,
        1,
        714.655172413793,
        838.7931034482759,
        0,
        749.1379310344827,
        914.6551724137931,
        2
      ],
      "num_keypoints": 17,
      "iscrowd": 0,
      "segmentation": [],
      "group_id": 2
    }
  ]
}