{
  "categories": [
    {
      "supercategory": "person",
      "id": 1,
      "name": "person",
      "keypoints": [
        "nose",
        "left_eye",
        "right_eye",
        "left_ear",
        "right_ear",
        "left_shoulder",
        "right_shoulder",
        "left_elbow",
        "right_elbow",
        "left_wrist",
        "right_wrist",
        "left_hip",
        "right_hip",
        "left_knee",
        "right_knee",
        "left_ankle",
        "right_ankle",
        "left_heel",
        "right_heel",
        "left_foot",
        "right_foot"
      ],
      "skeleton": [
        [
          1,
          2
        ],
        [
          0,
          1
        ],
        [
          0,
          2
        ],
        [
          1,
          3
        ],
        [
          2,
          4
        ],
        [
          5,
          6
        ],
        [
          5,
          7
        ],
        [
          7,
          9
        ],
        [
          6,
          8
        ],
        [
          8,
          10
        ],
        [
          5,
          11
        ],
        [
          6,
          12
        ],
        [
          11,
          12
        ],
        [
          11,
          13
        ],
        [
          13,
          15
        ],
        [
          12,
          14
        ],
        [
          14,
          16
        ],
        [
          16,
          18
        ],
        [
          16,
          20
        ],
        [
          20,
          18
        ],
        [
          15,
          17
        ],
        [
          15,
          19
        ],
        [
          19,
          17
        ]
      ]
    }
  ],
  "images": [
    {
      "file_name": "000000000426.jpg",
      "height": 1200,
      "width": 1600,
      "id": 0
    }
  ],
  "annotations": [
    {
      "category_id": 1,
      "image_id": 0,
      "id": 0,
      "bbox": [
        606.6304347826087,
        321.5722222222222,
        233.47826086956525,
        626.4666666666667
      ],
      "area": 146266.34782608697,
      "keypoints": [
        733.6,
        384.0,
        2,
        747.5555555555555,
        376.0,
        2,
        721.7777777777778,
        373.77777777777777,
        2,
        772.5490196078431,
        388.2352941176471,
        2,
        714.8809523809524,
        383.33333333333337,
        0,
        799.4047619047619,
        438.09523809523813,
        2,
        679.4117647058823,
        441.1764705882353,
        2,
        820.6521739130435,
        544.5652173913044,
        2,
        626.0869565217391,
        544.5652173913044,
        2,
        753.2608695652174,
        515.2173913043478,
        2,
        715.2173913043478,
        535.8695652173913,
        2,
        755.8823529411765,
        657.843137254902,
        2,
        693.1372549019608,
        647.0588235294117,
        2,
        745.7831325301204,
        778.3132530120481,
        2,
        667.4698795180723,
        771.0843373493975,
        1,
        737.2549019607843,
        839.2156862745098,
        2,
        655.8823529411765,
        840.1960784313725,
        2,
        715.6862745098039,
        875.4901960784314,
        2,
        658.8235294117646,
        881.3725490196078,
        2,
        740.4761904761905,
        895.8333333333334,
        2,
        623.9130434782608,
        896.3768115942029,
        0
      ],
      "num_keypoints": 19,
      "iscrowd": 0,
      "segmentation": [],
      "group_id": 2
    }
  ]
}