{
  "categories": [
    {
      "supercategory": "person",
      "id": 1,
      "name": "person",
      "keypoints": [
        "nose",
        "left_eye",
        "right_eye",
        "left_ear",
        "right_ear",
        "left_shoulder",
        "right_shoulder",
        "left_elbow",
        "right_elbow",
        "left_wrist",
        "right_wrist",
        "left_hip",
        "right_hip",
        "left_knee",
        "right_knee",
        "left_ankle",
        "right_ankle",
        "left_heel",
        "right_heel",
        "left_foot",
        "right_foot"
      ],
      "skeleton": [
        [
          1,
          2
        ],
        [
          0,
          1
        ],
        [
          0,
          2
        ],
        [
          1,
          3
        ],
        [
          2,
          4
        ],
        [
          5,
          6
        ],
        [
          5,
          7
        ],
        [
          7,
          9
        ],
        [
          6,
          8
        ],
        [
          8,
          10
        ],
        [
          5,
          11
        ],
        [
          6,
          12
        ],
        [
          11,
          12
        ],
        [
          11,
          13
        ],
        [
          13,
          15
        ],
        [
          12,
          14
        ],
        [
          14,
          16
        ],
        [
          16,
          18
        ],
        [
          16,
          20
        ],
        [
          20,
          18
        ],
        [
          15,
          17
        ],
        [
          15,
          19
        ],
        [
          19,
          17
        ]
      ]
    }
  ],
  "images": [
    {
      "file_name": "000000000660.jpg",
      "height": 1200,
      "width": 1600,
      "id": 0
    }
  ],
  "annotations": [
    {
      "category_id": 1,
      "image_id": 0,
      "id": 0,
      "bbox": [
        866.71875,
        406.4115953947368,
        282.1875,
        546.4983552631579
      ],
      "area": 154215.0046258224,
      "keypoints": [
        967.6470588235294,
        489.2156862745098,
        2,
        983.6012861736335,
        478.4565916398714,
        2,
        959.1639871382637,
        475.8842443729904,
        2,
        1011.5755627009647,
        465.59485530546624,
        2,
        957.03125,
        462.5,
        0,
        1062.890625,
        451.953125,
        2,
        935.9375,
        464.0625,
        2,
        1125.390625,
        493.359375,
        2,
        928.90625,
        481.640625,
        1,
        1076.5625,
        517.96875,
        2,
        890.234375,
        501.953125,
        2,
        1066.796875,
        610.546875,
        2,
        974.3589743589744,
        606.4102564102564,
        2,
        1010.2564102564102,
        748.7179487179487,
        2,
        966.6666666666665,
        748.7179487179487,
        2,
        992.3076923076922,
        873.0769230769231,
        2,
        996.1538461538462,
        808.974358974359,
        1,
        999.4736842105262,
        895.7894736842105,
        2,
        1003.1578947368421,
        822.1052631578947,
        1,
        979.9999999999999,
        907.3684210526316,
        2,
        984.2105263157894,
        841.0526315789473,
        1
      ],
      "num_keypoints": 20,
      "iscrowd": 0,
      "segmentation": [],
      "group_id": 1
    },
    {
      "category_id": 1,
      "image_id": 0,
      "id": 1,
      "bbox": [
        733.5376602564103,
        315.30059523809524,
        178.7980769230769,
        593.5357142857142
      ],
      "area": 106123.04429945053,
      "keypoints": [
        852.8571428571428,
        376.66666666666663,
        2,
        852.8571428571428,
        364.76190476190476,
        2,
        839.5238095238095,
        368.0952380952381,
        2,
        830.4761904761905,
        361.90476190476187,
        0,
        801.9047619047619,
        368.57142857142856,
        2,
        846.1904761904761,
        415.7142857142857,
        2,
        777.5641025641025,
        427.56410256410254,
        2,
        897.4358974358975,
        470.5128205128205,
        2,
        792.9487179487179,
        514.7435897435897,
        2,
        978.2051282051282,
        449.35897435897436,
        0,
        863.4615384615385,
        502.56410256410254,
        2,
        833.9743589743589,
        589.1025641025641,
        2,
        798.7179487179486,
        591.025641025641,
        2,
        819.2307692307692,
        700.0,
        2,
        789.7435897435897,
        720.5128205128206,
        2,
        805.1282051282051,
        796.1538461538462,
        2,
        757.8125,
        831.25,
        2,
        792.96875,
        825.78125,
        2,
        748.4375,
        859.375,
        2,
        829.6875,
        819.53125,
        2,
        782.8125,
        857.03125,
        2
      ],
      "num_keypoints": 19,
      "iscrowd": 0,
      "segmentation": [],
      "group_id": 2
    }
  ]
}