{
  "categories": [
    {
      "supercategory": "person",
      "id": 1,
      "name": "person",
      "keypoints": [
        "nose",
        "left_eye",
        "right_eye",
        "left_ear",
        "right_ear",
        "left_shoulder",
        "right_shoulder",
        "left_elbow",
        "right_elbow",
        "left_wrist",
        "right_wrist",
        "left_hip",
        "right_hip",
        "left_knee",
        "right_knee",
        "left_ankle",
        "right_ankle",
        "left_heel",
        "right_heel",
        "left_foot",
        "right_foot"
      ],
      "skeleton": [
        [
          1,
          2
        ],
        [
          0,
          1
        ],
        [
          0,
          2
        ],
        [
          1,
          3
        ],
        [
          2,
          4
        ],
        [
          5,
          6
        ],
        [
          5,
          7
        ],
        [
          7,
          9
        ],
        [
          6,
          8
        ],
        [
          8,
          10
        ],
        [
          5,
          11
        ],
        [
          6,
          12
        ],
        [
          11,
          12
        ],
        [
          11,
          13
        ],
        [
          13,
          15
        ],
        [
          12,
          14
        ],
        [
          14,
          16
        ],
        [
          16,
          18
        ],
        [
          16,
          20
        ],
        [
          20,
          18
        ],
        [
          15,
          17
        ],
        [
          15,
          19
        ],
        [
          19,
          17
        ]
      ]
    }
  ],
  "images": [
    {
      "file_name": "000000000975.jpg",
      "height": 1200,
      "width": 1600,
      "id": 0
    }
  ],
  "annotations": [
    {
      "category_id": 1,
      "image_id": 0,
      "id": 0,
      "bbox": [
        1030.3838858650834,
        223.6178786760182,
        200.5096486887678,
        453.09339239571796
      ],
      "area": 90849.59693246742,
      "keypoints": [
        1127.433628318584,
        276.10619469026545,
        2,
        1140.21164021164,
        268.78306878306876,
        2,
        1123.5449735449736,
        267.46031746031747,
        2,
        1168.7830687830688,
        261.37566137566137,
        2,
        1123.404255319149,
        258.86524822695037,
        0,
        1184.3971631205675,
        303.54609929078015,
        2,
        1110.6382978723404,
        298.58156028368796,
        2,
        1202.1276595744682,
        395.0354609929078,
        2,
        1099.290780141844,
        380.49645390070924,
        2,
        1214.1843971631206,
        478.3687943262412,
        2,
        1091.1347517730496,
        456.02836879432624,
        0,
        1180.8510638297873,
        432.2695035460993,
        2,
        1106.4102564102564,
        426.9230769230769,
        2,
        1112.8205128205127,
        484.6153846153846,
        2,
        1069.230769230769,
        491.025641025641,
        2,
        1085.8974358974358,
        608.974358974359,
        2,
        1055.128205128205,
        601.2820512820513,
        2,
        1089.5348837209303,
        627.9069767441861,
        2,
        1058.7209302325582,
        638.953488372093,
        1,
        1074.4186046511627,
        623.8372093023256,
        2,
        1047.093023255814,
        622.0930232558139,
        2
      ],
      "num_keypoints": 19,
      "iscrowd": 0,
      "segmentation": [],
      "group_id": 1
    },
    {
      "category_id": 1,
      "image_id": 0,
      "id": 1,
      "bbox": [
        891.5220905172414,
        257.60506465517244,
        204.8599137931035,
        534.6012931034483
      ],
      "area": 109518.37481885406,
      "keypoints": [
        998.7068965517241,
        331.0344827586207,
        2,
        1003.0172413793103,
        322.4137931034483,
        1,
        995.2586206896551,
        321.12068965517244,
        2,
        979.7413793103448,
        307.32758620689657,
        0,
        968.103448275862,
        302.15517241379314,
        2,
        993.103448275862,
        344.82758620689657,
        2,
        932.7586206896551,
        361.2068965517242,
        2,
        1032.7586206896553,
        419.39655172413796,
        2,
        968.103448275862,
        452.58620689655174,
        2,
        1079.3103448275863,
        368.5344827586207,
        2,
        1042.6724137931035,
        475.00000000000006,
        2,
        1002.5641025641025,
        528.2051282051282,
        2,
        970.5128205128203,
        534.6153846153846,
        2,
        992.3076923076922,
        635.8974358974359,
        2,
        948.7179487179487,
        632.051282051282,
        2,
        966.40625,
        720.3125,
        2,
        919.53125,
        732.03125,
        2,
        955.46875,
        733.59375,
        2,
        908.59375,
        747.65625,
        2,
        992.96875,
        739.0625,
        2,
        936.71875,
        746.09375,
        2
      ],
      "num_keypoints": 20,
      "iscrowd": 0,
      "segmentation": [],
      "group_id": 2
    }
  ]
}