{
  "categories": [
    {
      "supercategory": "person",
      "id": 1,
      "name": "person",
      "keypoints": [
        "nose",
        "left_eye",
        "right_eye",
        "left_ear",
        "right_ear",
        "left_shoulder",
        "right_shoulder",
        "left_elbow",
        "right_elbow",
        "left_wrist",
        "right_wrist",
        "left_hip",
        "right_hip",
        "left_knee",
        "right_knee",
        "left_ankle",
        "right_ankle",
        "left_heel",
        "right_heel",
        "left_foot",
        "right_foot"
      ],
      "skeleton": [
        [
          1,
          2
        ],
        [
          0,
          1
        ],
        [
          0,
          2
        ],
        [
          1,
          3
        ],
        [
          2,
          4
        ],
        [
          5,
          6
        ],
        [
          5,
          7
        ],
        [
          7,
          9
        ],
        [
          6,
          8
        ],
        [
          8,
          10
        ],
        [
          5,
          11
        ],
        [
          6,
          12
        ],
        [
          11,
          12
        ],
        [
          11,
          13
        ],
        [
          13,
          15
        ],
        [
          12,
          14
        ],
        [
          14,
          16
        ],
        [
          16,
          18
        ],
        [
          16,
          20
        ],
        [
          20,
          18
        ],
        [
          15,
          17
        ],
        [
          15,
          19
        ],
        [
          19,
          17
        ]
      ]
    }
  ],
  "images": [
    {
      "file_name": "000000000204.jpg",
      "height": 1200,
      "width": 1600,
      "id": 0
    }
  ],
  "annotations": [
    {
      "category_id": 1,
      "image_id": 0,
      "id": 0,
      "bbox": [
        657.1827450980393,
        251.02154674874947,
        408.2070588235292,
        492.16621777606775
      ],
      "area": 200905.72421066917,
      "keypoints": [
        938.5245901639344,
        304.91803278688525,
        2,
        949.1891891891892,
        296.2162162162162,
        2,
        924.8648648648648,
        296.7567567567567,
        2,
        984.0707964601769,
        292.03539823008845,
        2,
        919.047619047619,
        288.6904761904762,
        0,
        1030.357142857143,
        357.14285714285717,
        2,
        917.2131147540983,
        342.62295081967216,
        2,
        1027.205882352941,
        463.235294117647,
        2,
        887.5,
        433.8235294117647,
        2,
        1031.3725490196077,
        552.9411764705882,
        2,
        880.3921568627451,
        510.78431372549016,
        0,
        976.2295081967213,
        519.672131147541,
        2,
        882.7868852459017,
        495.08196721311475,
        2,
        871.311475409836,
        572.1311475409836,
        2,
        823.8938053097344,
        568.1415929203539,
        2,
        818.6274509803922,
        645.0980392156863,
        1,
        770.5882352941177,
        614.7058823529412,
        2,
        775.0,
        702.1739130434783,
        1,
        719.5652173913044,
        693.4782608695651,
        2,
        749.9999999999999,
        656.5217391304348,
        2,
        691.2,
        641.6,
        2
      ],
      "num_keypoints": 19,
      "iscrowd": 0,
      "segmentation": [],
      "group_id": 1
    },
    {
      "category_id": 1,
      "image_id": 0,
      "id": 1,
      "bbox": [
        754.0,
        307.4109523809524,
        100.79999999999995,
        632.4971428571429
      ],
      "area": 63755.71199999997,
      "keypoints": [
        825.6637168141592,
        373.4513274336283,
        2,
        830.952380952381,
        361.3095238095238,
        1,
        811.9047619047619,
        360.11904761904765,
        2,
        800.5952380952381,
        358.33333333333337,
        0,
        780.3571428571429,
        366.6666666666667,
        2,
        840.1960784313725,
        422.54901960784315,
        1,
        776.4705882352941,
        437.2549019607843,
        2,
        847.8260869565217,
        492.39130434782606,
        0,
        791.3043478260869,
        541.3043478260869,
        2,
        882.6086956521739,
        464.1304347826087,
        0,
        863.0434782608695,
        493.4782608695652,
        0,
        833.695652173913,
        607.6086956521739,
        0,
        794.5652173913043,
        629.3478260869565,
        0,
        828.2608695652174,
        727.1739130434783,
        2,
        795.6521739130435,
        731.5217391304348,
        2,
        811.9565217391304,
        822.8260869565217,
        1,
        776.9911504424778,
        853.0973451327433,
        2,
        797.6190476190476,
        842.2619047619048,
        2,
        762.4,
        869.6,
        2,
        846.4,
        848.0,
        2,
        802.4,
        887.2,
        2
      ],
      "num_keypoints": 15,
      "iscrowd": 0,
      "segmentation": [],
      "group_id": 2
    }
  ]
}