{
  "categories": [
    {
      "supercategory": "person",
      "id": 1,
      "name": "person",
      "keypoints": [
        "nose",
        "left_eye",
        "right_eye",
        "left_ear",
        "right_ear",
        "left_shoulder",
        "right_shoulder",
        "left_elbow",
        "right_elbow",
        "left_wrist",
        "right_wrist",
        "left_hip",
        "right_hip",
        "left_knee",
        "right_knee",
        "left_ankle",
        "right_ankle",
        "left_heel",
        "right_heel",
        "left_foot",
        "right_foot"
      ],
      "skeleton": [
        [
          1,
          2
        ],
        [
          0,
          1
        ],
        [
          0,
          2
        ],
        [
          1,
          3
        ],
        [
          2,
          4
        ],
        [
          5,
          6
        ],
        [
          5,
          7
        ],
        [
          7,
          9
        ],
        [
          6,
          8
        ],
        [
          8,
          10
        ],
        [
          5,
          11
        ],
        [
          6,
          12
        ],
        [
          11,
          12
        ],
        [
          11,
          13
        ],
        [
          13,
          15
        ],
        [
          12,
          14
        ],
        [
          14,
          16
        ],
        [
          16,
          18
        ],
        [
          16,
          20
        ],
        [
          20,
          18
        ],
        [
          15,
          17
        ],
        [
          15,
          19
        ],
        [
          19,
          17
        ]
      ]
    }
  ],
  "images": [
    {
      "file_name": "000000001446.jpg",
      "height": 1200,
      "width": 1600,
      "id": 0
    }
  ],
  "annotations": [
    {
      "category_id": 1,
      "image_id": 0,
      "id": 0,
      "bbox": [
        726.3238095238095,
        373.2164785105961,
        206.1922077922079,
        488.72251931075465
      ],
      "area": 100770.77525445446,
      "keypoints": [
        764.488017429194,
        431.59041394335514,
        2,
        778.6492374727669,
        413.9433551198257,
        2,
        755.6728232189973,
        415.30343007915565,
        2,
        807.915567282322,
        420.844327176781,
        2,
        752.0,
        426.6666666666667,
        0,
        841.3333333333334,
        442.0,
        2,
        755.3333333333334,
        475.3333333333333,
        2,
        915.3333333333334,
        473.3333333333333,
        2,
        755.1020408163266,
        572.4489795918367,
        1,
        883.8235294117646,
        516.1764705882352,
        2,
        750.0000000000001,
        637.6623376623377,
        2,
        857.7922077922077,
        635.0649350649351,
        2,
        782.4675324675326,
        625.974025974026,
        2,
        781.1688311688312,
        751.9480519480519,
        2,
        743.5064935064935,
        736.3636363636364,
        2,
        856.140350877193,
        787.7192982456141,
        2,
        775.438596491228,
        773.6842105263158,
        0,
        876.3157894736844,
        792.9824561403509,
        2,
        811.3636363636364,
        784.8484848484849,
        1,
        850.7575757575756,
        821.2121212121212,
        2,
        771.9696969696969,
        792.4242424242424,
        2
      ],
      "num_keypoints": 19,
      "iscrowd": 0,
      "segmentation": [],
      "group_id": 1
    },
    {
      "category_id": 1,
      "image_id": 0,
      "id": 1,
      "bbox": [
        390.9333333333333,
        332.66590389016017,
        356.80000000000007,
        673.4553775743707
      ],
      "area": 240288.8787185355,
      "keypoints": [
        547.4025974025974,
        403.8961038961039,
        1,
        550.5720823798626,
        388.7871853546911,
        1,
        549.4279176201372,
        392.21967963386726,
        1,
        494.69696969696963,
        380.3030303030303,
        0,
        520.4545454545455,
        396.969696969697,
        2,
        461.3636363636364,
        463.6363636363636,
        0,
        521.969696969697,
        483.3333333333333,
        2,
        490.9090909090908,
        590.9090909090909,
        0,
        559.0909090909091,
        595.4545454545455,
        2,
        520.6666666666666,
        616.6666666666666,
        0,
        612.6666666666666,
        646.0,
        2,
        516.6666666666666,
        684.6666666666666,
        2,
        538.0,
        691.3333333333334,
        1,
        528.6666666666666,
        818.0,
        1,
        632.6666666666666,
        774.0,
        2,
        459.33333333333326,
        910.0,
        2,
        654.0,
        883.3333333333334,
        2,
        420.66666666666663,
        950.0,
        2,
        640.6666666666666,
        912.6666666666666,
        2,
        522.0,
        939.3333333333334,
        2,
        718.0,
        908.6666666666666,
        2
      ],
      "num_keypoints": 17,
      "iscrowd": 0,
      "segmentation": [],
      "group_id": 2
    }
  ]
}