{
  "categories": [
    {
      "supercategory": "person",
      "id": 1,
      "name": "person",
      "keypoints": [
        "nose",
        "left_eye",
        "right_eye",
        "left_ear",
        "right_ear",
        "left_shoulder",
        "right_shoulder",
        "left_elbow",
        "right_elbow",
        "left_wrist",
        "right_wrist",
        "left_hip",
        "right_hip",
        "left_knee",
        "right_knee",
        "left_ankle",
        "right_ankle",
        "left_heel",
        "right_heel",
        "left_foot",
        "right_foot"
      ],
      "skeleton": [
        [
          1,
          2
        ],
        [
          0,
          1
        ],
        [
          0,
          2
        ],
        [
          1,
          3
        ],
        [
          2,
          4
        ],
        [
          5,
          6
        ],
        [
          5,
          7
        ],
        [
          7,
          9
        ],
        [
          6,
          8
        ],
        [
          8,
          10
        ],
        [
          5,
          11
        ],
        [
          6,
          12
        ],
        [
          11,
          12
        ],
        [
          11,
          13
        ],
        [
          13,
          15
        ],
        [
          12,
          14
        ],
        [
          14,
          16
        ],
        [
          16,
          18
        ],
        [
          16,
          20
        ],
        [
          20,
          18
        ],
        [
          15,
          17
        ],
        [
          15,
          19
        ],
        [
          19,
          17
        ]
      ]
    }
  ],
  "images": [
    {
      "file_name": "000000001787.jpg",
      "height": 1200,
      "width": 1600,
      "id": 0
    }
  ],
  "annotations": [
    {
      "category_id": 1,
      "image_id": 0,
      "id": 0,
      "bbox": [
        899.3605699855701,
        276.80555555555554,
        249.33982683982674,
        345.0
      ],
      "area": 86022.24025974023,
      "keypoints": [
        943.7500000000001,
        326.3888888888889,
        2,
        956.2500000000001,
        309.72222222222223,
        2,
        929.8611111111112,
        315.27777777777777,
        2,
        989.5833333333334,
        305.55555555555554,
        2,
        921.5277777777779,
        323.61111111111114,
        0,
        1021.5277777777779,
        373.61111111111114,
        2,
        922.9166666666669,
        359.72222222222223,
        2,
        1049.3055555555554,
        447.22222222222223,
        2,
        920.138888888889,
        445.83333333333337,
        1,
        1061.8055555555554,
        540.2777777777778,
        2,
        924.3055555555555,
        518.0555555555555,
        1,
        1021.5277777777779,
        519.4444444444445,
        2,
        968.7500000000001,
        525.0,
        2,
        1065.9722222222222,
        593.0555555555555,
        2,
        1029.861111111111,
        581.9444444444445,
        0,
        1111.8055555555554,
        538.8888888888889,
        2,
        1079.861111111111,
        525.0,
        1,
        1114.935064935065,
        516.8831168831168,
        2,
        1087.6623376623377,
        509.09090909090907,
        1,
        1127.922077922078,
        562.3376623376623,
        2,
        1083.7662337662339,
        545.4545454545455,
        1
      ],
      "num_keypoints": 19,
      "iscrowd": 0,
      "segmentation": [],
      "group_id": 1
    },
    {
      "category_id": 1,
      "image_id": 0,
      "id": 1,
      "bbox": [
        722.224025974026,
        347.3095238095238,
        183.31168831168839,
        601.1168831168832
      ],
      "area": 110191.7507168157,
      "keypoints": [
        811.038961038961,
        424.67532467532465,
        0,
        803.2467532467532,
        406.49350649350646,
        0,
        812.3376623376623,
        405.1948051948052,
        0,
        778.5714285714286,
        394.8051948051948,
        0,
        788.961038961039,
        397.4025974025974,
        2,
        743.5064935064935,
        467.53246753246754,
        0,
        786.3636363636364,
        485.7142857142857,
        2,
        837.012987012987,
        477.9220779220779,
        2,
        827.9220779220778,
        545.4545454545455,
        2,
        890.2597402597403,
        454.54545454545456,
        2,
        887.6623376623377,
        525.974025974026,
        2,
        733.1168831168831,
        642.8571428571429,
        0,
        792.8571428571429,
        654.5454545454545,
        1,
        750.6493506493506,
        750.6493506493506,
        1,
        797.4025974025974,
        758.4415584415584,
        2,
        752.5,
        866.6666666666667,
        1,
        779.1666666666667,
        876.6666666666667,
        2,
        737.5,
        876.6666666666667,
        2,
        772.5,
        898.3333333333334,
        2,
        782.5,
        865.0000000000001,
        1,
        805.8333333333335,
        890.0000000000001,
        2
      ],
      "num_keypoints": 15,
      "iscrowd": 0,
      "segmentation": [],
      "group_id": 2
    }
  ]
}