{
  "categories": [
    {
      "supercategory": "person",
      "id": 1,
      "name": "person",
      "keypoints": [
        "nose",
        "left_eye",
        "right_eye",
        "left_ear",
        "right_ear",
        "left_shoulder",
        "right_shoulder",
        "left_elbow",
        "right_elbow",
        "left_wrist",
        "right_wrist",
        "left_hip",
        "right_hip",
        "left_knee",
        "right_knee",
        "left_ankle",
        "right_ankle",
        "left_heel",
        "right_heel",
        "left_foot",
        "right_foot"
      ],
      "skeleton": [
        [
          1,
          2
        ],
        [
          0,
          1
        ],
        [
          0,
          2
        ],
        [
          1,
          3
        ],
        [
          2,
          4
        ],
        [
          5,
          6
        ],
        [
          5,
          7
        ],
        [
          7,
          9
        ],
        [
          6,
          8
        ],
        [
          8,
          10
        ],
        [
          5,
          11
        ],
        [
          6,
          12
        ],
        [
          11,
          12
        ],
        [
          11,
          13
        ],
        [
          13,
          15
        ],
        [
          12,
          14
        ],
        [
          14,
          16
        ],
        [
          16,
          18
        ],
        [
          16,
          20
        ],
        [
          20,
          18
        ],
        [
          15,
          17
        ],
        [
          15,
          19
        ],
        [
          19,
          17
        ]
      ]
    }
  ],
  "images": [
    {
      "file_name": "000000001514.jpg",
      "height": 1200,
      "width": 1600,
      "id": 0
    }
  ],
  "annotations": [
    {
      "category_id": 1,
      "image_id": 0,
      "id": 0,
      "bbox": [
        711.8055555555555,
        395.83333333333337,
        250.0000000000001,
        216.66666666666663
      ],
      "area": 54166.66666666668,
      "keypoints": [
        745.1388888888889,
        434.72222222222223,
        1,
        751.0,
        420.0,
        0,
        732.6388888888889,
        422.22222222222223,
        1,
        771.5277777777778,
        418.05555555555554,
        1,
        732.6388888888889,
        395.83333333333337,
        0,
        854.8611111111112,
        413.8888888888889,
        2,
        735.4166666666667,
        433.33333333333337,
        1,
        885.4166666666667,
        502.77777777777777,
        2,
        761.8055555555557,
        477.77777777777777,
        2,
        940.9722222222223,
        594.4444444444445,
        2,
        782.6388888888889,
        562.5,
        2,
        902.0833333333334,
        451.3888888888889,
        2,
        825.6944444444446,
        476.3888888888889,
        1,
        874.3055555555557,
        494.44444444444446,
        1,
        840.9722222222223,
        511.11111111111114,
        2,
        897.9166666666667,
        561.1111111111111,
        1,
        871.5277777777778,
        536.1111111111111,
        0,
        911.8055555555557,
        547.2222222222223,
        1,
        877.0833333333334,
        526.3888888888889,
        0,
        895.1388888888889,
        594.4444444444445,
        2,
        875.6944444444446,
        562.5000000000001,
        1
      ],
      "num_keypoints": 17,
      "iscrowd": 0,
      "segmentation": [],
      "group_id": 1
    },
    {
      "category_id": 1,
      "image_id": 0,
      "id": 1,
      "bbox": [
        533.5443722943724,
        341.40476190476187,
        247.46753246753235,
        687.5584415584417
      ],
      "area": 170148.39095968963,
      "keypoints": [
        610.4166666666667,
        415.27777777777777,
        0,
        595.4545454545454,
        398.7012987012987,
        0,
        629.2207792207791,
        393.5064935064935,
        0,
        574.6753246753246,
        410.38961038961037,
        0,
        611.038961038961,
        398.7012987012987,
        2,
        559.0909090909091,
        484.4155844155844,
        0,
        643.5064935064935,
        500.0,
        2,
        651.2987012987013,
        519.4805194805194,
        1,
        703.2467532467532,
        584.4155844155844,
        2,
        729.2207792207791,
        487.012987012987,
        2,
        760.3896103896103,
        531.1688311688312,
        2,
        569.4805194805194,
        692.2077922077922,
        2,
        639.6103896103896,
        697.4025974025974,
        2,
        598.051948051948,
        809.0909090909091,
        1,
        662.3376623376623,
        832.4675324675325,
        1,
        579.1666666666667,
        930.0000000000001,
        2,
        665.8333333333334,
        945.0000000000001,
        2,
        554.1666666666667,
        945.0000000000001,
        2,
        647.5,
        971.6666666666667,
        1,
        587.5,
        940.0000000000001,
        1,
        712.5,
        970.0000000000001,
        2
      ],
      "num_keypoints": 16,
      "iscrowd": 0,
      "segmentation": [],
      "group_id": 2
    }
  ]
}