{
  "categories": [
    {
      "supercategory": "person",
      "id": 1,
      "name": "person",
      "keypoints": [
        "nose",
        "left_eye",
        "right_eye",
        "left_ear",
        "right_ear",
        "left_shoulder",
        "right_shoulder",
        "left_elbow",
        "right_elbow",
        "left_wrist",
        "right_wrist",
        "left_hip",
        "right_hip",
        "left_knee",
        "right_knee",
        "left_ankle",
        "right_ankle",
        "left_heel",
        "right_heel",
        "left_foot",
        "right_foot"
      ],
      "skeleton": [
        [
          1,
          2
        ],
        [
          0,
          1
        ],
        [
          0,
          2
        ],
        [
          1,
          3
        ],
        [
          2,
          4
        ],
        [
          5,
          6
        ],
        [
          5,
          7
        ],
        [
          7,
          9
        ],
        [
          6,
          8
        ],
        [
          8,
          10
        ],
        [
          5,
          11
        ],
        [
          6,
          12
        ],
        [
          11,
          12
        ],
        [
          11,
          13
        ],
        [
          13,
          15
        ],
        [
          12,
          14
        ],
        [
          14,
          16
        ],
        [
          16,
          18
        ],
        [
          16,
          20
        ],
        [
          20,
          18
        ],
        [
          15,
          17
        ],
        [
          15,
          19
        ],
        [
          19,
          17
        ]
      ]
    }
  ],
  "images": [
    {
      "file_name": "000000001949.jpg",
      "height": 1200,
      "width": 1600,
      "id": 0
    }
  ],
  "annotations": [
    {
      "category_id": 1,
      "image_id": 0,
      "id": 0,
      "bbox": [
        941.388888888889,
        191.52417027417027,
        178.33333333333314,
        685.04329004329
      ],
      "area": 122166.05339105325,
      "keypoints": [
        1016.0,
        262.0,
        2,
        1034.0277777777778,
        250.0,
        2,
        1013.1944444444445,
        248.61111111111111,
        2,
        1072.9166666666667,
        261.11111111111114,
        2,
        1007.638888888889,
        258.33333333333337,
        0,
        1103.4722222222222,
        319.44444444444446,
        2,
        984.0277777777779,
        319.44444444444446,
        2,
        1104.861111111111,
        438.8888888888889,
        2,
        972.9166666666669,
        413.8888888888889,
        2,
        1089.5833333333333,
        516.6666666666667,
        2,
        956.2500000000001,
        504.1666666666667,
        2,
        1054.861111111111,
        531.9444444444445,
        2,
        989.5833333333334,
        531.9444444444445,
        2,
        1025.6944444444443,
        672.2222222222223,
        2,
        985.4166666666669,
        668.0555555555555,
        2,
        1042.361111111111,
        777.7777777777778,
        2,
        1009.0277777777779,
        769.4444444444445,
        2,
        1060.3896103896104,
        777.922077922078,
        1,
        1021.4285714285714,
        789.6103896103896,
        1,
        1038.3116883116884,
        819.4805194805194,
        2,
        1004.5454545454546,
        797.4025974025974,
        2
      ],
      "num_keypoints": 20,
      "iscrowd": 0,
      "segmentation": [],
      "group_id": 1
    },
    {
      "category_id": 1,
      "image_id": 0,
      "id": 1,
      "bbox": [
        810.124458874459,
        255.16666666666663,
        128.50649350649326,
        647.0909090909091
      ],
      "area": 83155.38370720173,
      "keypoints": [
        909.7402597402597,
        331.16883116883116,
        2,
        925.3246753246754,
        316.8831168831169,
        2,
        899.3506493506493,
        311.68831168831167,
        2,
        924.025974025974,
        324.67532467532465,
        0,
        869.4805194805194,
        309.09090909090907,
        2,
        927.9220779220778,
        383.1168831168831,
        2,
        844.8051948051948,
        387.012987012987,
        2,
        959.090909090909,
        449.35064935064935,
        0,
        834.4155844155844,
        475.3246753246753,
        2,
        969.4805194805194,
        463.6363636363636,
        0,
        922.7272727272727,
        476.6233766233766,
        2,
        916.2337662337662,
        583.1168831168831,
        2,
        862.9870129870129,
        577.922077922078,
        2,
        906.4935064935064,
        666.2337662337662,
        2,
        851.9480519480519,
        683.1168831168831,
        1,
        899.1666666666667,
        788.3333333333334,
        2,
        830.8333333333335,
        801.6666666666667,
        2,
        887.5,
        798.3333333333334,
        2,
        820.8333333333335,
        820.0000000000001,
        2,
        927.5,
        808.3333333333334,
        2,
        849.1666666666667,
        848.3333333333334,
        2
      ],
      "num_keypoints": 18,
      "iscrowd": 0,
      "segmentation": [],
      "group_id": 2
    }
  ]
}