{
  "categories": [
    {
      "supercategory": "person",
      "id": 1,
      "name": "person",
      "keypoints": [
        "nose",
        "left_eye",
        "right_eye",
        "left_ear",
        "right_ear",
        "left_shoulder",
        "right_shoulder",
        "left_elbow",
        "right_elbow",
        "left_wrist",
        "right_wrist",
        "left_hip",
        "right_hip",
        "left_knee",
        "right_knee",
        "left_ankle",
        "right_ankle",
        "left_heel",
        "right_heel",
        "left_foot",
        "right_foot"
      ],
      "skeleton": [
        [
          1,
          2
        ],
        [
          0,
          1
        ],
        [
          0,
          2
        ],
        [
          1,
          3
        ],
        [
          2,
          4
        ],
        [
          5,
          6
        ],
        [
          5,
          7
        ],
        [
          7,
          9
        ],
        [
          6,
          8
        ],
        [
          8,
          10
        ],
        [
          5,
          11
        ],
        [
          6,
          12
        ],
        [
          11,
          12
        ],
        [
          11,
          13
        ],
        [
          13,
          15
        ],
        [
          12,
          14
        ],
        [
          14,
          16
        ],
        [
          16,
          18
        ],
        [
          16,
          20
        ],
        [
          20,
          18
        ],
        [
          15,
          17
        ],
        [
          15,
          19
        ],
        [
          19,
          17
        ]
      ]
    }
  ],
  "images": [
    {
      "file_name": "000000001182.jpg",
      "height": 1200,
      "width": 1600,
      "id": 0
    }
  ],
  "annotations": [
    {
      "category_id": 1,
      "image_id": 0,
      "id": 0,
      "bbox": [
        824.4047619047619,
        236.22715752967855,
        425.3246753246756,
        255.4701880752301
      ],
      "area": 108657.77479823105,
      "keypoints": [
        1104.4247787610618,
        277.87610619469024,
        1,
        1119.871794871795,
        266.9871794871795,
        2,
        1098.0544747081713,
        270.8171206225681,
        2,
        1144.4444444444446,
        257.51633986928107,
        2,
        1108.9324618736384,
        253.59477124183007,
        0,
        1173.4693877551022,
        282.65306122448976,
        2,
        1075.5102040816328,
        282.65306122448976,
        1,
        1197.9591836734694,
        382.65306122448976,
        2,
        1085.7142857142858,
        398.9795918367347,
        0,
        1214.2857142857144,
        470.40816326530614,
        2,
        1079.3333333333333,
        461.3333333333333,
        2,
        1109.7402597402597,
        410.38961038961037,
        2,
        1053.5714285714284,
        412.1428571428571,
        2,
        1030.5194805194806,
        384.4155844155844,
        2,
        1018.8311688311688,
        394.8051948051948,
        2,
        942.2077922077923,
        376.6233766233766,
        2,
        916.8831168831168,
        381.8181818181818,
        2,
        910.3896103896104,
        388.31168831168833,
        2,
        865.9090909090909,
        401.5151515151515,
        1,
        894.6969696969696,
        354.54545454545456,
        2,
        859.8484848484849,
        363.6363636363636,
        1
      ],
      "num_keypoints": 19,
      "iscrowd": 0,
      "segmentation": [],
      "group_id": 1
    },
    {
      "category_id": 1,
      "image_id": 0,
      "id": 1,
      "bbox": [
        913.8596491228069,
        245.8336068862384,
        159.9999999999999,
        545.2150125834338
      ],
      "area": 87234.40201334935,
      "keypoints": [
        998.051948051948,
        316.8831168831169,
        2,
        1006.4935064935065,
        302.5974025974026,
        2,
        988.329519450801,
        304.5766590389016,
        2,
        1007.9002079002078,
        291.26819126819123,
        2,
        972.17125382263,
        303.6697247706422,
        2,
        1033.9449541284403,
        344.0366972477064,
        2,
        965.7492354740061,
        351.98776758409787,
        2,
        1056.060606060606,
        428.7878787878788,
        0,
        1022.7272727272726,
        389.3939393939394,
        0,
        1074.561403508772,
        401.75438596491233,
        0,
        1060.5263157894735,
        322.80701754385973,
        2,
        1034.2105263157894,
        510.52631578947376,
        2,
        985.0877192982455,
        526.3157894736843,
        2,
        1018.421052631579,
        614.0350877192983,
        1,
        967.5438596491229,
        605.2631578947369,
        1,
        1013.1578947368421,
        692.9824561403509,
        1,
        937.719298245614,
        717.5438596491229,
        2,
        1007.8947368421052,
        714.0350877192983,
        1,
        927.1929824561403,
        738.5964912280701,
        2,
        1025.438596491228,
        721.0526315789474,
        1,
        944.7368421052631,
        745.6140350877193,
        2
      ],
      "num_keypoints": 18,
      "iscrowd": 0,
      "segmentation": [],
      "group_id": 2
    }
  ]
}