{
  "categories": [
    {
      "supercategory": "person",
      "id": 1,
      "name": "person",
      "keypoints": [
        "nose",
        "left_eye",
        "right_eye",
        "left_ear",
        "right_ear",
        "left_shoulder",
        "right_shoulder",
        "left_elbow",
        "right_elbow",
        "left_wrist",
        "right_wrist",
        "left_hip",
        "right_hip",
        "left_knee",
        "right_knee",
        "left_ankle",
        "right_ankle",
        "left_heel",
        "right_heel",
        "left_foot",
        "right_foot"
      ],
      "skeleton": [
        [
          1,
          2
        ],
        [
          0,
          1
        ],
        [
          0,
          2
        ],
        [
          1,
          3
        ],
        [
          2,
          4
        ],
        [
          5,
          6
        ],
        [
          5,
          7
        ],
        [
          7,
          9
        ],
        [
          6,
          8
        ],
        [
          8,
          10
        ],
        [
          5,
          11
        ],
        [
          6,
          12
        ],
        [
          11,
          12
        ],
        [
          11,
          13
        ],
        [
          13,
          15
        ],
        [
          12,
          14
        ],
        [
          14,
          16
        ],
        [
          16,
          18
        ],
        [
          16,
          20
        ],
        [
          20,
          18
        ],
        [
          15,
          17
        ],
        [
          15,
          19
        ],
        [
          19,
          17
        ]
      ]
    }
  ],
  "images": [
    {
      "file_name": "000000000978.jpg",
      "height": 1200,
      "width": 1600,
      "id": 0
    }
  ],
  "annotations": [
    {
      "category_id": 1,
      "image_id": 0,
      "id": 0,
      "bbox": [
        812.222909450767,
        312.95694040697674,
        390.534388916378,
        514.8292151162791
      ],
      "area": 201058.5129217346,
      "keypoints": [
        955.8823529411765,
        367.6470588235294,
        2,
        969.140625,
        358.203125,
        2,
        950.390625,
        355.859375,
        2,
        998.046875,
        355.859375,
        2,
        962.0567375886525,
        350.35460992907804,
        0,
        1022.6950354609929,
        391.1347517730497,
        2,
        950.354609929078,
        393.97163120567376,
        2,
        1096.808510638298,
        428.01418439716315,
        2,
        966.6666666666667,
        465.60283687943263,
        0,
        1170.212765957447,
        484.3971631205674,
        2,
        1060.6382978723404,
        463.12056737588654,
        2,
        991.4893617021277,
        526.5957446808511,
        2,
        928.2051282051282,
        501.28205128205127,
        2,
        916.6666666666665,
        615.3846153846154,
        2,
        875.6410256410256,
        610.2564102564103,
        2,
        897.4358974358975,
        744.8717948717948,
        2,
        858.9743589743589,
        738.4615384615385,
        2,
        909.8837209302326,
        752.9069767441861,
        2,
        877.3255813953489,
        743.6046511627907,
        2,
        883.1395348837209,
        784.8837209302326,
        2,
        844.7674418604652,
        770.9302325581396,
        2
      ],
      "num_keypoints": 19,
      "iscrowd": 0,
      "segmentation": [],
      "group_id": 1
    },
    {
      "category_id": 1,
      "image_id": 0,
      "id": 1,
      "bbox": [
        893.6627906976744,
        252.10262725779967,
        215.58139534883708,
        529.0541871921182
      ],
      "area": 114054.2398900217,
      "keypoints": [
        982.8571428571428,
        317.1428571428571,
        0,
        989.047619047619,
        308.57142857142856,
        1,
        969.5238095238095,
        310.95238095238096,
        1,
        1002.8571428571428,
        296.1904761904762,
        2,
        951.9047619047618,
        306.66666666666663,
        1,
        1032.5581395348838,
        348.83720930232556,
        2,
        930.232558139535,
        359.8837209302326,
        2,
        1067.4418604651164,
        419.7674418604651,
        0,
        911.6279069767442,
        454.6511627906977,
        2,
        1091.2790697674418,
        411.6279069767442,
        1,
        932.5581395348837,
        498.25581395348837,
        1,
        1017.9487179487178,
        528.2051282051282,
        1,
        960.2564102564102,
        529.4871794871794,
        0,
        1006.4102564102564,
        620.5128205128206,
        1,
        976.9230769230769,
        624.3589743589744,
        2,
        995.6896551724137,
        704.3103448275863,
        2,
        953.448275862069,
        718.9655172413794,
        2,
        1006.0344827586207,
        724.1379310344828,
        1,
        937.0689655172413,
        731.0344827586207,
        1,
        992.2413793103448,
        728.4482758620691,
        2,
        948.2758620689655,
        737.0689655172414,
        2
      ],
      "num_keypoints": 18,
      "iscrowd": 0,
      "segmentation": [],
      "group_id": 2
    }
  ]
}