{
  "categories": [
    {
      "supercategory": "person",
      "id": 1,
      "name": "person",
      "keypoints": [
        "nose",
        "left_eye",
        "right_eye",
        "left_ear",
        "right_ear",
        "left_shoulder",
        "right_shoulder",
        "left_elbow",
        "right_elbow",
        "left_wrist",
        "right_wrist",
        "left_hip",
        "right_hip",
        "left_knee",
        "right_knee",
        "left_ankle",
        "right_ankle",
        "left_heel",
        "right_heel",
        "left_foot",
        "right_foot"
      ],
      "skeleton": [
        [
          1,
          2
        ],
        [
          0,
          1
        ],
        [
          0,
          2
        ],
        [
          1,
          3
        ],
        [
          2,
          4
        ],
        [
          5,
          6
        ],
        [
          5,
          7
        ],
        [
          7,
          9
        ],
        [
          6,
          8
        ],
        [
          8,
          10
        ],
        [
          5,
          11
        ],
        [
          6,
          12
        ],
        [
          11,
          12
        ],
        [
          11,
          13
        ],
        [
          13,
          15
        ],
        [
          12,
          14
        ],
        [
          14,
          16
        ],
        [
          16,
          18
        ],
        [
          16,
          20
        ],
        [
          20,
          18
        ],
        [
          15,
          17
        ],
        [
          15,
          19
        ],
        [
          19,
          17
        ]
      ]
    }
  ],
  "images": [
    {
      "file_name": "000000001160.jpg",
      "height": 1200,
      "width": 1600,
      "id": 0
    }
  ],
  "annotations": [
    {
      "category_id": 1,
      "image_id": 0,
      "id": 0,
      "bbox": [
        1053.1802721088436,
        193.26500297088532,
        189.10946196660484,
        602.3885918003565
      ],
      "area": 113917.38249018617,
      "keypoints": [
        1145.0980392156862,
        259.80392156862746,
        2,
        1157.1216617210682,
        249.40652818991097,
        2,
        1136.437908496732,
        249.50980392156862,
        2,
        1182.6797385620914,
        243.4640522875817,
        2,
        1134.4771241830065,
        257.51633986928107,
        0,
        1208.1632653061226,
        272.44897959183675,
        2,
        1104.0816326530612,
        284.69387755102036,
        2,
        1226.530612244898,
        384.69387755102036,
        2,
        1087.7551020408164,
        384.69387755102036,
        2,
        1218.3673469387757,
        476.53061224489795,
        2,
        1087.8048780487804,
        461.7886178861789,
        0,
        1184.4155844155844,
        483.1168831168831,
        2,
        1094.155844155844,
        468.83116883116884,
        2,
        1142.2077922077924,
        585.7142857142857,
        2,
        1095.4545454545455,
        579.2207792207793,
        2,
        1120.1298701298701,
        688.3116883116883,
        2,
        1074.025974025974,
        677.922077922078,
        2,
        1116.8831168831168,
        731.1688311688312,
        2,
        1090.151515151515,
        703.030303030303,
        1,
        1102.272727272727,
        745.4545454545455,
        2,
        1068.939393939394,
        725.7575757575758,
        2
      ],
      "num_keypoints": 19,
      "iscrowd": 0,
      "segmentation": [],
      "group_id": 1
    },
    {
      "category_id": 1,
      "image_id": 0,
      "id": 1,
      "bbox": [
        940.578473210052,
        255.4636591478697,
        134.67994310099573,
        550.0205058099796
      ],
      "area": 74076.73042686893,
      "keypoints": [
        1016.2337662337662,
        316.8831168831169,
        2,
        1015.5844155844155,
        301.2987012987013,
        1,
        1001.8018018018017,
        310.36036036036035,
        2,
        997.7477477477477,
        277.9279279279279,
        0,
        974.7747747747746,
        303.6036036036036,
        2,
        1015.7657657657657,
        352.70270270270265,
        2,
        951.8018018018017,
        367.56756756756755,
        2,
        1034.2105263157894,
        421.0526315789474,
        2,
        998.4848484848484,
        457.57575757575756,
        2,
        1079.8245614035088,
        400.00000000000006,
        0,
        1064.0350877192982,
        424.561403508772,
        2,
        1021.9298245614034,
        529.8245614035088,
        2,
        981.578947368421,
        522.8070175438597,
        2,
        1018.421052631579,
        612.280701754386,
        1,
        983.3333333333333,
        619.2982456140351,
        2,
        997.3684210526314,
        712.280701754386,
        2,
        969.2982456140351,
        731.578947368421,
        2,
        990.3508771929824,
        729.8245614035088,
        2,
        955.2631578947369,
        754.3859649122807,
        2,
        1021.9298245614034,
        738.5964912280701,
        1,
        979.8245614035088,
        759.6491228070175,
        2
      ],
      "num_keypoints": 19,
      "iscrowd": 0,
      "segmentation": [],
      "group_id": 2
    }
  ]
}