{
  "categories": [
    {
      "supercategory": "person",
      "id": 1,
      "name": "person",
      "keypoints": [
        "nose",
        "left_eye",
        "right_eye",
        "left_ear",
        "right_ear",
        "left_shoulder",
        "right_shoulder",
        "left_elbow",
        "right_elbow",
        "left_wrist",
        "right_wrist",
        "left_hip",
        "right_hip",
        "left_knee",
        "right_knee",
        "left_ankle",
        "right_ankle",
        "left_heel",
        "right_heel",
        "left_foot",
        "right_foot"
      ],
      "skeleton": [
        [
          1,
          2
        ],
        [
          0,
          1
        ],
        [
          0,
          2
        ],
        [
          1,
          3
        ],
        [
          2,
          4
        ],
        [
          5,
          6
        ],
        [
          5,
          7
        ],
        [
          7,
          9
        ],
        [
          6,
          8
        ],
        [
          8,
          10
        ],
        [
          5,
          11
        ],
        [
          6,
          12
        ],
        [
          11,
          12
        ],
        [
          11,
          13
        ],
        [
          13,
          15
        ],
        [
          12,
          14
        ],
        [
          14,
          16
        ],
        [
          16,
          18
        ],
        [
          16,
          20
        ],
        [
          20,
          18
        ],
        [
          15,
          17
        ],
        [
          15,
          19
        ],
        [
          19,
          17
        ]
      ]
    }
  ],
  "images": [
    {
      "file_name": "000000000408.jpg",
      "height": 1200,
      "width": 1600,
      "id": 0
    }
  ],
  "annotations": [
    {
      "category_id": 1,
      "image_id": 0,
      "id": 0,
      "bbox": [
        531.304347826087,
        300.9349749903809,
        485.21739130434776,
        667.0411696806464
      ],
      "area": 323659.97624504403,
      "keypoints": [
        720.0,
        374.6666666666667,
        2,
        733.3333333333334,
        363.09523809523813,
        1,
        714.8809523809524,
        361.9047619047619,
        2,
        777.1739130434783,
        356.52173913043475,
        2,
        720.3947368421052,
        351.3157894736842,
        0,
        830.2631578947369,
        394.7368421052632,
        2,
        718.6274509803922,
        405.88235294117646,
        0,
        903.2608695652174,
        466.30434782608694,
        2,
        718.4782608695651,
        502.17391304347825,
        0,
        976.0869565217391,
        542.391304347826,
        2,
        777.1739130434783,
        589.1304347826086,
        0,
        700.9803921568628,
        631.3725490196078,
        2,
        641.1764705882352,
        617.6470588235294,
        2,
        645.6521739130435,
        765.2173913043478,
        1,
        592.391304347826,
        728.2608695652174,
        2,
        637.2549019607843,
        847.0588235294117,
        1,
        590.1960784313725,
        831.3725490196078,
        2,
        660.8695652173913,
        873.9130434782609,
        2,
        606.5217391304348,
        853.2608695652174,
        1,
        619.4690265486726,
        912.3893805309733,
        1,
        571.7391304347826,
        881.5217391304348,
        2
      ],
      "num_keypoints": 17,
      "iscrowd": 0,
      "segmentation": [],
      "group_id": 1
    },
    {
      "category_id": 1,
      "image_id": 0,
      "id": 1,
      "bbox": [
        741.1853002070393,
        586.8866459627329,
        77.20496894409939,
        261.7080745341616
      ],
      "area": 20205.163766829995,
      "keypoints": [
        785.8407079646017,
        395.575221238938,
        0,
        795.2,
        379.2,
        0,
        768.8,
        379.2,
        0,
        812.8,
        377.6,
        0,
        748.8,
        376.8,
        0,
        828.3185840707964,
        412.3893805309734,
        0,
        753.0973451327433,
        418.58407079646014,
        0,
        868.4782608695651,
        476.0869565217391,
        0,
        743.4782608695651,
        522.8260869565217,
        0,
        884.7826086956521,
        442.39130434782606,
        0,
        758.695652173913,
        543.4782608695652,
        0,
        809.7826086956521,
        608.695652173913,
        2,
        771.7391304347826,
        607.6086956521739,
        0,
        811.9565217391304,
        709.7826086956521,
        2,
        760.8695652173913,
        708.695652173913,
        1,
        803.2608695652174,
        785.8695652173913,
        2,
        750.0,
        775.0,
        2,
        780.8,
        811.2,
        2,
        756.6371681415928,
        802.6548672566371,
        0,
        807.1428571428572,
        825.0,
        2,
        747.6190476190476,
        826.7857142857143,
        2
      ],
      "num_keypoints": 8,
      "iscrowd": 0,
      "segmentation": [],
      "group_id": 2
    }
  ]
}