{
  "categories": [
    {
      "supercategory": "person",
      "id": 1,
      "name": "person",
      "keypoints": [
        "nose",
        "left_eye",
        "right_eye",
        "left_ear",
        "right_ear",
        "left_shoulder",
        "right_shoulder",
        "left_elbow",
        "right_elbow",
        "left_wrist",
        "right_wrist",
        "left_hip",
        "right_hip",
        "left_knee",
        "right_knee",
        "left_ankle",
        "right_ankle",
        "left_heel",
        "right_heel",
        "left_foot",
        "right_foot"
      ],
      "skeleton": [
        [
          1,
          2
        ],
        [
          0,
          1
        ],
        [
          0,
          2
        ],
        [
          1,
          3
        ],
        [
          2,
          4
        ],
        [
          5,
          6
        ],
        [
          5,
          7
        ],
        [
          7,
          9
        ],
        [
          6,
          8
        ],
        [
          8,
          10
        ],
        [
          5,
          11
        ],
        [
          6,
          12
        ],
        [
          11,
          12
        ],
        [
          11,
          13
        ],
        [
          13,
          15
        ],
        [
          12,
          14
        ],
        [
          14,
          16
        ],
        [
          16,
          18
        ],
        [
          16,
          20
        ],
        [
          20,
          18
        ],
        [
          15,
          17
        ],
        [
          15,
          19
        ],
        [
          19,
          17
        ]
      ]
    }
  ],
  "images": [
    {
      "file_name": "000000001068.jpg",
      "height": 1200,
      "width": 1600,
      "id": 0
    }
  ],
  "annotations": [
    {
      "category_id": 1,
      "image_id": 0,
      "id": 0,
      "bbox": [
        491.05368234250216,
        548.2836918551204,
        276.9210292812778,
        485.90182018753444
      ],
      "area": 134556.4321759784,
      "keypoints": [
        514.1304347826086,
        726.0869565217391,
        1,
        505.2325581395349,
        710.1744186046511,
        0,
        494.4767441860465,
        714.5348837209302,
        0,
        550.530035335689,
        701.4134275618375,
        2,
        533.2155477031802,
        683.0388692579505,
        0,
        618.3673469387755,
        678.5714285714286,
        2,
        506.29629629629625,
        686.2962962962963,
        0,
        707.037037037037,
        638.5185185185185,
        1,
        548.9795918367348,
        774.4897959183673,
        0,
        744.8979591836735,
        588.7755102040816,
        2,
        534.6938775510205,
        821.4285714285714,
        0,
        707.7922077922078,
        785.7142857142857,
        2,
        575.974025974026,
        758.4415584415584,
        2,
        562.987012987013,
        844.1558441558442,
        2,
        516.2337662337662,
        837.6623376623377,
        1,
        614.9350649350649,
        951.9480519480519,
        2,
        583.1168831168831,
        936.3636363636364,
        2,
        636.3636363636364,
        971.4285714285714,
        2,
        583.0,
        960.0,
        2,
        612.6126126126126,
        993.6936936936936,
        2,
        561.3636363636364,
        965.1515151515151,
        2
      ],
      "num_keypoints": 15,
      "iscrowd": 0,
      "segmentation": [],
      "group_id": 1
    },
    {
      "category_id": 1,
      "image_id": 0,
      "id": 1,
      "bbox": [
        716.9298245614035,
        269.4801341589267,
        160.47846889952143,
        569.1795665634675
      ],
      "area": 91341.0653709985,
      "keypoints": [
        798.051948051948,
        329.87012987012986,
        2,
        814.2857142857143,
        318.1818181818182,
        2,
        790.4411764705882,
        319.1176470588235,
        2,
        834.5588235294117,
        320.5882352941176,
        2,
        776.470588235294,
        316.9117647058823,
        1,
        852.9411764705882,
        378.67647058823525,
        2,
        751.470588235294,
        381.6176470588235,
        2,
        862.1212121212121,
        490.90909090909093,
        2,
        730.3030303030303,
        481.8181818181818,
        2,
        864.0350877192982,
        561.4035087719299,
        2,
        734.2105263157895,
        556.140350877193,
        2,
        828.9473684210527,
        575.438596491228,
        2,
        767.5438596491229,
        573.6842105263158,
        2,
        827.1929824561403,
        666.6666666666666,
        1,
        774.561403508772,
        684.2105263157895,
        2,
        828.9473684210527,
        754.3859649122807,
        2,
        786.8421052631579,
        756.140350877193,
        2,
        839.4736842105262,
        775.438596491228,
        2,
        793.859649122807,
        778.9473684210526,
        2,
        823.6842105263158,
        791.2280701754386,
        2,
        772.8070175438596,
        789.4736842105264,
        2
      ],
      "num_keypoints": 21,
      "iscrowd": 0,
      "segmentation": [],
      "group_id": 2
    }
  ]
}