{
  "categories": [
    {
      "supercategory": "person",
      "id": 1,
      "name": "person",
      "keypoints": [
        "nose",
        "left_eye",
        "right_eye",
        "left_ear",
        "right_ear",
        "left_shoulder",
        "right_shoulder",
        "left_elbow",
        "right_elbow",
        "left_wrist",
        "right_wrist",
        "left_hip",
        "right_hip",
        "left_knee",
        "right_knee",
        "left_ankle",
        "right_ankle",
        "left_heel",
        "right_heel",
        "left_foot",
        "right_foot"
      ],
      "skeleton": [
        [
          1,
          2
        ],
        [
          0,
          1
        ],
        [
          0,
          2
        ],
        [
          1,
          3
        ],
        [
          2,
          4
        ],
        [
          5,
          6
        ],
        [
          5,
          7
        ],
        [
          7,
          9
        ],
        [
          6,
          8
        ],
        [
          8,
          10
        ],
        [
          5,
          11
        ],
        [
          6,
          12
        ],
        [
          11,
          12
        ],
        [
          11,
          13
        ],
        [
          13,
          15
        ],
        [
          12,
          14
        ],
        [
          14,
          16
        ],
        [
          16,
          18
        ],
        [
          16,
          20
        ],
        [
          20,
          18
        ],
        [
          15,
          17
        ],
        [
          15,
          19
        ],
        [
          19,
          17
        ]
      ]
    }
  ],
  "images": [
    {
      "file_name": "000000001291.jpg",
      "height": 1200,
      "width": 1600,
      "id": 0
    }
  ],
  "annotations": [
    {
      "category_id": 1,
      "image_id": 0,
      "id": 0,
      "bbox": [
        796.8575757575758,
        255.54287182498896,
        349.70909090909106,
        345.71575392747025
      ],
      "area": 120899.94201892665,
      "keypoints": [
        847.0588235294117,
        307.84313725490193,
        2,
        859.1029023746702,
        291.2928759894459,
        2,
        836.1510791366906,
        291.54676258992805,
        2,
        903.7769784172662,
        284.3525179856115,
        2,
        832.6666666666666,
        280.0,
        0,
        956.0,
        336.6666666666667,
        2,
        826.0,
        346.0,
        2,
        1007.6923076923076,
        457.6923076923077,
        2,
        853.061224489796,
        466.32653061224494,
        0,
        1016.326530612245,
        572.4489795918367,
        2,
        849.0,
        549.0,
        2,
        1037.0129870129872,
        476.6233766233766,
        2,
        969.4805194805195,
        509.09090909090907,
        0,
        1060.3896103896104,
        510.38961038961037,
        1,
        1031.818181818182,
        512.987012987013,
        0,
        1092.8571428571427,
        494.8051948051948,
        2,
        1070.1298701298701,
        497.4025974025974,
        2,
        1112.987012987013,
        483.1168831168831,
        2,
        1081.060606060606,
        493.93939393939394,
        1,
        1117.4242424242425,
        539.3939393939394,
        2,
        1081.060606060606,
        546.969696969697,
        1
      ],
      "num_keypoints": 17,
      "iscrowd": 0,
      "segmentation": [],
      "group_id": 1
    },
    {
      "category_id": 1,
      "image_id": 0,
      "id": 1,
      "bbox": [
        655.0666666666667,
        295.33333333333326,
        179.19999999999982,
        656.0
      ],
      "area": 117555.19999999988,
      "keypoints": [
        747.2440944881889,
        369.29133858267716,
        2,
        746.2121212121211,
        351.5151515151515,
        1,
        742.0765027322404,
        356.8306010928962,
        2,
        726.6666666666666,
        334.6666666666667,
        0,
        706.3253012048192,
        349.99999999999994,
        2,
        750.8196721311475,
        395.08196721311475,
        2,
        671.0843373493975,
        414.15662650602405,
        2,
        810.6060606060606,
        480.3030303030303,
        2,
        721.2121212121212,
        537.8787878787879,
        2,
        848.6666666666666,
        442.0,
        0,
        819.3333333333333,
        558.0,
        2,
        756.6666666666666,
        602.0,
        2,
        714.0,
        614.0,
        2,
        758.0,
        738.0,
        2,
        730.0,
        751.3333333333334,
        2,
        718.0,
        843.3333333333334,
        1,
        698.0,
        850.0,
        2,
        698.0,
        875.3333333333334,
        1,
        670.0,
        882.0,
        2,
        766.0,
        884.6666666666666,
        2,
        743.3333333333333,
        896.6666666666666,
        2
      ],
      "num_keypoints": 19,
      "iscrowd": 0,
      "segmentation": [],
      "group_id": 2
    }
  ]
}