{
  "categories": [
    {
      "supercategory": "person",
      "id": 1,
      "name": "person",
      "keypoints": [
        "nose",
        "left_eye",
        "right_eye",
        "left_ear",
        "right_ear",
        "left_shoulder",
        "right_shoulder",
        "left_elbow",
        "right_elbow",
        "left_wrist",
        "right_wrist",
        "left_hip",
        "right_hip",
        "left_knee",
        "right_knee",
        "left_ankle",
        "right_ankle",
        "left_heel",
        "right_heel",
        "left_foot",
        "right_foot"
      ],
      "skeleton": [
        [
          1,
          2
        ],
        [
          0,
          1
        ],
        [
          0,
          2
        ],
        [
          1,
          3
        ],
        [
          2,
          4
        ],
        [
          5,
          6
        ],
        [
          5,
          7
        ],
        [
          7,
          9
        ],
        [
          6,
          8
        ],
        [
          8,
          10
        ],
        [
          5,
          11
        ],
        [
          6,
          12
        ],
        [
          11,
          12
        ],
        [
          11,
          13
        ],
        [
          13,
          15
        ],
        [
          12,
          14
        ],
        [
          14,
          16
        ],
        [
          16,
          18
        ],
        [
          16,
          20
        ],
        [
          20,
          18
        ],
        [
          15,
          17
        ],
        [
          15,
          19
        ],
        [
          19,
          17
        ]
      ]
    }
  ],
  "images": [
    {
      "file_name": "000000000255.jpg",
      "height": 1200,
      "width": 1600,
      "id": 0
    }
  ],
  "annotations": [
    {
      "category_id": 1,
      "image_id": 0,
      "id": 0,
      "bbox": [
        390.6521739130435,
        393.4653209109731,
        281.7391304347826,
        642.7018633540372
      ],
      "area": 181074.26411018093,
      "keypoints": [
        513.9344262295082,
        463.93442622950823,
        2,
        536.3095238095239,
        448.80952380952385,
        2,
        517.2619047619048,
        447.0238095238095,
        1,
        567.6470588235294,
        460.78431372549016,
        1,
        508.55263157894734,
        458.55263157894734,
        0,
        594.7368421052631,
        502.63157894736844,
        1,
        498.0392156862745,
        507.84313725490193,
        2,
        648.9130434782609,
        518.4782608695652,
        2,
        426.0869565217391,
        550.0,
        0,
        545.6521739130435,
        519.5652173913044,
        2,
        414.1304347826087,
        572.8260869565217,
        1,
        559.8039215686274,
        704.9019607843137,
        2,
        510.78431372549016,
        712.7450980392157,
        2,
        536.8852459016393,
        860.655737704918,
        2,
        503.61445783132524,
        854.2168674698794,
        1,
        604.9019607843137,
        913.7254901960785,
        1,
        546.0784313725491,
        932.3529411764706,
        2,
        642.391304347826,
        932.6086956521739,
        1,
        572.8260869565217,
        965.2173913043478,
        2,
        601.9607843137255,
        977.4509803921568,
        2,
        530.4347826086956,
        982.6086956521739,
        2
      ],
      "num_keypoints": 19,
      "iscrowd": 0,
      "segmentation": [],
      "group_id": 1
    },
    {
      "category_id": 1,
      "image_id": 0,
      "id": 1,
      "bbox": [
        666.098499422855,
        299.23091787439614,
        141.3312812620237,
        590.5623188405797
      ],
      "area": 83464.92918681088,
      "keypoints": [
        720.5882352941177,
        359.80392156862746,
        2,
        732.1428571428572,
        349.4047619047619,
        2,
        708.0,
        348.44444444444446,
        2,
        748.8888888888889,
        358.22222222222223,
        2,
        695.1111111111111,
        356.8888888888889,
        0,
        773.4513274336282,
        420.3539823008849,
        2,
        677.8761061946902,
        421.2389380530973,
        2,
        795.0980392156863,
        516.6666666666666,
        2,
        657.843137254902,
        514.7058823529412,
        0,
        749.0196078431372,
        507.84313725490193,
        2,
        655.4347826086956,
        513.0434782608695,
        0,
        768.4782608695651,
        604.3478260869565,
        2,
        707.3770491803278,
        613.1147540983607,
        1,
        770.6521739130435,
        707.6086956521739,
        1,
        702.1739130434783,
        707.6086956521739,
        1,
        775.6578947368421,
        794.078947368421,
        2,
        726.5486725663716,
        809.7345132743362,
        2,
        767.027027027027,
        809.7297297297297,
        1,
        734.7826086956521,
        828.2608695652174,
        1,
        795.6521739130434,
        825.3623188405796,
        2,
        719.5652173913043,
        840.5797101449275,
        2
      ],
      "num_keypoints": 18,
      "iscrowd": 0,
      "segmentation": [],
      "group_id": 2
    }
  ]
}