{
  "categories": [
    {
      "supercategory": "person",
      "id": 1,
      "name": "person",
      "keypoints": [
        "nose",
        "left_eye",
        "right_eye",
        "left_ear",
        "right_ear",
        "left_shoulder",
        "right_shoulder",
        "left_elbow",
        "right_elbow",
        "left_wrist",
        "right_wrist",
        "left_hip",
        "right_hip",
        "left_knee",
        "right_knee",
        "left_ankle",
        "right_ankle",
        "left_heel",
        "right_heel",
        "left_foot",
        "right_foot"
      ],
      "skeleton": [
        [
          1,
          2
        ],
        [
          0,
          1
        ],
        [
          0,
          2
        ],
        [
          1,
          3
        ],
        [
          2,
          4
        ],
        [
          5,
          6
        ],
        [
          5,
          7
        ],
        [
          7,
          9
        ],
        [
          6,
          8
        ],
        [
          8,
          10
        ],
        [
          5,
          11
        ],
        [
          6,
          12
        ],
        [
          11,
          12
        ],
        [
          11,
          13
        ],
        [
          13,
          15
        ],
        [
          12,
          14
        ],
        [
          14,
          16
        ],
        [
          16,
          18
        ],
        [
          16,
          20
        ],
        [
          20,
          18
        ],
        [
          15,
          17
        ],
        [
          15,
          19
        ],
        [
          19,
          17
        ]
      ]
    }
  ],
  "images": [
    {
      "file_name": "000000001317.jpg",
      "height": 1200,
      "width": 1600,
      "id": 0
    }
  ],
  "annotations": [
    {
      "category_id": 1,
      "image_id": 0,
      "id": 0,
      "bbox": [
        870.3239834746685,
        311.15935076357243,
        257.48206131767756,
        629.1484768529623
      ],
      "area": 161994.44669497787,
      "keypoints": [
        1038.86925795053,
        374.20494699646645,
        2,
        1051.2367491166078,
        365.017667844523,
        2,
        1028.4960422163588,
        363.5883905013193,
        2,
        1076.7810026385225,
        373.87862796833775,
        2,
        1024.0,
        374.6666666666667,
        0,
        1106.3492063492063,
        426.98412698412693,
        2,
        1000.0,
        417.4603174603174,
        2,
        1092.063492063492,
        490.4761904761904,
        2,
        951.0204081632654,
        466.32653061224494,
        2,
        1053.061224489796,
        543.8775510204082,
        2,
        891.7808219178082,
        516.4383561643835,
        2,
        1088.9610389610389,
        619.4805194805194,
        2,
        1005.8441558441558,
        610.3896103896104,
        2,
        1075.974025974026,
        729.8701298701299,
        2,
        1016.2337662337662,
        735.0649350649351,
        2,
        1072.0779220779223,
        831.1688311688312,
        2,
        1031.168831168831,
        822.077922077922,
        2,
        1080.5194805194803,
        854.5454545454545,
        2,
        1038.6363636363635,
        840.9090909090909,
        2,
        1067.4242424242425,
        887.8787878787879,
        2,
        1015.9090909090909,
        865.1515151515151,
        2
      ],
      "num_keypoints": 20,
      "iscrowd": 0,
      "segmentation": [],
      "group_id": 1
    },
    {
      "category_id": 1,
      "image_id": 0,
      "id": 1,
      "bbox": [
        691.4666666666666,
        342.75522388059693,
        206.4000000000001,
        639.176119402985
      ],
      "area": 131925.95104477616,
      "keypoints": [
        800.6493506493506,
        418.1818181818182,
        2,
        806.8181818181819,
        406.06060606060606,
        2,
        790.049751243781,
        409.4527363184079,
        2,
        791.5422885572139,
        396.01990049751237,
        2,
        752.2388059701492,
        410.94527363184073,
        0,
        830.3482587064676,
        470.64676616915415,
        2,
        734.8258706467661,
        486.5671641791044,
        2,
        843.939393939394,
        572.7272727272727,
        1,
        750.0,
        604.5454545454545,
        1,
        880.6666666666666,
        520.6666666666666,
        1,
        806.0,
        538.0,
        2,
        832.6666666666666,
        654.0,
        2,
        778.0,
        666.0,
        2,
        838.0,
        798.0,
        2,
        770.0,
        790.0,
        2,
        755.3333333333333,
        843.3333333333334,
        1,
        775.3333333333333,
        882.0,
        2,
        708.6666666666666,
        828.6666666666666,
        2,
        776.6666666666666,
        908.6666666666666,
        2,
        755.3333333333333,
        895.3333333333334,
        2,
        804.6666666666666,
        928.6666666666666,
        2
      ],
      "num_keypoints": 20,
      "iscrowd": 0,
      "segmentation": [],
      "group_id": 2
    }
  ]
}