{
  "categories": [
    {
      "supercategory": "person",
      "id": 1,
      "name": "person",
      "keypoints": [
        "nose",
        "left_eye",
        "right_eye",
        "left_ear",
        "right_ear",
        "left_shoulder",
        "right_shoulder",
        "left_elbow",
        "right_elbow",
        "left_wrist",
        "right_wrist",
        "left_hip",
        "right_hip",
        "left_knee",
        "right_knee",
        "left_ankle",
        "right_ankle",
        "left_heel",
        "right_heel",
        "left_foot",
        "right_foot"
      ],
      "skeleton": [
        [
          1,
          2
        ],
        [
          0,
          1
        ],
        [
          0,
          2
        ],
        [
          1,
          3
        ],
        [
          2,
          4
        ],
        [
          5,
          6
        ],
        [
          5,
          7
        ],
        [
          7,
          9
        ],
        [
          6,
          8
        ],
        [
          8,
          10
        ],
        [
          5,
          11
        ],
        [
          6,
          12
        ],
        [
          11,
          12
        ],
        [
          11,
          13
        ],
        [
          13,
          15
        ],
        [
          12,
          14
        ],
        [
          14,
          16
        ],
        [
          16,
          18
        ],
        [
          16,
          20
        ],
        [
          20,
          18
        ],
        [
          15,
          17
        ],
        [
          15,
          19
        ],
        [
          19,
          17
        ]
      ]
    }
  ],
  "images": [
    {
      "file_name": "000000000361.jpg",
      "height": 1200,
      "width": 1600,
      "id": 0
    }
  ],
  "annotations": [
    {
      "category_id": 1,
      "image_id": 0,
      "id": 0,
      "bbox": [
        938.7541211174736,
        325.06593787957655,
        287.89172306090575,
        198.3237896928684
      ],
      "area": 57095.77753864858,
      "keypoints": [
        978.3132530120481,
        363.855421686747,
        0,
        987.7450980392157,
        355.3921568627451,
        0,
        968.1372549019608,
        356.8627450980392,
        0,
        1015.0442477876105,
        341.59292035398227,
        1,
        952.9761904761905,
        342.8571428571429,
        0,
        1068.452380952381,
        348.2142857142857,
        2,
        962.7450980392157,
        378.4313725490196,
        1,
        1101.9607843137255,
        444.11764705882354,
        2,
        978.4313725490196,
        436.27450980392155,
        2,
        1117.6470588235295,
        506.8627450980392,
        2,
        973.5294117647059,
        497.05882352941177,
        2,
        1118.627450980392,
        414.70588235294116,
        1,
        1083.3333333333333,
        423.52941176470586,
        0,
        1150.0,
        436.95652173913044,
        0,
        1128.2608695652173,
        430.4347826086956,
        0,
        1179.4117647058824,
        415.6862745098039,
        1,
        1150.9803921568628,
        418.62745098039215,
        0,
        1189.156626506024,
        387.95180722891564,
        2,
        1160.2409638554216,
        390.3614457831325,
        2,
        1202.654867256637,
        419.4690265486725,
        1,
        1170.4318936877075,
        418.9368770764119,
        0
      ],
      "num_keypoints": 12,
      "iscrowd": 0,
      "segmentation": [],
      "group_id": 1
    },
    {
      "category_id": 1,
      "image_id": 0,
      "id": 1,
      "bbox": [
        829.9780392156862,
        348.5987773487774,
        129.86352941176483,
        495.38610038610034
      ],
      "area": 64332.58741766983,
      "keypoints": [
        913.2743362831858,
        397.3451327433628,
        2,
        922.6190476190477,
        389.8809523809524,
        2,
        905.3156146179401,
        390.6976744186046,
        2,
        915.9468438538205,
        386.71096345514945,
        0,
        882.0598006644518,
        393.3554817275747,
        1,
        932.2368421052631,
        433.55263157894734,
        2,
        859.2105263157895,
        441.4473684210526,
        2,
        966.6666666666666,
        471.01449275362313,
        0,
        893.4782608695651,
        501.4492753623188,
        2,
        985.5072463768115,
        454.3478260869565,
        0,
        949.0196078431372,
        508.8235294117647,
        1,
        931.8840579710144,
        599.2753623188405,
        2,
        876.4705882352941,
        596.0784313725491,
        2,
        925.3623188405796,
        692.7536231884058,
        2,
        865.2173913043478,
        703.623188405797,
        2,
        912.31884057971,
        753.623188405797,
        2,
        852.9411764705882,
        775.4901960784314,
        2,
        905.2631578947369,
        776.3157894736842,
        1,
        840.8,
        795.2,
        2,
        934.5945945945946,
        778.3783783783783,
        2,
        871.8918918918919,
        802.7027027027027,
        2
      ],
      "num_keypoints": 18,
      "iscrowd": 0,
      "segmentation": [],
      "group_id": 2
    }
  ]
}