{
  "categories": [
    {
      "supercategory": "person",
      "id": 1,
      "name": "person",
      "keypoints": [
        "nose",
        "left_eye",
        "right_eye",
        "left_ear",
        "right_ear",
        "left_shoulder",
        "right_shoulder",
        "left_elbow",
        "right_elbow",
        "left_wrist",
        "right_wrist",
        "left_hip",
        "right_hip",
        "left_knee",
        "right_knee",
        "left_ankle",
        "right_ankle",
        "left_heel",
        "right_heel",
        "left_foot",
        "right_foot"
      ],
      "skeleton": [
        [
          1,
          2
        ],
        [
          0,
          1
        ],
        [
          0,
          2
        ],
        [
          1,
          3
        ],
        [
          2,
          4
        ],
        [
          5,
          6
        ],
        [
          5,
          7
        ],
        [
          7,
          9
        ],
        [
          6,
          8
        ],
        [
          8,
          10
        ],
        [
          5,
          11
        ],
        [
          6,
          12
        ],
        [
          11,
          12
        ],
        [
          11,
          13
        ],
        [
          13,
          15
        ],
        [
          12,
          14
        ],
        [
          14,
          16
        ],
        [
          16,
          18
        ],
        [
          16,
          20
        ],
        [
          20,
          18
        ],
        [
          15,
          17
        ],
        [
          15,
          19
        ],
        [
          19,
          17
        ]
      ]
    }
  ],
  "images": [
    {
      "file_name": "000000001453.jpg",
      "height": 1200,
      "width": 1600,
      "id": 0
    }
  ],
  "annotations": [
    {
      "category_id": 1,
      "image_id": 0,
      "id": 0,
      "bbox": [
        878.2967032967032,
        334.74650349650346,
        237.0629370629373,
        586.888111888112
      ],
      "area": 139129.4195315176,
      "keypoints": [
        1043.5897435897436,
        394.2307692307692,
        2,
        1057.6923076923076,
        383.65384615384613,
        2,
        1035.576923076923,
        384.9358974358974,
        2,
        1080.128205128205,
        393.2692307692308,
        2,
        1029.6703296703297,
        395.05494505494505,
        0,
        1095.6043956043957,
        437.9120879120879,
        2,
        1009.3406593406593,
        428.57142857142856,
        2,
        1084.6153846153845,
        505.49450549450546,
        2,
        948.9795918367348,
        482.65306122448976,
        2,
        1049.3333333333333,
        538.0,
        2,
        898.051948051948,
        519.4805194805194,
        2,
        1078.5714285714284,
        615.5844155844155,
        2,
        985.064935064935,
        615.5844155844155,
        2,
        1050.0,
        737.6623376623377,
        2,
        996.7532467532468,
        723.3766233766233,
        2,
        1047.3684210526314,
        807.0175438596492,
        2,
        1017.5438596491229,
        787.7192982456141,
        2,
        1057.017543859649,
        831.578947368421,
        2,
        1025.0,
        812.1212121212121,
        1,
        1037.121212121212,
        872.7272727272727,
        2,
        999.2424242424241,
        837.8787878787879,
        2
      ],
      "num_keypoints": 20,
      "iscrowd": 0,
      "segmentation": [],
      "group_id": 1
    },
    {
      "category_id": 1,
      "image_id": 0,
      "id": 1,
      "bbox": [
        714.8,
        338.6014652014652,
        246.39999999999998,
        538.9802197802197
      ],
      "area": 132804.72615384613,
      "keypoints": [
        837.0129870129871,
        403.8961038961039,
        2,
        841.5617128463475,
        392.6952141057934,
        1,
        830.7692307692307,
        391.2087912087912,
        2,
        817.7777777777777,
        385.18518518518516,
        0,
        796.7032967032967,
        383.5164835164835,
        2,
        843.1318681318681,
        434.8901098901099,
        2,
        769.2307692307692,
        440.65934065934067,
        2,
        895.4545454545455,
        501.5151515151515,
        1,
        789.3939393939394,
        501.5151515151515,
        2,
        940.6666666666666,
        500.6666666666667,
        1,
        872.6666666666666,
        496.6666666666667,
        2,
        812.6666666666666,
        596.6666666666666,
        2,
        766.0,
        600.6666666666666,
        1,
        819.3333333333333,
        700.6666666666666,
        2,
        772.6666666666666,
        699.3333333333334,
        2,
        818.0,
        774.0,
        2,
        748.6666666666666,
        780.6666666666666,
        2,
        806.0,
        798.0,
        2,
        735.3333333333333,
        807.3333333333334,
        2,
        842.0,
        815.3333333333334,
        2,
        756.6666666666666,
        832.6666666666666,
        2
      ],
      "num_keypoints": 20,
      "iscrowd": 0,
      "segmentation": [],
      "group_id": 2
    }
  ]
}