{
  "categories": [
    {
      "supercategory": "person",
      "id": 1,
      "name": "person",
      "keypoints": [
        "nose",
        "left_eye",
        "right_eye",
        "left_ear",
        "right_ear",
        "left_shoulder",
        "right_shoulder",
        "left_elbow",
        "right_elbow",
        "left_wrist",
        "right_wrist",
        "left_hip",
        "right_hip",
        "left_knee",
        "right_knee",
        "left_ankle",
        "right_ankle",
        "left_heel",
        "right_heel",
        "left_foot",
        "right_foot"
      ],
      "skeleton": [
        [
          1,
          2
        ],
        [
          0,
          1
        ],
        [
          0,
          2
        ],
        [
          1,
          3
        ],
        [
          2,
          4
        ],
        [
          5,
          6
        ],
        [
          5,
          7
        ],
        [
          7,
          9
        ],
        [
          6,
          8
        ],
        [
          8,
          10
        ],
        [
          5,
          11
        ],
        [
          6,
          12
        ],
        [
          11,
          12
        ],
        [
          11,
          13
        ],
        [
          13,
          15
        ],
        [
          12,
          14
        ],
        [
          14,
          16
        ],
        [
          16,
          18
        ],
        [
          16,
          20
        ],
        [
          20,
          18
        ],
        [
          15,
          17
        ],
        [
          15,
          19
        ],
        [
          19,
          17
        ]
      ]
    }
  ],
  "images": [
    {
      "file_name": "000000001129.jpg",
      "height": 1200,
      "width": 1600,
      "id": 0
    }
  ],
  "annotations": [
    {
      "category_id": 1,
      "image_id": 0,
      "id": 0,
      "bbox": [
        527.0578231292517,
        363.06011598464426,
        284.39703153988876,
        653.5211957853467
      ],
      "area": 185859.48812975106,
      "keypoints": [
        634.7826086956521,
        434.78260869565213,
        2,
        649.8910675381264,
        420.479302832244,
        2,
        626.9541778975741,
        417.52021563342316,
        2,
        691.1111111111111,
        423.3333333333333,
        2,
        666.2068965517242,
        428.9655172413793,
        0,
        734.6938775510205,
        441.8367346938776,
        2,
        614.2857142857143,
        458.1632653061224,
        2,
        787.7551020408164,
        486.73469387755097,
        1,
        636.7346938775511,
        550.0,
        0,
        771.4285714285714,
        584.6938775510204,
        1,
        749.6969696969696,
        587.2727272727273,
        0,
        702.5974025974026,
        644.1558441558442,
        2,
        608.4415584415584,
        633.7662337662338,
        1,
        640.9090909090909,
        770.1298701298701,
        2,
        564.2857142857143,
        774.025974025974,
        1,
        643.5064935064935,
        902.5974025974026,
        2,
        580.5194805194805,
        881.8181818181818,
        2,
        657.1428571428571,
        924.6753246753246,
        2,
        591.6666666666666,
        922.7272727272727,
        2,
        634.0909090909091,
        962.1212121212121,
        2,
        550.7575757575758,
        936.3636363636364,
        2
      ],
      "num_keypoints": 18,
      "iscrowd": 0,
      "segmentation": [],
      "group_id": 1
    },
    {
      "category_id": 1,
      "image_id": 0,
      "id": 1,
      "bbox": [
        508.9163565479355,
        299.22305764411027,
        114.05635300372137,
        617.1155160628846
      ],
      "area": 70385.94514414205,
      "keypoints": [
        583.7662337662338,
        359.7402597402597,
        2,
        588.3116883116884,
        350.64935064935065,
        2,
        571.8535469107551,
        354.0045766590389,
        2,
        584.6681922196797,
        338.6727688787185,
        0,
        542.3340961098398,
        365.90389016018304,
        2,
        613.4680134680134,
        413.8047138047138,
        2,
        538.7205387205387,
        427.94612794612794,
        2,
        737.8787878787879,
        450.0,
        0,
        548.4848484848485,
        519.6969696969697,
        2,
        735.9649122807017,
        478.94736842105266,
        0,
        602.6315789473684,
        514.0350877192983,
        2,
        600.8771929824561,
        621.0526315789474,
        0,
        546.4912280701755,
        636.8421052631579,
        0,
        606.140350877193,
        714.0350877192983,
        1,
        560.5263157894736,
        733.3333333333334,
        1,
        581.578947368421,
        808.7719298245614,
        1,
        532.4561403508773,
        826.3157894736842,
        2,
        565.7894736842105,
        828.0701754385965,
        1,
        518.421052631579,
        849.1228070175439,
        2,
        604.3859649122807,
        822.8070175438596,
        1,
        537.719298245614,
        864.9122807017544,
        2
      ],
      "num_keypoints": 16,
      "iscrowd": 0,
      "segmentation": [],
      "group_id": 2
    }
  ]
}