{
  "categories": [
    {
      "supercategory": "person",
      "id": 1,
      "name": "person",
      "keypoints": [
        "nose",
        "left_eye",
        "right_eye",
        "left_ear",
        "right_ear",
        "left_shoulder",
        "right_shoulder",
        "left_elbow",
        "right_elbow",
        "left_wrist",
        "right_wrist",
        "left_hip",
        "right_hip",
        "left_knee",
        "right_knee",
        "left_ankle",
        "right_ankle",
        "left_heel",
        "right_heel",
        "left_foot",
        "right_foot"
      ],
      "skeleton": [
        [
          1,
          2
        ],
        [
          0,
          1
        ],
        [
          0,
          2
        ],
        [
          1,
          3
        ],
        [
          2,
          4
        ],
        [
          5,
          6
        ],
        [
          5,
          7
        ],
        [
          7,
          9
        ],
        [
          6,
          8
        ],
        [
          8,
          10
        ],
        [
          5,
          11
        ],
        [
          6,
          12
        ],
        [
          11,
          12
        ],
        [
          11,
          13
        ],
        [
          13,
          15
        ],
        [
          12,
          14
        ],
        [
          14,
          16
        ],
        [
          16,
          18
        ],
        [
          16,
          20
        ],
        [
          20,
          18
        ],
        [
          15,
          17
        ],
        [
          15,
          19
        ],
        [
          19,
          17
        ]
      ]
    }
  ],
  "images": [
    {
      "file_name": "000000001011.jpg",
      "height": 1200,
      "width": 1600,
      "id": 0
    }
  ],
  "annotations": [
    {
      "category_id": 1,
      "image_id": 0,
      "id": 0,
      "bbox": [
        786.7949907235623,
        300.0,
        378.86827458256016,
        257.1428571428571
      ],
      "area": 97423.27060694403,
      "keypoints": [
        842.1686746987951,
        374.69879518072287,
        1,
        846.5875370919881,
        368.3976261127596,
        2,
        826.5578635014837,
        370.91988130563794,
        2,
        884.1503267973856,
        341.83006535947715,
        2,
        826.7973856209151,
        365.359477124183,
        1,
        965.3061224489796,
        325.51020408163265,
        2,
        818.3673469387755,
        321.42857142857144,
        2,
        997.9591836734695,
        421.42857142857144,
        2,
        853.061224489796,
        441.8367346938776,
        1,
        1020.4081632653063,
        535.7142857142857,
        2,
        859.1836734693878,
        519.3877551020408,
        2,
        1032.4675324675325,
        480.5194805194805,
        1,
        962.9870129870129,
        489.6103896103896,
        2,
        1052.5974025974024,
        493.5064935064935,
        2,
        1043.5064935064934,
        516.8831168831168,
        0,
        1113.6363636363635,
        474.025974025974,
        2,
        1066.6666666666665,
        466.6666666666667,
        0,
        1118.4210526315787,
        447.3684210526316,
        2,
        1064.3939393939395,
        436.3636363636364,
        1,
        1134.090909090909,
        472.72727272727275,
        2,
        1062.878787878788,
        474.24242424242425,
        0
      ],
      "num_keypoints": 18,
      "iscrowd": 0,
      "segmentation": [],
      "group_id": 1
    },
    {
      "category_id": 1,
      "image_id": 0,
      "id": 1,
      "bbox": [
        629.2314501850957,
        322.63157894736844,
        221.69966199903433,
        673.8755980861243
      ],
      "area": 149397.99232509086,
      "keypoints": [
        694.6969696969696,
        395.45454545454544,
        2,
        694.6969696969696,
        378.7878787878788,
        1,
        683.4862385321101,
        382.56880733944956,
        2,
        661.7737003058104,
        377.0642201834862,
        0,
        647.7064220183486,
        391.74311926605503,
        2,
        707.3394495412844,
        431.49847094801225,
        2,
        648.0122324159022,
        454.434250764526,
        2,
        786.3636363636364,
        498.4848484848485,
        1,
        763.6363636363636,
        457.57575757575756,
        2,
        825.438596491228,
        480.70175438596493,
        2,
        832.4561403508771,
        400.00000000000006,
        2,
        713.1578947368421,
        642.1052631578948,
        1,
        681.578947368421,
        652.6315789473684,
        2,
        727.1929824561404,
        749.1228070175439,
        1,
        721.9298245614035,
        800.0,
        2,
        697.3684210526316,
        847.3684210526316,
        1,
        693.859649122807,
        907.0175438596491,
        1,
        683.3333333333334,
        871.9298245614035,
        1,
        681.578947368421,
        933.3333333333334,
        1,
        730.7017543859649,
        866.6666666666666,
        2,
        727.1929824561404,
        940.3508771929825,
        2
      ],
      "num_keypoints": 20,
      "iscrowd": 0,
      "segmentation": [],
      "group_id": 2
    },
    {
      "category_id": 1,
      "image_id": 0,
      "id": 2,
      "bbox": [
        1112.0772946859906,
        265.9536800227337,
        121.73913043478251,
        359.14407502131303
      ],
      "area": 43721.88739389894,
      "keypoints": [
        1181.1764705882354,
        304.70588235294116,
        2,
        1188.8235294117646,
        295.88235294117646,
        2,
        1173.5294117647059,
        295.88235294117646,
        2,
        1200.5882352941176,
        300.0,
        1,
        1170.0483091787441,
        303.3816425120773,
        0,
        1214.0096618357488,
        331.8840579710145,
        2,
        1148.792270531401,
        331.8840579710145,
        2,
        1223.6714975845412,
        402.8985507246377,
        2,
        1133.8164251207731,
        395.6521739130435,
        2,
        1214.0096618357488,
        442.51207729468604,
        1,
        1121.7391304347827,
        438.1642512077295,
        0,
        1187.9227053140098,
        441.06280193236717,
        2,
        1153.1400966183576,
        442.51207729468604,
        2,
        1184.5410628019324,
        529.4685990338164,
        2,
        1138.1642512077296,
        522.7053140096618,
        0,
        1178.2608695652175,
        570.048309178744,
        2,
        1134.2995169082126,
        570.5314009661836,
        2,
        1171.0144927536232,
        582.608695652174,
        0,
        1138.647342995169,
        589.3719806763286,
        1,
        1183.5748792270533,
        595.169082125604,
        2,
        1122.2222222222224,
        586.9565217391305,
        2
      ],
      "num_keypoints": 17,
      "iscrowd": 0,
      "segmentation": [],
      "group_id": 3
    }
  ]
}