{
  "categories": [
    {
      "supercategory": "person",
      "id": 1,
      "name": "person",
      "keypoints": [
        "nose",
        "left_eye",
        "right_eye",
        "left_ear",
        "right_ear",
        "left_shoulder",
        "right_shoulder",
        "left_elbow",
        "right_elbow",
        "left_wrist",
        "right_wrist",
        "left_hip",
        "right_hip",
        "left_knee",
        "right_knee",
        "left_ankle",
        "right_ankle",
        "left_heel",
        "right_heel",
        "left_foot",
        "right_foot"
      ],
      "skeleton": [
        [
          1,
          2
        ],
        [
          0,
          1
        ],
        [
          0,
          2
        ],
        [
          1,
          3
        ],
        [
          2,
          4
        ],
        [
          5,
          6
        ],
        [
          5,
          7
        ],
        [
          7,
          9
        ],
        [
          6,
          8
        ],
        [
          8,
          10
        ],
        [
          5,
          11
        ],
        [
          6,
          12
        ],
        [
          11,
          12
        ],
        [
          11,
          13
        ],
        [
          13,
          15
        ],
        [
          12,
          14
        ],
        [
          14,
          16
        ],
        [
          16,
          18
        ],
        [
          16,
          20
        ],
        [
          20,
          18
        ],
        [
          15,
          17
        ],
        [
          15,
          19
        ],
        [
          19,
          17
        ]
      ]
    }
  ],
  "images": [
    {
      "file_name": "000000001079.jpg",
      "height": 1200,
      "width": 1600,
      "id": 0
    }
  ],
  "annotations": [
    {
      "category_id": 1,
      "image_id": 0,
      "id": 0,
      "bbox": [
        838.0816326530611,
        290.8356093120042,
        267.9183673469389,
        666.1958642216152
      ],
      "area": 178486.10827553814,
      "keypoints": [
        999.0196078431372,
        356.8627450980392,
        2,
        1015.450643776824,
        348.4978540772532,
        2,
        990.5579399141631,
        346.3519313304721,
        2,
        1036.3957597173144,
        357.5971731448763,
        2,
        989.0459363957597,
        362.54416961130744,
        0,
        1071.4285714285716,
        421.42857142857144,
        2,
        971.4285714285716,
        417.34693877551024,
        2,
        1083.6734693877552,
        517.3469387755102,
        2,
        926.5306122448981,
        498.9795918367347,
        2,
        1028.5714285714287,
        533.6734693877551,
        2,
        860.408163265306,
        519.1836734693877,
        2,
        1042.857142857143,
        635.0649350649351,
        2,
        955.1948051948051,
        629.8701298701299,
        2,
        1020.12987012987,
        762.3376623376623,
        2,
        970.7792207792207,
        754.5454545454545,
        2,
        1020.12987012987,
        863.6363636363636,
        2,
        988.3116883116883,
        849.3506493506493,
        1,
        1038.9610389610389,
        876.6233766233767,
        2,
        997.7272727272726,
        877.2727272727273,
        2,
        1017.4242424242424,
        901.5151515151515,
        2,
        976.5151515151514,
        890.9090909090909,
        2
      ],
      "num_keypoints": 20,
      "iscrowd": 0,
      "segmentation": [],
      "group_id": 1
    },
    {
      "category_id": 1,
      "image_id": 0,
      "id": 1,
      "bbox": [
        645.0859291084855,
        303.38345864661653,
        120.19334049409235,
        645.1127819548872
      ],
      "area": 77538.2602585949,
      "keypoints": [
        733.1168831168832,
        372.7272727272727,
        2,
        732.4675324675325,
        357.1428571428571,
        2,
        712.3569794050343,
        362.47139588100686,
        2,
        691.0204081632653,
        357.1428571428571,
        0,
        678.4897025171624,
        367.27688787185355,
        2,
        728.8288288288288,
        418.9189189189189,
        2,
        655.1020408163265,
        440.81632653061223,
        2,
        745.4545454545455,
        527.2727272727273,
        1,
        656.0606060606061,
        543.939393939394,
        2,
        755.2631578947369,
        605.2631578947369,
        1,
        714.9122807017544,
        598.2456140350878,
        1,
        739.4736842105264,
        619.2982456140351,
        1,
        695.6140350877193,
        640.3508771929825,
        2,
        739.4736842105264,
        728.0701754385965,
        2,
        690.3508771929825,
        745.6140350877193,
        1,
        702.6315789473684,
        828.0701754385965,
        1,
        664.0350877192983,
        856.140350877193,
        2,
        692.1052631578947,
        850.8771929824561,
        1,
        658.7719298245614,
        880.7017543859649,
        2,
        730.7017543859649,
        852.6315789473684,
        2,
        692.1052631578947,
        894.7368421052631,
        1
      ],
      "num_keypoints": 20,
      "iscrowd": 0,
      "segmentation": [],
      "group_id": 2
    }
  ]
}