{
  "categories": [
    {
      "supercategory": "person",
      "id": 1,
      "name": "person",
      "keypoints": [
        "nose",
        "left_eye",
        "right_eye",
        "left_ear",
        "right_ear",
        "left_shoulder",
        "right_shoulder",
        "left_elbow",
        "right_elbow",
        "left_wrist",
        "right_wrist",
        "left_hip",
        "right_hip",
        "left_knee",
        "right_knee",
        "left_ankle",
        "right_ankle",
        "left_heel",
        "right_heel",
        "left_foot",
        "right_foot"
      ],
      "skeleton": [
        [
          1,
          2
        ],
        [
          0,
          1
        ],
        [
          0,
          2
        ],
        [
          1,
          3
        ],
        [
          2,
          4
        ],
        [
          5,
          6
        ],
        [
          5,
          7
        ],
        [
          7,
          9
        ],
        [
          6,
          8
        ],
        [
          8,
          10
        ],
        [
          5,
          11
        ],
        [
          6,
          12
        ],
        [
          11,
          12
        ],
        [
          11,
          13
        ],
        [
          13,
          15
        ],
        [
          12,
          14
        ],
        [
          14,
          16
        ],
        [
          16,
          18
        ],
        [
          16,
          20
        ],
        [
          20,
          18
        ],
        [
          15,
          17
        ],
        [
          15,
          19
        ],
        [
          19,
          17
        ]
      ]
    }
  ],
  "images": [
    {
      "file_name": "000000001982.jpg",
      "height": 1200,
      "width": 1600,
      "id": 0
    }
  ],
  "annotations": [
    {
      "category_id": 1,
      "image_id": 0,
      "id": 0,
      "bbox": [
        903.1944444444445,
        279.9981962481963,
        136.66666666666663,
        523.3549783549784
      ],
      "area": 71525.18037518035,
      "keypoints": [
        948.0,
        337.0,
        2,
        963.1944444444445,
        323.61111111111114,
        2,
        936.8055555555555,
        326.3888888888889,
        2,
        992.3611111111112,
        337.5,
        2,
        949.3055555555555,
        325.0,
        0,
        1014.5833333333334,
        387.5,
        2,
        917.3611111111112,
        387.5,
        2,
        1028.4722222222222,
        451.3888888888889,
        2,
        914.5833333333334,
        459.72222222222223,
        2,
        1002.0833333333334,
        488.8888888888889,
        2,
        918.7500000000001,
        513.8888888888889,
        1,
        986.8055555555555,
        563.8888888888889,
        1,
        931.2500000000001,
        550.0,
        1,
        972.9166666666669,
        658.3333333333334,
        2,
        934.0277777777779,
        650.0,
        2,
        984.0277777777779,
        731.9444444444445,
        2,
        932.638888888889,
        723.6111111111111,
        2,
        968.1818181818181,
        738.961038961039,
        1,
        924.025974025974,
        732.4675324675325,
        1,
        988.961038961039,
        759.7402597402597,
        2,
        922.7272727272727,
        754.5454545454545,
        2
      ],
      "num_keypoints": 20,
      "iscrowd": 0,
      "segmentation": [],
      "group_id": 1
    },
    {
      "category_id": 1,
      "image_id": 0,
      "id": 1,
      "bbox": [
        522.0,
        293.6190476190476,
        186.0,
        668.7792207792209
      ],
      "area": 124392.93506493508,
      "keypoints": [
        685.0649350649351,
        363.6363636363636,
        0,
        679.8701298701299,
        344.15584415584414,
        0,
        687.6623376623377,
        344.15584415584414,
        0,
        647.4025974025974,
        345.45454545454544,
        0,
        659.0909090909091,
        349.35064935064935,
        2,
        578.5714285714286,
        411.68831168831167,
        2,
        653.8961038961039,
        435.06493506493507,
        2,
        552.5974025974026,
        497.4025974025974,
        2,
        642.2077922077922,
        546.7532467532467,
        2,
        596.7532467532467,
        566.2337662337662,
        1,
        647.4025974025974,
        644.1558441558442,
        1,
        624.025974025974,
        628.5714285714286,
        0,
        656.4935064935065,
        632.4675324675325,
        1,
        627.2727272727273,
        727.2727272727273,
        1,
        667.5324675324675,
        746.7532467532467,
        1,
        575.8333333333334,
        843.3333333333334,
        2,
        660.8333333333334,
        863.3333333333334,
        1,
        537.5,
        855.0000000000001,
        2,
        637.5,
        906.6666666666667,
        1,
        610.8333333333334,
        861.6666666666667,
        2,
        692.5,
        900.0000000000001,
        2
      ],
      "num_keypoints": 16,
      "iscrowd": 0,
      "segmentation": [],
      "group_id": 2
    }
  ]
}