{
  "categories": [
    {
      "supercategory": "person",
      "id": 1,
      "name": "person",
      "keypoints": [
        "nose",
        "left_eye",
        "right_eye",
        "left_ear",
        "right_ear",
        "left_shoulder",
        "right_shoulder",
        "left_elbow",
        "right_elbow",
        "left_wrist",
        "right_wrist",
        "left_hip",
        "right_hip",
        "left_knee",
        "right_knee",
        "left_ankle",
        "right_ankle",
        "left_heel",
        "right_heel",
        "left_foot",
        "right_foot"
      ],
      "skeleton": [
        [
          1,
          2
        ],
        [
          0,
          1
        ],
        [
          0,
          2
        ],
        [
          1,
          3
        ],
        [
          2,
          4
        ],
        [
          5,
          6
        ],
        [
          5,
          7
        ],
        [
          7,
          9
        ],
        [
          6,
          8
        ],
        [
          8,
          10
        ],
        [
          5,
          11
        ],
        [
          6,
          12
        ],
        [
          11,
          12
        ],
        [
          11,
          13
        ],
        [
          13,
          15
        ],
        [
          12,
          14
        ],
        [
          14,
          16
        ],
        [
          16,
          18
        ],
        [
          16,
          20
        ],
        [
          20,
          18
        ],
        [
          15,
          17
        ],
        [
          15,
          19
        ],
        [
          19,
          17
        ]
      ]
    }
  ],
  "images": [
    {
      "file_name": "000000001958.jpg",
      "height": 1200,
      "width": 1600,
      "id": 0
    }
  ],
  "annotations": [
    {
      "category_id": 1,
      "image_id": 0,
      "id": 0,
      "bbox": [
        936.0957792207794,
        312.1500721500721,
        241.8506493506493,
        520.8658008658009
      ],
      "area": 125971.73216393993,
      "keypoints": [
        1071.0,
        382.0,
        2,
        1086.8055555555554,
        368.05555555555554,
        2,
        1067.361111111111,
        369.44444444444446,
        2,
        1115.9722222222222,
        355.55555555555554,
        2,
        1052.0833333333333,
        362.5,
        0,
        1145.138888888889,
        405.55555555555554,
        2,
        1054.861111111111,
        401.3888888888889,
        2,
        1125.6944444444443,
        479.1666666666667,
        2,
        1017.3611111111112,
        455.5555555555556,
        2,
        1093.75,
        527.7777777777778,
        2,
        956.2500000000001,
        500.0,
        2,
        1134.0277777777778,
        595.8333333333334,
        2,
        1086.8055555555554,
        588.8888888888889,
        2,
        1132.638888888889,
        684.7222222222223,
        2,
        1097.9166666666667,
        677.7777777777778,
        2,
        1140.9722222222222,
        763.8888888888889,
        2,
        1110.4166666666667,
        763.8888888888889,
        2,
        1157.7922077922078,
        783.1168831168831,
        1,
        1124.0259740259742,
        777.922077922078,
        1,
        1142.2077922077922,
        789.6103896103896,
        2,
        1090.2597402597403,
        785.7142857142857,
        2
      ],
      "num_keypoints": 20,
      "iscrowd": 0,
      "segmentation": [],
      "group_id": 1
    },
    {
      "category_id": 1,
      "image_id": 0,
      "id": 1,
      "bbox": [
        793.9448051948052,
        269.95238095238096,
        222.66233766233756,
        625.5064935064935
      ],
      "area": 139276.73806712762,
      "keypoints": [
        917.5324675324675,
        344.15584415584414,
        2,
        925.3246753246754,
        333.76623376623377,
        1,
        907.1428571428571,
        331.16883116883116,
        2,
        888.961038961039,
        333.76623376623377,
        0,
        872.077922077922,
        322.0779220779221,
        2,
        911.038961038961,
        384.4155844155844,
        0,
        846.1038961038961,
        394.8051948051948,
        2,
        908.4415584415584,
        474.025974025974,
        0,
        930.5194805194805,
        449.35064935064935,
        2,
        973.3766233766233,
        466.23376623376623,
        1,
        998.051948051948,
        416.8831168831169,
        2,
        918.8311688311688,
        589.6103896103896,
        2,
        869.4805194805194,
        581.8181818181818,
        2,
        906.4935064935064,
        670.1298701298701,
        2,
        858.4415584415584,
        680.5194805194805,
        1,
        895.8333333333335,
        793.3333333333334,
        2,
        829.1666666666667,
        811.6666666666667,
        2,
        875.8333333333335,
        801.6666666666667,
        2,
        812.5,
        828.3333333333334,
        2,
        919.1666666666667,
        815.0000000000001,
        2,
        849.1666666666667,
        843.3333333333334,
        2
      ],
      "num_keypoints": 18,
      "iscrowd": 0,
      "segmentation": [],
      "group_id": 2
    }
  ]
}