{
  "categories": [
    {
      "supercategory": "person",
      "id": 1,
      "name": "person",
      "keypoints": [
        "nose",
        "left_eye",
        "right_eye",
        "left_ear",
        "right_ear",
        "left_shoulder",
        "right_shoulder",
        "left_elbow",
        "right_elbow",
        "left_wrist",
        "right_wrist",
        "left_hip",
        "right_hip",
        "left_knee",
        "right_knee",
        "left_ankle",
        "right_ankle",
        "left_heel",
        "right_heel",
        "left_foot",
        "right_foot"
      ],
      "skeleton": [
        [
          1,
          2
        ],
        [
          0,
          1
        ],
        [
          0,
          2
        ],
        [
          1,
          3
        ],
        [
          2,
          4
        ],
        [
          5,
          6
        ],
        [
          5,
          7
        ],
        [
          7,
          9
        ],
        [
          6,
          8
        ],
        [
          8,
          10
        ],
        [
          5,
          11
        ],
        [
          6,
          12
        ],
        [
          11,
          12
        ],
        [
          11,
          13
        ],
        [
          13,
          15
        ],
        [
          12,
          14
        ],
        [
          14,
          16
        ],
        [
          16,
          18
        ],
        [
          16,
          20
        ],
        [
          20,
          18
        ],
        [
          15,
          17
        ],
        [
          15,
          19
        ],
        [
          19,
          17
        ]
      ]
    }
  ],
  "images": [
    {
      "file_name": "000000001468.jpg",
      "height": 1200,
      "width": 1600,
      "id": 0
    }
  ],
  "annotations": [
    {
      "category_id": 1,
      "image_id": 0,
      "id": 0,
      "bbox": [
        699.7585034013605,
        257.08358090711033,
        375.62523191094624,
        379.0493166963755
      ],
      "area": 142380.48748976176,
      "keypoints": [
        960.1583113456464,
        306.59630606860156,
        2,
        970.976253298153,
        295.77836411609496,
        2,
        949.8910675381264,
        296.078431372549,
        2,
        1008.0610021786492,
        288.6710239651416,
        2,
        952.9051987767584,
        283.7920489296636,
        0,
        1025.6880733944954,
        329.96941896024464,
        2,
        933.6391437308869,
        333.0275229357798,
        2,
        1043.4250764525993,
        448.6238532110092,
        2,
        904.0816326530613,
        452.0408163265306,
        1,
        1044.0816326530612,
        541.6326530612245,
        2,
        890.2597402597402,
        533.7662337662338,
        0,
        985.064935064935,
        511.68831168831167,
        2,
        895.4545454545454,
        467.53246753246754,
        2,
        891.5584415584416,
        510.38961038961037,
        2,
        847.4025974025975,
        500.0,
        2,
        819.2982456140351,
        563.1578947368422,
        2,
        771.9298245614034,
        545.6140350877193,
        2,
        785.0877192982457,
        587.719298245614,
        2,
        741.6666666666666,
        604.5454545454545,
        2,
        765.9090909090909,
        562.1212121212121,
        2,
        731.060606060606,
        557.5757575757576,
        2
      ],
      "num_keypoints": 19,
      "iscrowd": 0,
      "segmentation": [],
      "group_id": 1
    },
    {
      "category_id": 1,
      "image_id": 0,
      "id": 1,
      "bbox": [
        771.0666666666666,
        344.5610062893082,
        131.20000000000005,
        513.5698113207548
      ],
      "area": 67380.35924528305,
      "keypoints": [
        825.3246753246752,
        402.5974025974026,
        2,
        833.9622641509434,
        387.35849056603774,
        2,
        815.5606407322655,
        387.87185354691076,
        2,
        837.299771167048,
        393.8215102974828,
        0,
        795.010395010395,
        391.6839916839916,
        2,
        846.9107551487414,
        416.47597254004575,
        2,
        782.1510297482837,
        425.62929061784894,
        2,
        868.1818181818181,
        427.27272727272725,
        1,
        827.2727272727273,
        465.1515151515152,
        2,
        891.3333333333334,
        410.0,
        1,
        869.9999999999999,
        470.0,
        2,
        848.6666666666666,
        594.0,
        2,
        795.3333333333333,
        592.6666666666666,
        1,
        846.0,
        686.0,
        2,
        795.3333333333333,
        686.0,
        2,
        844.6666666666666,
        764.6666666666666,
        2,
        798.0,
        756.6666666666666,
        2,
        846.0,
        794.0,
        2,
        808.6666666666666,
        787.3333333333334,
        2,
        840.6666666666666,
        815.3333333333334,
        2,
        782.0,
        800.6666666666666,
        2
      ],
      "num_keypoints": 20,
      "iscrowd": 0,
      "segmentation": [],
      "group_id": 2
    }
  ]
}