{
  "categories": [
    {
      "supercategory": "person",
      "id": 1,
      "name": "person",
      "keypoints": [
        "nose",
        "left_eye",
        "right_eye",
        "left_ear",
        "right_ear",
        "left_shoulder",
        "right_shoulder",
        "left_elbow",
        "right_elbow",
        "left_wrist",
        "right_wrist",
        "left_hip",
        "right_hip",
        "left_knee",
        "right_knee",
        "left_ankle",
        "right_ankle",
        "left_heel",
        "right_heel",
        "left_foot",
        "right_foot"
      ],
      "skeleton": [
        [
          1,
          2
        ],
        [
          0,
          1
        ],
        [
          0,
          2
        ],
        [
          1,
          3
        ],
        [
          2,
          4
        ],
        [
          5,
          6
        ],
        [
          5,
          7
        ],
        [
          7,
          9
        ],
        [
          6,
          8
        ],
        [
          8,
          10
        ],
        [
          5,
          11
        ],
        [
          6,
          12
        ],
        [
          11,
          12
        ],
        [
          11,
          13
        ],
        [
          13,
          15
        ],
        [
          12,
          14
        ],
        [
          14,
          16
        ],
        [
          16,
          18
        ],
        [
          16,
          20
        ],
        [
          20,
          18
        ],
        [
          15,
          17
        ],
        [
          15,
          19
        ],
        [
          19,
          17
        ]
      ]
    }
  ],
  "images": [
    {
      "file_name": "000000000236.jpg",
      "height": 1200,
      "width": 1600,
      "id": 0
    }
  ],
  "annotations": [
    {
      "category_id": 1,
      "image_id": 0,
      "id": 0,
      "bbox": [
        755.7843137254902,
        245.5952380952381,
        260.0,
        667.1428571428572
      ],
      "area": 173457.14285714287,
      "keypoints": [
        889.3333333333334,
        322.6666666666667,
        2,
        901.4705882352941,
        311.27450980392155,
        2,
        881.8627450980392,
        312.2549019607843,
        2,
        931.8584070796459,
        311.504424778761,
        1,
        889.2857142857143,
        301.1904761904762,
        1,
        977.3809523809524,
        367.26190476190476,
        2,
        879.646017699115,
        355.7522123893805,
        2,
        983.3333333333334,
        479.4117647058823,
        0,
        857.843137254902,
        466.6666666666667,
        1,
        994.1176470588235,
        564.7058823529412,
        2,
        845.0980392156863,
        534.313725490196,
        1,
        941.5929203539822,
        556.6371681415928,
        2,
        867.2566371681415,
        544.2477876106194,
        2,
        895.6521739130434,
        684.7826086956521,
        2,
        838.0530973451326,
        683.1858407079645,
        2,
        858.4070796460176,
        799.9999999999999,
        2,
        804.4247787610618,
        779.646017699115,
        2,
        852.9411764705882,
        852.9411764705882,
        2,
        809.8039215686274,
        830.3921568627451,
        2,
        827.3809523809524,
        857.1428571428572,
        2,
        777.4509803921568,
        843.1372549019608,
        2
      ],
      "num_keypoints": 20,
      "iscrowd": 0,
      "segmentation": [],
      "group_id": 1
    },
    {
      "category_id": 1,
      "image_id": 0,
      "id": 1,
      "bbox": [
        701.0794202898551,
        316.0951821386604,
        108.78608695652167,
        663.0740305522913
      ],
      "area": 72133.22914627288,
      "keypoints": [
        789.3805309734513,
        380.5309734513274,
        2,
        791.3043478260869,
        373.18840579710144,
        1,
        775.1351351351351,
        371.35135135135135,
        2,
        765.9459459459459,
        365.40540540540536,
        0,
        752.9729729729729,
        374.5945945945946,
        2,
        800.8,
        424.8,
        1,
        736.0,
        436.8,
        2,
        851.9607843137255,
        492.156862745098,
        0,
        757.843137254902,
        552.9411764705882,
        2,
        861.7647058823529,
        480.3921568627451,
        0,
        830.3921568627451,
        508.8235294117647,
        0,
        800.9803921568628,
        629.4117647058823,
        0,
        733.6065573770492,
        642.6229508196722,
        1,
        786.9565217391304,
        718.4782608695651,
        0,
        751.0869565217391,
        754.3478260869565,
        2,
        764.1304347826086,
        857.6086956521739,
        0,
        720.5882352941177,
        884.313725490196,
        2,
        755.2631578947369,
        873.0263157894736,
        1,
        710.1449275362319,
        908.695652173913,
        2,
        799.9999999999999,
        879.7101449275361,
        0,
        739.1304347826086,
        923.9130434782608,
        2
      ],
      "num_keypoints": 13,
      "iscrowd": 0,
      "segmentation": [],
      "group_id": 2
    }
  ]
}