{
  "categories": [
    {
      "supercategory": "person",
      "id": 1,
      "name": "person",
      "keypoints": [
        "nose",
        "left_eye",
        "right_eye",
        "left_ear",
        "right_ear",
        "left_shoulder",
        "right_shoulder",
        "left_elbow",
        "right_elbow",
        "left_wrist",
        "right_wrist",
        "left_hip",
        "right_hip",
        "left_knee",
        "right_knee",
        "left_ankle",
        "right_ankle",
        "left_heel",
        "right_heel",
        "left_foot",
        "right_foot"
      ],
      "skeleton": [
        [
          1,
          2
        ],
        [
          0,
          1
        ],
        [
          0,
          2
        ],
        [
          1,
          3
        ],
        [
          2,
          4
        ],
        [
          5,
          6
        ],
        [
          5,
          7
        ],
        [
          7,
          9
        ],
        [
          6,
          8
        ],
        [
          8,
          10
        ],
        [
          5,
          11
        ],
        [
          6,
          12
        ],
        [
          11,
          12
        ],
        [
          11,
          13
        ],
        [
          13,
          15
        ],
        [
          12,
          14
        ],
        [
          14,
          16
        ],
        [
          16,
          18
        ],
        [
          16,
          20
        ],
        [
          20,
          18
        ],
        [
          15,
          17
        ],
        [
          15,
          19
        ],
        [
          19,
          17
        ]
      ]
    }
  ],
  "images": [
    {
      "file_name": "000000001205.jpg",
      "height": 1200,
      "width": 1600,
      "id": 0
    }
  ],
  "annotations": [
    {
      "category_id": 1,
      "image_id": 0,
      "id": 0,
      "bbox": [
        799.9142857142857,
        278.98431994362227,
        265.02857142857135,
        451.0253699788583
      ],
      "area": 119534.60948353967,
      "keypoints": [
        838.2352941176471,
        332.3529411764706,
        2,
        850.5813953488372,
        316.56976744186045,
        2,
        829.7429620563036,
        317.74785801713585,
        2,
        893.0232558139535,
        321.4198286413709,
        2,
        827.7873070325901,
        327.95883361921096,
        0,
        928.5714285714287,
        366.32653061224494,
        2,
        826.5306122448981,
        374.48979591836735,
        2,
        965.3061224489796,
        480.61224489795916,
        2,
        832.6530612244899,
        478.57142857142856,
        0,
        987.7551020408164,
        572.4489795918367,
        2,
        822.0,
        544.0,
        2,
        964.2857142857143,
        568.8311688311688,
        2,
        895.4545454545454,
        578.5714285714286,
        2,
        973.3766233766233,
        628.5714285714286,
        2,
        946.1038961038961,
        636.3636363636364,
        1,
        1018.8311688311688,
        661.038961038961,
        2,
        993.5064935064935,
        648.051948051948,
        2,
        1042.857142857143,
        653.2467532467532,
        2,
        1015.9090909090909,
        639.3939393939394,
        1,
        1035.6060606060605,
        692.4242424242424,
        2,
        1000.7575757575756,
        681.8181818181819,
        2
      ],
      "num_keypoints": 19,
      "iscrowd": 0,
      "segmentation": [],
      "group_id": 1
    },
    {
      "category_id": 1,
      "image_id": 0,
      "id": 1,
      "bbox": [
        662.6691729323308,
        311.1104684788895,
        162.2556390977445,
        627.113938692886
      ],
      "area": 101752.77290971798,
      "keypoints": [
        755.1948051948051,
        374.025974025974,
        2,
        757.1428571428571,
        363.6363636363636,
        1,
        743.9560439560439,
        363.3699633699634,
        2,
        736.2745098039215,
        343.1372549019608,
        0,
        706.959706959707,
        371.06227106227107,
        2,
        752.014652014652,
        416.8498168498169,
        2,
        676.1904761904761,
        441.75824175824175,
        2,
        801.5151515151515,
        515.1515151515151,
        1,
        712.1212121212121,
        550.0,
        2,
        811.4035087719299,
        494.7368421052632,
        2,
        793.859649122807,
        538.5964912280702,
        2,
        758.7719298245614,
        614.0350877192983,
        2,
        692.1052631578947,
        636.8421052631579,
        2,
        734.2105263157895,
        733.3333333333334,
        2,
        706.140350877193,
        743.859649122807,
        2,
        718.421052631579,
        826.3157894736842,
        2,
        690.3508771929825,
        849.1228070175439,
        2,
        711.4035087719299,
        852.6315789473684,
        2,
        678.0701754385965,
        871.9298245614035,
        2,
        746.4912280701755,
        856.140350877193,
        2,
        699.1228070175439,
        885.9649122807017,
        2
      ],
      "num_keypoints": 20,
      "iscrowd": 0,
      "segmentation": [],
      "group_id": 2
    }
  ]
}