{
  "categories": [
    {
      "supercategory": "person",
      "id": 1,
      "name": "person",
      "keypoints": [
        "nose",
        "left_eye",
        "right_eye",
        "left_ear",
        "right_ear",
        "left_shoulder",
        "right_shoulder",
        "left_elbow",
        "right_elbow",
        "left_wrist",
        "right_wrist",
        "left_hip",
        "right_hip",
        "left_knee",
        "right_knee",
        "left_ankle",
        "right_ankle",
        "left_heel",
        "right_heel",
        "left_foot",
        "right_foot"
      ],
      "skeleton": [
        [
          1,
          2
        ],
        [
          0,
          1
        ],
        [
          0,
          2
        ],
        [
          1,
          3
        ],
        [
          2,
          4
        ],
        [
          5,
          6
        ],
        [
          5,
          7
        ],
        [
          7,
          9
        ],
        [
          6,
          8
        ],
        [
          8,
          10
        ],
        [
          5,
          11
        ],
        [
          6,
          12
        ],
        [
          11,
          12
        ],
        [
          11,
          13
        ],
        [
          13,
          15
        ],
        [
          12,
          14
        ],
        [
          14,
          16
        ],
        [
          16,
          18
        ],
        [
          16,
          20
        ],
        [
          20,
          18
        ],
        [
          15,
          17
        ],
        [
          15,
          19
        ],
        [
          19,
          17
        ]
      ]
    }
  ],
  "images": [
    {
      "file_name": "000000001149.jpg",
      "height": 1200,
      "width": 1600,
      "id": 0
    }
  ],
  "annotations": [
    {
      "category_id": 1,
      "image_id": 0,
      "id": 0,
      "bbox": [
        277.4609843937575,
        200.27702824248962,
        376.3505402160864,
        843.7344846195358
      ],
      "area": 317539.92908550357,
      "keypoints": [
        507.84313725490193,
        366.6666666666667,
        2,
        522.2748815165877,
        354.50236966824644,
        2,
        496.80232558139534,
        354.3604651162791,
        2,
        527.6162790697674,
        369.4767441860465,
        0,
        464.5348837209302,
        366.8604651162791,
        2,
        538.7755102040817,
        413.2653061224489,
        2,
        455.10204081632656,
        405.1020408163265,
        2,
        593.8775510204082,
        405.1020408163265,
        2,
        391.83673469387753,
        360.204081632653,
        2,
        622.4489795918367,
        288.7755102040817,
        2,
        308.8235294117647,
        270.5882352941176,
        2,
        550.6493506493506,
        667.5324675324675,
        2,
        469.48051948051943,
        664.9350649350649,
        1,
        559.0909090909091,
        806.4935064935065,
        2,
        500.6493506493507,
        823.3766233766233,
        1,
        579.8701298701299,
        924.6753246753246,
        2,
        553.2467532467532,
        922.077922077922,
        2,
        597.4025974025974,
        948.051948051948,
        2,
        562.1890547263681,
        943.781094527363,
        1,
        584.4036697247707,
        973.7003058103976,
        2,
        539.080459770115,
        958.0459770114943,
        2
      ],
      "num_keypoints": 20,
      "iscrowd": 0,
      "segmentation": [],
      "group_id": 1
    }
  ]
}