{
  "categories": [
    {
      "supercategory": "person",
      "id": 1,
      "name": "person",
      "keypoints": [
        "nose",
        "left_eye",
        "right_eye",
        "left_ear",
        "right_ear",
        "left_shoulder",
        "right_shoulder",
        "left_elbow",
        "right_elbow",
        "left_wrist",
        "right_wrist",
        "left_hip",
        "right_hip",
        "left_knee",
        "right_knee",
        "left_ankle",
        "right_ankle",
        "left_heel",
        "right_heel",
        "left_foot",
        "right_foot"
      ],
      "skeleton": [
        [
          1,
          2
        ],
        [
          0,
          1
        ],
        [
          0,
          2
        ],
        [
          1,
          3
        ],
        [
          2,
          4
        ],
        [
          5,
          6
        ],
        [
          5,
          7
        ],
        [
          7,
          9
        ],
        [
          6,
          8
        ],
        [
          8,
          10
        ],
        [
          5,
          11
        ],
        [
          6,
          12
        ],
        [
          11,
          12
        ],
        [
          11,
          13
        ],
        [
          13,
          15
        ],
        [
          12,
          14
        ],
        [
          14,
          16
        ],
        [
          16,
          18
        ],
        [
          16,
          20
        ],
        [
          20,
          18
        ],
        [
          15,
          17
        ],
        [
          15,
          19
        ],
        [
          19,
          17
        ]
      ]
    }
  ],
  "images": [
    {
      "file_name": "000000000611.jpg",
      "height": 1200,
      "width": 1600,
      "id": 0
    }
  ],
  "annotations": [
    {
      "category_id": 1,
      "image_id": 0,
      "id": 0,
      "bbox": [
        762.3099415204678,
        264.7826582740376,
        325.9649122807019,
        303.64258347016954
      ],
      "area": 98976.82808553953,
      "keypoints": [
        961.0619469026548,
        303.5398230088495,
        2,
        976.2931034482758,
        291.3793103448276,
        2,
        953.448275862069,
        291.8103448275862,
        2,
        1008.6206896551723,
        290.08620689655174,
        2,
        964.8148148148148,
        288.88888888888886,
        0,
        1053.1746031746031,
        353.9682539682539,
        2,
        945.2380952380952,
        342.06349206349205,
        2,
        1054.2328042328043,
        455.026455026455,
        2,
        926.9841269841269,
        422.75132275132273,
        2,
        1061.111111111111,
        543.121693121693,
        2,
        911.7117117117116,
        511.71171171171164,
        0,
        1026.5765765765766,
        477.027027027027,
        2,
        944.8717948717947,
        452.56410256410254,
        2,
        939.7435897435896,
        474.35897435897436,
        2,
        907.6923076923076,
        464.1025641025641,
        2,
        861.5384615384614,
        491.025641025641,
        2,
        825.6410256410255,
        491.025641025641,
        1,
        847.8947368421052,
        511.57894736842104,
        2,
        807.8947368421052,
        516.8421052631578,
        2,
        828.9473684210526,
        465.2631578947368,
        1,
        789.4736842105262,
        471.57894736842104,
        1
      ],
      "num_keypoints": 19,
      "iscrowd": 0,
      "segmentation": [],
      "group_id": 1
    },
    {
      "category_id": 1,
      "image_id": 0,
      "id": 1,
      "bbox": [
        774.6059113300493,
        306.3054187192118,
        97.83251231527083,
        610.0492610837439
      ],
      "area": 59682.65184789724,
      "keypoints": [
        850.4761904761905,
        365.23809523809524,
        2,
        856.1904761904761,
        357.6190476190476,
        2,
        837.6190476190476,
        357.6190476190476,
        2,
        846.6666666666666,
        352.85714285714283,
        0,
        801.9047619047619,
        357.1428571428571,
        2,
        864.2857142857142,
        412.38095238095235,
        2,
        796.7948717948718,
        430.12820512820514,
        2,
        905.1282051282051,
        475.0,
        0,
        837.1794871794872,
        489.7435897435897,
        0,
        938.4615384615385,
        441.66666666666663,
        0,
        885.2564102564103,
        481.4102564102564,
        0,
        857.6923076923076,
        580.7692307692307,
        2,
        811.5384615384614,
        593.5897435897435,
        2,
        844.8717948717947,
        708.974358974359,
        2,
        802.5641025641025,
        724.3589743589744,
        2,
        835.8974358974358,
        816.6666666666666,
        2,
        791.3793103448276,
        849.1379310344828,
        2,
        825.8620689655172,
        833.6206896551724,
        2,
        782.7586206896551,
        859.4827586206898,
        2,
        857.7586206896551,
        834.4827586206898,
        2,
        804.3103448275862,
        865.5172413793103,
        2
      ],
      "num_keypoints": 16,
      "iscrowd": 0,
      "segmentation": [],
      "group_id": 2
    },
    {
      "category_id": 1,
      "image_id": 0,
      "id": 2,
      "bbox": [
        67.10610932475885,
        275.7556270096463,
        124.63022508038586,
        333.37620578778143
      ],
      "area": 41548.75156377623,
      "keypoints": [
        144.05144694533763,
        312.54019292604505,
        0,
        134.40514469453376,
        299.35691318327974,
        0,
        145.65916398713827,
        306.10932475884243,
        0,
        125.08038585209003,
        300.9646302250804,
        0,
        145.33762057877814,
        303.5369774919614,
        2,
        97.7491961414791,
        329.90353697749197,
        2,
        155.9485530546624,
        332.15434083601286,
        2,
        77.491961414791,
        396.4630225080386,
        2,
        176.2057877813505,
        394.5337620578778,
        2,
        78.77813504823152,
        430.86816720257235,
        2,
        169.13183279742765,
        372.34726688102893,
        0,
        105.78778135048232,
        429.58199356913184,
        2,
        166.2379421221865,
        423.1511254019293,
        2,
        132.79742765273312,
        508.3601286173634,
        2,
        181.35048231511254,
        487.459807073955,
        2,
        141.80064308681673,
        567.2025723472669,
        2,
        169.7749196141479,
        549.1961414790997,
        2,
        145.65916398713827,
        581.3504823151126,
        2,
        162.05787781350483,
        557.2347266881029,
        2,
        156.27009646302253,
        569.4533762057878,
        1,
        180.38585209003216,
        563.9871382636657,
        2
      ],
      "num_keypoints": 16,
      "iscrowd": 0,
      "segmentation": [],
      "group_id": 3
    }
  ]
}