{
  "categories": [
    {
      "supercategory": "person",
      "id": 1,
      "name": "person",
      "keypoints": [
        "nose",
        "left_eye",
        "right_eye",
        "left_ear",
        "right_ear",
        "left_shoulder",
        "right_shoulder",
        "left_elbow",
        "right_elbow",
        "left_wrist",
        "right_wrist",
        "left_hip",
        "right_hip",
        "left_knee",
        "right_knee",
        "left_ankle",
        "right_ankle",
        "left_heel",
        "right_heel",
        "left_foot",
        "right_foot"
      ],
      "skeleton": [
        [
          1,
          2
        ],
        [
          0,
          1
        ],
        [
          0,
          2
        ],
        [
          1,
          3
        ],
        [
          2,
          4
        ],
        [
          5,
          6
        ],
        [
          5,
          7
        ],
        [
          7,
          9
        ],
        [
          6,
          8
        ],
        [
          8,
          10
        ],
        [
          5,
          11
        ],
        [
          6,
          12
        ],
        [
          11,
          12
        ],
        [
          11,
          13
        ],
        [
          13,
          15
        ],
        [
          12,
          14
        ],
        [
          14,
          16
        ],
        [
          16,
          18
        ],
        [
          16,
          20
        ],
        [
          20,
          18
        ],
        [
          15,
          17
        ],
        [
          15,
          19
        ],
        [
          19,
          17
        ]
      ]
    }
  ],
  "images": [
    {
      "file_name": "000000001057.jpg",
      "height": 1200,
      "width": 1600,
      "id": 0
    }
  ],
  "annotations": [
    {
      "category_id": 1,
      "image_id": 0,
      "id": 0,
      "bbox": [
        555.2551020408164,
        215.10479619390512,
        509.66604823747684,
        412.80185161373277
      ],
      "area": 210391.08841708448,
      "keypoints": [
        900.0,
        269.6078431372549,
        2,
        909.9476439790575,
        256.544502617801,
        2,
        889.0052356020942,
        257.0680628272251,
        2,
        953.2673267326733,
        249.5049504950495,
        2,
        882.3762376237624,
        249.10891089108912,
        0,
        1002.0408163265307,
        290.8163265306123,
        2,
        893.8775510204082,
        301.0204081632653,
        2,
        1022.4489795918369,
        466.32653061224494,
        2,
        869.3877551020408,
        411.2244897959183,
        2,
        1014.2857142857144,
        552.0408163265306,
        2,
        863.265306122449,
        556.1224489795918,
        0,
        955.8441558441558,
        500.0,
        2,
        853.8961038961039,
        461.038961038961,
        2,
        847.4025974025975,
        500.0,
        2,
        805.8441558441558,
        477.9220779220779,
        2,
        711.038961038961,
        559.7402597402597,
        2,
        692.2077922077922,
        559.7402597402597,
        0,
        663.6363636363636,
        593.5064935064935,
        2,
        597.7272727272727,
        575.7575757575758,
        2,
        653.7878787878788,
        539.3939393939394,
        2,
        597.7272727272727,
        537.8787878787879,
        2
      ],
      "num_keypoints": 18,
      "iscrowd": 0,
      "segmentation": [],
      "group_id": 1
    },
    {
      "category_id": 1,
      "image_id": 0,
      "id": 1,
      "bbox": [
        714.2663476874003,
        279.8496240601504,
        176.17224880382776,
        693.7525632262474
      ],
      "area": 122219.9491769877,
      "keypoints": [
        803.2467532467532,
        351.94805194805195,
        2,
        812.987012987013,
        337.6623376623377,
        2,
        790.0,
        341.48148148148147,
        2,
        799.3265993265993,
        332.99663299663297,
        0,
        765.1851851851851,
        344.8148148148148,
        2,
        829.2592592592592,
        383.3333333333333,
        2,
        750.0,
        397.037037037037,
        2,
        875.7575757575758,
        456.06060606060606,
        1,
        809.0909090909091,
        459.0909090909091,
        2,
        871.0526315789473,
        457.8947368421053,
        0,
        855.2631578947369,
        363.15789473684214,
        2,
        835.9649122807018,
        612.280701754386,
        2,
        771.0526315789474,
        628.0701754385965,
        2,
        821.9298245614034,
        756.140350877193,
        2,
        760.5263157894736,
        780.7017543859649,
        2,
        806.140350877193,
        847.3684210526316,
        2,
        741.2280701754386,
        873.6842105263158,
        2,
        792.1052631578947,
        873.6842105263158,
        2,
        728.9473684210526,
        900.0,
        2,
        825.438596491228,
        878.9473684210526,
        2,
        753.5087719298245,
        915.7894736842105,
        2
      ],
      "num_keypoints": 19,
      "iscrowd": 0,
      "segmentation": [],
      "group_id": 2
    }
  ]
}