{
  "categories": [
    {
      "supercategory": "person",
      "id": 1,
      "name": "person",
      "keypoints": [
        "nose",
        "left_eye",
        "right_eye",
        "left_ear",
        "right_ear",
        "left_shoulder",
        "right_shoulder",
        "left_elbow",
        "right_elbow",
        "left_wrist",
        "right_wrist",
        "left_hip",
        "right_hip",
        "left_knee",
        "right_knee",
        "left_ankle",
        "right_ankle",
        "left_heel",
        "right_heel",
        "left_foot",
        "right_foot"
      ],
      "skeleton": [
        [
          1,
          2
        ],
        [
          0,
          1
        ],
        [
          0,
          2
        ],
        [
          1,
          3
        ],
        [
          2,
          4
        ],
        [
          5,
          6
        ],
        [
          5,
          7
        ],
        [
          7,
          9
        ],
        [
          6,
          8
        ],
        [
          8,
          10
        ],
        [
          5,
          11
        ],
        [
          6,
          12
        ],
        [
          11,
          12
        ],
        [
          11,
          13
        ],
        [
          13,
          15
        ],
        [
          12,
          14
        ],
        [
          14,
          16
        ],
        [
          16,
          18
        ],
        [
          16,
          20
        ],
        [
          20,
          18
        ],
        [
          15,
          17
        ],
        [
          15,
          19
        ],
        [
          19,
          17
        ]
      ]
    }
  ],
  "images": [
    {
      "file_name": "000000001991.jpg",
      "height": 1200,
      "width": 1600,
      "id": 0
    }
  ],
  "annotations": [
    {
      "category_id": 1,
      "image_id": 0,
      "id": 0,
      "bbox": [
        832.2988816738817,
        322.9166666666667,
        304.0800865800867,
        258.3333333333334
      ],
      "area": 78554.02236652242,
      "keypoints": [
        874.3055555555557,
        376.3888888888889,
        1,
        886.8055555555557,
        363.8888888888889,
        2,
        859.0277777777778,
        368.05555555555554,
        1,
        906.2500000000001,
        344.44444444444446,
        1,
        857.6388888888889,
        351.3888888888889,
        2,
        960.4166666666669,
        393.05555555555554,
        2,
        857.6388888888889,
        397.22222222222223,
        2,
        988.1944444444445,
        477.77777777777777,
        2,
        878.4722222222223,
        462.5,
        2,
        1018.7500000000001,
        559.7222222222223,
        2,
        857.6388888888889,
        537.5,
        2,
        1031.25,
        509.72222222222223,
        2,
        974.3055555555555,
        530.5555555555555,
        1,
        1063.1944444444443,
        502.77777777777777,
        2,
        1034.0277777777778,
        480.5555555555556,
        1,
        1097.9166666666667,
        480.5555555555556,
        2,
        1059.0277777777778,
        466.6666666666667,
        2,
        1103.2467532467533,
        449.35064935064935,
        2,
        1072.0779220779223,
        441.55844155844153,
        2,
        1111.0389610389611,
        488.31168831168833,
        2,
        1073.3766233766235,
        468.83116883116884,
        1
      ],
      "num_keypoints": 21,
      "iscrowd": 0,
      "segmentation": [],
      "group_id": 1
    },
    {
      "category_id": 1,
      "image_id": 0,
      "id": 1,
      "bbox": [
        678.4415584415583,
        347.0238095238095,
        188.57142857142867,
        557.7922077922078
      ],
      "area": 105183.67346938781,
      "keypoints": [
        764.2857142857142,
        411.68831168831167,
        2,
        777.2727272727273,
        393.5064935064935,
        2,
        751.2987012987013,
        400.0,
        2,
        739.6103896103896,
        397.4025974025974,
        0,
        712.3376623376623,
        400.0,
        2,
        773.3766233766233,
        436.3636363636364,
        2,
        694.1558441558441,
        441.55844155844153,
        2,
        812.3376623376623,
        449.35064935064935,
        2,
        786.3636363636364,
        477.9220779220779,
        2,
        851.2987012987013,
        451.94805194805195,
        2,
        851.2987012987013,
        492.2077922077922,
        2,
        764.2857142857142,
        614.2857142857142,
        2,
        713.6363636363636,
        615.5844155844155,
        1,
        758.4415584415584,
        711.6883116883117,
        1,
        707.7922077922077,
        745.4545454545454,
        1,
        764.1666666666667,
        813.3333333333334,
        2,
        697.5,
        806.6666666666667,
        1,
        744.1666666666667,
        825.0000000000001,
        2,
        697.5,
        830.0000000000001,
        1,
        774.1666666666667,
        845.0000000000001,
        2,
        705.8333333333334,
        858.3333333333334,
        1
      ],
      "num_keypoints": 20,
      "iscrowd": 0,
      "segmentation": [],
      "group_id": 2
    }
  ]
}