{
  "categories": [
    {
      "supercategory": "person",
      "id": 1,
      "name": "person",
      "keypoints": [
        "nose",
        "left_eye",
        "right_eye",
        "left_ear",
        "right_ear",
        "left_shoulder",
        "right_shoulder",
        "left_elbow",
        "right_elbow",
        "left_wrist",
        "right_wrist",
        "left_hip",
        "right_hip",
        "left_knee",
        "right_knee",
        "left_ankle",
        "right_ankle",
        "left_heel",
        "right_heel",
        "left_foot",
        "right_foot"
      ],
      "skeleton": [
        [
          1,
          2
        ],
        [
          0,
          1
        ],
        [
          0,
          2
        ],
        [
          1,
          3
        ],
        [
          2,
          4
        ],
        [
          5,
          6
        ],
        [
          5,
          7
        ],
        [
          7,
          9
        ],
        [
          6,
          8
        ],
        [
          8,
          10
        ],
        [
          5,
          11
        ],
        [
          6,
          12
        ],
        [
          11,
          12
        ],
        [
          11,
          13
        ],
        [
          13,
          15
        ],
        [
          12,
          14
        ],
        [
          14,
          16
        ],
        [
          16,
          18
        ],
        [
          16,
          20
        ],
        [
          20,
          18
        ],
        [
          15,
          17
        ],
        [
          15,
          19
        ],
        [
          19,
          17
        ]
      ]
    }
  ],
  "images": [
    {
      "file_name": "000000001000.jpg",
      "height": 1200,
      "width": 1600,
      "id": 0
    }
  ],
  "annotations": [
    {
      "category_id": 1,
      "image_id": 0,
      "id": 0,
      "bbox": [
        797.5772235732394,
        262.2688342832228,
        320.70678325658434,
        403.8531252919742
      ],
      "area": 129518.43672050738,
      "keypoints": [
        843.4782608695651,
        319.5652173913043,
        2,
        855.0408719346049,
        311.716621253406,
        2,
        832.1525885558583,
        312.2615803814714,
        2,
        895.68345323741,
        295.9232613908873,
        2,
        824.3027888446214,
        306.77290836653384,
        1,
        959.1836734693878,
        341.8367346938776,
        2,
        826.5306122448981,
        347.9591836734694,
        2,
        1020.4081632653063,
        419.38775510204084,
        2,
        842.8571428571429,
        437.75510204081627,
        2,
        1030.6122448979593,
        541.8367346938776,
        2,
        846.6666666666666,
        520.0,
        2,
        987.012987012987,
        536.3636363636364,
        2,
        903.2258064516129,
        541.1290322580645,
        2,
        1000.6493506493506,
        598.7012987012987,
        2,
        970.7792207792207,
        611.6883116883117,
        2,
        1069.4805194805194,
        624.6753246753246,
        2,
        1027.9220779220777,
        616.8831168831168,
        0,
        1088.9610389610389,
        607.7922077922078,
        2,
        1048.7012987012986,
        585.7142857142857,
        1,
        1091.5584415584417,
        632.4675324675325,
        2,
        1048.7012987012986,
        619.4805194805194,
        0
      ],
      "num_keypoints": 19,
      "iscrowd": 0,
      "segmentation": [],
      "group_id": 1
    },
    {
      "category_id": 1,
      "image_id": 0,
      "id": 1,
      "bbox": [
        648.9766081871344,
        312.98245614035085,
        200.15948963317396,
        680.5741626794259
      ],
      "area": 136223.3770594386,
      "keypoints": [
        728.030303030303,
        390.90909090909093,
        2,
        726.5151515151515,
        369.6969696969697,
        1,
        722.8956228956229,
        379.46127946127945,
        2,
        702.020202020202,
        376.4309764309764,
        0,
        681.8181818181818,
        385.85858585858585,
        2,
        719.1919191919192,
        427.94612794612794,
        2,
        665.6565656565656,
        441.07744107744105,
        2,
        783.3333333333334,
        498.4848484848485,
        1,
        756.8181818181819,
        471.2121212121212,
        2,
        827.1929824561403,
        475.4385964912281,
        2,
        832.4561403508771,
        403.5087719298246,
        2,
        709.6491228070175,
        640.3508771929825,
        1,
        678.0701754385965,
        649.1228070175439,
        2,
        728.9473684210526,
        742.1052631578948,
        1,
        723.6842105263158,
        778.9473684210526,
        2,
        723.6842105263158,
        859.6491228070175,
        2,
        693.859649122807,
        907.0175438596491,
        1,
        706.140350877193,
        878.9473684210526,
        1,
        678.0701754385965,
        931.578947368421,
        1,
        746.4912280701755,
        864.9122807017544,
        2,
        730.7017543859649,
        936.8421052631579,
        2
      ],
      "num_keypoints": 20,
      "iscrowd": 0,
      "segmentation": [],
      "group_id": 2
    },
    {
      "category_id": 1,
      "image_id": 0,
      "id": 2,
      "bbox": [
        1110.408163265306,
        265.3571428571429,
        138.36734693877543,
        360.61224489795916
      ],
      "area": 49896.95960016656,
      "keypoints": [
        1194.782608695652,
        302.6086956521739,
        2,
        1202.3529411764707,
        295.88235294117646,
        2,
        1190.8163265306123,
        295.40816326530614,
        2,
        1216.3265306122448,
        299.48979591836735,
        2,
        1184.1836734693877,
        298.9795918367347,
        0,
        1223.4693877551022,
        332.14285714285717,
        2,
        1164.2857142857142,
        328.57142857142856,
        2,
        1237.2448979591836,
        400.0,
        2,
        1139.2857142857142,
        393.8775510204082,
        2,
        1227.0408163265306,
        446.9387755102041,
        1,
        1131.6326530612246,
        431.6326530612245,
        1,
        1196.938775510204,
        447.44897959183675,
        2,
        1159.6938775510205,
        444.8979591836735,
        2,
        1191.3265306122448,
        517.8571428571429,
        2,
        1144.8979591836735,
        518.3673469387755,
        1,
        1182.6530612244899,
        572.4489795918367,
        2,
        1133.1632653061224,
        569.3877551020408,
        1,
        1179.0816326530612,
        580.6122448979592,
        0,
        1139.795918367347,
        583.1632653061224,
        1,
        1183.1632653061224,
        595.9183673469388,
        2,
        1121.938775510204,
        588.7755102040817,
        2
      ],
      "num_keypoints": 19,
      "iscrowd": 0,
      "segmentation": [],
      "group_id": 3
    }
  ]
}