{
  "categories": [
    {
      "supercategory": "person",
      "id": 1,
      "name": "person",
      "keypoints": [
        "nose",
        "left_eye",
        "right_eye",
        "left_ear",
        "right_ear",
        "left_shoulder",
        "right_shoulder",
        "left_elbow",
        "right_elbow",
        "left_wrist",
        "right_wrist",
        "left_hip",
        "right_hip",
        "left_knee",
        "right_knee",
        "left_ankle",
        "right_ankle",
        "left_heel",
        "right_heel",
        "left_foot",
        "right_foot"
      ],
      "skeleton": [
        [
          1,
          2
        ],
        [
          0,
          1
        ],
        [
          0,
          2
        ],
        [
          1,
          3
        ],
        [
          2,
          4
        ],
        [
          5,
          6
        ],
        [
          5,
          7
        ],
        [
          7,
          9
        ],
        [
          6,
          8
        ],
        [
          8,
          10
        ],
        [
          5,
          11
        ],
        [
          6,
          12
        ],
        [
          11,
          12
        ],
        [
          11,
          13
        ],
        [
          13,
          15
        ],
        [
          12,
          14
        ],
        [
          14,
          16
        ],
        [
          16,
          18
        ],
        [
          16,
          20
        ],
        [
          20,
          18
        ],
        [
          15,
          17
        ],
        [
          15,
          19
        ],
        [
          19,
          17
        ]
      ]
    }
  ],
  "images": [
    {
      "file_name": "000000000206.jpg",
      "height": 1200,
      "width": 1600,
      "id": 0
    }
  ],
  "annotations": [
    {
      "category_id": 1,
      "image_id": 0,
      "id": 0,
      "bbox": [
        684.6930946291559,
        241.70716112531971,
        374.98721227621513,
        593.6317135549871
      ],
      "area": 222604.30138473728,
      "keypoints": [
        933.3333333333334,
        310.6666666666667,
        1,
        939.7058823529412,
        299.5098039215686,
        2,
        919.1176470588235,
        299.5098039215686,
        2,
        977.4509803921568,
        291.1764705882353,
        2,
        913.6904761904763,
        291.6666666666667,
        0,
        1026.1904761904761,
        360.11904761904765,
        2,
        915.5737704918033,
        337.7049180327869,
        2,
        1026.4705882352941,
        465.6862745098039,
        2,
        885.2941176470588,
        439.2156862745098,
        1,
        1028.4313725490197,
        549.0196078431372,
        2,
        870.5882352941177,
        533.3333333333334,
        0,
        972.950819672131,
        536.0655737704918,
        2,
        882.7868852459017,
        514.7540983606558,
        2,
        878.3132530120481,
        616.867469879518,
        1,
        822.1238938053096,
        607.079646017699,
        2,
        832.3529411764706,
        719.6078431372549,
        2,
        767.6470588235294,
        697.0588235294117,
        1,
        796.7391304347826,
        785.8695652173913,
        2,
        765.2173913043478,
        743.4782608695651,
        1,
        757.9710144927535,
        766.6666666666666,
        2,
        715.9420289855071,
        740.5797101449275,
        2
      ],
      "num_keypoints": 19,
      "iscrowd": 0,
      "segmentation": [],
      "group_id": 1
    },
    {
      "category_id": 1,
      "image_id": 0,
      "id": 1,
      "bbox": [
        753.3552631578948,
        310.0657894736842,
        101.8421052631578,
        629.2105263157896
      ],
      "area": 64080.12465373957,
      "keypoints": [
        823.5294117647059,
        375.4901960784314,
        2,
        831.547619047619,
        363.6904761904762,
        1,
        810.1190476190477,
        362.5,
        2,
        801.7857142857143,
        361.3095238095238,
        0,
        779.7619047619048,
        366.0714285714286,
        2,
        837.2549019607843,
        420.5882352941176,
        1,
        768.6274509803922,
        436.27450980392155,
        2,
        856.6371681415928,
        486.7256637168141,
        0,
        781.4159292035397,
        539.8230088495575,
        2,
        884.0707964601769,
        465.48672566371675,
        0,
        860.1769911504424,
        497.3451327433628,
        0,
        842.4778761061946,
        576.9911504424778,
        0,
        784.0707964601769,
        597.3451327433628,
        0,
        833.734939759036,
        698.7951807228915,
        0,
        796.3855421686746,
        742.1686746987951,
        0,
        813.2530120481927,
        820.4819277108433,
        1,
        777.1739130434783,
        855.4347826086956,
        2,
        793.421052631579,
        841.4473684210526,
        1,
        761.8421052631579,
        876.9736842105264,
        2,
        846.7105263157895,
        849.3421052631579,
        2,
        803.2894736842105,
        886.8421052631579,
        2
      ],
      "num_keypoints": 13,
      "iscrowd": 0,
      "segmentation": [],
      "group_id": 2
    }
  ]
}