{
  "categories": [
    {
      "supercategory": "person",
      "id": 1,
      "name": "person",
      "keypoints": [
        "nose",
        "left_eye",
        "right_eye",
        "left_ear",
        "right_ear",
        "left_shoulder",
        "right_shoulder",
        "left_elbow",
        "right_elbow",
        "left_wrist",
        "right_wrist",
        "left_hip",
        "right_hip",
        "left_knee",
        "right_knee",
        "left_ankle",
        "right_ankle",
        "left_heel",
        "right_heel",
        "left_foot",
        "right_foot"
      ],
      "skeleton": [
        [
          1,
          2
        ],
        [
          0,
          1
        ],
        [
          0,
          2
        ],
        [
          1,
          3
        ],
        [
          2,
          4
        ],
        [
          5,
          6
        ],
        [
          5,
          7
        ],
        [
          7,
          9
        ],
        [
          6,
          8
        ],
        [
          8,
          10
        ],
        [
          5,
          11
        ],
        [
          6,
          12
        ],
        [
          11,
          12
        ],
        [
          11,
          13
        ],
        [
          13,
          15
        ],
        [
          12,
          14
        ],
        [
          14,
          16
        ],
        [
          16,
          18
        ],
        [
          16,
          20
        ],
        [
          20,
          18
        ],
        [
          15,
          17
        ],
        [
          15,
          19
        ],
        [
          19,
          17
        ]
      ]
    }
  ],
  "images": [
    {
      "file_name": "000000002001.jpg",
      "height": 1200,
      "width": 1600,
      "id": 0
    }
  ],
  "annotations": [
    {
      "category_id": 1,
      "image_id": 0,
      "id": 0,
      "bbox": [
        680.391055532005,
        242.51801610852058,
        363.87876218736767,
        346.92666384061044
      ],
      "area": 126239.24500811433,
      "keypoints": [
        922.5519287833828,
        319.58456973293767,
        2,
        938.4,
        310.3,
        1,
        916.0237388724036,
        310.6824925816024,
        1,
        972.700296735905,
        305.9347181008902,
        2,
        916.0237388724036,
        313.946587537092,
        0,
        997.0326409495549,
        365.8753709198813,
        2,
        906.8249258160237,
        357.566765578635,
        2,
        1000.593471810089,
        473.88724035608305,
        2,
        866.7655786350148,
        450.4451038575668,
        0,
        1013.946587537092,
        560.5341246290801,
        2,
        852.8189910979228,
        541.5430267062314,
        2,
        907.7151335311572,
        526.4094955489614,
        2,
        857.2700296735904,
        521.3649851632048,
        2,
        869.4362017804154,
        445.6973293768546,
        1,
        816.320474777448,
        462.01780415430267,
        1,
        787.8571428571428,
        356.4285714285714,
        2,
        742.8571428571428,
        329.99999999999994,
        0,
        747.1428571428571,
        384.99999999999994,
        2,
        710.7142857142857,
        345.71428571428567,
        2,
        764.9999999999999,
        285.0,
        2,
        723.2142857142858,
        271.42857142857144,
        2
      ],
      "num_keypoints": 18,
      "iscrowd": 0,
      "segmentation": [],
      "group_id": 1
    },
    {
      "category_id": 1,
      "image_id": 0,
      "id": 1,
      "bbox": [
        680.2077151335312,
        352.03158117846544,
        134.24332344213633,
        547.1343789741416
      ],
      "area": 73449.13740293808,
      "keypoints": [
        745.6973293768546,
        407.7151335311573,
        2,
        751.7,
        397.2,
        0,
        738.5756676557863,
        397.9228486646884,
        2,
        733.5311572700297,
        397.3293768545994,
        0,
        698.8130563798219,
        397.6261127596439,
        2,
        749.2581602373887,
        423.73887240356083,
        2,
        691.3946587537092,
        444.51038575667656,
        2,
        803.2640949554896,
        449.2581602373887,
        1,
        773.293768545994,
        482.4925816023739,
        2,
        855.7863501483679,
        449.5548961424332,
        0,
        849.2581602373887,
        490.50445103857567,
        0,
        769.4362017804154,
        621.9584569732938,
        2,
        722.2551928783382,
        630.5637982195846,
        2,
        761.1275964391691,
        710.6824925816023,
        2,
        711.8694362017804,
        710.9792284866469,
        1,
        747.1428571428571,
        807.1428571428571,
        2,
        701.4285714285713,
        831.4285714285713,
        1,
        728.5714285714286,
        827.8571428571428,
        2,
        694.9999999999999,
        844.2857142857142,
        0,
        770.7142857142857,
        841.4285714285713,
        2,
        717.2619047619048,
        853.5714285714286,
        2
      ],
      "num_keypoints": 16,
      "iscrowd": 0,
      "segmentation": [],
      "group_id": 2
    }
  ]
}