{
  "categories": [
    {
      "supercategory": "person",
      "id": 1,
      "name": "person",
      "keypoints": [
        "nose",
        "left_eye",
        "right_eye",
        "left_ear",
        "right_ear",
        "left_shoulder",
        "right_shoulder",
        "left_elbow",
        "right_elbow",
        "left_wrist",
        "right_wrist",
        "left_hip",
        "right_hip",
        "left_knee",
        "right_knee",
        "left_ankle",
        "right_ankle",
        "left_heel",
        "right_heel",
        "left_foot",
        "right_foot"
      ],
      "skeleton": [
        [
          1,
          2
        ],
        [
          0,
          1
        ],
        [
          0,
          2
        ],
        [
          1,
          3
        ],
        [
          2,
          4
        ],
        [
          5,
          6
        ],
        [
          5,
          7
        ],
        [
          7,
          9
        ],
        [
          6,
          8
        ],
        [
          8,
          10
        ],
        [
          5,
          11
        ],
        [
          6,
          12
        ],
        [
          11,
          12
        ],
        [
          11,
          13
        ],
        [
          13,
          15
        ],
        [
          12,
          14
        ],
        [
          14,
          16
        ],
        [
          16,
          18
        ],
        [
          16,
          20
        ],
        [
          20,
          18
        ],
        [
          15,
          17
        ],
        [
          15,
          19
        ],
        [
          19,
          17
        ]
      ]
    }
  ],
  "images": [
    {
      "file_name": "000000001107.jpg",
      "height": 1200,
      "width": 1600,
      "id": 0
    }
  ],
  "annotations": [
    {
      "category_id": 1,
      "image_id": 0,
      "id": 0,
      "bbox": [
        799.5361781076068,
        248.8607101053453,
        299.44341372912766,
        412.81310963714395
      ],
      "area": 123614.16678188303,
      "keypoints": [
        864.1304347826086,
        295.65217391304344,
        2,
        875.5364806866952,
        283.2618025751073,
        2,
        848.9270386266094,
        284.9785407725322,
        2,
        915.1162790697674,
        288.0813953488372,
        2,
        851.453488372093,
        301.74418604651163,
        0,
        963.265306122449,
        315.3061224489795,
        2,
        824.4897959183675,
        354.0816326530612,
        2,
        1018.3673469387757,
        450.0,
        2,
        846.9387755102042,
        441.8367346938776,
        2,
        1024.4897959183675,
        537.7551020408163,
        2,
        856.3063063063063,
        517.1171171171171,
        2,
        1029.8701298701299,
        515.5844155844155,
        2,
        934.0909090909091,
        528.7878787878788,
        2,
        1047.4025974025976,
        568.8311688311688,
        2,
        991.5584415584416,
        570.1298701298701,
        0,
        1065.5844155844156,
        589.6103896103896,
        2,
        1035.064935064935,
        581.8181818181818,
        1,
        1074.025974025974,
        581.8181818181818,
        2,
        1055.3030303030305,
        586.3636363636364,
        2,
        1073.4848484848485,
        627.2727272727273,
        2,
        1040.151515151515,
        609.0909090909091,
        1
      ],
      "num_keypoints": 19,
      "iscrowd": 0,
      "segmentation": [],
      "group_id": 1
    },
    {
      "category_id": 1,
      "image_id": 0,
      "id": 1,
      "bbox": [
        629.2314501850957,
        311.8295739348371,
        221.69966199903433,
        668.4347231715653
      ],
      "area": 148191.75219555412,
      "keypoints": [
        721.4285714285714,
        376.6233766233766,
        2,
        716.8831168831169,
        367.53246753246754,
        1,
        707.645259938838,
        371.5596330275229,
        2,
        712.5382262996942,
        349.84709480122325,
        0,
        668.5015290519877,
        384.4036697247706,
        2,
        719.8776758409786,
        426.29969418960246,
        2,
        647.7064220183486,
        446.7889908256881,
        2,
        795.4545454545455,
        486.3636363636364,
        2,
        742.4242424242424,
        486.3636363636364,
        2,
        832.4561403508771,
        464.9122807017544,
        1,
        828.9473684210527,
        417.54385964912285,
        2,
        692.1052631578947,
        624.561403508772,
        0,
        678.0701754385965,
        638.5964912280702,
        2,
        711.4035087719299,
        754.3859649122807,
        1,
        707.8947368421052,
        784.2105263157895,
        1,
        679.8245614035088,
        835.0877192982456,
        1,
        667.5438596491229,
        900.0,
        2,
        664.0350877192983,
        868.421052631579,
        1,
        648.2456140350877,
        919.2982456140351,
        2,
        706.140350877193,
        856.140350877193,
        1,
        679.8245614035088,
        924.561403508772,
        1
      ],
      "num_keypoints": 19,
      "iscrowd": 0,
      "segmentation": [],
      "group_id": 2
    }
  ]
}