{
  "categories": [
    {
      "supercategory": "person",
      "id": 1,
      "name": "person",
      "keypoints": [
        "nose",
        "left_eye",
        "right_eye",
        "left_ear",
        "right_ear",
        "left_shoulder",
        "right_shoulder",
        "left_elbow",
        "right_elbow",
        "left_wrist",
        "right_wrist",
        "left_hip",
        "right_hip",
        "left_knee",
        "right_knee",
        "left_ankle",
        "right_ankle",
        "left_heel",
        "right_heel",
        "left_foot",
        "right_foot"
      ],
      "skeleton": [
        [
          1,
          2
        ],
        [
          0,
          1
        ],
        [
          0,
          2
        ],
        [
          1,
          3
        ],
        [
          2,
          4
        ],
        [
          5,
          6
        ],
        [
          5,
          7
        ],
        [
          7,
          9
        ],
        [
          6,
          8
        ],
        [
          8,
          10
        ],
        [
          5,
          11
        ],
        [
          6,
          12
        ],
        [
          11,
          12
        ],
        [
          11,
          13
        ],
        [
          13,
          15
        ],
        [
          12,
          14
        ],
        [
          14,
          16
        ],
        [
          16,
          18
        ],
        [
          16,
          20
        ],
        [
          20,
          18
        ],
        [
          15,
          17
        ],
        [
          15,
          19
        ],
        [
          19,
          17
        ]
      ]
    }
  ],
  "images": [
    {
      "file_name": "000000001480.jpg",
      "height": 1200,
      "width": 1600,
      "id": 0
    }
  ],
  "annotations": [
    {
      "category_id": 1,
      "image_id": 0,
      "id": 0,
      "bbox": [
        833.0816326530611,
        353.46250272509263,
        203.02040816326542,
        465.64421190320473
      ],
      "area": 94535.27795945067,
      "keypoints": [
        885.7913669064748,
        406.83453237410066,
        2,
        896.4028776978416,
        399.82014388489205,
        2,
        879.6762589928056,
        399.99999999999994,
        2,
        924.9999999999999,
        392.2661870503597,
        2,
        884.0796019900497,
        386.56716417910445,
        0,
        951.7412935323382,
        401.49253731343276,
        2,
        850.2487562189053,
        397.51243781094524,
        2,
        1002.9850746268655,
        465.17412935323375,
        2,
        855.1020408163266,
        492.8571428571429,
        2,
        1019.1836734693877,
        528.1632653061224,
        2,
        874.6753246753248,
        524.6753246753246,
        2,
        938.3116883116883,
        548.051948051948,
        2,
        849.9999999999999,
        553.2467532467532,
        1,
        918.8311688311688,
        633.7662337662338,
        1,
        873.3766233766233,
        648.051948051948,
        1,
        914.0350877192982,
        736.8421052631579,
        2,
        861.4035087719299,
        740.3508771929825,
        2,
        920.1754385964914,
        754.3859649122808,
        2,
        878.0303030303029,
        762.1212121212121,
        2,
        911.3636363636364,
        780.3030303030303,
        2,
        864.3939393939394,
        778.7878787878788,
        2
      ],
      "num_keypoints": 20,
      "iscrowd": 0,
      "segmentation": [],
      "group_id": 1
    },
    {
      "category_id": 1,
      "image_id": 0,
      "id": 1,
      "bbox": [
        619.7333333333333,
        357.7981308411215,
        219.19999999999993,
        545.6747663551402
      ],
      "area": 119611.90878504669,
      "keypoints": [
        727.922077922078,
        419.4805194805195,
        2,
        726.0124610591901,
        403.2710280373832,
        1,
        730.8333333333334,
        406.38888888888886,
        2,
        698.0555555555555,
        392.22222222222223,
        0,
        695.5555555555555,
        406.38888888888886,
        2,
        720.0,
        435.27777777777777,
        2,
        683.3333333333334,
        440.55555555555554,
        2,
        780.3030303030303,
        471.2121212121212,
        2,
        757.5757575757576,
        487.8787878787879,
        2,
        818.0,
        466.0,
        2,
        820.6666666666666,
        506.0,
        2,
        716.6666666666666,
        623.3333333333334,
        2,
        668.6666666666666,
        623.3333333333334,
        1,
        726.0,
        707.3333333333334,
        2,
        671.3333333333333,
        719.3333333333334,
        2,
        711.3333333333333,
        768.6666666666666,
        2,
        648.6666666666666,
        803.3333333333334,
        2,
        699.3333333333333,
        795.3333333333334,
        2,
        638.0,
        831.3333333333334,
        2,
        728.6666666666666,
        815.3333333333334,
        2,
        659.3333333333333,
        858.0,
        2
      ],
      "num_keypoints": 20,
      "iscrowd": 0,
      "segmentation": [],
      "group_id": 2
    }
  ]
}