{
  "categories": [
    {
      "supercategory": "person",
      "id": 1,
      "name": "person",
      "keypoints": [
        "nose",
        "left_eye",
        "right_eye",
        "left_ear",
        "right_ear",
        "left_shoulder",
        "right_shoulder",
        "left_elbow",
        "right_elbow",
        "left_wrist",
        "right_wrist",
        "left_hip",
        "right_hip",
        "left_knee",
        "right_knee",
        "left_ankle",
        "right_ankle",
        "left_heel",
        "right_heel",
        "left_foot",
        "right_foot"
      ],
      "skeleton": [
        [
          1,
          2
        ],
        [
          0,
          1
        ],
        [
          0,
          2
        ],
        [
          1,
          3
        ],
        [
          2,
          4
        ],
        [
          5,
          6
        ],
        [
          5,
          7
        ],
        [
          7,
          9
        ],
        [
          6,
          8
        ],
        [
          8,
          10
        ],
        [
          5,
          11
        ],
        [
          6,
          12
        ],
        [
          11,
          12
        ],
        [
          11,
          13
        ],
        [
          13,
          15
        ],
        [
          12,
          14
        ],
        [
          14,
          16
        ],
        [
          16,
          18
        ],
        [
          16,
          20
        ],
        [
          20,
          18
        ],
        [
          15,
          17
        ],
        [
          15,
          19
        ],
        [
          19,
          17
        ]
      ]
    }
  ],
  "images": [
    {
      "file_name": "000000001733.jpg",
      "height": 1200,
      "width": 1600,
      "id": 0
    }
  ],
  "annotations": [
    {
      "category_id": 1,
      "image_id": 0,
      "id": 0,
      "bbox": [
        778.75,
        260.55555555555554,
        196.66666666666686,
        656.6666666666669
      ],
      "area": 129144.44444444461,
      "keypoints": [
        824.3055555555557,
        345.83333333333337,
        2,
        840.9722222222223,
        337.5,
        2,
        811.8055555555557,
        330.55555555555554,
        2,
        886.8055555555557,
        315.27777777777777,
        2,
        818.7500000000001,
        322.22222222222223,
        0,
        915.9722222222223,
        394.44444444444446,
        2,
        810.4166666666667,
        383.33333333333337,
        2,
        928.4722222222223,
        487.5,
        2,
        804.8611111111112,
        475.0,
        2,
        959.0277777777779,
        584.7222222222223,
        2,
        795.1388888888889,
        554.1666666666667,
        2,
        884.0277777777778,
        576.3888888888889,
        2,
        828.4722222222223,
        561.1111111111111,
        2,
        886.8055555555557,
        722.2222222222223,
        2,
        825.6944444444446,
        730.5555555555555,
        2,
        879.8611111111112,
        826.3888888888889,
        2,
        831.2500000000001,
        816.6666666666667,
        2,
        899.3055555555557,
        836.1111111111111,
        2,
        849.3055555555557,
        831.9444444444446,
        1,
        864.5833333333334,
        862.5000000000001,
        2,
        829.8611111111112,
        855.5555555555557,
        2
      ],
      "num_keypoints": 20,
      "iscrowd": 0,
      "segmentation": [],
      "group_id": 1
    },
    {
      "category_id": 1,
      "image_id": 0,
      "id": 1,
      "bbox": [
        596.6233766233767,
        364.7857142857143,
        204.15584415584408,
        578.4155844155846
      ],
      "area": 118086.92190925956,
      "keypoints": [
        675.974025974026,
        427.27272727272725,
        2,
        688.961038961039,
        412.987012987013,
        2,
        668.1818181818181,
        415.5844155844156,
        2,
        653.8961038961039,
        415.5844155844156,
        0,
        627.9220779220778,
        414.2857142857143,
        2,
        685.0649350649351,
        451.94805194805195,
        2,
        613.6363636363636,
        471.42857142857144,
        2,
        738.3116883116883,
        451.94805194805195,
        2,
        705.8441558441558,
        496.1038961038961,
        2,
        783.7662337662338,
        445.45454545454544,
        2,
        774.6753246753246,
        501.2987012987013,
        2,
        705.8441558441558,
        649.3506493506493,
        2,
        646.1038961038961,
        653.2467532467532,
        2,
        683.1168831168831,
        758.4415584415584,
        1,
        636.3636363636364,
        767.5324675324675,
        1,
        692.5,
        843.3333333333334,
        2,
        639.1666666666667,
        861.6666666666667,
        2,
        677.5,
        860.0000000000001,
        2,
        627.5,
        868.3333333333334,
        1,
        720.8333333333334,
        865.0000000000001,
        2,
        645.8333333333334,
        895.0000000000001,
        2
      ],
      "num_keypoints": 20,
      "iscrowd": 0,
      "segmentation": [],
      "group_id": 2
    }
  ]
}