{
  "categories": [
    {
      "supercategory": "person",
      "id": 1,
      "name": "person",
      "keypoints": [
        "nose",
        "left_eye",
        "right_eye",
        "left_ear",
        "right_ear",
        "left_shoulder",
        "right_shoulder",
        "left_elbow",
        "right_elbow",
        "left_wrist",
        "right_wrist",
        "left_hip",
        "right_hip",
        "left_knee",
        "right_knee",
        "left_ankle",
        "right_ankle",
        "left_heel",
        "right_heel",
        "left_foot",
        "right_foot"
      ],
      "skeleton": [
        [
          1,
          2
        ],
        [
          0,
          1
        ],
        [
          0,
          2
        ],
        [
          1,
          3
        ],
        [
          2,
          4
        ],
        [
          5,
          6
        ],
        [
          5,
          7
        ],
        [
          7,
          9
        ],
        [
          6,
          8
        ],
        [
          8,
          10
        ],
        [
          5,
          11
        ],
        [
          6,
          12
        ],
        [
          11,
          12
        ],
        [
          11,
          13
        ],
        [
          13,
          15
        ],
        [
          12,
          14
        ],
        [
          14,
          16
        ],
        [
          16,
          18
        ],
        [
          16,
          20
        ],
        [
          20,
          18
        ],
        [
          15,
          17
        ],
        [
          15,
          19
        ],
        [
          19,
          17
        ]
      ]
    }
  ],
  "images": [
    {
      "file_name": "000000000567.jpg",
      "height": 1200,
      "width": 1600,
      "id": 0
    }
  ],
  "annotations": [
    {
      "category_id": 1,
      "image_id": 0,
      "id": 0,
      "bbox": [
        316.9863696394309,
        216.6452991452992,
        360.2661284293936,
        825.8974358974359
      ],
      "area": 297542.8717105325,
      "keypoints": [
        492.39130434782606,
        373.9130434782609,
        2,
        508.15602836879435,
        360.2836879432624,
        2,
        491.48936170212767,
        359.5744680851064,
        2,
        551.7730496453901,
        369.1489361702128,
        2,
        500.0,
        362.9737609329446,
        0,
        612.8279883381924,
        434.402332361516,
        1,
        482.2157434402332,
        417.201166180758,
        2,
        609.3294460641399,
        418.95043731778424,
        2,
        408.74635568513116,
        361.5160349854227,
        2,
        647.2303206997084,
        346.35568513119534,
        2,
        347.00854700854705,
        285.4700854700855,
        2,
        542.3423423423422,
        665.3153153153153,
        2,
        460.25641025641016,
        641.025641025641,
        2,
        529.4871794871794,
        825.6410256410256,
        2,
        485.8974358974358,
        830.7692307692307,
        1,
        579.4871794871794,
        941.025641025641,
        2,
        544.8717948717948,
        933.3333333333333,
        2,
        596.1538461538462,
        959.6153846153845,
        2,
        551.2820512820513,
        954.4871794871794,
        1,
        551.2820512820513,
        973.7179487179487,
        2,
        516.025641025641,
        961.5384615384615,
        2
      ],
      "num_keypoints": 20,
      "iscrowd": 0,
      "segmentation": [],
      "group_id": 1
    },
    {
      "category_id": 1,
      "image_id": 0,
      "id": 1,
      "bbox": [
        565.8625226860253,
        287.20629510825984,
        131.75499092558994,
        551.8003207698476
      ],
      "area": 72702.4462557689,
      "keypoints": [
        622.8448275862069,
        342.2413793103448,
        2,
        634.0517241379309,
        333.18965517241384,
        2,
        615.0862068965516,
        333.62068965517244,
        2,
        656.0344827586206,
        335.3448275862069,
        1,
        604.7413793103448,
        336.6379310344828,
        1,
        686.6379310344827,
        396.9827586206897,
        2,
        576.8421052631578,
        399.4736842105263,
        1,
        685.7894736842105,
        487.36842105263156,
        2,
        566.8421052631578,
        471.05263157894734,
        0,
        635.2631578947368,
        449.99999999999994,
        2,
        587.8947368421052,
        437.89473684210526,
        0,
        657.8947368421052,
        561.0526315789473,
        2,
        596.1538461538461,
        553.8461538461538,
        2,
        647.4358974358973,
        682.051282051282,
        2,
        602.3255813953489,
        689.5348837209302,
        2,
        642.4418604651163,
        761.046511627907,
        2,
        612.2093023255815,
        769.1860465116279,
        1,
        631.9767441860465,
        772.0930232558139,
        2,
        615.1162790697674,
        776.1627906976744,
        1,
        646.5116279069767,
        780.8139534883721,
        2,
        607.5581395348837,
        793.0232558139535,
        2
      ],
      "num_keypoints": 19,
      "iscrowd": 0,
      "segmentation": [],
      "group_id": 2
    }
  ]
}