{
  "categories": [
    {
      "supercategory": "person",
      "id": 1,
      "name": "person",
      "keypoints": [
        "nose",
        "left_eye",
        "right_eye",
        "left_ear",
        "right_ear",
        "left_shoulder",
        "right_shoulder",
        "left_elbow",
        "right_elbow",
        "left_wrist",
        "right_wrist",
        "left_hip",
        "right_hip",
        "left_knee",
        "right_knee",
        "left_ankle",
        "right_ankle",
        "left_heel",
        "right_heel",
        "left_foot",
        "right_foot"
      ],
      "skeleton": [
        [
          1,
          2
        ],
        [
          0,
          1
        ],
        [
          0,
          2
        ],
        [
          1,
          3
        ],
        [
          2,
          4
        ],
        [
          5,
          6
        ],
        [
          5,
          7
        ],
        [
          7,
          9
        ],
        [
          6,
          8
        ],
        [
          8,
          10
        ],
        [
          5,
          11
        ],
        [
          6,
          12
        ],
        [
          11,
          12
        ],
        [
          11,
          13
        ],
        [
          13,
          15
        ],
        [
          12,
          14
        ],
        [
          14,
          16
        ],
        [
          16,
          18
        ],
        [
          16,
          20
        ],
        [
          20,
          18
        ],
        [
          15,
          17
        ],
        [
          15,
          19
        ],
        [
          19,
          17
        ]
      ]
    }
  ],
  "images": [
    {
      "file_name": "000000000581.jpg",
      "height": 1200,
      "width": 1600,
      "id": 0
    }
  ],
  "annotations": [
    {
      "category_id": 1,
      "image_id": 0,
      "id": 0,
      "bbox": [
        819.2241379310344,
        265.77600066526225,
        307.2413793103449,
        279.4982814059208
      ],
      "area": 85873.43749402603,
      "keypoints": [
        1003.9215686274509,
        316.6666666666667,
        2,
        1015.1125401929261,
        303.85852090032154,
        2,
        995.4983922829582,
        303.5369774919614,
        2,
        1046.3022508038587,
        289.06752411575565,
        2,
        996.551724137931,
        290.51724137931035,
        0,
        1091.8103448275863,
        344.39655172413796,
        2,
        986.2068965517241,
        332.32758620689657,
        2,
        1100.8620689655172,
        442.6724137931035,
        2,
        984.9137931034483,
        420.2586206896552,
        1,
        1100.4310344827586,
        521.9827586206897,
        2,
        949.5689655172413,
        507.32758620689657,
        1,
        1075.8620689655172,
        459.4827586206897,
        2,
        997.4358974358975,
        453.84615384615387,
        0,
        1001.2820512820513,
        424.35897435897436,
        2,
        957.6923076923076,
        434.6153846153846,
        1,
        914.102564102564,
        397.43589743589746,
        2,
        873.0769230769231,
        396.15384615384613,
        1,
        893.9655172413793,
        406.89655172413796,
        2,
        851.7241379310344,
        418.1034482758621,
        2,
        882.7586206896551,
        360.3448275862069,
        1,
        844.8275862068965,
        364.65517241379314,
        1
      ],
      "num_keypoints": 19,
      "iscrowd": 0,
      "segmentation": [],
      "group_id": 1
    },
    {
      "category_id": 1,
      "image_id": 0,
      "id": 1,
      "bbox": [
        788.4495192307693,
        386.26201923076917,
        157.35576923076906,
        511.0096153846155
      ],
      "area": 80410.3111131656,
      "keypoints": [
        869.140625,
        380.859375,
        0,
        874.609375,
        360.15625,
        0,
        855.46875,
        366.40625,
        0,
        882.421875,
        369.921875,
        0,
        831.640625,
        371.875,
        0,
        888.28125,
        397.265625,
        0,
        817.9487179487179,
        428.8461538461538,
        2,
        927.5641025641025,
        463.46153846153845,
        0,
        865.3846153846154,
        529.4871794871794,
        2,
        968.5897435897435,
        442.3076923076923,
        0,
        932.6923076923076,
        504.48717948717945,
        1,
        894.8717948717948,
        579.4871794871794,
        2,
        850.0,
        582.051282051282,
        2,
        888.4615384615383,
        705.1282051282051,
        2,
        852.5641025641025,
        717.9487179487179,
        2,
        853.8461538461538,
        794.8717948717948,
        1,
        817.1875,
        842.96875,
        2,
        838.28125,
        810.15625,
        0,
        801.5625,
        846.875,
        2,
        880.46875,
        812.5,
        2,
        849.21875,
        854.6875,
        2
      ],
      "num_keypoints": 12,
      "iscrowd": 0,
      "segmentation": [],
      "group_id": 2
    }
  ]
}