{
  "categories": [
    {
      "supercategory": "person",
      "id": 1,
      "name": "person",
      "keypoints": [
        "nose",
        "left_eye",
        "right_eye",
        "left_ear",
        "right_ear",
        "left_shoulder",
        "right_shoulder",
        "left_elbow",
        "right_elbow",
        "left_wrist",
        "right_wrist",
        "left_hip",
        "right_hip",
        "left_knee",
        "right_knee",
        "left_ankle",
        "right_ankle",
        "left_heel",
        "right_heel",
        "left_foot",
        "right_foot"
      ],
      "skeleton": [
        [
          1,
          2
        ],
        [
          0,
          1
        ],
        [
          0,
          2
        ],
        [
          1,
          3
        ],
        [
          2,
          4
        ],
        [
          5,
          6
        ],
        [
          5,
          7
        ],
        [
          7,
          9
        ],
        [
          6,
          8
        ],
        [
          8,
          10
        ],
        [
          5,
          11
        ],
        [
          6,
          12
        ],
        [
          11,
          12
        ],
        [
          11,
          13
        ],
        [
          13,
          15
        ],
        [
          12,
          14
        ],
        [
          14,
          16
        ],
        [
          16,
          18
        ],
        [
          16,
          20
        ],
        [
          20,
          18
        ],
        [
          15,
          17
        ],
        [
          15,
          19
        ],
        [
          19,
          17
        ]
      ]
    }
  ],
  "images": [
    {
      "file_name": "000000000373.jpg",
      "height": 1200,
      "width": 1600,
      "id": 0
    }
  ],
  "annotations": [
    {
      "category_id": 1,
      "image_id": 0,
      "id": 0,
      "bbox": [
        633.498452012384,
        282.4915110356536,
        419.07120743034056,
        437.5212224108659
      ],
      "area": 183352.54695212014,
      "keypoints": [
        900.8196721311475,
        329.5081967213115,
        2,
        912.5,
        322.5806451612903,
        1,
        895.9677419354839,
        318.9516129032258,
        1,
        940.0,
        328.8,
        1,
        920.5405405405405,
        327.02702702702703,
        0,
        974.5945945945946,
        370.27027027027026,
        2,
        883.3333333333334,
        372.54901960784315,
        2,
        1017.6470588235294,
        427.45098039215685,
        2,
        914.7058823529412,
        439.2156862745098,
        0,
        1002.9411764705882,
        473.52941176470586,
        2,
        945.0980392156863,
        502.94117647058823,
        0,
        884.313725490196,
        515.6862745098039,
        2,
        844.1176470588235,
        486.27450980392155,
        0,
        783.3333333333334,
        522.5490196078431,
        1,
        760.7843137254902,
        515.6862745098039,
        2,
        743.4782608695651,
        632.6086956521739,
        2,
        701.0869565217391,
        627.1739130434783,
        1,
        754.8672566371681,
        663.716814159292,
        2,
        710.6194690265486,
        653.9823008849556,
        2,
        719.7368421052631,
        683.5526315789474,
        2,
        668.421052631579,
        666.4473684210526,
        2
      ],
      "num_keypoints": 17,
      "iscrowd": 0,
      "segmentation": [],
      "group_id": 1
    },
    {
      "category_id": 1,
      "image_id": 0,
      "id": 1,
      "bbox": [
        831.7678431372549,
        516.458947368421,
        159.9623529411765,
        292.09263157894736
      ],
      "area": 46723.82462414861,
      "keypoints": [
        922.463768115942,
        401.4492753623188,
        0,
        938.961038961039,
        392.2077922077922,
        0,
        910.5263157894735,
        391.2280701754386,
        0,
        945.6140350877192,
        388.1578947368421,
        0,
        899.9999999999999,
        391.2280701754386,
        0,
        957.2463768115941,
        455.7971014492753,
        0,
        875.3623188405796,
        454.3478260869565,
        0,
        978.4,
        540.8,
        1,
        857.6,
        518.4,
        0,
        976.8,
        594.4,
        0,
        845.0980392156863,
        578.4313725490196,
        1,
        936.2745098039215,
        601.9607843137255,
        1,
        889.1304347826086,
        604.3478260869565,
        2,
        939.1304347826086,
        698.9130434782609,
        2,
        905.4347826086956,
        690.2173913043478,
        2,
        919.5652173913043,
        759.7826086956521,
        2,
        870.5882352941177,
        736.2745098039215,
        2,
        906.578947368421,
        776.3157894736842,
        2,
        872.3684210526316,
        760.5263157894736,
        0,
        934.8684210526316,
        784.2105263157895,
        2,
        865.1315789473684,
        772.3684210526316,
        2
      ],
      "num_keypoints": 11,
      "iscrowd": 0,
      "segmentation": [],
      "group_id": 2
    }
  ]
}