{
  "categories": [
    {
      "supercategory": "person",
      "id": 1,
      "name": "person",
      "keypoints": [
        "nose",
        "left_eye",
        "right_eye",
        "left_ear",
        "right_ear",
        "left_shoulder",
        "right_shoulder",
        "left_elbow",
        "right_elbow",
        "left_wrist",
        "right_wrist",
        "left_hip",
        "right_hip",
        "left_knee",
        "right_knee",
        "left_ankle",
        "right_ankle",
        "left_heel",
        "right_heel",
        "left_foot",
        "right_foot"
      ],
      "skeleton": [
        [
          1,
          2
        ],
        [
          0,
          1
        ],
        [
          0,
          2
        ],
        [
          1,
          3
        ],
        [
          2,
          4
        ],
        [
          5,
          6
        ],
        [
          5,
          7
        ],
        [
          7,
          9
        ],
        [
          6,
          8
        ],
        [
          8,
          10
        ],
        [
          5,
          11
        ],
        [
          6,
          12
        ],
        [
          11,
          12
        ],
        [
          11,
          13
        ],
        [
          13,
          15
        ],
        [
          12,
          14
        ],
        [
          14,
          16
        ],
        [
          16,
          18
        ],
        [
          16,
          20
        ],
        [
          20,
          18
        ],
        [
          15,
          17
        ],
        [
          15,
          19
        ],
        [
          19,
          17
        ]
      ]
    }
  ],
  "images": [
    {
      "file_name": "000000001254.jpg",
      "height": 1200,
      "width": 1600,
      "id": 0
    }
  ],
  "annotations": [
    {
      "category_id": 1,
      "image_id": 0,
      "id": 0,
      "bbox": [
        527.9591836734695,
        340.018601860186,
        252.24489795918362,
        677.004500450045
      ],
      "area": 170770.9311339297,
      "keypoints": [
        559.7826086956521,
        406.52173913043475,
        2,
        568.5148514851485,
        396.43564356435644,
        2,
        549.4163424124514,
        396.49805447470817,
        2,
        608.5603112840467,
        398.05447470817126,
        2,
        549.090909090909,
        384.2424242424242,
        0,
        646.9387755102041,
        445.9183673469388,
        2,
        548.9795918367348,
        466.32653061224494,
        2,
        742.8571428571429,
        507.1428571428571,
        2,
        567.3469387755102,
        613.2653061224489,
        2,
        759.1836734693878,
        582.6530612244898,
        2,
        575.7575757575758,
        675.7575757575758,
        0,
        695.4545454545455,
        668.8311688311688,
        2,
        586.3636363636364,
        664.9350649350649,
        2,
        633.1168831168832,
        784.4155844155844,
        2,
        605.8441558441558,
        792.2077922077922,
        2,
        674.6753246753246,
        900.0,
        2,
        637.6623376623377,
        884.4155844155844,
        2,
        690.9090909090909,
        925.974025974026,
        1,
        635.6060606060606,
        925.7575757575758,
        2,
        664.3939393939394,
        960.6060606060606,
        2,
        603.7878787878788,
        931.8181818181818,
        2
      ],
      "num_keypoints": 19,
      "iscrowd": 0,
      "segmentation": [],
      "group_id": 1
    },
    {
      "category_id": 1,
      "image_id": 0,
      "id": 1,
      "bbox": [
        730.9333333333333,
        342.16396396396397,
        148.80000000000007,
        577.2756756756758
      ],
      "area": 85898.62054054059,
      "keypoints": [
        847.4025974025975,
        406.49350649350646,
        2,
        850.7575757575756,
        386.3636363636364,
        0,
        849.7297297297297,
        390.27027027027026,
        2,
        831.8918918918919,
        373.5135135135135,
        0,
        817.8378378378378,
        396.2162162162162,
        2,
        848.108108108108,
        450.27027027027026,
        2,
        778.9189189189188,
        454.054054054054,
        2,
        865.1515151515151,
        548.4848484848485,
        1,
        766.6666666666666,
        554.5454545454545,
        2,
        867.3333333333334,
        623.3333333333334,
        2,
        819.3333333333333,
        634.0,
        2,
        830.0,
        610.0,
        2,
        786.0,
        630.0,
        2,
        831.3333333333333,
        730.0,
        2,
        799.3333333333333,
        734.0,
        2,
        803.3333333333333,
        810.0,
        2,
        767.3333333333333,
        827.3333333333334,
        2,
        788.6666666666666,
        836.6666666666666,
        2,
        743.3333333333333,
        852.6666666666666,
        2,
        836.6666666666666,
        843.3333333333334,
        2,
        798.0,
        871.3333333333334,
        2
      ],
      "num_keypoints": 19,
      "iscrowd": 0,
      "segmentation": [],
      "group_id": 2
    }
  ]
}