{
  "categories": [
    {
      "supercategory": "person",
      "id": 1,
      "name": "person",
      "keypoints": [
        "nose",
        "left_eye",
        "right_eye",
        "left_ear",
        "right_ear",
        "left_shoulder",
        "right_shoulder",
        "left_elbow",
        "right_elbow",
        "left_wrist",
        "right_wrist",
        "left_hip",
        "right_hip",
        "left_knee",
        "right_knee",
        "left_ankle",
        "right_ankle",
        "left_heel",
        "right_heel",
        "left_foot",
        "right_foot"
      ],
      "skeleton": [
        [
          1,
          2
        ],
        [
          0,
          1
        ],
        [
          0,
          2
        ],
        [
          1,
          3
        ],
        [
          2,
          4
        ],
        [
          5,
          6
        ],
        [
          5,
          7
        ],
        [
          7,
          9
        ],
        [
          6,
          8
        ],
        [
          8,
          10
        ],
        [
          5,
          11
        ],
        [
          6,
          12
        ],
        [
          11,
          12
        ],
        [
          11,
          13
        ],
        [
          13,
          15
        ],
        [
          12,
          14
        ],
        [
          14,
          16
        ],
        [
          16,
          18
        ],
        [
          16,
          20
        ],
        [
          20,
          18
        ],
        [
          15,
          17
        ],
        [
          15,
          19
        ],
        [
          19,
          17
        ]
      ]
    }
  ],
  "images": [
    {
      "file_name": "000000001880.jpg",
      "height": 1200,
      "width": 1600,
      "id": 0
    }
  ],
  "annotations": [
    {
      "category_id": 1,
      "image_id": 0,
      "id": 0,
      "bbox": [
        710.9821428571429,
        206.0696248196248,
        390.2922077922078,
        510.4978354978356
      ],
      "area": 199243.32728959358,
      "keypoints": [
        960.4166666666669,
        262.5,
        2,
        981.2500000000001,
        248.61111111111111,
        2,
        954.8611111111112,
        251.38888888888889,
        2,
        1015.9722222222223,
        250.0,
        2,
        943.7500000000001,
        247.22222222222223,
        0,
        1047.9166666666667,
        313.8888888888889,
        2,
        934.0277777777779,
        305.55555555555554,
        2,
        1061.8055555555554,
        422.22222222222223,
        2,
        920.138888888889,
        419.44444444444446,
        1,
        1068.75,
        512.5,
        2,
        900.6944444444446,
        506.94444444444446,
        1,
        984.0277777777779,
        476.3888888888889,
        2,
        914.5833333333334,
        450.0,
        2,
        913.1944444444446,
        526.3888888888889,
        2,
        853.4722222222223,
        508.33333333333337,
        2,
        846.5277777777778,
        612.5,
        2,
        785.4166666666667,
        575.0,
        2,
        805.8441558441558,
        674.025974025974,
        1,
        751.2987012987013,
        654.5454545454545,
        2,
        803.2467532467532,
        622.077922077922,
        2,
        743.5064935064935,
        592.2077922077922,
        1
      ],
      "num_keypoints": 20,
      "iscrowd": 0,
      "segmentation": [],
      "group_id": 1
    },
    {
      "category_id": 1,
      "image_id": 0,
      "id": 1,
      "bbox": [
        684.9231601731602,
        319.83333333333326,
        250.92207792207785,
        634.7272727272729
      ],
      "area": 159267.08618654072,
      "keypoints": [
        781.1688311688312,
        385.7142857142857,
        2,
        766.8831168831168,
        374.025974025974,
        0,
        775.974025974026,
        372.7272727272727,
        2,
        752.5974025974026,
        377.9220779220779,
        0,
        737.012987012987,
        381.8181818181818,
        2,
        775.974025974026,
        433.76623376623377,
        2,
        738.3116883116883,
        468.83116883116884,
        2,
        844.8051948051948,
        444.15584415584414,
        2,
        824.025974025974,
        527.2727272727273,
        1,
        914.9350649350649,
        394.8051948051948,
        1,
        885.0649350649351,
        498.7012987012987,
        1,
        796.7532467532467,
        641.5584415584416,
        1,
        756.4935064935065,
        641.5584415584416,
        1,
        787.012987012987,
        725.974025974026,
        2,
        729.8701298701299,
        741.5584415584416,
        2,
        774.1666666666667,
        810.0000000000001,
        2,
        712.5,
        875.0000000000001,
        2,
        765.8333333333334,
        835.0000000000001,
        2,
        705.8333333333334,
        901.6666666666667,
        2,
        807.5,
        836.6666666666667,
        2,
        740.8333333333334,
        898.3333333333334,
        2
      ],
      "num_keypoints": 19,
      "iscrowd": 0,
      "segmentation": [],
      "group_id": 2
    }
  ]
}