{
  "categories": [
    {
      "supercategory": "person",
      "id": 1,
      "name": "person",
      "keypoints": [
        "nose",
        "left_eye",
        "right_eye",
        "left_ear",
        "right_ear",
        "left_shoulder",
        "right_shoulder",
        "left_elbow",
        "right_elbow",
        "left_wrist",
        "right_wrist",
        "left_hip",
        "right_hip",
        "left_knee",
        "right_knee",
        "left_ankle",
        "right_ankle",
        "left_heel",
        "right_heel",
        "left_foot",
        "right_foot"
      ],
      "skeleton": [
        [
          1,
          2
        ],
        [
          0,
          1
        ],
        [
          0,
          2
        ],
        [
          1,
          3
        ],
        [
          2,
          4
        ],
        [
          5,
          6
        ],
        [
          5,
          7
        ],
        [
          7,
          9
        ],
        [
          6,
          8
        ],
        [
          8,
          10
        ],
        [
          5,
          11
        ],
        [
          6,
          12
        ],
        [
          11,
          12
        ],
        [
          11,
          13
        ],
        [
          13,
          15
        ],
        [
          12,
          14
        ],
        [
          14,
          16
        ],
        [
          16,
          18
        ],
        [
          16,
          20
        ],
        [
          20,
          18
        ],
        [
          15,
          17
        ],
        [
          15,
          19
        ],
        [
          19,
          17
        ]
      ]
    }
  ],
  "images": [
    {
      "file_name": "000000000856.jpg",
      "height": 1200,
      "width": 1600,
      "id": 0
    }
  ],
  "annotations": [
    {
      "category_id": 1,
      "image_id": 0,
      "id": 0,
      "bbox": [
        719.2261513157895,
        184.98357596117955,
        434.91118421052636,
        363.1758118701007
      ],
      "area": 157949.22241704483,
      "keypoints": [
        1028.0,
        245.6,
        2,
        1044.3262411347519,
        230.49645390070924,
        2,
        1019.5035460992908,
        227.6595744680851,
        2,
        1085.1063829787236,
        215.24822695035462,
        2,
        1024.7368421052631,
        218.42105263157893,
        0,
        1116.3157894736842,
        276.84210526315786,
        2,
        983.6842105263157,
        268.9473684210526,
        2,
        1117.8947368421052,
        415.2631578947368,
        2,
        968.9473684210526,
        381.57894736842104,
        1,
        1111.578947368421,
        517.8947368421052,
        2,
        939.9999999999999,
        493.1578947368421,
        0,
        1080.5263157894735,
        433.6842105263158,
        2,
        985.8974358974358,
        434.6153846153846,
        1,
        962.8205128205127,
        421.79487179487177,
        2,
        916.6666666666665,
        452.56410256410254,
        1,
        869.230769230769,
        442.3076923076923,
        2,
        783.3333333333333,
        457.6923076923077,
        2,
        839.0625,
        456.25,
        2,
        762.5,
        493.75,
        2,
        828.90625,
        385.9375,
        2,
        755.46875,
        417.1875,
        1
      ],
      "num_keypoints": 19,
      "iscrowd": 0,
      "segmentation": [],
      "group_id": 1
    },
    {
      "category_id": 1,
      "image_id": 0,
      "id": 1,
      "bbox": [
        733.2470238095239,
        296.57663690476187,
        238.5357142857141,
        618.2232142857142
      ],
      "area": 147468.31600765293,
      "keypoints": [
        833.3333333333333,
        363.8095238095238,
        2,
        836.6666666666666,
        350.95238095238096,
        2,
        820.952380952381,
        353.3333333333333,
        1,
        823.3333333333333,
        340.95238095238096,
        0,
        779.047619047619,
        348.0952380952381,
        1,
        854.2857142857142,
        400.4761904761905,
        1,
        771.4285714285714,
        424.2857142857143,
        1,
        917.1428571428571,
        455.7142857142857,
        0,
        829.047619047619,
        522.3809523809524,
        2,
        951.9047619047618,
        392.85714285714283,
        1,
        909.047619047619,
        481.90476190476187,
        0,
        848.7179487179487,
        617.9487179487179,
        2,
        803.8461538461538,
        629.4871794871794,
        2,
        830.7692307692307,
        720.5128205128206,
        2,
        774.3589743589743,
        730.7692307692307,
        2,
        834.375,
        800.0,
        2,
        770.3125,
        836.71875,
        2,
        817.1875,
        825.0,
        2,
        753.125,
        857.03125,
        2,
        862.5,
        825.78125,
        2,
        777.34375,
        863.28125,
        2
      ],
      "num_keypoints": 18,
      "iscrowd": 0,
      "segmentation": [],
      "group_id": 2
    }
  ]
}