{
  "categories": [
    {
      "supercategory": "person",
      "id": 1,
      "name": "person",
      "keypoints": [
        "nose",
        "left_eye",
        "right_eye",
        "left_ear",
        "right_ear",
        "left_shoulder",
        "right_shoulder",
        "left_elbow",
        "right_elbow",
        "left_wrist",
        "right_wrist",
        "left_hip",
        "right_hip",
        "left_knee",
        "right_knee",
        "left_ankle",
        "right_ankle",
        "left_heel",
        "right_heel",
        "left_foot",
        "right_foot"
      ],
      "skeleton": [
        [
          1,
          2
        ],
        [
          0,
          1
        ],
        [
          0,
          2
        ],
        [
          1,
          3
        ],
        [
          2,
          4
        ],
        [
          5,
          6
        ],
        [
          5,
          7
        ],
        [
          7,
          9
        ],
        [
          6,
          8
        ],
        [
          8,
          10
        ],
        [
          5,
          11
        ],
        [
          6,
          12
        ],
        [
          11,
          12
        ],
        [
          11,
          13
        ],
        [
          13,
          15
        ],
        [
          12,
          14
        ],
        [
          14,
          16
        ],
        [
          16,
          18
        ],
        [
          16,
          20
        ],
        [
          20,
          18
        ],
        [
          15,
          17
        ],
        [
          15,
          19
        ],
        [
          19,
          17
        ]
      ]
    }
  ],
  "images": [
    {
      "file_name": "000000001755.jpg",
      "height": 1200,
      "width": 1600,
      "id": 0
    }
  ],
  "annotations": [
    {
      "category_id": 1,
      "image_id": 0,
      "id": 0,
      "bbox": [
        717.4107142857143,
        156.66666666666666,
        437.82467532467524,
        403.33333333333337
      ],
      "area": 176589.2857142857,
      "keypoints": [
        1028.4722222222222,
        204.16666666666669,
        2,
        1054.861111111111,
        191.66666666666669,
        2,
        1022.9166666666669,
        190.27777777777777,
        2,
        1085.4166666666667,
        200.0,
        2,
        1015.9722222222223,
        195.83333333333334,
        0,
        1115.9722222222222,
        291.6666666666667,
        2,
        975.6944444444445,
        283.33333333333337,
        2,
        1118.75,
        423.61111111111114,
        2,
        956.2500000000001,
        393.05555555555554,
        1,
        1103.4722222222222,
        526.3888888888889,
        2,
        940.9722222222223,
        500.0,
        1,
        1059.0277777777778,
        461.11111111111114,
        1,
        1003.4722222222223,
        450.0,
        1,
        956.2500000000001,
        434.72222222222223,
        2,
        921.5277777777779,
        476.3888888888889,
        1,
        872.9166666666667,
        418.05555555555554,
        2,
        811.8055555555557,
        425.0,
        1,
        838.3116883116883,
        459.7402597402597,
        2,
        795.4545454545454,
        471.42857142857144,
        2,
        829.2207792207791,
        372.7272727272727,
        2,
        753.8961038961039,
        397.4025974025974,
        1
      ],
      "num_keypoints": 20,
      "iscrowd": 0,
      "segmentation": [],
      "group_id": 1
    },
    {
      "category_id": 1,
      "image_id": 0,
      "id": 1,
      "bbox": [
        742.306277056277,
        285.3571428571429,
        222.32467532467535,
        643.2467532467533
      ],
      "area": 143009.625569236,
      "keypoints": [
        834.4155844155844,
        354.54545454545456,
        1,
        840.9090909090909,
        338.961038961039,
        1,
        818.8311688311688,
        344.15584415584414,
        1,
        809.7402597402597,
        346.75324675324674,
        0,
        779.8701298701299,
        351.94805194805195,
        1,
        855.1948051948052,
        398.7012987012987,
        0,
        788.961038961039,
        428.57142857142856,
        1,
        900.6493506493506,
        444.15584415584414,
        0,
        883.7662337662338,
        455.8441558441558,
        1,
        947.4025974025974,
        412.987012987013,
        0,
        946.1038961038961,
        368.83116883116884,
        2,
        850.0,
        603.8961038961039,
        1,
        804.5454545454545,
        605.1948051948052,
        2,
        840.2597402597402,
        710.3896103896104,
        2,
        807.7922077922077,
        731.1688311688312,
        2,
        822.5,
        806.6666666666667,
        2,
        775.8333333333335,
        840.0000000000001,
        2,
        797.5,
        835.0000000000001,
        1,
        760.8333333333334,
        861.6666666666667,
        2,
        842.5,
        820.0000000000001,
        2,
        799.1666666666667,
        875.0000000000001,
        2
      ],
      "num_keypoints": 17,
      "iscrowd": 0,
      "segmentation": [],
      "group_id": 2
    }
  ]
}