{
  "categories": [
    {
      "supercategory": "person",
      "id": 1,
      "name": "person",
      "keypoints": [
        "nose",
        "left_eye",
        "right_eye",
        "left_ear",
        "right_ear",
        "left_shoulder",
        "right_shoulder",
        "left_elbow",
        "right_elbow",
        "left_wrist",
        "right_wrist",
        "left_hip",
        "right_hip",
        "left_knee",
        "right_knee",
        "left_ankle",
        "right_ankle",
        "left_heel",
        "right_heel",
        "left_foot",
        "right_foot"
      ],
      "skeleton": [
        [
          1,
          2
        ],
        [
          0,
          1
        ],
        [
          0,
          2
        ],
        [
          1,
          3
        ],
        [
          2,
          4
        ],
        [
          5,
          6
        ],
        [
          5,
          7
        ],
        [
          7,
          9
        ],
        [
          6,
          8
        ],
        [
          8,
          10
        ],
        [
          5,
          11
        ],
        [
          6,
          12
        ],
        [
          11,
          12
        ],
        [
          11,
          13
        ],
        [
          13,
          15
        ],
        [
          12,
          14
        ],
        [
          14,
          16
        ],
        [
          16,
          18
        ],
        [
          16,
          20
        ],
        [
          20,
          18
        ],
        [
          15,
          17
        ],
        [
          15,
          19
        ],
        [
          19,
          17
        ]
      ]
    }
  ],
  "images": [
    {
      "file_name": "000000000865.jpg",
      "height": 1200,
      "width": 1600,
      "id": 0
    }
  ],
  "annotations": [
    {
      "category_id": 1,
      "image_id": 0,
      "id": 0,
      "bbox": [
        536.3231169871793,
        201.14285714285717,
        594.891826923077,
        780.5714285714284
      ],
      "area": 464355.5631868132,
      "keypoints": [
        824.5098039215686,
        293.1372549019608,
        1,
        844.7619047619047,
        275.7142857142857,
        2,
        822.3809523809523,
        274.2857142857143,
        2,
        889.047619047619,
        266.1904761904762,
        2,
        836.328125,
        264.84375,
        0,
        933.984375,
        346.875,
        2,
        814.0625,
        318.359375,
        2,
        991.015625,
        433.984375,
        2,
        835.9375,
        444.921875,
        0,
        1081.640625,
        512.890625,
        2,
        826.953125,
        523.4375,
        0,
        764.84375,
        539.453125,
        2,
        699.9999999999999,
        485.8974358974359,
        2,
        675.6410256410255,
        707.6923076923077,
        2,
        585.8974358974358,
        655.1282051282051,
        2,
        692.3076923076923,
        856.4102564102564,
        1,
        620.5128205128204,
        797.4358974358975,
        2,
        723.0769230769231,
        864.1025641025641,
        1,
        643.5897435897435,
        800.6410256410256,
        2,
        673.0769230769231,
        916.6666666666666,
        2,
        601.2820512820513,
        837.1794871794872,
        2
      ],
      "num_keypoints": 18,
      "iscrowd": 0,
      "segmentation": [],
      "group_id": 1
    },
    {
      "category_id": 1,
      "image_id": 0,
      "id": 1,
      "bbox": [
        746.8030852994556,
        448.72776769509977,
        193.53539019963682,
        432.10889292196026
      ],
      "area": 83628.36320038466,
      "keypoints": [
        839.2241379310344,
        343.5344827586207,
        0,
        850.4310344827586,
        325.0,
        0,
        824.1379310344827,
        328.01724137931035,
        0,
        866.3793103448276,
        328.8793103448276,
        0,
        805.603448275862,
        335.3448275862069,
        0,
        878.4210526315788,
        397.36842105263156,
        0,
        793.6842105263157,
        412.1052631578947,
        0,
        924.2105263157894,
        484.7368421052631,
        2,
        813.1578947368421,
        480.52631578947364,
        0,
        928.9473684210526,
        417.36842105263156,
        0,
        850.5263157894736,
        535.7894736842105,
        1,
        855.1282051282051,
        591.025641025641,
        2,
        797.4358974358973,
        597.4358974358975,
        2,
        848.7179487179487,
        694.8717948717948,
        2,
        797.4358974358973,
        714.1025641025641,
        1,
        821.5517241379309,
        781.896551724138,
        2,
        779.3103448275862,
        812.0689655172414,
        2,
        812.0689655172413,
        793.9655172413794,
        2,
        762.9310344827586,
        829.3103448275863,
        2,
        836.2068965517241,
        806.896551724138,
        2,
        786.2068965517241,
        844.8275862068966,
        2
      ],
      "num_keypoints": 12,
      "iscrowd": 0,
      "segmentation": [],
      "group_id": 2
    }
  ]
}