{
  "categories": [
    {
      "supercategory": "person",
      "id": 1,
      "name": "person",
      "keypoints": [
        "nose",
        "left_eye",
        "right_eye",
        "left_ear",
        "right_ear",
        "left_shoulder",
        "right_shoulder",
        "left_elbow",
        "right_elbow",
        "left_wrist",
        "right_wrist",
        "left_hip",
        "right_hip",
        "left_knee",
        "right_knee",
        "left_ankle",
        "right_ankle",
        "left_heel",
        "right_heel",
        "left_foot",
        "right_foot"
      ],
      "skeleton": [
        [
          1,
          2
        ],
        [
          0,
          1
        ],
        [
          0,
          2
        ],
        [
          1,
          3
        ],
        [
          2,
          4
        ],
        [
          5,
          6
        ],
        [
          5,
          7
        ],
        [
          7,
          9
        ],
        [
          6,
          8
        ],
        [
          8,
          10
        ],
        [
          5,
          11
        ],
        [
          6,
          12
        ],
        [
          11,
          12
        ],
        [
          11,
          13
        ],
        [
          13,
          15
        ],
        [
          12,
          14
        ],
        [
          14,
          16
        ],
        [
          16,
          18
        ],
        [
          16,
          20
        ],
        [
          20,
          18
        ],
        [
          15,
          17
        ],
        [
          15,
          19
        ],
        [
          19,
          17
        ]
      ]
    }
  ],
  "images": [
    {
      "file_name": "000000001388.jpg",
      "height": 1200,
      "width": 1600,
      "id": 0
    }
  ],
  "annotations": [
    {
      "category_id": 1,
      "image_id": 0,
      "id": 0,
      "bbox": [
        902.0968036529681,
        330.73939393939395,
        287.16712328767096,
        487.1272727272727
      ],
      "area": 139886.93758405963,
      "keypoints": [
        982.7886710239652,
        415.9041394335512,
        2,
        988.4531590413943,
        408.49673202614383,
        2,
        972.42206235012,
        410.7913669064748,
        2,
        1020.6235011990408,
        379.136690647482,
        2,
        965.3333333333334,
        386.6666666666667,
        0,
        1060.0,
        371.3333333333333,
        2,
        929.3333333333334,
        379.3333333333333,
        2,
        1165.3333333333333,
        430.6666666666667,
        2,
        930.6122448979593,
        419.38775510204084,
        2,
        1106.1224489795918,
        521.4285714285714,
        2,
        926.027397260274,
        487.67123287671234,
        2,
        1142.2077922077924,
        532.4675324675325,
        1,
        1029.2207792207791,
        545.4545454545455,
        2,
        1117.5324675324673,
        635.0649350649351,
        2,
        1068.181818181818,
        635.0649350649351,
        2,
        1114.2857142857142,
        725.974025974026,
        2,
        1085.7142857142858,
        719.4805194805194,
        2,
        1133.7662337662337,
        735.0649350649351,
        2,
        1087.121212121212,
        739.3939393939394,
        1,
        1121.969696969697,
        777.2727272727273,
        2,
        1068.939393939394,
        769.6969696969696,
        2
      ],
      "num_keypoints": 20,
      "iscrowd": 0,
      "segmentation": [],
      "group_id": 1
    },
    {
      "category_id": 1,
      "image_id": 0,
      "id": 1,
      "bbox": [
        741.1999999999999,
        287.72527472527474,
        185.60000000000014,
        635.2087912087912
      ],
      "area": 117894.75164835174,
      "keypoints": [
        847.4025974025975,
        349.35064935064935,
        2,
        853.5469107551487,
        342.33409610983983,
        1,
        844.3935926773455,
        342.56292906178487,
        2,
        827.4725274725274,
        332.96703296703294,
        0,
        797.8021978021977,
        340.65934065934067,
        2,
        833.4096109839817,
        408.69565217391306,
        2,
        791.5824915824916,
        415.4882154882155,
        2,
        887.8787878787879,
        498.4848484848485,
        2,
        853.030303030303,
        504.54545454545456,
        2,
        917.9999999999999,
        426.0,
        0,
        911.3333333333334,
        436.6666666666667,
        2,
        836.6666666666666,
        583.3333333333334,
        2,
        816.6666666666666,
        592.6666666666666,
        2,
        859.3333333333333,
        691.3333333333334,
        2,
        814.0,
        708.6666666666666,
        2,
        840.6666666666666,
        784.6666666666666,
        2,
        772.6666666666666,
        822.0,
        2,
        818.0,
        812.6666666666666,
        2,
        756.6666666666666,
        851.3333333333334,
        2,
        895.3333333333334,
        816.6666666666666,
        2,
        807.3333333333333,
        870.0,
        2
      ],
      "num_keypoints": 19,
      "iscrowd": 0,
      "segmentation": [],
      "group_id": 2
    }
  ]
}