{
  "categories": [
    {
      "supercategory": "person",
      "id": 1,
      "name": "person",
      "keypoints": [
        "nose",
        "left_eye",
        "right_eye",
        "left_ear",
        "right_ear",
        "left_shoulder",
        "right_shoulder",
        "left_elbow",
        "right_elbow",
        "left_wrist",
        "right_wrist",
        "left_hip",
        "right_hip",
        "left_knee",
        "right_knee",
        "left_ankle",
        "right_ankle",
        "left_heel",
        "right_heel",
        "left_foot",
        "right_foot"
      ],
      "skeleton": [
        [
          1,
          2
        ],
        [
          0,
          1
        ],
        [
          0,
          2
        ],
        [
          1,
          3
        ],
        [
          2,
          4
        ],
        [
          5,
          6
        ],
        [
          5,
          7
        ],
        [
          7,
          9
        ],
        [
          6,
          8
        ],
        [
          8,
          10
        ],
        [
          5,
          11
        ],
        [
          6,
          12
        ],
        [
          11,
          12
        ],
        [
          11,
          13
        ],
        [
          13,
          15
        ],
        [
          12,
          14
        ],
        [
          14,
          16
        ],
        [
          16,
          18
        ],
        [
          16,
          20
        ],
        [
          20,
          18
        ],
        [
          15,
          17
        ],
        [
          15,
          19
        ],
        [
          19,
          17
        ]
      ]
    }
  ],
  "images": [
    {
      "file_name": "000000001421.jpg",
      "height": 1200,
      "width": 1600,
      "id": 0
    }
  ],
  "annotations": [
    {
      "category_id": 1,
      "image_id": 0,
      "id": 0,
      "bbox": [
        866.3986013986014,
        179.8081534772182,
        264.7552447552446,
        567.4820143884892
      ],
      "area": 150243.83961362368,
      "keypoints": [
        919.5250659630607,
        251.1873350923483,
        2,
        937.9947229551451,
        228.7598944591029,
        2,
        908.3932853717026,
        227.09832134292566,
        2,
        979.8561151079136,
        238.84892086330936,
        2,
        910.4395604395604,
        245.05494505494505,
        0,
        1021.978021978022,
        289.010989010989,
        2,
        888.4615384615385,
        301.64835164835165,
        2,
        1072.5274725274726,
        407.6923076923077,
        2,
        902.0408163265307,
        421.42857142857144,
        2,
        1078.181818181818,
        526.6666666666666,
        2,
        892.7272727272726,
        502.4242424242424,
        2,
        1059.090909090909,
        483.1168831168831,
        1,
        956.4935064935065,
        494.8051948051948,
        2,
        1074.6753246753246,
        588.3116883116883,
        2,
        1008.4415584415584,
        605.1948051948052,
        1,
        1096.103896103896,
        642.8571428571429,
        2,
        1048.051948051948,
        632.4675324675325,
        2,
        1109.090909090909,
        632.4675324675325,
        2,
        1068.939393939394,
        660.6060606060606,
        2,
        1105.3030303030305,
        692.4242424242424,
        2,
        1055.3030303030305,
        700.0,
        2
      ],
      "num_keypoints": 20,
      "iscrowd": 0,
      "segmentation": [],
      "group_id": 1
    },
    {
      "category_id": 1,
      "image_id": 0,
      "id": 1,
      "bbox": [
        677.290909090909,
        289.8666666666667,
        216.5090909090909,
        685.2363636363636
      ],
      "area": 148359.90214876033,
      "keypoints": [
        807.1428571428572,
        357.1428571428571,
        2,
        815.9090909090909,
        346.969696969697,
        1,
        797.9209979209978,
        351.3513513513513,
        2,
        773.9393939393939,
        325.45454545454544,
        0,
        763.4760705289672,
        355.91939546599497,
        2,
        820.1511335012594,
        408.81612090680096,
        2,
        755.4156171284634,
        422.9219143576826,
        2,
        875.7575757575758,
        472.72727272727275,
        1,
        839.3939393939394,
        468.1818181818182,
        2,
        892.6666666666666,
        403.3333333333333,
        0,
        873.9999999999999,
        382.0,
        2,
        812.6666666666666,
        602.0,
        2,
        763.3333333333333,
        607.3333333333334,
        2,
        814.0,
        730.0,
        2,
        758.0,
        747.3333333333334,
        2,
        795.3333333333333,
        818.0,
        2,
        722.0,
        856.6666666666666,
        2,
        771.3333333333333,
        840.6666666666666,
        2,
        695.3333333333333,
        878.0,
        2,
        856.6666666666666,
        860.6666666666666,
        2,
        755.3333333333333,
        918.0,
        2
      ],
      "num_keypoints": 19,
      "iscrowd": 0,
      "segmentation": [],
      "group_id": 2
    }
  ]
}