{
  "categories": [
    {
      "supercategory": "person",
      "id": 1,
      "name": "person",
      "keypoints": [
        "nose",
        "left_eye",
        "right_eye",
        "left_ear",
        "right_ear",
        "left_shoulder",
        "right_shoulder",
        "left_elbow",
        "right_elbow",
        "left_wrist",
        "right_wrist",
        "left_hip",
        "right_hip",
        "left_knee",
        "right_knee",
        "left_ankle",
        "right_ankle",
        "left_heel",
        "right_heel",
        "left_foot",
        "right_foot"
      ],
      "skeleton": [
        [
          1,
          2
        ],
        [
          0,
          1
        ],
        [
          0,
          2
        ],
        [
          1,
          3
        ],
        [
          2,
          4
        ],
        [
          5,
          6
        ],
        [
          5,
          7
        ],
        [
          7,
          9
        ],
        [
          6,
          8
        ],
        [
          8,
          10
        ],
        [
          5,
          11
        ],
        [
          6,
          12
        ],
        [
          11,
          12
        ],
        [
          11,
          13
        ],
        [
          13,
          15
        ],
        [
          12,
          14
        ],
        [
          14,
          16
        ],
        [
          16,
          18
        ],
        [
          16,
          20
        ],
        [
          20,
          18
        ],
        [
          15,
          17
        ],
        [
          15,
          19
        ],
        [
          19,
          17
        ]
      ]
    }
  ],
  "images": [
    {
      "file_name": "000000001084.jpg",
      "height": 1200,
      "width": 1600,
      "id": 0
    }
  ],
  "annotations": [
    {
      "category_id": 1,
      "image_id": 0,
      "id": 0,
      "bbox": [
        832.0266439909298,
        367.11592670895,
        299.01360544217675,
        582.9809725158561
      ],
      "area": 174319.2424961527,
      "keypoints": [
        973.9130434782609,
        426.0869565217391,
        2,
        987.7906976744187,
        417.7325581395349,
        2,
        964.5348837209302,
        415.69767441860466,
        2,
        1019.371727748691,
        420.94240837696333,
        2,
        961.7801047120419,
        425.6544502617801,
        0,
        1059.183673469388,
        452.0408163265306,
        2,
        951.0204081632654,
        437.75510204081627,
        2,
        1106.1224489795918,
        550.0,
        2,
        906.1224489795919,
        494.8979591836735,
        2,
        1022.4489795918369,
        545.9183673469388,
        2,
        856.9444444444445,
        518.0555555555555,
        2,
        1044.155844155844,
        680.5194805194805,
        2,
        953.8961038961039,
        672.7272727272727,
        2,
        996.7532467532468,
        796.1038961038961,
        2,
        938.3116883116883,
        794.8051948051948,
        2,
        1020.12987012987,
        872.7272727272727,
        2,
        981.8181818181818,
        868.8311688311688,
        2,
        1038.9610389610389,
        875.3246753246754,
        2,
        997.7272727272726,
        877.2727272727273,
        2,
        1017.4242424242424,
        901.5151515151515,
        2,
        976.5151515151514,
        890.9090909090909,
        2
      ],
      "num_keypoints": 20,
      "iscrowd": 0,
      "segmentation": [],
      "group_id": 1
    },
    {
      "category_id": 1,
      "image_id": 0,
      "id": 1,
      "bbox": [
        658.9181286549707,
        293.7593984962406,
        214.19457735247215,
        667.095010252905
      ],
      "area": 142888.13377506405,
      "keypoints": [
        751.2987012987013,
        358.4415584415584,
        2,
        748.0519480519481,
        349.35064935064935,
        2,
        730.976430976431,
        355.2188552188552,
        2,
        705.3872053872053,
        348.14814814814815,
        0,
        697.2477064220184,
        361.16207951070334,
        2,
        744.954128440367,
        418.0428134556575,
        2,
        676.7676767676767,
        428.9562289562289,
        2,
        810.6060606060606,
        493.93939393939394,
        2,
        740.9090909090909,
        530.3030303030303,
        2,
        855.2631578947369,
        496.49122807017545,
        2,
        823.6842105263158,
        501.75438596491233,
        2,
        742.9824561403509,
        631.578947368421,
        1,
        714.9122807017544,
        635.0877192982456,
        2,
        734.2105263157895,
        733.3333333333334,
        1,
        748.2456140350877,
        750.8771929824561,
        2,
        702.6315789473684,
        828.0701754385965,
        1,
        716.6666666666666,
        871.9298245614035,
        1,
        686.8421052631579,
        856.140350877193,
        1,
        697.3684210526316,
        892.9824561403509,
        1,
        730.7017543859649,
        852.6315789473684,
        1,
        732.4561403508771,
        905.2631578947369,
        2
      ],
      "num_keypoints": 20,
      "iscrowd": 0,
      "segmentation": [],
      "group_id": 2
    }
  ]
}