{
  "categories": [
    {
      "supercategory": "person",
      "id": 1,
      "name": "person",
      "keypoints": [
        "nose",
        "left_eye",
        "right_eye",
        "left_ear",
        "right_ear",
        "left_shoulder",
        "right_shoulder",
        "left_elbow",
        "right_elbow",
        "left_wrist",
        "right_wrist",
        "left_hip",
        "right_hip",
        "left_knee",
        "right_knee",
        "left_ankle",
        "right_ankle",
        "left_heel",
        "right_heel",
        "left_foot",
        "right_foot"
      ],
      "skeleton": [
        [
          1,
          2
        ],
        [
          0,
          1
        ],
        [
          0,
          2
        ],
        [
          1,
          3
        ],
        [
          2,
          4
        ],
        [
          5,
          6
        ],
        [
          5,
          7
        ],
        [
          7,
          9
        ],
        [
          6,
          8
        ],
        [
          8,
          10
        ],
        [
          5,
          11
        ],
        [
          6,
          12
        ],
        [
          11,
          12
        ],
        [
          11,
          13
        ],
        [
          13,
          15
        ],
        [
          12,
          14
        ],
        [
          14,
          16
        ],
        [
          16,
          18
        ],
        [
          16,
          20
        ],
        [
          20,
          18
        ],
        [
          15,
          17
        ],
        [
          15,
          19
        ],
        [
          19,
          17
        ]
      ]
    }
  ],
  "images": [
    {
      "file_name": "000000000598.jpg",
      "height": 1200,
      "width": 1600,
      "id": 0
    }
  ],
  "annotations": [
    {
      "category_id": 1,
      "image_id": 0,
      "id": 0,
      "bbox": [
        493.4534610215054,
        483.0004111842105,
        420.4939516129032,
        489.93256578947364
      ],
      "area": 206013.68061266444,
      "keypoints": [
        697.8260869565217,
        563.0434782608695,
        2,
        717.3684210526316,
        552.1052631578947,
        2,
        694.7521865889213,
        551.8950437317784,
        2,
        752.1865889212828,
        539.9416909620991,
        2,
        703.125,
        541.015625,
        0,
        785.15625,
        543.359375,
        2,
        682.03125,
        571.875,
        2,
        846.875,
        523.828125,
        2,
        624.609375,
        612.890625,
        2,
        878.90625,
        535.546875,
        2,
        528.494623655914,
        616.6666666666666,
        2,
        769.8924731182796,
        720.9677419354838,
        2,
        693.5897435897435,
        696.1538461538462,
        2,
        687.1794871794871,
        814.1025641025641,
        2,
        634.6153846153845,
        812.8205128205128,
        2,
        708.9743589743589,
        898.7179487179487,
        2,
        664.1025641025641,
        892.3076923076923,
        2,
        721.0526315789473,
        904.2105263157894,
        2,
        682.6315789473683,
        899.9999999999999,
        1,
        690.0,
        932.1052631578947,
        2,
        641.0526315789473,
        913.6842105263157,
        2
      ],
      "num_keypoints": 20,
      "iscrowd": 0,
      "segmentation": [],
      "group_id": 1
    },
    {
      "category_id": 1,
      "image_id": 0,
      "id": 1,
      "bbox": [
        777.4859378821227,
        315.1293103448276,
        146.03081438004415,
        537.4137931034484
      ],
      "area": 78478.97386596512,
      "keypoints": [
        851.7241379310344,
        373.2758620689655,
        2,
        861.6379310344827,
        359.9137931034483,
        2,
        842.6724137931034,
        360.3448275862069,
        2,
        872.8448275862069,
        362.0689655172414,
        2,
        822.8448275862069,
        360.3448275862069,
        2,
        893.5344827586206,
        400.0,
        2,
        791.4893617021277,
        426.9503546099291,
        2,
        911.3475177304965,
        495.74468085106383,
        2,
        773.049645390071,
        499.290780141844,
        0,
        865.9574468085107,
        497.1631205673759,
        2,
        829.7872340425532,
        507.0921985815603,
        2,
        895.0354609929078,
        566.6666666666667,
        2,
        833.3333333333333,
        583.3333333333334,
        2,
        897.4358974358975,
        689.7435897435897,
        2,
        833.3333333333333,
        702.5641025641025,
        2,
        869.230769230769,
        787.1794871794872,
        2,
        802.5862068965516,
        775.8620689655173,
        2,
        855.1724137931034,
        807.7586206896552,
        2,
        789.655172413793,
        770.6896551724138,
        2,
        880.1724137931034,
        800.8620689655173,
        2,
        791.3793103448276,
        791.3793103448277,
        2
      ],
      "num_keypoints": 20,
      "iscrowd": 0,
      "segmentation": [],
      "group_id": 2
    }
  ]
}