{
  "categories": [
    {
      "supercategory": "person",
      "id": 1,
      "name": "person",
      "keypoints": [
        "nose",
        "left_eye",
        "right_eye",
        "left_ear",
        "right_ear",
        "left_shoulder",
        "right_shoulder",
        "left_elbow",
        "right_elbow",
        "left_wrist",
        "right_wrist",
        "left_hip",
        "right_hip",
        "left_knee",
        "right_knee",
        "left_ankle",
        "right_ankle",
        "left_heel",
        "right_heel",
        "left_foot",
        "right_foot"
      ],
      "skeleton": [
        [
          1,
          2
        ],
        [
          0,
          1
        ],
        [
          0,
          2
        ],
        [
          1,
          3
        ],
        [
          2,
          4
        ],
        [
          5,
          6
        ],
        [
          5,
          7
        ],
        [
          7,
          9
        ],
        [
          6,
          8
        ],
        [
          8,
          10
        ],
        [
          5,
          11
        ],
        [
          6,
          12
        ],
        [
          11,
          12
        ],
        [
          11,
          13
        ],
        [
          13,
          15
        ],
        [
          12,
          14
        ],
        [
          14,
          16
        ],
        [
          16,
          18
        ],
        [
          16,
          20
        ],
        [
          20,
          18
        ],
        [
          15,
          17
        ],
        [
          15,
          19
        ],
        [
          19,
          17
        ]
      ]
    }
  ],
  "images": [
    {
      "file_name": "000000002032.jpg",
      "height": 1200,
      "width": 1600,
      "id": 0
    }
  ],
  "annotations": [
    {
      "category_id": 1,
      "image_id": 0,
      "id": 0,
      "bbox": [
        726.512089498376,
        189.40017666775572,
        328.91374954889955,
        821.6764075942933
      ],
      "area": 270260.6681377089,
      "keypoints": [
        914.3149284253578,
        299.3865030674847,
        2,
        928.2208588957054,
        281.799591002045,
        2,
        902.044989775051,
        282.2085889570552,
        2,
        967.484662576687,
        257.8732106339468,
        2,
        893.0470347648261,
        263.1901840490798,
        0,
        997.3415132924334,
        293.86503067484665,
        2,
        888.3435582822085,
        293.0470347648262,
        2,
        1018.8139059304704,
        447.0347648261759,
        2,
        863.3946830265849,
        444.37627811860943,
        2,
        1028.0163599182006,
        550.7157464212679,
        2,
        847.239263803681,
        525.7668711656443,
        1,
        955.4192229038854,
        570.9611451942741,
        2,
        872.3926380368098,
        561.3496932515338,
        2,
        912.4260355029586,
        722.4852071005918,
        2,
        830.7692307692308,
        691.7159763313609,
        2,
        885.207100591716,
        885.207100591716,
        2,
        800.0,
        862.7218934911243,
        2,
        903.5502958579882,
        915.3846153846154,
        2,
        818.3431952662722,
        881.0650887573964,
        2,
        852.0710059171598,
        942.603550295858,
        2,
        753.9215686274509,
        903.4313725490197,
        2
      ],
      "num_keypoints": 20,
      "iscrowd": 0,
      "segmentation": [],
      "group_id": 1
    },
    {
      "category_id": 1,
      "image_id": 0,
      "id": 1,
      "bbox": [
        674.4289154293874,
        308.29937189599764,
        200.3441391077066,
        673.4136722173532
      ],
      "area": 134914.48242374495,
      "keypoints": [
        778.7321063394683,
        380.77709611451945,
        2,
        780.7770961145194,
        370.55214723926383,
        1,
        770.5521472392637,
        368.91615541922295,
        2,
        749.4887525562372,
        369.120654396728,
        0,
        727.6073619631901,
        364.4171779141104,
        2,
        758.8957055214723,
        426.9938650306749,
        1,
        713.2924335378323,
        440.6952965235174,
        2,
        830.8793456032719,
        496.72801635991823,
        2,
        809.6114519427402,
        473.61963190184053,
        2,
        854.8057259713701,
        468.91615541922295,
        0,
        858.0777096114518,
        400.0,
        2,
        784.8670756646217,
        659.1002044989775,
        2,
        734.3558282208588,
        663.1901840490798,
        2,
        768.6390532544378,
        748.5207100591716,
        2,
        717.1597633136095,
        751.4792899408284,
        2,
        771.5976331360947,
        842.0118343195267,
        2,
        708.8757396449704,
        886.9822485207101,
        2,
        752.6627218934912,
        855.0295857988166,
        2,
        691.1242603550296,
        900.0,
        2,
        826.6272189349113,
        862.1301775147929,
        1,
        731.547619047619,
        925.5952380952381,
        2
      ],
      "num_keypoints": 19,
      "iscrowd": 0,
      "segmentation": [],
      "group_id": 2
    }
  ]
}