{
  "categories": [
    {
      "supercategory": "person",
      "id": 1,
      "name": "person",
      "keypoints": [
        "nose",
        "left_eye",
        "right_eye",
        "left_ear",
        "right_ear",
        "left_shoulder",
        "right_shoulder",
        "left_elbow",
        "right_elbow",
        "left_wrist",
        "right_wrist",
        "left_hip",
        "right_hip",
        "left_knee",
        "right_knee",
        "left_ankle",
        "right_ankle",
        "left_heel",
        "right_heel",
        "left_foot",
        "right_foot"
      ],
      "skeleton": [
        [
          1,
          2
        ],
        [
          0,
          1
        ],
        [
          0,
          2
        ],
        [
          1,
          3
        ],
        [
          2,
          4
        ],
        [
          5,
          6
        ],
        [
          5,
          7
        ],
        [
          7,
          9
        ],
        [
          6,
          8
        ],
        [
          8,
          10
        ],
        [
          5,
          11
        ],
        [
          6,
          12
        ],
        [
          11,
          12
        ],
        [
          11,
          13
        ],
        [
          13,
          15
        ],
        [
          12,
          14
        ],
        [
          14,
          16
        ],
        [
          16,
          18
        ],
        [
          16,
          20
        ],
        [
          20,
          18
        ],
        [
          15,
          17
        ],
        [
          15,
          19
        ],
        [
          19,
          17
        ]
      ]
    }
  ],
  "images": [
    {
      "file_name": "000000000955.jpg",
      "height": 1200,
      "width": 1600,
      "id": 0
    }
  ],
  "annotations": [
    {
      "category_id": 1,
      "image_id": 0,
      "id": 0,
      "bbox": [
        570.2482269503547,
        312.28967962827096,
        242.127659574468,
        669.7652237710932
      ],
      "area": 162168.68609606466,
      "keypoints": [
        617.391304347826,
        379.3478260869565,
        2,
        635.7758620689655,
        368.1034482758621,
        2,
        614.2241379310344,
        368.1034482758621,
        2,
        669.8275862068965,
        380.6034482758621,
        2,
        630.4964539007093,
        379.7872340425532,
        0,
        722.3404255319149,
        447.5177304964539,
        2,
        601.0638297872341,
        440.78014184397165,
        2,
        789.0070921985816,
        521.985815602837,
        2,
        601.7730496453901,
        552.8368794326242,
        1,
        792.1985815602837,
        563.8297872340426,
        2,
        590.4255319148937,
        632.2695035460994,
        2,
        691.8439716312057,
        632.6241134751773,
        2,
        616.6666666666666,
        630.7692307692307,
        1,
        657.6923076923076,
        782.051282051282,
        2,
        638.4615384615385,
        770.5128205128206,
        1,
        685.8974358974358,
        900.0,
        2,
        661.5384615384614,
        874.3589743589744,
        1,
        699.290780141844,
        926.2411347517731,
        2,
        671.6312056737589,
        900.0,
        1,
        668.0851063829788,
        925.5319148936171,
        2,
        643.9716312056738,
        904.2553191489362,
        2
      ],
      "num_keypoints": 20,
      "iscrowd": 0,
      "segmentation": [],
      "group_id": 1
    }
  ]
}