{
  "categories": [
    {
      "supercategory": "person",
      "id": 1,
      "name": "person",
      "keypoints": [
        "nose",
        "left_eye",
        "right_eye",
        "left_ear",
        "right_ear",
        "left_shoulder",
        "right_shoulder",
        "left_elbow",
        "right_elbow",
        "left_wrist",
        "right_wrist",
        "left_hip",
        "right_hip",
        "left_knee",
        "right_knee",
        "left_ankle",
        "right_ankle",
        "left_heel",
        "right_heel",
        "left_foot",
        "right_foot"
      ],
      "skeleton": [
        [
          1,
          2
        ],
        [
          0,
          1
        ],
        [
          0,
          2
        ],
        [
          1,
          3
        ],
        [
          2,
          4
        ],
        [
          5,
          6
        ],
        [
          5,
          7
        ],
        [
          7,
          9
        ],
        [
          6,
          8
        ],
        [
          8,
          10
        ],
        [
          5,
          11
        ],
        [
          6,
          12
        ],
        [
          11,
          12
        ],
        [
          11,
          13
        ],
        [
          13,
          15
        ],
        [
          12,
          14
        ],
        [
          14,
          16
        ],
        [
          16,
          18
        ],
        [
          16,
          20
        ],
        [
          20,
          18
        ],
        [
          15,
          17
        ],
        [
          15,
          19
        ],
        [
          19,
          17
        ]
      ]
    }
  ],
  "images": [
    {
      "file_name": "000000001409.jpg",
      "height": 1200,
      "width": 1600,
      "id": 0
    }
  ],
  "annotations": [
    {
      "category_id": 1,
      "image_id": 0,
      "id": 0,
      "bbox": [
        818.2889014936661,
        237.18007412252018,
        217.74248440158817,
        549.5225637671681
      ],
      "area": 119654.40826939335,
      "keypoints": [
        935.2517985611511,
        294.24460431654677,
        2,
        943.6450839328537,
        282.9736211031175,
        2,
        933.0065359477125,
        285.9477124183006,
        2,
        979.0849673202614,
        292.6470588235294,
        2,
        959.349593495935,
        295.1219512195122,
        0,
        997.5609756097562,
        340.650406504065,
        2,
        921.9512195121952,
        340.650406504065,
        2,
        1017.8861788617886,
        373.1707317073171,
        2,
        867.3469387755102,
        409.1836734693877,
        2,
        1015.8878504672897,
        381.93146417445485,
        2,
        836.4341085271318,
        447.28682170542635,
        2,
        983.7662337662338,
        527.2727272727273,
        2,
        911.038961038961,
        511.68831168831167,
        1,
        955.1948051948051,
        633.7662337662338,
        2,
        912.3376623376624,
        627.2727272727273,
        1,
        985.7142857142858,
        700.0,
        2,
        912.9870129870129,
        706.4935064935065,
        2,
        1007.7922077922077,
        720.7792207792207,
        2,
        915.9090909090909,
        736.3636363636364,
        2,
        973.4848484848484,
        740.9090909090909,
        2,
        865.9090909090909,
        731.8181818181818,
        2
      ],
      "num_keypoints": 20,
      "iscrowd": 0,
      "segmentation": [],
      "group_id": 1
    },
    {
      "category_id": 1,
      "image_id": 0,
      "id": 1,
      "bbox": [
        536.4,
        278.53333333333336,
        115.20000000000005,
        675.7818181818182
      ],
      "area": 77850.06545454549,
      "keypoints": [
        635.7142857142857,
        350.64935064935065,
        1,
        629.5454545454545,
        334.8484848484849,
        1,
        636.9369369369368,
        336.48648648648646,
        2,
        597.2972972972973,
        336.9369369369369,
        0,
        612.1621621621621,
        343.69369369369366,
        2,
        553.6036036036036,
        409.4594594594594,
        0,
        599.5495495495495,
        428.8288288288288,
        2,
        624.2424242424242,
        528.7878787878788,
        0,
        627.2727272727273,
        548.4848484848485,
        2,
        611.3333333333333,
        583.3333333333334,
        2,
        620.6666666666666,
        606.0,
        0,
        591.3333333333333,
        626.0,
        2,
        594.0,
        632.6666666666666,
        2,
        610.0,
        742.0,
        1,
        631.3333333333333,
        746.0,
        2,
        570.0,
        832.6666666666666,
        1,
        586.0,
        859.3333333333334,
        2,
        546.0,
        867.3333333333334,
        2,
        548.6666666666666,
        898.0,
        2,
        632.6666666666666,
        843.3333333333334,
        2,
        642.0,
        891.3333333333334,
        2
      ],
      "num_keypoints": 17,
      "iscrowd": 0,
      "segmentation": [],
      "group_id": 2
    }
  ]
}