{
  "categories": [
    {
      "supercategory": "person",
      "id": 1,
      "name": "person",
      "keypoints": [
        "nose",
        "left_eye",
        "right_eye",
        "left_ear",
        "right_ear",
        "left_shoulder",
        "right_shoulder",
        "left_elbow",
        "right_elbow",
        "left_wrist",
        "right_wrist",
        "left_hip",
        "right_hip",
        "left_knee",
        "right_knee",
        "left_ankle",
        "right_ankle",
        "left_heel",
        "right_heel",
        "left_foot",
        "right_foot"
      ],
      "skeleton": [
        [
          1,
          2
        ],
        [
          0,
          1
        ],
        [
          0,
          2
        ],
        [
          1,
          3
        ],
        [
          2,
          4
        ],
        [
          5,
          6
        ],
        [
          5,
          7
        ],
        [
          7,
          9
        ],
        [
          6,
          8
        ],
        [
          8,
          10
        ],
        [
          5,
          11
        ],
        [
          6,
          12
        ],
        [
          11,
          12
        ],
        [
          11,
          13
        ],
        [
          13,
          15
        ],
        [
          12,
          14
        ],
        [
          14,
          16
        ],
        [
          16,
          18
        ],
        [
          16,
          20
        ],
        [
          20,
          18
        ],
        [
          15,
          17
        ],
        [
          15,
          19
        ],
        [
          19,
          17
        ]
      ]
    }
  ],
  "images": [
    {
      "file_name": "000000000994.jpg",
      "height": 1200,
      "width": 1600,
      "id": 0
    }
  ],
  "annotations": [
    {
      "category_id": 1,
      "image_id": 0,
      "id": 0,
      "bbox": [
        834.7844827586206,
        194.2248062015504,
        208.44827586206895,
        697.2093023255813
      ],
      "area": 145332.0769847634,
      "keypoints": [
        868.1415929203539,
        279.646017699115,
        2,
        885.4651162790698,
        262.2093023255814,
        2,
        857.5581395348837,
        264.5348837209302,
        2,
        921.5116279069767,
        252.32558139534885,
        2,
        875.4310344827586,
        250.86206896551727,
        0,
        986.6379310344827,
        315.948275862069,
        2,
        852.155172413793,
        310.3448275862069,
        2,
        1019.8275862068965,
        418.96551724137936,
        2,
        862.0689655172413,
        424.1379310344828,
        2,
        1025.8620689655172,
        537.5,
        2,
        854.3103448275862,
        521.1206896551724,
        2,
        988.659793814433,
        509.27835051546396,
        2,
        911.5384615384614,
        491.025641025641,
        2,
        944.8717948717947,
        639.7435897435897,
        2,
        914.102564102564,
        633.3333333333334,
        1,
        942.3076923076922,
        784.6153846153846,
        2,
        919.230769230769,
        776.9230769230769,
        2,
        960.2564102564103,
        791.025641025641,
        2,
        928.8461538461538,
        789.1025641025641,
        1,
        935.2564102564103,
        833.3333333333333,
        2,
        894.8717948717948,
        823.0769230769231,
        2
      ],
      "num_keypoints": 20,
      "iscrowd": 0,
      "segmentation": [],
      "group_id": 1
    },
    {
      "category_id": 1,
      "image_id": 0,
      "id": 1,
      "bbox": [
        675.5824175824176,
        327.0252976190476,
        195.86813186813174,
        664.2678571428572
      ],
      "area": 130108.90423861846,
      "keypoints": [
        745.7142857142857,
        394.76190476190476,
        2,
        745.7142857142857,
        382.38095238095235,
        1,
        735.2380952380952,
        389.04761904761904,
        2,
        715.2380952380952,
        381.90476190476187,
        0,
        691.9047619047619,
        389.5238095238095,
        2,
        733.9743589743589,
        435.2564102564102,
        1,
        699.3589743589744,
        456.4102564102564,
        2,
        797.4358974358975,
        509.6153846153846,
        2,
        807.6923076923076,
        485.89743589743586,
        2,
        839.1025641025641,
        471.15384615384613,
        2,
        855.1282051282051,
        403.2051282051282,
        2,
        749.9999999999999,
        598.7179487179487,
        0,
        728.2051282051282,
        642.3076923076923,
        2,
        756.4102564102564,
        764.1025641025641,
        0,
        748.7179487179486,
        787.1794871794872,
        2,
        718.75,
        852.34375,
        0,
        722.65625,
        903.125,
        2,
        703.90625,
        870.3125,
        0,
        715.625,
        935.9375,
        1,
        742.1875,
        864.84375,
        1,
        745.3125,
        928.125,
        2
      ],
      "num_keypoints": 16,
      "iscrowd": 0,
      "segmentation": [],
      "group_id": 2
    },
    {
      "category_id": 1,
      "image_id": 0,
      "id": 2,
      "bbox": [
        1103.5714285714284,
        265.04761904761904,
        94.28571428571445,
        339.42857142857144
      ],
      "area": 32003.265306122506,
      "keypoints": [
        1150.952380952381,
        300.0,
        2,
        1158.095238095238,
        294.76190476190476,
        2,
        1144.2857142857142,
        294.2857142857143,
        2,
        1166.6666666666665,
        299.04761904761904,
        2,
        1137.142857142857,
        293.3333333333333,
        2,
        1187.142857142857,
        335.7142857142857,
        2,
        1127.6190476190475,
        330.4761904761905,
        2,
        1190.0,
        399.5238095238095,
        2,
        1116.6666666666665,
        389.04761904761904,
        2,
        1179.5238095238094,
        435.23809523809524,
        2,
        1111.4285714285713,
        424.2857142857143,
        2,
        1164.2857142857142,
        440.9523809523809,
        2,
        1129.5238095238094,
        436.19047619047615,
        2,
        1158.5714285714284,
        510.9523809523809,
        2,
        1128.5714285714284,
        502.85714285714283,
        1,
        1141.4285714285713,
        565.7142857142857,
        2,
        1150.4761904761904,
        557.6190476190476,
        0,
        1143.3333333333333,
        575.2380952380952,
        1,
        1155.2380952380952,
        570.952380952381,
        1,
        1129.047619047619,
        576.1904761904761,
        2,
        1138.095238095238,
        568.0952380952381,
        0
      ],
      "num_keypoints": 19,
      "iscrowd": 0,
      "segmentation": [],
      "group_id": 3
    }
  ]
}