{
  "categories": [
    {
      "supercategory": "person",
      "id": 1,
      "name": "person",
      "keypoints": [
        "nose",
        "left_eye",
        "right_eye",
        "left_ear",
        "right_ear",
        "left_shoulder",
        "right_shoulder",
        "left_elbow",
        "right_elbow",
        "left_wrist",
        "right_wrist",
        "left_hip",
        "right_hip",
        "left_knee",
        "right_knee",
        "left_ankle",
        "right_ankle",
        "left_heel",
        "right_heel",
        "left_foot",
        "right_foot"
      ],
      "skeleton": [
        [
          1,
          2
        ],
        [
          0,
          1
        ],
        [
          0,
          2
        ],
        [
          1,
          3
        ],
        [
          2,
          4
        ],
        [
          5,
          6
        ],
        [
          5,
          7
        ],
        [
          7,
          9
        ],
        [
          6,
          8
        ],
        [
          8,
          10
        ],
        [
          5,
          11
        ],
        [
          6,
          12
        ],
        [
          11,
          12
        ],
        [
          11,
          13
        ],
        [
          13,
          15
        ],
        [
          12,
          14
        ],
        [
          14,
          16
        ],
        [
          16,
          18
        ],
        [
          16,
          20
        ],
        [
          20,
          18
        ],
        [
          15,
          17
        ],
        [
          15,
          19
        ],
        [
          19,
          17
        ]
      ]
    }
  ],
  "images": [
    {
      "file_name": "000000001631.jpg",
      "height": 1200,
      "width": 1600,
      "id": 0
    }
  ],
  "annotations": [
    {
      "category_id": 1,
      "image_id": 0,
      "id": 0,
      "bbox": [
        809.3055555555557,
        378.6222222222222,
        246.66666666666674,
        544.5333333333333
      ],
      "area": 134318.22222222225,
      "keypoints": [
        983.0,
        434.0,
        2,
        993.0,
        424.0,
        2,
        972.9166666666669,
        425.0,
        2,
        1011.8055555555555,
        429.1666666666667,
        1,
        952.0833333333334,
        426.3888888888889,
        1,
        1035.4166666666667,
        468.0555555555556,
        2,
        940.9722222222223,
        462.5,
        2,
        1015.9722222222223,
        523.6111111111111,
        2,
        889.5833333333334,
        508.33333333333337,
        2,
        970.138888888889,
        554.1666666666667,
        2,
        829.8611111111112,
        540.2777777777778,
        2,
        1000.6944444444445,
        638.8888888888889,
        2,
        943.7500000000001,
        636.1111111111111,
        2,
        999.3055555555555,
        750.0,
        2,
        943.7500000000001,
        756.9444444444445,
        2,
        990.9722222222223,
        845.8333333333334,
        2,
        953.4722222222223,
        840.2777777777778,
        2,
        1004.8611111111112,
        866.6666666666667,
        2,
        968.7500000000001,
        862.5000000000001,
        1,
        981.2500000000001,
        877.7777777777778,
        2,
        945.138888888889,
        872.2222222222223,
        2
      ],
      "num_keypoints": 21,
      "iscrowd": 0,
      "segmentation": [],
      "group_id": 1
    },
    {
      "category_id": 1,
      "image_id": 0,
      "id": 1,
      "bbox": [
        632.8571428571429,
        358.04761904761904,
        268.051948051948,
        565.7662337662339
      ],
      "area": 151654.74110305277,
      "keypoints": [
        720.1298701298701,
        416.8831168831169,
        2,
        729.2207792207791,
        405.1948051948052,
        2,
        713.6363636363636,
        405.1948051948052,
        2,
        701.9480519480519,
        407.79220779220776,
        0,
        677.2727272727273,
        411.68831168831167,
        2,
        737.012987012987,
        462.3376623376623,
        2,
        655.1948051948052,
        483.1168831168831,
        2,
        809.7402597402597,
        485.7142857142857,
        2,
        733.1168831168831,
        522.077922077922,
        2,
        878.5714285714286,
        497.4025974025974,
        1,
        821.4285714285714,
        507.79220779220776,
        2,
        739.6103896103896,
        637.6623376623377,
        2,
        688.961038961039,
        651.9480519480519,
        2,
        729.8701298701299,
        748.051948051948,
        2,
        692.2077922077922,
        754.5454545454545,
        2,
        719.1666666666667,
        828.3333333333334,
        2,
        675.8333333333334,
        858.3333333333334,
        2,
        709.1666666666667,
        863.3333333333334,
        1,
        669.1666666666667,
        876.6666666666667,
        2,
        735.8333333333334,
        851.6666666666667,
        2,
        705.8333333333334,
        875.0000000000001,
        2
      ],
      "num_keypoints": 20,
      "iscrowd": 0,
      "segmentation": [],
      "group_id": 2
    }
  ]
}