{
  "categories": [
    {
      "supercategory": "person",
      "id": 1,
      "name": "person",
      "keypoints": [
        "nose",
        "left_eye",
        "right_eye",
        "left_ear",
        "right_ear",
        "left_shoulder",
        "right_shoulder",
        "left_elbow",
        "right_elbow",
        "left_wrist",
        "right_wrist",
        "left_hip",
        "right_hip",
        "left_knee",
        "right_knee",
        "left_ankle",
        "right_ankle",
        "left_heel",
        "right_heel",
        "left_foot",
        "right_foot"
      ],
      "skeleton": [
        [
          1,
          2
        ],
        [
          0,
          1
        ],
        [
          0,
          2
        ],
        [
          1,
          3
        ],
        [
          2,
          4
        ],
        [
          5,
          6
        ],
        [
          5,
          7
        ],
        [
          7,
          9
        ],
        [
          6,
          8
        ],
        [
          8,
          10
        ],
        [
          5,
          11
        ],
        [
          6,
          12
        ],
        [
          11,
          12
        ],
        [
          11,
          13
        ],
        [
          13,
          15
        ],
        [
          12,
          14
        ],
        [
          14,
          16
        ],
        [
          16,
          18
        ],
        [
          16,
          20
        ],
        [
          20,
          18
        ],
        [
          15,
          17
        ],
        [
          15,
          19
        ],
        [
          19,
          17
        ]
      ]
    }
  ],
  "images": [
    {
      "file_name": "000000001875.jpg",
      "height": 1200,
      "width": 1600,
      "id": 0
    }
  ],
  "annotations": [
    {
      "category_id": 1,
      "image_id": 0,
      "id": 0,
      "bbox": [
        882.8760822510823,
        245.69985569985573,
        230.48701298701314,
        518.2683982683982
      ],
      "area": 119454.1350424468,
      "keypoints": [
        915.9722222222223,
        319.44444444444446,
        2,
        925.6944444444445,
        301.3888888888889,
        2,
        906.2500000000001,
        302.77777777777777,
        2,
        970.138888888889,
        288.8888888888889,
        2,
        893.7500000000001,
        290.27777777777777,
        0,
        1031.25,
        330.55555555555554,
        2,
        907.6388888888889,
        330.55555555555554,
        2,
        1052.0833333333333,
        434.72222222222223,
        2,
        903.4722222222223,
        416.6666666666667,
        2,
        1061.8055555555554,
        520.8333333333334,
        2,
        902.0833333333334,
        502.77777777777777,
        2,
        1020.138888888889,
        543.0555555555555,
        1,
        965.9722222222223,
        537.5,
        2,
        1060.4166666666667,
        622.2222222222223,
        2,
        1003.4722222222223,
        641.6666666666667,
        2,
        1079.861111111111,
        662.5,
        2,
        1045.138888888889,
        681.9444444444445,
        2,
        1094.1558441558443,
        664.9350649350649,
        1,
        1062.987012987013,
        685.7142857142857,
        2,
        1081.1688311688313,
        709.0909090909091,
        2,
        1042.2077922077922,
        720.7792207792207,
        2
      ],
      "num_keypoints": 20,
      "iscrowd": 0,
      "segmentation": [],
      "group_id": 1
    },
    {
      "category_id": 1,
      "image_id": 0,
      "id": 1,
      "bbox": [
        684.7781385281386,
        318.57142857142856,
        232.66233766233756,
        634.2857142857144
      ],
      "area": 147574.39703153988,
      "keypoints": [
        777.2727272727273,
        390.9090909090909,
        1,
        765.5844155844155,
        376.6233766233766,
        0,
        774.6753246753246,
        371.42857142857144,
        1,
        760.3896103896103,
        375.3246753246753,
        0,
        743.5064935064935,
        377.9220779220779,
        2,
        768.1818181818181,
        431.16883116883116,
        2,
        729.2207792207791,
        471.42857142857144,
        2,
        846.1038961038961,
        451.94805194805195,
        2,
        811.038961038961,
        525.974025974026,
        2,
        898.051948051948,
        403.8961038961039,
        1,
        870.7792207792207,
        500.0,
        2,
        783.7662337662338,
        636.3636363636364,
        1,
        744.8051948051948,
        640.2597402597403,
        2,
        775.3246753246752,
        727.2727272727273,
        2,
        725.974025974026,
        744.1558441558442,
        2,
        769.1666666666667,
        816.6666666666667,
        2,
        719.1666666666667,
        886.6666666666667,
        2,
        769.1666666666667,
        841.6666666666667,
        2,
        704.1666666666667,
        900.0000000000001,
        2,
        812.5,
        833.3333333333334,
        2,
        739.1666666666667,
        895.0000000000001,
        2
      ],
      "num_keypoints": 19,
      "iscrowd": 0,
      "segmentation": [],
      "group_id": 2
    }
  ]
}