{
  "categories": [
    {
      "supercategory": "person",
      "id": 1,
      "name": "person",
      "keypoints": [
        "nose",
        "left_eye",
        "right_eye",
        "left_ear",
        "right_ear",
        "left_shoulder",
        "right_shoulder",
        "left_elbow",
        "right_elbow",
        "left_wrist",
        "right_wrist",
        "left_hip",
        "right_hip",
        "left_knee",
        "right_knee",
        "left_ankle",
        "right_ankle",
        "left_heel",
        "right_heel",
        "left_foot",
        "right_foot"
      ],
      "skeleton": [
        [
          1,
          2
        ],
        [
          0,
          1
        ],
        [
          0,
          2
        ],
        [
          1,
          3
        ],
        [
          2,
          4
        ],
        [
          5,
          6
        ],
        [
          5,
          7
        ],
        [
          7,
          9
        ],
        [
          6,
          8
        ],
        [
          8,
          10
        ],
        [
          5,
          11
        ],
        [
          6,
          12
        ],
        [
          11,
          12
        ],
        [
          11,
          13
        ],
        [
          13,
          15
        ],
        [
          12,
          14
        ],
        [
          14,
          16
        ],
        [
          16,
          18
        ],
        [
          16,
          20
        ],
        [
          20,
          18
        ],
        [
          15,
          17
        ],
        [
          15,
          19
        ],
        [
          19,
          17
        ]
      ]
    }
  ],
  "images": [
    {
      "file_name": "000000001231.jpg",
      "height": 1200,
      "width": 1600,
      "id": 0
    }
  ],
  "annotations": [
    {
      "category_id": 1,
      "image_id": 0,
      "id": 0,
      "bbox": [
        831.0575139146569,
        269.96339633963396,
        239.55473098330242,
        522.023402340234
      ],
      "area": 125053.17571460301,
      "keypoints": [
        865.6862745098039,
        334.3137254901961,
        2,
        873.8219895287957,
        318.84816753926697,
        2,
        853.1976744186047,
        322.3837209302326,
        2,
        912.0792079207921,
        313.46534653465346,
        2,
        852.5925925925925,
        312.22222222222223,
        0,
        967.3469387755102,
        358.1632653061224,
        2,
        851.0204081632654,
        356.1224489795918,
        2,
        1006.1224489795919,
        474.48979591836735,
        2,
        865.3061224489796,
        466.32653061224494,
        2,
        1012.2448979591838,
        562.2448979591836,
        2,
        863.18407960199,
        526.865671641791,
        0,
        999.3506493506494,
        540.2597402597403,
        2,
        916.2337662337662,
        532.4675324675325,
        2,
        1005.8441558441558,
        628.5714285714286,
        2,
        953.8961038961039,
        642.8571428571429,
        2,
        1043.5064935064934,
        714.2857142857142,
        2,
        990.9090909090909,
        696.1038961038961,
        2,
        1050.6493506493507,
        715.5844155844155,
        2,
        1009.8484848484849,
        707.5757575757576,
        2,
        1044.6969696969695,
        748.4848484848485,
        2,
        1005.3030303030304,
        733.3333333333334,
        2
      ],
      "num_keypoints": 19,
      "iscrowd": 0,
      "segmentation": [],
      "group_id": 1
    },
    {
      "category_id": 1,
      "image_id": 0,
      "id": 1,
      "bbox": [
        728.531941031941,
        346.00403034613555,
        173.83292383292394,
        564.167852062589
      ],
      "area": 98070.94725658033,
      "keypoints": [
        817.5324675324674,
        406.49350649350646,
        2,
        818.1818181818182,
        390.9090909090909,
        0,
        814.1891891891892,
        393.018018018018,
        2,
        808.6378737541528,
        372.4252491694352,
        0,
        779.7297297297297,
        396.6216216216216,
        2,
        830.4054054054053,
        445.045045045045,
        2,
        743.018018018018,
        458.5585585585585,
        2,
        887.8787878787879,
        500.0,
        1,
        775.7575757575758,
        553.030303030303,
        2,
        876.3157894736842,
        471.92982456140356,
        0,
        842.9824561403509,
        521.0526315789474,
        2,
        825.438596491228,
        633.3333333333334,
        2,
        762.280701754386,
        649.1228070175439,
        2,
        820.1754385964912,
        722.8070175438596,
        2,
        771.0526315789474,
        747.3684210526316,
        2,
        799.1228070175439,
        807.0175438596491,
        2,
        767.5438596491229,
        835.0877192982456,
        2,
        788.5964912280701,
        833.3333333333334,
        2,
        757.0175438596491,
        863.1578947368421,
        2,
        827.1929824561403,
        833.3333333333334,
        2,
        783.3333333333334,
        856.140350877193,
        2
      ],
      "num_keypoints": 18,
      "iscrowd": 0,
      "segmentation": [],
      "group_id": 2
    }
  ]
}