{
  "categories": [
    {
      "supercategory": "person",
      "id": 1,
      "name": "person",
      "keypoints": [
        "nose",
        "left_eye",
        "right_eye",
        "left_ear",
        "right_ear",
        "left_shoulder",
        "right_shoulder",
        "left_elbow",
        "right_elbow",
        "left_wrist",
        "right_wrist",
        "left_hip",
        "right_hip",
        "left_knee",
        "right_knee",
        "left_ankle",
        "right_ankle",
        "left_heel",
        "right_heel",
        "left_foot",
        "right_foot"
      ],
      "skeleton": [
        [
          1,
          2
        ],
        [
          0,
          1
        ],
        [
          0,
          2
        ],
        [
          1,
          3
        ],
        [
          2,
          4
        ],
        [
          5,
          6
        ],
        [
          5,
          7
        ],
        [
          7,
          9
        ],
        [
          6,
          8
        ],
        [
          8,
          10
        ],
        [
          5,
          11
        ],
        [
          6,
          12
        ],
        [
          11,
          12
        ],
        [
          11,
          13
        ],
        [
          13,
          15
        ],
        [
          12,
          14
        ],
        [
          14,
          16
        ],
        [
          16,
          18
        ],
        [
          16,
          20
        ],
        [
          20,
          18
        ],
        [
          15,
          17
        ],
        [
          15,
          19
        ],
        [
          19,
          17
        ]
      ]
    }
  ],
  "images": [
    {
      "file_name": "000000000153.jpg",
      "height": 1200,
      "width": 1600,
      "id": 0
    }
  ],
  "annotations": [
    {
      "category_id": 1,
      "image_id": 0,
      "id": 0,
      "bbox": [
        800.9771777563484,
        317.50457516339867,
        282.3915139826421,
        672.2980392156865
      ],
      "area": 189851.2611416794,
      "keypoints": [
        909.016393442623,
        386.88524590163934,
        2,
        927.4509803921568,
        375.4901960784314,
        2,
        899.0196078431372,
        373.52941176470586,
        1,
        957.5221238938052,
        381.4159292035398,
        2,
        891.8918918918919,
        382.16216216216213,
        1,
        991.3513513513514,
        427.56756756756755,
        2,
        869.7297297297297,
        410.27027027027026,
        2,
        1059.8360655737704,
        491.8032786885246,
        2,
        838.5245901639344,
        452.45901639344265,
        2,
        1001.9607843137255,
        537.2549019607843,
        2,
        824.5098039215686,
        522.5490196078431,
        2,
        958.1967213114754,
        652.4590163934427,
        2,
        890.983606557377,
        655.7377049180328,
        2,
        964.7540983606557,
        796.7213114754098,
        2,
        882.7868852459017,
        795.0819672131148,
        2,
        963.8554216867469,
        880.7228915662649,
        2,
        892.7710843373493,
        861.4457831325301,
        2,
        979.646017699115,
        922.1238938053096,
        2,
        917.2619047619048,
        908.3333333333334,
        2,
        953.3333333333334,
        933.7777777777778,
        2,
        879.4117647058823,
        922.5490196078431,
        2
      ],
      "num_keypoints": 21,
      "iscrowd": 0,
      "segmentation": [],
      "group_id": 1
    },
    {
      "category_id": 1,
      "image_id": 0,
      "id": 1,
      "bbox": [
        622.4466423737636,
        328.52588235294115,
        187.27745965642907,
        663.5717647058823
      ],
      "area": 124272.03439385131,
      "keypoints": [
        702.4,
        396.0,
        2,
        704.4117647058823,
        383.8235294117647,
        1,
        693.1372549019608,
        385.29411764705884,
        2,
        667.156862745098,
        384.3137254901961,
        0,
        645.5882352941177,
        393.1372549019608,
        2,
        700.8849557522124,
        440.70796460176985,
        1,
        638.0530973451326,
        468.14159292035396,
        2,
        764.7058823529412,
        500.0,
        2,
        724.5098039215686,
        545.0980392156863,
        2,
        819.6078431372549,
        467.6470588235294,
        0,
        794.1176470588235,
        521.5686274509803,
        2,
        724.7787610619469,
        653.0973451327433,
        2,
        683.1858407079645,
        663.716814159292,
        2,
        715.2173913043478,
        781.5217391304348,
        2,
        672.8260869565217,
        791.3043478260869,
        2,
        695.6521739130435,
        855.4347826086956,
        2,
        660.8695652173913,
        880.4347826086956,
        2,
        694.7368421052631,
        888.8157894736842,
        2,
        640.0,
        916.0,
        2,
        752.0,
        885.6,
        2,
        688.8,
        936.8,
        2
      ],
      "num_keypoints": 19,
      "iscrowd": 0,
      "segmentation": [],
      "group_id": 2
    }
  ]
}