{
  "categories": [
    {
      "supercategory": "person",
      "id": 1,
      "name": "person",
      "keypoints": [
        "nose",
        "left_eye",
        "right_eye",
        "left_ear",
        "right_ear",
        "left_shoulder",
        "right_shoulder",
        "left_elbow",
        "right_elbow",
        "left_wrist",
        "right_wrist",
        "left_hip",
        "right_hip",
        "left_knee",
        "right_knee",
        "left_ankle",
        "right_ankle",
        "left_heel",
        "right_heel",
        "left_foot",
        "right_foot"
      ],
      "skeleton": [
        [
          1,
          2
        ],
        [
          0,
          1
        ],
        [
          0,
          2
        ],
        [
          1,
          3
        ],
        [
          2,
          4
        ],
        [
          5,
          6
        ],
        [
          5,
          7
        ],
        [
          7,
          9
        ],
        [
          6,
          8
        ],
        [
          8,
          10
        ],
        [
          5,
          11
        ],
        [
          6,
          12
        ],
        [
          11,
          12
        ],
        [
          11,
          13
        ],
        [
          13,
          15
        ],
        [
          12,
          14
        ],
        [
          14,
          16
        ],
        [
          16,
          18
        ],
        [
          16,
          20
        ],
        [
          20,
          18
        ],
        [
          15,
          17
        ],
        [
          15,
          19
        ],
        [
          19,
          17
        ]
      ]
    }
  ],
  "images": [
    {
      "file_name": "000000000306.jpg",
      "height": 1200,
      "width": 1600,
      "id": 0
    }
  ],
  "annotations": [
    {
      "category_id": 1,
      "image_id": 0,
      "id": 0,
      "bbox": [
        623.5294117647059,
        280.9920020639835,
        411.7647058823529,
        520.201238390093
      ],
      "area": 214200.5099253324,
      "keypoints": [
        802.4590163934427,
        336.0655737704918,
        2,
        815.7894736842105,
        324.3421052631579,
        1,
        799.3421052631579,
        324.3421052631579,
        1,
        845.6521739130435,
        330.4347826086956,
        2,
        815.9420289855071,
        332.6086956521739,
        0,
        888.4057971014493,
        392.75362318840575,
        2,
        803.9215686274509,
        378.4313725490196,
        1,
        957.843137254902,
        460.78431372549016,
        2,
        839.2156862745098,
        472.54901960784315,
        0,
        1000.9803921568628,
        535.2941176470588,
        2,
        896.078431372549,
        518.6274509803922,
        0,
        816.6666666666666,
        585.2941176470588,
        2,
        768.6274509803922,
        532.3529411764706,
        2,
        722.5490196078431,
        639.2156862745098,
        2,
        701.9607843137255,
        630.3921568627451,
        1,
        671.5686274509803,
        757.843137254902,
        2,
        657.843137254902,
        714.7058823529412,
        2,
        652.991452991453,
        791.4529914529915,
        0,
        646.1538461538462,
        752.991452991453,
        0,
        617.6056338028169,
        785.2112676056338,
        0,
        604.6052631578947,
        771.0526315789474,
        0
      ],
      "num_keypoints": 14,
      "iscrowd": 0,
      "segmentation": [],
      "group_id": 1
    },
    {
      "category_id": 1,
      "image_id": 0,
      "id": 1,
      "bbox": [
        812.1247412008281,
        588.3619047619048,
        118.78881987577643,
        251.65714285714273
      ],
      "area": 29894.055013309662,
      "keypoints": [
        872.8260869565217,
        413.04347826086956,
        0,
        888.2352941176471,
        403.921568627451,
        0,
        864.7058823529412,
        395.09803921568624,
        0,
        903.9473684210526,
        391.4473684210526,
        0,
        851.9736842105264,
        404.60526315789474,
        0,
        918.6274509803922,
        449.01960784313724,
        0,
        843.1372549019608,
        454.9019607843137,
        0,
        946.078431372549,
        524.5098039215686,
        0,
        828.4313725490196,
        522.5490196078431,
        0,
        925.4901960784314,
        572.5490196078431,
        0,
        868.0,
        509.3333333333333,
        0,
        892.0,
        609.3333333333334,
        2,
        841.8032786885245,
        616.3934426229508,
        1,
        891.3043478260869,
        703.2608695652174,
        2,
        830.4347826086956,
        707.6086956521739,
        2,
        897.3451327433628,
        777.8761061946902,
        2,
        840.7079646017698,
        776.1061946902654,
        2,
        921.0144927536231,
        786.231884057971,
        2,
        822.0238095238095,
        804.1666666666667,
        2,
        894.047619047619,
        804.1666666666667,
        2,
        839.8809523809524,
        819.047619047619,
        2
      ],
      "num_keypoints": 10,
      "iscrowd": 0,
      "segmentation": [],
      "group_id": 2
    }
  ]
}