{
  "categories": [
    {
      "supercategory": "person",
      "id": 1,
      "name": "person",
      "keypoints": [
        "nose",
        "left_eye",
        "right_eye",
        "left_ear",
        "right_ear",
        "left_shoulder",
        "right_shoulder",
        "left_elbow",
        "right_elbow",
        "left_wrist",
        "right_wrist",
        "left_hip",
        "right_hip",
        "left_knee",
        "right_knee",
        "left_ankle",
        "right_ankle",
        "left_heel",
        "right_heel",
        "left_foot",
        "right_foot"
      ],
      "skeleton": [
        [
          1,
          2
        ],
        [
          0,
          1
        ],
        [
          0,
          2
        ],
        [
          1,
          3
        ],
        [
          2,
          4
        ],
        [
          5,
          6
        ],
        [
          5,
          7
        ],
        [
          7,
          9
        ],
        [
          6,
          8
        ],
        [
          8,
          10
        ],
        [
          5,
          11
        ],
        [
          6,
          12
        ],
        [
          11,
          12
        ],
        [
          11,
          13
        ],
        [
          13,
          15
        ],
        [
          12,
          14
        ],
        [
          14,
          16
        ],
        [
          16,
          18
        ],
        [
          16,
          20
        ],
        [
          20,
          18
        ],
        [
          15,
          17
        ],
        [
          15,
          19
        ],
        [
          19,
          17
        ]
      ]
    }
  ],
  "images": [
    {
      "file_name": "000000000001.jpg",
      "height": 1200,
      "width": 1600,
      "id": 0
    }
  ],
  "annotations": [
    {
      "category_id": 1,
      "image_id": 0,
      "id": 0,
      "bbox": [
        886.892972972973,
        301.55140954292483,
        243.68432432432428,
        618.5512270778215
      ],
      "area": 150731.2378304406,
      "keypoints": [
        1041.304347826087,
        363.04347826086956,
        2,
        1061.0619469026547,
        353.0973451327433,
        2,
        1035.135135135135,
        354.05405405405406,
        2,
        1084.8039215686274,
        358.8235294117647,
        2,
        1029.6052631578948,
        359.86842105263156,
        0,
        1110.2702702702702,
        411.8918918918919,
        2,
        1007.027027027027,
        403.78378378378375,
        2,
        1096.8,
        476.8,
        2,
        959.2,
        459.2,
        2,
        1064.0,
        512.0,
        2,
        907.2,
        492.0,
        2,
        1078.888888888889,
        605.5555555555555,
        2,
        1014.4444444444445,
        602.2222222222222,
        2,
        1075.2577319587629,
        742.2680412371134,
        2,
        1012.5874125874126,
        727.9720279720281,
        2,
        1065.7894736842104,
        815.7894736842105,
        2,
        1014.4736842105264,
        809.2105263157895,
        2,
        1072.5118483412323,
        848.8151658767773,
        2,
        1032.967032967033,
        838.4615384615385,
        2,
        1046.3917525773197,
        868.5567010309279,
        2,
        998.9010989010989,
        853.8461538461538,
        2
      ],
      "num_keypoints": 20,
      "iscrowd": 0,
      "segmentation": [],
      "group_id": 1
    },
    {
      "category_id": 1,
      "image_id": 0,
      "id": 1,
      "bbox": [
        660.3539823008849,
        318.54488078541374,
        135.92920353982288,
        605.7223001402524
      ],
      "area": 82335.34982437405,
      "keypoints": [
        732.6086956521739,
        381.52173913043475,
        2,
        740.0602409638553,
        371.0843373493976,
        2,
        720.0743494423792,
        372.86245353159853,
        2,
        745.6521739130435,
        369.02173913043475,
        1,
        689.1304347826086,
        372.82608695652175,
        2,
        750.4424778761061,
        428.3185840707964,
        2,
        679.646017699115,
        441.59292035398227,
        2,
        778.7610619469026,
        530.9734513274336,
        1,
        671.6814159292035,
        555.7522123893805,
        2,
        784.9557522123893,
        616.8141592920354,
        1,
        682.3008849557522,
        644.2477876106194,
        2,
        764.8,
        620.8,
        2,
        716.8,
        635.2,
        2,
        758.8235294117646,
        725.4901960784314,
        2,
        708.6419753086419,
        740.7407407407406,
        1,
        730.0,
        818.8888888888889,
        2,
        699.1803278688525,
        837.7049180327868,
        1,
        715.9292035398229,
        838.938053097345,
        1,
        687.027027027027,
        858.3783783783783,
        0,
        760.8870967741935,
        844.758064516129,
        2,
        720.9677419354839,
        873.7903225806451,
        2
      ],
      "num_keypoints": 20,
      "iscrowd": 0,
      "segmentation": [],
      "group_id": 2
    }
  ]
}