{
  "categories": [
    {
      "supercategory": "person",
      "id": 1,
      "name": "person",
      "keypoints": [
        "nose",
        "left_eye",
        "right_eye",
        "left_ear",
        "right_ear",
        "left_shoulder",
        "right_shoulder",
        "left_elbow",
        "right_elbow",
        "left_wrist",
        "right_wrist",
        "left_hip",
        "right_hip",
        "left_knee",
        "right_knee",
        "left_ankle",
        "right_ankle",
        "left_heel",
        "right_heel",
        "left_foot",
        "right_foot"
      ],
      "skeleton": [
        [
          1,
          2
        ],
        [
          0,
          1
        ],
        [
          0,
          2
        ],
        [
          1,
          3
        ],
        [
          2,
          4
        ],
        [
          5,
          6
        ],
        [
          5,
          7
        ],
        [
          7,
          9
        ],
        [
          6,
          8
        ],
        [
          8,
          10
        ],
        [
          5,
          11
        ],
        [
          6,
          12
        ],
        [
          11,
          12
        ],
        [
          11,
          13
        ],
        [
          13,
          15
        ],
        [
          12,
          14
        ],
        [
          14,
          16
        ],
        [
          16,
          18
        ],
        [
          16,
          20
        ],
        [
          20,
          18
        ],
        [
          15,
          17
        ],
        [
          15,
          19
        ],
        [
          19,
          17
        ]
      ]
    }
  ],
  "images": [
    {
      "file_name": "000000001649.jpg",
      "height": 1200,
      "width": 1600,
      "id": 0
    }
  ],
  "annotations": [
    {
      "category_id": 1,
      "image_id": 0,
      "id": 0,
      "bbox": [
        719.0277777777778,
        293.34999999999997,
        280.0,
        511.8000000000001
      ],
      "area": 143304.00000000003,
      "keypoints": [
        752.0833333333334,
        350.0,
        2,
        764.0,
        336.0,
        2,
        742.3611111111112,
        337.5,
        1,
        796.5277777777778,
        340.27777777777777,
        1,
        753.4722222222223,
        326.3888888888889,
        0,
        875.6944444444446,
        390.27777777777777,
        2,
        753.4722222222223,
        393.05555555555554,
        2,
        904.8611111111112,
        490.27777777777777,
        2,
        772.9166666666667,
        466.6666666666667,
        2,
        925.6944444444445,
        579.1666666666667,
        2,
        774.3055555555557,
        566.6666666666667,
        2,
        889.5833333333334,
        566.6666666666667,
        2,
        839.5833333333334,
        569.4444444444445,
        2,
        931.2500000000001,
        647.2222222222223,
        2,
        885.4166666666667,
        665.2777777777778,
        2,
        959.0277777777779,
        718.0555555555555,
        2,
        917.3611111111112,
        723.6111111111111,
        2,
        975.6944444444445,
        702.7777777777778,
        2,
        940.9722222222223,
        723.6111111111112,
        1,
        963.1944444444445,
        754.1666666666667,
        2,
        925.6944444444445,
        762.5000000000001,
        2
      ],
      "num_keypoints": 20,
      "iscrowd": 0,
      "segmentation": [],
      "group_id": 1
    },
    {
      "category_id": 1,
      "image_id": 0,
      "id": 1,
      "bbox": [
        545.0638528138529,
        366.8095238095238,
        229.23376623376612,
        585.2987012987014
      ],
      "area": 134170.22567043343,
      "keypoints": [
        646.1038961038961,
        433.76623376623377,
        2,
        653.8961038961039,
        415.5844155844156,
        2,
        631.8181818181818,
        418.1818181818182,
        2,
        616.2337662337662,
        422.0779220779221,
        0,
        591.5584415584416,
        419.4805194805195,
        2,
        655.1948051948052,
        457.1428571428571,
        2,
        588.961038961039,
        477.9220779220779,
        2,
        701.9480519480519,
        451.94805194805195,
        2,
        683.7662337662338,
        493.5064935064935,
        2,
        755.1948051948052,
        453.24675324675326,
        2,
        750.0,
        494.8051948051948,
        2,
        659.0909090909091,
        658.4415584415584,
        2,
        612.3376623376623,
        657.1428571428571,
        1,
        646.7532467532467,
        754.5454545454545,
        1,
        594.8051948051948,
        794.8051948051948,
        1,
        647.5,
        861.6666666666667,
        2,
        589.1666666666667,
        873.3333333333334,
        2,
        649.1666666666667,
        876.6666666666667,
        2,
        564.1666666666667,
        890.0000000000001,
        1,
        680.8333333333334,
        875.0000000000001,
        2,
        590.8333333333334,
        903.3333333333334,
        2
      ],
      "num_keypoints": 20,
      "iscrowd": 0,
      "segmentation": [],
      "group_id": 2
    }
  ]
}