{
  "categories": [
    {
      "supercategory": "person",
      "id": 1,
      "name": "person",
      "keypoints": [
        "nose",
        "left_eye",
        "right_eye",
        "left_ear",
        "right_ear",
        "left_shoulder",
        "right_shoulder",
        "left_elbow",
        "right_elbow",
        "left_wrist",
        "right_wrist",
        "left_hip",
        "right_hip",
        "left_knee",
        "right_knee",
        "left_ankle",
        "right_ankle",
        "left_heel",
        "right_heel",
        "left_foot",
        "right_foot"
      ],
      "skeleton": [
        [
          1,
          2
        ],
        [
          0,
          1
        ],
        [
          0,
          2
        ],
        [
          1,
          3
        ],
        [
          2,
          4
        ],
        [
          5,
          6
        ],
        [
          5,
          7
        ],
        [
          7,
          9
        ],
        [
          6,
          8
        ],
        [
          8,
          10
        ],
        [
          5,
          11
        ],
        [
          6,
          12
        ],
        [
          11,
          12
        ],
        [
          11,
          13
        ],
        [
          13,
          15
        ],
        [
          12,
          14
        ],
        [
          14,
          16
        ],
        [
          16,
          18
        ],
        [
          16,
          20
        ],
        [
          20,
          18
        ],
        [
          15,
          17
        ],
        [
          15,
          19
        ],
        [
          19,
          17
        ]
      ]
    }
  ],
  "images": [
    {
      "file_name": "000000001505.jpg",
      "height": 1200,
      "width": 1600,
      "id": 0
    }
  ],
  "annotations": [
    {
      "category_id": 1,
      "image_id": 0,
      "id": 0,
      "bbox": [
        736.6666666666667,
        323.05555555555554,
        301.6666666666665,
        390.0000000000001
      ],
      "area": 117649.99999999997,
      "keypoints": [
        770.1388888888889,
        381.94444444444446,
        2,
        787.0,
        364.0,
        2,
        761.8055555555557,
        363.8888888888889,
        2,
        822.9166666666667,
        355.55555555555554,
        2,
        768.7500000000001,
        355.55555555555554,
        0,
        890.9722222222223,
        413.8888888888889,
        2,
        764.5833333333334,
        404.1666666666667,
        2,
        904.8611111111112,
        505.5555555555556,
        2,
        774.3055555555557,
        477.77777777777777,
        2,
        946.5277777777779,
        595.8333333333334,
        2,
        784.0277777777778,
        575.0,
        2,
        915.9722222222223,
        608.3333333333334,
        1,
        846.5277777777778,
        590.2777777777778,
        2,
        922.9166666666669,
        650.0,
        1,
        888.1944444444446,
        658.3333333333334,
        1,
        997.9166666666669,
        650.0,
        2,
        968.7500000000001,
        652.7777777777778,
        0,
        1009.0277777777779,
        620.8333333333334,
        2,
        978.4722222222223,
        626.3888888888889,
        0,
        1013.1944444444445,
        680.5555555555557,
        2,
        971.5277777777779,
        669.4444444444445,
        1
      ],
      "num_keypoints": 18,
      "iscrowd": 0,
      "segmentation": [],
      "group_id": 1
    },
    {
      "category_id": 1,
      "image_id": 0,
      "id": 1,
      "bbox": [
        645.4545454545455,
        323.5952380952381,
        148.051948051948,
        714.2597402597403
      ],
      "area": 105747.54596053294,
      "keypoints": [
        727.0833333333334,
        397.22222222222223,
        2,
        729.2207792207791,
        383.1168831168831,
        1,
        711.038961038961,
        385.7142857142857,
        2,
        724.025974025974,
        379.2207792207792,
        0,
        677.2727272727273,
        392.2077922077922,
        2,
        734.4155844155844,
        448.05194805194805,
        2,
        657.7922077922078,
        483.1168831168831,
        2,
        781.1688311688312,
        511.68831168831167,
        1,
        688.961038961039,
        585.7142857142857,
        2,
        821.4285714285714,
        503.8961038961039,
        0,
        761.6883116883116,
        545.4545454545455,
        2,
        743.5064935064935,
        648.051948051948,
        2,
        701.9480519480519,
        670.1298701298701,
        2,
        740.9090909090909,
        796.1038961038961,
        2,
        693.5064935064935,
        811.6883116883116,
        2,
        724.1666666666667,
        903.3333333333334,
        2,
        685.8333333333334,
        938.3333333333334,
        2,
        704.1666666666667,
        923.3333333333334,
        1,
        665.8333333333334,
        966.6666666666667,
        2,
        749.1666666666667,
        910.0000000000001,
        2,
        714.1666666666667,
        978.3333333333334,
        2
      ],
      "num_keypoints": 19,
      "iscrowd": 0,
      "segmentation": [],
      "group_id": 2
    }
  ]
}