{
  "categories": [
    {
      "supercategory": "person",
      "id": 1,
      "name": "person",
      "keypoints": [
        "nose",
        "left_eye",
        "right_eye",
        "left_ear",
        "right_ear",
        "left_shoulder",
        "right_shoulder",
        "left_elbow",
        "right_elbow",
        "left_wrist",
        "right_wrist",
        "left_hip",
        "right_hip",
        "left_knee",
        "right_knee",
        "left_ankle",
        "right_ankle",
        "left_heel",
        "right_heel",
        "left_foot",
        "right_foot"
      ],
      "skeleton": [
        [
          1,
          2
        ],
        [
          0,
          1
        ],
        [
          0,
          2
        ],
        [
          1,
          3
        ],
        [
          2,
          4
        ],
        [
          5,
          6
        ],
        [
          5,
          7
        ],
        [
          7,
          9
        ],
        [
          6,
          8
        ],
        [
          8,
          10
        ],
        [
          5,
          11
        ],
        [
          6,
          12
        ],
        [
          11,
          12
        ],
        [
          11,
          13
        ],
        [
          13,
          15
        ],
        [
          12,
          14
        ],
        [
          14,
          16
        ],
        [
          16,
          18
        ],
        [
          16,
          20
        ],
        [
          20,
          18
        ],
        [
          15,
          17
        ],
        [
          15,
          19
        ],
        [
          19,
          17
        ]
      ]
    }
  ],
  "images": [
    {
      "file_name": "000000001943.jpg",
      "height": 1200,
      "width": 1600,
      "id": 0
    }
  ],
  "annotations": [
    {
      "category_id": 1,
      "image_id": 0,
      "id": 0,
      "bbox": [
        728.4722222222223,
        329.9025974025974,
        133.33333333333337,
        541.1688311688312
      ],
      "area": 72155.84415584417,
      "keypoints": [
        778.0,
        387.0,
        2,
        789.5833333333334,
        377.77777777777777,
        2,
        770.1388888888889,
        375.0,
        2,
        825.6944444444446,
        390.27777777777777,
        2,
        768.7500000000001,
        369.44444444444446,
        0,
        842.3611111111112,
        452.77777777777777,
        2,
        749.3055555555557,
        454.1666666666667,
        2,
        850.6944444444446,
        552.7777777777778,
        1,
        740.9722222222223,
        525.0,
        1,
        845.1388888888889,
        623.6111111111111,
        2,
        739.5833333333334,
        593.0555555555555,
        1,
        803.4722222222223,
        619.4444444444445,
        2,
        753.4722222222223,
        611.1111111111111,
        1,
        818.7500000000001,
        700.0,
        2,
        772.9166666666667,
        708.3333333333334,
        1,
        821.5277777777778,
        787.5,
        2,
        793.7500000000001,
        790.2777777777778,
        2,
        839.6103896103896,
        815.5844155844155,
        2,
        801.9480519480519,
        806.4935064935065,
        1,
        807.1428571428571,
        825.974025974026,
        2,
        779.8701298701299,
        814.2857142857142,
        2
      ],
      "num_keypoints": 20,
      "iscrowd": 0,
      "segmentation": [],
      "group_id": 1
    },
    {
      "category_id": 1,
      "image_id": 0,
      "id": 1,
      "bbox": [
        514.715367965368,
        343.9285714285714,
        133.41558441558425,
        579.3506493506495
      ],
      "area": 77294.40546466513,
      "keypoints": [
        592.8571428571429,
        402.5974025974026,
        1,
        582.4675324675325,
        385.7142857142857,
        0,
        594.1558441558442,
        385.7142857142857,
        0,
        550.0,
        388.31168831168833,
        0,
        568.1818181818181,
        392.2077922077922,
        2,
        534.4155844155844,
        454.54545454545456,
        0,
        566.8831168831168,
        466.23376623376623,
        2,
        553.8961038961039,
        550.6493506493506,
        0,
        573.3766233766233,
        558.4415584415584,
        2,
        637.012987012987,
        544.1558441558442,
        1,
        631.8181818181818,
        579.2207792207793,
        2,
        562.9870129870129,
        642.8571428571429,
        0,
        587.6623376623377,
        641.5584415584416,
        1,
        553.2467532467532,
        733.7662337662338,
        1,
        590.9090909090909,
        757.1428571428571,
        1,
        532.5,
        825.0000000000001,
        1,
        567.5,
        860.0000000000001,
        2,
        525.8333333333334,
        850.0000000000001,
        2,
        570.8333333333334,
        873.3333333333334,
        2,
        565.8333333333334,
        828.3333333333334,
        1,
        612.5,
        875.0000000000001,
        2
      ],
      "num_keypoints": 15,
      "iscrowd": 0,
      "segmentation": [],
      "group_id": 2
    }
  ]
}