{
  "categories": [
    {
      "supercategory": "person",
      "id": 1,
      "name": "person",
      "keypoints": [
        "nose",
        "left_eye",
        "right_eye",
        "left_ear",
        "right_ear",
        "left_shoulder",
        "right_shoulder",
        "left_elbow",
        "right_elbow",
        "left_wrist",
        "right_wrist",
        "left_hip",
        "right_hip",
        "left_knee",
        "right_knee",
        "left_ankle",
        "right_ankle",
        "left_heel",
        "right_heel",
        "left_foot",
        "right_foot"
      ],
      "skeleton": [
        [
          1,
          2
        ],
        [
          0,
          1
        ],
        [
          0,
          2
        ],
        [
          1,
          3
        ],
        [
          2,
          4
        ],
        [
          5,
          6
        ],
        [
          5,
          7
        ],
        [
          7,
          9
        ],
        [
          6,
          8
        ],
        [
          8,
          10
        ],
        [
          5,
          11
        ],
        [
          6,
          12
        ],
        [
          11,
          12
        ],
        [
          11,
          13
        ],
        [
          13,
          15
        ],
        [
          12,
          14
        ],
        [
          14,
          16
        ],
        [
          16,
          18
        ],
        [
          16,
          20
        ],
        [
          20,
          18
        ],
        [
          15,
          17
        ],
        [
          15,
          19
        ],
        [
          19,
          17
        ]
      ]
    }
  ],
  "images": [
    {
      "file_name": "000000001766.jpg",
      "height": 1200,
      "width": 1600,
      "id": 0
    }
  ],
  "annotations": [
    {
      "category_id": 1,
      "image_id": 0,
      "id": 0,
      "bbox": [
        883.5705266955268,
        250.41666666666666,
        338.8203463203464,
        295.0000000000001
      ],
      "area": 99952.00216450222,
      "keypoints": [
        921.5277777777779,
        311.11111111111114,
        2,
        939.5833333333334,
        295.83333333333337,
        2,
        911.8055555555557,
        297.22222222222223,
        1,
        981.2500000000001,
        275.0,
        2,
        906.2500000000001,
        281.94444444444446,
        0,
        1052.0833333333333,
        323.61111111111114,
        2,
        911.8055555555557,
        320.83333333333337,
        2,
        1107.638888888889,
        411.11111111111114,
        2,
        934.0277777777779,
        391.6666666666667,
        1,
        1093.75,
        520.8333333333334,
        2,
        936.8055555555555,
        488.8888888888889,
        2,
        1100.6944444444443,
        390.27777777777777,
        1,
        1046.5277777777778,
        415.27777777777777,
        1,
        1127.0833333333333,
        387.5,
        2,
        1088.1944444444443,
        340.27777777777777,
        1,
        1170.138888888889,
        329.1666666666667,
        2,
        1138.1944444444443,
        313.8888888888889,
        2,
        1172.0779220779223,
        301.2987012987013,
        2,
        1134.4155844155846,
        289.61038961038963,
        2,
        1194.1558441558443,
        329.87012987012986,
        2,
        1151.2987012987014,
        324.67532467532465,
        1
      ],
      "num_keypoints": 20,
      "iscrowd": 0,
      "segmentation": [],
      "group_id": 1
    },
    {
      "category_id": 1,
      "image_id": 0,
      "id": 1,
      "bbox": [
        742.275974025974,
        288.21428571428567,
        182.68831168831161,
        640.1298701298703
      ],
      "area": 116944.24523528418,
      "keypoints": [
        839.6103896103896,
        351.94805194805195,
        2,
        844.8051948051948,
        344.15584415584414,
        1,
        831.8181818181818,
        341.55844155844153,
        2,
        813.6363636363636,
        345.45454545454544,
        0,
        787.6623376623377,
        349.35064935064935,
        2,
        840.9090909090909,
        405.1948051948052,
        2,
        778.5714285714286,
        449.35064935064935,
        2,
        901.9480519480519,
        470.12987012987014,
        2,
        874.6753246753246,
        468.83116883116884,
        2,
        925.3246753246754,
        410.38961038961037,
        0,
        909.7402597402597,
        398.7012987012987,
        2,
        855.1948051948052,
        609.0909090909091,
        2,
        800.6493506493506,
        614.2857142857142,
        2,
        831.1688311688312,
        716.8831168831168,
        2,
        798.7012987012987,
        727.2727272727273,
        2,
        812.5,
        805.0000000000001,
        2,
        779.1666666666667,
        848.3333333333334,
        2,
        795.8333333333335,
        828.3333333333334,
        1,
        757.5,
        865.0000000000001,
        2,
        842.5,
        820.0000000000001,
        2,
        807.5,
        875.0000000000001,
        2
      ],
      "num_keypoints": 19,
      "iscrowd": 0,
      "segmentation": [],
      "group_id": 2
    }
  ]
}