{
  "categories": [
    {
      "supercategory": "person",
      "id": 1,
      "name": "person",
      "keypoints": [
        "nose",
        "left_eye",
        "right_eye",
        "left_ear",
        "right_ear",
        "left_shoulder",
        "right_shoulder",
        "left_elbow",
        "right_elbow",
        "left_wrist",
        "right_wrist",
        "left_hip",
        "right_hip",
        "left_knee",
        "right_knee",
        "left_ankle",
        "right_ankle",
        "left_heel",
        "right_heel",
        "left_foot",
        "right_foot"
      ],
      "skeleton": [
        [
          1,
          2
        ],
        [
          0,
          1
        ],
        [
          0,
          2
        ],
        [
          1,
          3
        ],
        [
          2,
          4
        ],
        [
          5,
          6
        ],
        [
          5,
          7
        ],
        [
          7,
          9
        ],
        [
          6,
          8
        ],
        [
          8,
          10
        ],
        [
          5,
          11
        ],
        [
          6,
          12
        ],
        [
          11,
          12
        ],
        [
          11,
          13
        ],
        [
          13,
          15
        ],
        [
          12,
          14
        ],
        [
          14,
          16
        ],
        [
          16,
          18
        ],
        [
          16,
          20
        ],
        [
          20,
          18
        ],
        [
          15,
          17
        ],
        [
          15,
          19
        ],
        [
          19,
          17
        ]
      ]
    }
  ],
  "images": [
    {
      "file_name": "000000000608.jpg",
      "height": 1200,
      "width": 1600,
      "id": 0
    }
  ],
  "annotations": [
    {
      "category_id": 1,
      "image_id": 0,
      "id": 0,
      "bbox": [
        887.2511891974834,
        262.6006683375104,
        219.4580328371951,
        439.26817042606507
      ],
      "area": 96400.92856969801,
      "keypoints": [
        934.7826086956521,
        315.2173913043478,
        2,
        949.7354497354497,
        302.64550264550263,
        2,
        931.4814814814814,
        302.11640211640207,
        2,
        982.010582010582,
        299.20634920634916,
        2,
        934.6938775510204,
        297.37609329446065,
        0,
        1037.9008746355685,
        362.6822157434402,
        2,
        919.2419825072886,
        354.2274052478134,
        2,
        1051.0204081632653,
        454.2274052478134,
        2,
        911.6618075801749,
        439.94169096209913,
        2,
        1057.4344023323615,
        541.399416909621,
        2,
        905.539358600583,
        511.95335276967927,
        2,
        1016.3265306122448,
        497.95918367346934,
        2,
        947.4358974358975,
        510.2564102564103,
        2,
        1037.179487179487,
        611.5384615384615,
        2,
        988.4615384615383,
        612.8205128205128,
        2,
        1075.6410256410256,
        639.7435897435897,
        2,
        1030.7692307692307,
        624.3589743589744,
        1,
        1088.421052631579,
        626.3157894736842,
        2,
        1043.6842105263156,
        625.7894736842105,
        1,
        1078.9473684210525,
        665.2631578947368,
        2,
        1032.1052631578946,
        650.0,
        2
      ],
      "num_keypoints": 20,
      "iscrowd": 0,
      "segmentation": [],
      "group_id": 1
    },
    {
      "category_id": 1,
      "image_id": 0,
      "id": 1,
      "bbox": [
        777.520048115477,
        305.8743842364531,
        114.58700882117091,
        615.2216748768475
      ],
      "area": 70496.41148608887,
      "keypoints": [
        836.1904761904761,
        367.6190476190476,
        2,
        842.3809523809523,
        357.1428571428571,
        2,
        822.3809523809523,
        357.1428571428571,
        2,
        830.4761904761905,
        352.38095238095235,
        0,
        787.1428571428571,
        360.0,
        2,
        846.6666666666666,
        405.23809523809524,
        2,
        787.7906976744187,
        433.72093023255815,
        2,
        905.232558139535,
        458.72093023255815,
        0,
        813.953488372093,
        525.0,
        2,
        938.3720930232558,
        448.25581395348837,
        0,
        882.5581395348837,
        487.2093023255814,
        2,
        855.8139534883721,
        580.232558139535,
        2,
        812.8205128205127,
        589.7435897435897,
        2,
        853.8461538461538,
        701.2820512820513,
        2,
        812.8205128205127,
        721.7948717948718,
        2,
        833.3333333333333,
        814.1025641025641,
        2,
        787.9310344827586,
        845.6896551724138,
        2,
        826.7241379310344,
        833.6206896551724,
        2,
        787.0689655172413,
        860.344827586207,
        2,
        858.6206896551723,
        838.7931034482759,
        2,
        809.4827586206897,
        869.8275862068966,
        2
      ],
      "num_keypoints": 18,
      "iscrowd": 0,
      "segmentation": [],
      "group_id": 2
    },
    {
      "category_id": 1,
      "image_id": 0,
      "id": 2,
      "bbox": [
        42.53644314868804,
        284.69387755102036,
        133.29446064139938,
        351.603498542274
      ],
      "area": 46866.79869782147,
      "keypoints": [
        121.28279883381924,
        325.36443148688045,
        0,
        110.78717201166181,
        312.2448979591837,
        0,
        122.74052478134111,
        319.82507288629733,
        0,
        98.54227405247813,
        311.95335276967927,
        0,
        118.65889212827987,
        313.9941690962099,
        2,
        63.84839650145772,
        339.6501457725947,
        2,
        122.74052478134111,
        343.4402332361516,
        2,
        53.64431486880466,
        416.90962099125363,
        2,
        148.39650145772595,
        415.1603498542274,
        2,
        80.17492711370262,
        442.85714285714283,
        0,
        144.3148688046647,
        395.6268221574344,
        0,
        78.134110787172,
        450.14577259475215,
        2,
        137.31778425655975,
        446.06413994169094,
        2,
        94.16909620991254,
        528.862973760933,
        2,
        142.85714285714286,
        525.6559766763849,
        2,
        92.12827988338192,
        596.2099125364431,
        2,
        153.35276967930028,
        590.9620991253644,
        2,
        92.71137026239067,
        606.9970845481049,
        2,
        149.8542274052478,
        601.7492711370262,
        2,
        104.95626822157433,
        606.9970845481049,
        1,
        164.72303206997083,
        592.1282798833819,
        2
      ],
      "num_keypoints": 15,
      "iscrowd": 0,
      "segmentation": [],
      "group_id": 3
    }
  ]
}