{
  "categories": [
    {
      "supercategory": "person",
      "id": 1,
      "name": "person",
      "keypoints": [
        "nose",
        "left_eye",
        "right_eye",
        "left_ear",
        "right_ear",
        "left_shoulder",
        "right_shoulder",
        "left_elbow",
        "right_elbow",
        "left_wrist",
        "right_wrist",
        "left_hip",
        "right_hip",
        "left_knee",
        "right_knee",
        "left_ankle",
        "right_ankle",
        "left_heel",
        "right_heel",
        "left_foot",
        "right_foot"
      ],
      "skeleton": [
        [
          1,
          2
        ],
        [
          0,
          1
        ],
        [
          0,
          2
        ],
        [
          1,
          3
        ],
        [
          2,
          4
        ],
        [
          5,
          6
        ],
        [
          5,
          7
        ],
        [
          7,
          9
        ],
        [
          6,
          8
        ],
        [
          8,
          10
        ],
        [
          5,
          11
        ],
        [
          6,
          12
        ],
        [
          11,
          12
        ],
        [
          11,
          13
        ],
        [
          13,
          15
        ],
        [
          12,
          14
        ],
        [
          14,
          16
        ],
        [
          16,
          18
        ],
        [
          16,
          20
        ],
        [
          20,
          18
        ],
        [
          15,
          17
        ],
        [
          15,
          19
        ],
        [
          19,
          17
        ]
      ]
    }
  ],
  "images": [
    {
      "file_name": "000000001906.jpg",
      "height": 1200,
      "width": 1600,
      "id": 0
    }
  ],
  "annotations": [
    {
      "category_id": 1,
      "image_id": 0,
      "id": 0,
      "bbox": [
        832.4107142857143,
        180.79906204906206,
        257.82467532467524,
        713.7445887445888
      ],
      "area": 184020.96685781746,
      "keypoints": [
        942.3611111111112,
        258.33333333333337,
        2,
        961.8055555555555,
        240.2777777777778,
        2,
        934.0277777777779,
        241.66666666666669,
        2,
        992.3611111111112,
        251.38888888888889,
        2,
        932.638888888889,
        247.22222222222223,
        0,
        1045.138888888889,
        320.83333333333337,
        2,
        929.8611111111112,
        308.33333333333337,
        2,
        1060.4166666666667,
        419.44444444444446,
        2,
        909.0277777777778,
        433.33333333333337,
        2,
        1068.75,
        523.6111111111111,
        2,
        911.8055555555557,
        493.0555555555556,
        1,
        978.4722222222223,
        526.3888888888889,
        2,
        915.9722222222223,
        509.72222222222223,
        2,
        939.5833333333334,
        666.6666666666667,
        2,
        888.1944444444446,
        652.7777777777778,
        1,
        918.7500000000001,
        784.7222222222223,
        2,
        860.4166666666667,
        773.6111111111111,
        2,
        927.9220779220778,
        835.0649350649351,
        2,
        872.077922077922,
        812.9870129870129,
        1,
        883.7662337662338,
        832.4675324675325,
        2,
        853.8961038961039,
        827.2727272727273,
        1
      ],
      "num_keypoints": 20,
      "iscrowd": 0,
      "segmentation": [],
      "group_id": 1
    },
    {
      "category_id": 1,
      "image_id": 0,
      "id": 1,
      "bbox": [
        687.1461038961039,
        312.69047619047615,
        244.2467532467532,
        642.5194805194807
      ],
      "area": 156933.29701467365,
      "keypoints": [
        777.2727272727273,
        376.6233766233766,
        2,
        762.9870129870129,
        367.53246753246754,
        0,
        772.077922077922,
        366.23376623376623,
        1,
        746.1038961038961,
        376.6233766233766,
        0,
        729.2207792207791,
        377.9220779220779,
        2,
        762.9870129870129,
        432.46753246753246,
        2,
        747.4025974025974,
        471.42857142857144,
        2,
        840.9090909090909,
        455.8441558441558,
        2,
        811.038961038961,
        529.8701298701299,
        2,
        911.038961038961,
        403.8961038961039,
        1,
        879.8701298701299,
        492.2077922077922,
        2,
        788.961038961039,
        650.6493506493506,
        1,
        740.9090909090909,
        648.051948051948,
        2,
        775.3246753246752,
        737.6623376623377,
        2,
        737.6623376623377,
        731.1688311688312,
        2,
        770.8333333333334,
        811.6666666666667,
        2,
        707.5,
        863.3333333333334,
        2,
        765.8333333333334,
        835.0000000000001,
        2,
        709.1666666666667,
        895.0000000000001,
        2,
        815.8333333333335,
        836.6666666666667,
        2,
        752.5,
        901.6666666666667,
        2
      ],
      "num_keypoints": 19,
      "iscrowd": 0,
      "segmentation": [],
      "group_id": 2
    }
  ]
}