{
  "categories": [
    {
      "supercategory": "person",
      "id": 1,
      "name": "person",
      "keypoints": [
        "nose",
        "left_eye",
        "right_eye",
        "left_ear",
        "right_ear",
        "left_shoulder",
        "right_shoulder",
        "left_elbow",
        "right_elbow",
        "left_wrist",
        "right_wrist",
        "left_hip",
        "right_hip",
        "left_knee",
        "right_knee",
        "left_ankle",
        "right_ankle",
        "left_heel",
        "right_heel",
        "left_foot",
        "right_foot"
      ],
      "skeleton": [
        [
          1,
          2
        ],
        [
          0,
          1
        ],
        [
          0,
          2
        ],
        [
          1,
          3
        ],
        [
          2,
          4
        ],
        [
          5,
          6
        ],
        [
          5,
          7
        ],
        [
          7,
          9
        ],
        [
          6,
          8
        ],
        [
          8,
          10
        ],
        [
          5,
          11
        ],
        [
          6,
          12
        ],
        [
          11,
          12
        ],
        [
          11,
          13
        ],
        [
          13,
          15
        ],
        [
          12,
          14
        ],
        [
          14,
          16
        ],
        [
          16,
          18
        ],
        [
          16,
          20
        ],
        [
          20,
          18
        ],
        [
          15,
          17
        ],
        [
          15,
          19
        ],
        [
          19,
          17
        ]
      ]
    }
  ],
  "images": [
    {
      "file_name": "000000000563.jpg",
      "height": 1200,
      "width": 1600,
      "id": 0
    }
  ],
  "annotations": [
    {
      "category_id": 1,
      "image_id": 0,
      "id": 0,
      "bbox": [
        419.147465437788,
        300.09251644736844,
        202.48847926267274,
        734.8273026315791
      ],
      "area": 148794.06303056024,
      "keypoints": [
        495.65217391304344,
        375.0,
        2,
        513.28125,
        362.109375,
        2,
        491.40625,
        361.328125,
        2,
        559.375,
        369.921875,
        2,
        505.026455026455,
        366.4021164021164,
        0,
        604.7619047619047,
        464.2857142857143,
        2,
        484.6560846560846,
        434.9206349206349,
        2,
        587.8306878306878,
        600.5291005291004,
        2,
        450.5291005291005,
        566.1375661375661,
        2,
        564.8148148148148,
        691.5343915343915,
        2,
        436.02150537634407,
        660.2150537634408,
        2,
        588.7096774193548,
        692.4731182795698,
        2,
        481.20567375886526,
        691.4893617021277,
        2,
        555.3191489361702,
        825.5319148936171,
        2,
        506.3829787234043,
        825.886524822695,
        2,
        581.9767441860465,
        945.3488372093024,
        2,
        547.4358974358973,
        932.051282051282,
        2,
        601.7543859649123,
        964.327485380117,
        2,
        554.9707602339181,
        952.6315789473684,
        1,
        556.140350877193,
        973.6842105263158,
        2,
        519.2982456140351,
        958.4795321637428,
        2
      ],
      "num_keypoints": 20,
      "iscrowd": 0,
      "segmentation": [],
      "group_id": 1
    },
    {
      "category_id": 1,
      "image_id": 0,
      "id": 1,
      "bbox": [
        571.8686409883721,
        288.515625,
        128.27398255813955,
        550.3125
      ],
      "area": 70590.77602652617,
      "keypoints": [
        617.96875,
        345.3125,
        2,
        632.8125,
        334.375,
        2,
        610.546875,
        334.765625,
        2,
        654.296875,
        340.625,
        2,
        611.71875,
        338.671875,
        1,
        689.453125,
        403.90625,
        2,
        582.5581395348837,
        399.4186046511628,
        2,
        683.1395348837209,
        487.7906976744186,
        2,
        565.1162790697674,
        468.0232558139535,
        0,
        636.6279069767442,
        454.06976744186045,
        2,
        580.232558139535,
        451.74418604651163,
        0,
        665.6976744186046,
        545.3488372093024,
        2,
        599.9999999999999,
        550.0,
        0,
        653.8461538461538,
        682.051282051282,
        2,
        607.6923076923076,
        684.6153846153846,
        2,
        643.5897435897435,
        758.974358974359,
        1,
        608.9743589743589,
        766.6666666666666,
        1,
        633.59375,
        778.125,
        2,
        611.71875,
        778.90625,
        1,
        647.65625,
        778.90625,
        2,
        603.125,
        792.96875,
        2
      ],
      "num_keypoints": 18,
      "iscrowd": 0,
      "segmentation": [],
      "group_id": 2
    }
  ]
}