{
  "categories": [
    {
      "supercategory": "person",
      "id": 1,
      "name": "person",
      "keypoints": [
        "nose",
        "left_eye",
        "right_eye",
        "left_ear",
        "right_ear",
        "left_shoulder",
        "right_shoulder",
        "left_elbow",
        "right_elbow",
        "left_wrist",
        "right_wrist",
        "left_hip",
        "right_hip",
        "left_knee",
        "right_knee",
        "left_ankle",
        "right_ankle",
        "left_heel",
        "right_heel",
        "left_foot",
        "right_foot"
      ],
      "skeleton": [
        [
          1,
          2
        ],
        [
          0,
          1
        ],
        [
          0,
          2
        ],
        [
          1,
          3
        ],
        [
          2,
          4
        ],
        [
          5,
          6
        ],
        [
          5,
          7
        ],
        [
          7,
          9
        ],
        [
          6,
          8
        ],
        [
          8,
          10
        ],
        [
          5,
          11
        ],
        [
          6,
          12
        ],
        [
          11,
          12
        ],
        [
          11,
          13
        ],
        [
          13,
          15
        ],
        [
          12,
          14
        ],
        [
          14,
          16
        ],
        [
          16,
          18
        ],
        [
          16,
          20
        ],
        [
          20,
          18
        ],
        [
          15,
          17
        ],
        [
          15,
          19
        ],
        [
          19,
          17
        ]
      ]
    }
  ],
  "images": [
    {
      "file_name": "000000001604.jpg",
      "height": 1200,
      "width": 1600,
      "id": 0
    }
  ],
  "annotations": [
    {
      "category_id": 1,
      "image_id": 0,
      "id": 0,
      "bbox": [
        946.8055555555557,
        192.08333333333334,
        230.0,
        611.6666666666666
      ],
      "area": 140683.3333333333,
      "keypoints": [
        1089.5833333333333,
        258.33333333333337,
        2,
        1107.638888888889,
        243.05555555555557,
        2,
        1084.0277777777778,
        243.05555555555557,
        2,
        1138.1944444444443,
        255.55555555555557,
        2,
        1068.75,
        236.11111111111111,
        0,
        1157.638888888889,
        320.83333333333337,
        2,
        1047.9166666666667,
        308.33333333333337,
        2,
        1143.75,
        425.0,
        2,
        1003.4722222222223,
        390.27777777777777,
        2,
        1135.4166666666667,
        505.5555555555556,
        2,
        965.9722222222223,
        479.1666666666667,
        2,
        1113.1944444444443,
        508.33333333333337,
        2,
        1059.0277777777778,
        505.5555555555556,
        2,
        1125.6944444444443,
        633.3333333333334,
        2,
        1075.6944444444443,
        630.5555555555555,
        2,
        1135.4166666666667,
        712.5,
        2,
        1086.8055555555554,
        709.7222222222223,
        2,
        1143.75,
        723.6111111111111,
        2,
        1109.0277777777778,
        719.4444444444445,
        2,
        1124.3055555555554,
        752.7777777777778,
        2,
        1082.638888888889,
        750.0000000000001,
        2
      ],
      "num_keypoints": 20,
      "iscrowd": 0,
      "segmentation": [],
      "group_id": 1
    },
    {
      "category_id": 1,
      "image_id": 0,
      "id": 1,
      "bbox": [
        774.9166666666669,
        249.02380952380952,
        190.99999999999977,
        642.8831168831169
      ],
      "area": 122790.67532467519,
      "keypoints": [
        869.4805194805194,
        315.5844155844156,
        2,
        879.8701298701299,
        302.5974025974026,
        2,
        853.8961038961039,
        303.8961038961039,
        2,
        890.2597402597403,
        312.987012987013,
        1,
        829.2207792207791,
        319.4805194805195,
        2,
        891.5584415584416,
        388.31168831168833,
        2,
        809.7402597402597,
        400.0,
        2,
        905.8441558441558,
        471.42857142857144,
        2,
        816.2337662337662,
        490.9090909090909,
        2,
        950.0,
        488.31168831168833,
        1,
        877.2727272727273,
        514.2857142857142,
        2,
        879.8701298701299,
        589.6103896103896,
        2,
        826.6233766233765,
        596.1038961038961,
        2,
        868.8311688311688,
        680.5194805194805,
        1,
        816.8831168831168,
        693.5064935064935,
        1,
        839.1666666666667,
        771.6666666666667,
        2,
        809.1666666666667,
        803.3333333333334,
        2,
        832.5,
        806.6666666666667,
        1,
        790.8333333333335,
        825.0000000000001,
        2,
        870.8333333333335,
        795.0000000000001,
        2,
        827.5,
        838.3333333333334,
        2
      ],
      "num_keypoints": 21,
      "iscrowd": 0,
      "segmentation": [],
      "group_id": 2
    }
  ]
}