{
  "categories": [
    {
      "supercategory": "person",
      "id": 1,
      "name": "person",
      "keypoints": [
        "nose",
        "left_eye",
        "right_eye",
        "left_ear",
        "right_ear",
        "left_shoulder",
        "right_shoulder",
        "left_elbow",
        "right_elbow",
        "left_wrist",
        "right_wrist",
        "left_hip",
        "right_hip",
        "left_knee",
        "right_knee",
        "left_ankle",
        "right_ankle",
        "left_heel",
        "right_heel",
        "left_foot",
        "right_foot"
      ],
      "skeleton": [
        [
          1,
          2
        ],
        [
          0,
          1
        ],
        [
          0,
          2
        ],
        [
          1,
          3
        ],
        [
          2,
          4
        ],
        [
          5,
          6
        ],
        [
          5,
          7
        ],
        [
          7,
          9
        ],
        [
          6,
          8
        ],
        [
          8,
          10
        ],
        [
          5,
          11
        ],
        [
          6,
          12
        ],
        [
          11,
          12
        ],
        [
          11,
          13
        ],
        [
          13,
          15
        ],
        [
          12,
          14
        ],
        [
          14,
          16
        ],
        [
          16,
          18
        ],
        [
          16,
          20
        ],
        [
          20,
          18
        ],
        [
          15,
          17
        ],
        [
          15,
          19
        ],
        [
          19,
          17
        ]
      ]
    }
  ],
  "images": [
    {
      "file_name": "000000000871.jpg",
      "height": 1200,
      "width": 1600,
      "id": 0
    }
  ],
  "annotations": [
    {
      "category_id": 1,
      "image_id": 0,
      "id": 0,
      "bbox": [
        201.0632183908046,
        78.50129198966407,
        387.2413793103447,
        991.3178294573644
      ],
      "area": 383879.2836140068,
      "keypoints": [
        402.17391304347825,
        311.95652173913044,
        2,
        418.75,
        294.140625,
        2,
        388.671875,
        293.359375,
        2,
        467.1875,
        289.0625,
        2,
        408.6206896551723,
        286.2068965517242,
        0,
        537.0689655172413,
        368.1034482758621,
        1,
        402.58620689655163,
        349.5689655172414,
        1,
        522.4137931034481,
        317.2413793103448,
        2,
        314.655172413793,
        253.01724137931035,
        2,
        556.0344827586206,
        231.46551724137933,
        2,
        233.33333333333331,
        161.11111111111111,
        2,
        488.88888888888886,
        612.9629629629629,
        2,
        388.46153846153845,
        589.7435897435897,
        2,
        458.9743589743589,
        793.5897435897435,
        2,
        414.1025641025641,
        791.025641025641,
        2,
        494.8717948717948,
        932.051282051282,
        1,
        453.8461538461538,
        916.6666666666666,
        2,
        527.3255813953489,
        959.3023255813954,
        2,
        470.34883720930236,
        943.0232558139535,
        2,
        466.27906976744185,
        987.2093023255815,
        2,
        415.1162790697675,
        951.7441860465117,
        2
      ],
      "num_keypoints": 20,
      "iscrowd": 0,
      "segmentation": [],
      "group_id": 1
    },
    {
      "category_id": 1,
      "image_id": 0,
      "id": 1,
      "bbox": [
        739.5930232558139,
        268.6314655172414,
        250.4651162790699,
        562.6293103448276
      ],
      "area": 140919.01563753013,
      "keypoints": [
        819.8275862068965,
        329.3103448275862,
        2,
        834.4827586206897,
        318.1034482758621,
        2,
        813.3620689655172,
        316.3793103448276,
        2,
        861.6379310344827,
        325.43103448275866,
        2,
        820.6896551724137,
        315.51724137931035,
        1,
        883.1395348837209,
        382.5581395348837,
        2,
        781.3953488372093,
        379.06976744186045,
        2,
        929.6511627906976,
        465.1162790697675,
        2,
        761.046511627907,
        469.1860465116279,
        2,
        969.186046511628,
        476.74418604651163,
        2,
        760.4651162790698,
        543.6046511627907,
        2,
        855.1282051282051,
        566.6666666666666,
        2,
        789.7435897435897,
        556.4102564102564,
        1,
        847.4358974358975,
        658.974358974359,
        1,
        796.1538461538461,
        656.4102564102564,
        2,
        838.28125,
        752.34375,
        2,
        804.6875,
        743.75,
        2,
        848.4375,
        762.5,
        1,
        812.5,
        760.9375,
        2,
        842.96875,
        784.375,
        2,
        796.09375,
        767.96875,
        2
      ],
      "num_keypoints": 21,
      "iscrowd": 0,
      "segmentation": [],
      "group_id": 2
    }
  ]
}