{
  "categories": [
    {
      "supercategory": "person",
      "id": 1,
      "name": "person",
      "keypoints": [
        "nose",
        "left_eye",
        "right_eye",
        "left_ear",
        "right_ear",
        "left_shoulder",
        "right_shoulder",
        "left_elbow",
        "right_elbow",
        "left_wrist",
        "right_wrist",
        "left_hip",
        "right_hip",
        "left_knee",
        "right_knee",
        "left_ankle",
        "right_ankle",
        "left_heel",
        "right_heel",
        "left_foot",
        "right_foot"
      ],
      "skeleton": [
        [
          1,
          2
        ],
        [
          0,
          1
        ],
        [
          0,
          2
        ],
        [
          1,
          3
        ],
        [
          2,
          4
        ],
        [
          5,
          6
        ],
        [
          5,
          7
        ],
        [
          7,
          9
        ],
        [
          6,
          8
        ],
        [
          8,
          10
        ],
        [
          5,
          11
        ],
        [
          6,
          12
        ],
        [
          11,
          12
        ],
        [
          11,
          13
        ],
        [
          13,
          15
        ],
        [
          12,
          14
        ],
        [
          14,
          16
        ],
        [
          16,
          18
        ],
        [
          16,
          20
        ],
        [
          20,
          18
        ],
        [
          15,
          17
        ],
        [
          15,
          19
        ],
        [
          19,
          17
        ]
      ]
    }
  ],
  "images": [
    {
      "file_name": "000000000734.jpg",
      "height": 1200,
      "width": 1600,
      "id": 0
    }
  ],
  "annotations": [
    {
      "category_id": 1,
      "image_id": 0,
      "id": 0,
      "bbox": [
        435.2589477156523,
        270.9875474187696,
        637.3577436912419,
        480.0643245917862
      ],
      "area": 305972.7147484808,
      "keypoints": [
        842.391304347826,
        326.0869565217391,
        1,
        855.6737588652483,
        314.8936170212766,
        2,
        837.2340425531916,
        310.9929078014185,
        2,
        897.517730496454,
        312.0567375886525,
        2,
        868.0851063829788,
        309.9290780141844,
        0,
        931.5602836879433,
        384.7517730496454,
        2,
        839.7163120567376,
        348.2269503546099,
        1,
        967.3758865248227,
        477.30496453900713,
        2,
        838.6524822695036,
        451.4184397163121,
        0,
        1019.5035460992908,
        557.0921985815603,
        2,
        845.7446808510639,
        524.113475177305,
        2,
        811.3475177304965,
        501.06382978723406,
        2,
        747.4358974358973,
        441.02564102564105,
        2,
        657.6923076923076,
        556.4102564102564,
        2,
        601.2820512820513,
        506.4102564102564,
        2,
        544.8717948717948,
        678.2051282051282,
        1,
        525.6410256410256,
        643.5897435897435,
        1,
        535.4651162790698,
        711.046511627907,
        2,
        513.3720930232558,
        678.4883720930233,
        1,
        509.30232558139534,
        700.0,
        2,
        488.37209302325584,
        687.2093023255815,
        1
      ],
      "num_keypoints": 19,
      "iscrowd": 0,
      "segmentation": [],
      "group_id": 1
    },
    {
      "category_id": 1,
      "image_id": 0,
      "id": 1,
      "bbox": [
        809.60661268556,
        471.8771929824561,
        107.79757085020242,
        394.31578947368416
      ],
      "area": 42506.28425314297,
      "keypoints": [
        860.4651162790698,
        381.3953488372093,
        0,
        879.6511627906976,
        362.7906976744186,
        0,
        847.6744186046511,
        360.4651162790698,
        0,
        893.0232558139535,
        368.0232558139535,
        0,
        831.9767441860465,
        351.74418604651163,
        0,
        899.4736842105262,
        412.1052631578947,
        0,
        818.4210526315788,
        423.1578947368421,
        0,
        908.4210526315788,
        504.7368421052631,
        2,
        811.0526315789473,
        466.84210526315786,
        0,
        867.3684210526316,
        453.1578947368421,
        0,
        841.0526315789473,
        437.36842105263156,
        0,
        895.2631578947368,
        577.3684210526316,
        2,
        825.6410256410255,
        584.6153846153846,
        2,
        894.8717948717947,
        705.1282051282051,
        2,
        826.9230769230769,
        712.8205128205128,
        2,
        901.9230769230769,
        810.8974358974359,
        2,
        839.7435897435897,
        797.4358974358975,
        2,
        908.3333333333333,
        821.1538461538461,
        1,
        841.025641025641,
        810.2564102564103,
        2,
        898.7179487179487,
        833.3333333333333,
        2,
        818.5897435897435,
        819.8717948717948,
        2
      ],
      "num_keypoints": 11,
      "iscrowd": 0,
      "segmentation": [],
      "group_id": 2
    }
  ]
}