{
  "categories": [
    {
      "supercategory": "person",
      "id": 1,
      "name": "person",
      "keypoints": [
        "nose",
        "left_eye",
        "right_eye",
        "left_ear",
        "right_ear",
        "left_shoulder",
        "right_shoulder",
        "left_elbow",
        "right_elbow",
        "left_wrist",
        "right_wrist",
        "left_hip",
        "right_hip",
        "left_knee",
        "right_knee",
        "left_ankle",
        "right_ankle",
        "left_heel",
        "right_heel",
        "left_foot",
        "right_foot"
      ],
      "skeleton": [
        [
          1,
          2
        ],
        [
          0,
          1
        ],
        [
          0,
          2
        ],
        [
          1,
          3
        ],
        [
          2,
          4
        ],
        [
          5,
          6
        ],
        [
          5,
          7
        ],
        [
          7,
          9
        ],
        [
          6,
          8
        ],
        [
          8,
          10
        ],
        [
          5,
          11
        ],
        [
          6,
          12
        ],
        [
          11,
          12
        ],
        [
          11,
          13
        ],
        [
          13,
          15
        ],
        [
          12,
          14
        ],
        [
          14,
          16
        ],
        [
          16,
          18
        ],
        [
          16,
          20
        ],
        [
          20,
          18
        ],
        [
          15,
          17
        ],
        [
          15,
          19
        ],
        [
          19,
          17
        ]
      ]
    }
  ],
  "images": [
    {
      "file_name": "000000000977.jpg",
      "height": 1200,
      "width": 1600,
      "id": 0
    }
  ],
  "annotations": [
    {
      "category_id": 1,
      "image_id": 0,
      "id": 0,
      "bbox": [
        760.5591925804691,
        261.7568584524869,
        488.67430441898534,
        227.4064445508654
      ],
      "area": 111127.6861112887,
      "keypoints": [
        1075.221238938053,
        293.80530973451323,
        2,
        1087.1382636655949,
        286.1736334405145,
        2,
        1068.4887459807073,
        283.60128617363347,
        2,
        1118.3279742765274,
        280.7073954983923,
        2,
        1080.4964539007092,
        276.2411347517731,
        0,
        1134.7517730496454,
        325.88652482269504,
        2,
        1064.1843971631206,
        304.96453900709224,
        2,
        1173.049645390071,
        401.4184397163121,
        2,
        1062.4113475177305,
        397.5177304964539,
        0,
        1208.5106382978724,
        470.21276595744683,
        2,
        1079.4326241134752,
        462.76595744680856,
        1,
        1070.212765957447,
        426.2411347517731,
        2,
        1029.4871794871794,
        388.46153846153845,
        2,
        975.6410256410256,
        423.0769230769231,
        2,
        944.8717948717947,
        393.5897435897436,
        2,
        855.1282051282051,
        437.1794871794872,
        2,
        837.1794871794871,
        437.1794871794872,
        1,
        832.6923076923076,
        452.56410256410254,
        2,
        802.5641025641025,
        466.025641025641,
        2,
        832.6923076923076,
        416.66666666666663,
        1,
        801.2820512820513,
        419.2307692307692,
        1
      ],
      "num_keypoints": 19,
      "iscrowd": 0,
      "segmentation": [],
      "group_id": 1
    },
    {
      "category_id": 1,
      "image_id": 0,
      "id": 1,
      "bbox": [
        900.117059891107,
        250.25862068965523,
        133.0780399274048,
        545.1724137931034
      ],
      "area": 72550.47625007827,
      "keypoints": [
        992.2413793103448,
        320.68965517241384,
        2,
        997.4137931034483,
        312.5,
        1,
        984.9137931034483,
        309.05172413793105,
        2,
        975.4310344827586,
        302.15517241379314,
        0,
        956.8965517241379,
        295.68965517241384,
        2,
        994.2105263157894,
        346.84210526315786,
        2,
        936.8421052631578,
        355.2631578947368,
        2,
        1030.5263157894735,
        423.1578947368421,
        0,
        959.9999999999999,
        465.7894736842105,
        1,
        1058.9473684210525,
        378.9473684210526,
        0,
        1022.1052631578947,
        484.2105263157894,
        2,
        1002.5641025641025,
        532.0512820512821,
        2,
        970.5128205128203,
        532.0512820512821,
        2,
        997.4358974358975,
        634.6153846153846,
        2,
        964.102564102564,
        630.7692307692307,
        2,
        973.2758620689655,
        713.7931034482759,
        2,
        922.4137931034483,
        729.3103448275863,
        2,
        958.6206896551723,
        725.0,
        2,
        911.2068965517241,
        749.1379310344828,
        2,
        985.3448275862069,
        736.2068965517242,
        2,
        937.9310344827586,
        750.0,
        2
      ],
      "num_keypoints": 18,
      "iscrowd": 0,
      "segmentation": [],
      "group_id": 2
    }
  ]
}