{
  "categories": [
    {
      "supercategory": "person",
      "id": 1,
      "name": "person",
      "keypoints": [
        "nose",
        "left_eye",
        "right_eye",
        "left_ear",
        "right_ear",
        "left_shoulder",
        "right_shoulder",
        "left_elbow",
        "right_elbow",
        "left_wrist",
        "right_wrist",
        "left_hip",
        "right_hip",
        "left_knee",
        "right_knee",
        "left_ankle",
        "right_ankle",
        "left_heel",
        "right_heel",
        "left_foot",
        "right_foot"
      ],
      "skeleton": [
        [
          1,
          2
        ],
        [
          0,
          1
        ],
        [
          0,
          2
        ],
        [
          1,
          3
        ],
        [
          2,
          4
        ],
        [
          5,
          6
        ],
        [
          5,
          7
        ],
        [
          7,
          9
        ],
        [
          6,
          8
        ],
        [
          8,
          10
        ],
        [
          5,
          11
        ],
        [
          6,
          12
        ],
        [
          11,
          12
        ],
        [
          11,
          13
        ],
        [
          13,
          15
        ],
        [
          12,
          14
        ],
        [
          14,
          16
        ],
        [
          16,
          18
        ],
        [
          16,
          20
        ],
        [
          20,
          18
        ],
        [
          15,
          17
        ],
        [
          15,
          19
        ],
        [
          19,
          17
        ]
      ]
    }
  ],
  "images": [
    {
      "file_name": "000000001830.jpg",
      "height": 1200,
      "width": 1600,
      "id": 0
    }
  ],
  "annotations": [
    {
      "category_id": 1,
      "image_id": 0,
      "id": 0,
      "bbox": [
        825.9623015873016,
        237.87698412698413,
        257.2835497835496,
        628.8095238095237
      ],
      "area": 161782.3464234177,
      "keypoints": [
        970.138888888889,
        308.33333333333337,
        2,
        986.8055555555555,
        297.22222222222223,
        2,
        957.638888888889,
        295.83333333333337,
        2,
        1022.9166666666669,
        290.27777777777777,
        1,
        952.0833333333334,
        288.8888888888889,
        0,
        1049.3055555555554,
        368.05555555555554,
        2,
        949.3055555555555,
        356.94444444444446,
        2,
        1054.861111111111,
        468.0555555555556,
        2,
        925.6944444444445,
        455.5555555555556,
        2,
        1061.8055555555554,
        544.4444444444445,
        2,
        902.0833333333334,
        526.3888888888889,
        1,
        1010.4166666666669,
        541.6666666666667,
        2,
        934.0277777777779,
        515.2777777777778,
        2,
        956.2500000000001,
        659.7222222222223,
        2,
        907.6388888888889,
        644.4444444444445,
        1,
        914.5833333333334,
        779.1666666666667,
        2,
        871.5277777777778,
        756.9444444444445,
        2,
        926.6233766233765,
        814.2857142857142,
        2,
        883.7662337662338,
        790.9090909090909,
        1,
        892.8571428571428,
        805.1948051948052,
        2,
        847.4025974025974,
        801.2987012987013,
        2
      ],
      "num_keypoints": 20,
      "iscrowd": 0,
      "segmentation": [],
      "group_id": 1
    },
    {
      "category_id": 1,
      "image_id": 0,
      "id": 1,
      "bbox": [
        756.9274891774893,
        309.57142857142856,
        146.87012987012974,
        633.1948051948053
      ],
      "area": 92997.40327205256,
      "keypoints": [
        847.4025974025974,
        377.9220779220779,
        2,
        855.1948051948052,
        362.3376623376623,
        1,
        834.4155844155844,
        366.23376623376623,
        2,
        826.6233766233765,
        367.53246753246754,
        0,
        803.2467532467532,
        367.53246753246754,
        2,
        840.9090909090909,
        428.57142857142856,
        2,
        786.3636363636364,
        458.4415584415584,
        2,
        887.6623376623377,
        481.8181818181818,
        1,
        824.025974025974,
        548.051948051948,
        2,
        953.8961038961039,
        468.83116883116884,
        0,
        891.5584415584416,
        503.8961038961039,
        2,
        837.012987012987,
        623.3766233766233,
        0,
        798.051948051948,
        614.2857142857142,
        2,
        831.1688311688312,
        723.3766233766233,
        0,
        796.1038961038961,
        733.7662337662338,
        2,
        804.1666666666667,
        835.0000000000001,
        1,
        782.5,
        871.6666666666667,
        2,
        794.1666666666667,
        856.6666666666667,
        1,
        769.1666666666667,
        881.6666666666667,
        2,
        840.8333333333335,
        853.3333333333334,
        2,
        819.1666666666667,
        890.0000000000001,
        2
      ],
      "num_keypoints": 17,
      "iscrowd": 0,
      "segmentation": [],
      "group_id": 2
    }
  ]
}