{
  "categories": [
    {
      "supercategory": "person",
      "id": 1,
      "name": "person",
      "keypoints": [
        "nose",
        "left_eye",
        "right_eye",
        "left_ear",
        "right_ear",
        "left_shoulder",
        "right_shoulder",
        "left_elbow",
        "right_elbow",
        "left_wrist",
        "right_wrist",
        "left_hip",
        "right_hip",
        "left_knee",
        "right_knee",
        "left_ankle",
        "right_ankle",
        "left_heel",
        "right_heel",
        "left_foot",
        "right_foot"
      ],
      "skeleton": [
        [
          1,
          2
        ],
        [
          0,
          1
        ],
        [
          0,
          2
        ],
        [
          1,
          3
        ],
        [
          2,
          4
        ],
        [
          5,
          6
        ],
        [
          5,
          7
        ],
        [
          7,
          9
        ],
        [
          6,
          8
        ],
        [
          8,
          10
        ],
        [
          5,
          11
        ],
        [
          6,
          12
        ],
        [
          11,
          12
        ],
        [
          11,
          13
        ],
        [
          13,
          15
        ],
        [
          12,
          14
        ],
        [
          14,
          16
        ],
        [
          16,
          18
        ],
        [
          16,
          20
        ],
        [
          20,
          18
        ],
        [
          15,
          17
        ],
        [
          15,
          19
        ],
        [
          19,
          17
        ]
      ]
    }
  ],
  "images": [
    {
      "file_name": "000000000855.jpg",
      "height": 1200,
      "width": 1600,
      "id": 0
    }
  ],
  "annotations": [
    {
      "category_id": 1,
      "image_id": 0,
      "id": 0,
      "bbox": [
        719.230991258453,
        187.58693244739754,
        432.01880257298365,
        446.09966777408636
      ],
      "area": 192723.44429996662,
      "keypoints": [
        1014.1304347826086,
        257.6086956521739,
        2,
        1030.952380952381,
        242.85714285714283,
        2,
        1007.6190476190476,
        242.38095238095238,
        2,
        1071.4285714285713,
        224.76190476190476,
        2,
        1012.0567375886526,
        224.822695035461,
        0,
        1115.2482269503546,
        282.2695035460993,
        2,
        984.7517730496454,
        265.95744680851067,
        2,
        1115.2482269503546,
        418.0851063829787,
        2,
        958.5106382978724,
        379.4326241134752,
        1,
        1111.3475177304965,
        521.985815602837,
        2,
        945.7446808510639,
        471.9858156028369,
        0,
        1078.723404255319,
        442.5531914893617,
        2,
        976.9230769230769,
        432.05128205128204,
        2,
        973.0769230769231,
        460.2564102564103,
        2,
        900.0,
        475.64102564102564,
        2,
        880.7692307692307,
        521.7948717948718,
        2,
        798.7179487179486,
        553.8461538461538,
        2,
        858.1395348837209,
        554.6511627906976,
        2,
        780.8139534883721,
        596.5116279069767,
        2,
        839.5348837209302,
        492.4418604651163,
        2,
        755.232558139535,
        540.1162790697674,
        1
      ],
      "num_keypoints": 19,
      "iscrowd": 0,
      "segmentation": [],
      "group_id": 1
    },
    {
      "category_id": 1,
      "image_id": 0,
      "id": 1,
      "bbox": [
        736.3563218390804,
        292.15517241379314,
        225.79310344827593,
        621.7241379310344
      ],
      "area": 140381.02259215224,
      "keypoints": [
        828.8793103448276,
        362.5,
        2,
        831.4655172413793,
        350.43103448275866,
        2,
        817.2413793103448,
        352.15517241379314,
        2,
        814.2241379310344,
        342.2413793103448,
        0,
        774.5689655172413,
        343.96551724137936,
        2,
        826.1904761904761,
        401.4285714285714,
        2,
        771.9047619047619,
        427.6190476190476,
        2,
        901.4285714285714,
        462.85714285714283,
        1,
        816.1904761904761,
        516.1904761904761,
        0,
        943.3333333333333,
        382.85714285714283,
        1,
        874.2857142857142,
        504.76190476190476,
        0,
        847.4358974358975,
        615.3846153846154,
        2,
        791.025641025641,
        625.6410256410256,
        1,
        826.9230769230769,
        724.3589743589744,
        2,
        780.7692307692307,
        732.051282051282,
        2,
        835.3448275862069,
        800.0,
        2,
        765.5172413793102,
        836.2068965517242,
        2,
        825.8620689655172,
        818.9655172413794,
        2,
        755.1724137931034,
        856.896551724138,
        2,
        861.2068965517241,
        825.0000000000001,
        2,
        779.3103448275862,
        862.0689655172414,
        2
      ],
      "num_keypoints": 18,
      "iscrowd": 0,
      "segmentation": [],
      "group_id": 2
    }
  ]
}