{
  "categories": [
    {
      "supercategory": "person",
      "id": 1,
      "name": "person",
      "keypoints": [
        "nose",
        "left_eye",
        "right_eye",
        "left_ear",
        "right_ear",
        "left_shoulder",
        "right_shoulder",
        "left_elbow",
        "right_elbow",
        "left_wrist",
        "right_wrist",
        "left_hip",
        "right_hip",
        "left_knee",
        "right_knee",
        "left_ankle",
        "right_ankle",
        "left_heel",
        "right_heel",
        "left_foot",
        "right_foot"
      ],
      "skeleton": [
        [
          1,
          2
        ],
        [
          0,
          1
        ],
        [
          0,
          2
        ],
        [
          1,
          3
        ],
        [
          2,
          4
        ],
        [
          5,
          6
        ],
        [
          5,
          7
        ],
        [
          7,
          9
        ],
        [
          6,
          8
        ],
        [
          8,
          10
        ],
        [
          5,
          11
        ],
        [
          6,
          12
        ],
        [
          11,
          12
        ],
        [
          11,
          13
        ],
        [
          13,
          15
        ],
        [
          12,
          14
        ],
        [
          14,
          16
        ],
        [
          16,
          18
        ],
        [
          16,
          20
        ],
        [
          20,
          18
        ],
        [
          15,
          17
        ],
        [
          15,
          19
        ],
        [
          19,
          17
        ]
      ]
    }
  ],
  "images": [
    {
      "file_name": "000000001955.jpg",
      "height": 1200,
      "width": 1600,
      "id": 0
    }
  ],
  "annotations": [
    {
      "category_id": 1,
      "image_id": 0,
      "id": 0,
      "bbox": [
        943.6047979797979,
        321.05699855699856,
        235.07575757575773,
        513.982683982684
      ],
      "area": 120824.86881805072,
      "keypoints": [
        1093.0,
        381.0,
        2,
        1104.861111111111,
        369.44444444444446,
        2,
        1081.25,
        368.05555555555554,
        2,
        1128.4722222222222,
        363.8888888888889,
        2,
        1060.4166666666667,
        365.27777777777777,
        1,
        1153.4722222222222,
        413.8888888888889,
        2,
        1053.4722222222222,
        401.3888888888889,
        2,
        1138.1944444444443,
        473.61111111111114,
        2,
        1010.4166666666669,
        470.83333333333337,
        2,
        1103.4722222222222,
        526.3888888888889,
        2,
        963.1944444444445,
        498.61111111111114,
        2,
        1139.5833333333333,
        605.5555555555555,
        2,
        1086.8055555555554,
        605.5555555555555,
        2,
        1132.638888888889,
        700.0,
        2,
        1085.4166666666667,
        702.7777777777778,
        2,
        1140.9722222222222,
        770.8333333333334,
        2,
        1106.25,
        770.8333333333334,
        2,
        1159.0909090909092,
        785.7142857142857,
        1,
        1114.935064935065,
        783.1168831168831,
        1,
        1140.909090909091,
        792.2077922077922,
        2,
        1090.2597402597403,
        788.3116883116883,
        2
      ],
      "num_keypoints": 21,
      "iscrowd": 0,
      "segmentation": [],
      "group_id": 1
    },
    {
      "category_id": 1,
      "image_id": 0,
      "id": 1,
      "bbox": [
        798.6201298701299,
        271.047619047619,
        166.5584415584416,
        627.9480519480521
      ],
      "area": 104590.04891212688,
      "keypoints": [
        927.9220779220778,
        338.961038961039,
        2,
        939.6103896103896,
        327.27272727272725,
        2,
        918.8311688311688,
        323.37662337662334,
        2,
        911.038961038961,
        333.76623376623377,
        0,
        886.3636363636364,
        323.37662337662334,
        2,
        908.4415584415584,
        379.2207792207792,
        1,
        857.7922077922078,
        387.012987012987,
        2,
        904.5454545454545,
        451.94805194805195,
        0,
        846.1038961038961,
        489.6103896103896,
        2,
        951.2987012987013,
        451.94805194805195,
        1,
        930.5194805194805,
        463.6363636363636,
        2,
        920.1298701298701,
        577.922077922078,
        2,
        886.3636363636364,
        577.922077922078,
        2,
        900.0,
        668.8311688311688,
        2,
        862.3376623376623,
        688.3116883116883,
        1,
        887.5,
        785.0000000000001,
        2,
        837.5,
        815.0000000000001,
        2,
        877.5,
        805.0000000000001,
        2,
        812.5,
        821.6666666666667,
        2,
        914.1666666666667,
        803.3333333333334,
        2,
        845.8333333333335,
        846.6666666666667,
        2
      ],
      "num_keypoints": 19,
      "iscrowd": 0,
      "segmentation": [],
      "group_id": 2
    }
  ]
}