{
  "categories": [
    {
      "supercategory": "person",
      "id": 1,
      "name": "person",
      "keypoints": [
        "nose",
        "left_eye",
        "right_eye",
        "left_ear",
        "right_ear",
        "left_shoulder",
        "right_shoulder",
        "left_elbow",
        "right_elbow",
        "left_wrist",
        "right_wrist",
        "left_hip",
        "right_hip",
        "left_knee",
        "right_knee",
        "left_ankle",
        "right_ankle",
        "left_heel",
        "right_heel",
        "left_foot",
        "right_foot"
      ],
      "skeleton": [
        [
          1,
          2
        ],
        [
          0,
          1
        ],
        [
          0,
          2
        ],
        [
          1,
          3
        ],
        [
          2,
          4
        ],
        [
          5,
          6
        ],
        [
          5,
          7
        ],
        [
          7,
          9
        ],
        [
          6,
          8
        ],
        [
          8,
          10
        ],
        [
          5,
          11
        ],
        [
          6,
          12
        ],
        [
          11,
          12
        ],
        [
          11,
          13
        ],
        [
          13,
          15
        ],
        [
          12,
          14
        ],
        [
          14,
          16
        ],
        [
          16,
          18
        ],
        [
          16,
          20
        ],
        [
          20,
          18
        ],
        [
          15,
          17
        ],
        [
          15,
          19
        ],
        [
          19,
          17
        ]
      ]
    }
  ],
  "images": [
    {
      "file_name": "000000001001.jpg",
      "height": 1200,
      "width": 1600,
      "id": 0
    }
  ],
  "annotations": [
    {
      "category_id": 1,
      "image_id": 0,
      "id": 0,
      "bbox": [
        763.843537414966,
        300.818096024537,
        384.89795918367327,
        260.703078919429
      ],
      "area": 100344.08302898833,
      "keypoints": [
        829.4117647058823,
        356.8627450980392,
        2,
        843.6274509803922,
        344.8529411764706,
        2,
        821.5686274509803,
        346.5686274509804,
        2,
        880.3468208092486,
        322.5433526011561,
        2,
        815.028901734104,
        339.88439306358384,
        1,
        946.9387755102042,
        341.8367346938776,
        2,
        795.9183673469388,
        356.1224489795918,
        1,
        1002.0408163265307,
        429.59183673469386,
        2,
        836.7346938775511,
        431.63265306122446,
        2,
        1034.6938775510205,
        539.7959183673469,
        2,
        844.8979591836735,
        521.4285714285714,
        2,
        987.012987012987,
        479.2207792207792,
        2,
        924.025974025974,
        503.8961038961039,
        2,
        1043.5064935064934,
        503.8961038961039,
        2,
        1009.7402597402598,
        518.1818181818181,
        2,
        1094.155844155844,
        489.6103896103896,
        2,
        1050.877192982456,
        471.92982456140356,
        0,
        1100.877192982456,
        459.6491228070176,
        2,
        1048.2456140350878,
        454.3859649122807,
        2,
        1116.6666666666665,
        480.70175438596493,
        2,
        1072.8070175438597,
        482.4561403508772,
        2
      ],
      "num_keypoints": 20,
      "iscrowd": 0,
      "segmentation": [],
      "group_id": 1
    },
    {
      "category_id": 1,
      "image_id": 0,
      "id": 1,
      "bbox": [
        643.8011695906432,
        321.4639376218323,
        207.71929824561403,
        671.3216374269007
      ],
      "area": 139446.45942341234,
      "keypoints": [
        720.4545454545454,
        393.93939393939394,
        2,
        717.7777777777777,
        377.4074074074074,
        1,
        712.2222222222222,
        382.96296296296293,
        2,
        702.020202020202,
        376.4309764309764,
        0,
        681.8181818181818,
        385.85858585858585,
        2,
        708.5185185185185,
        431.1111111111111,
        2,
        661.1111111111111,
        451.1111111111111,
        2,
        793.1818181818181,
        501.5151515151515,
        1,
        767.4242424242424,
        477.27272727272725,
        2,
        823.6842105263158,
        473.68421052631584,
        2,
        834.2105263157894,
        403.5087719298246,
        2,
        713.1578947368421,
        636.8421052631579,
        1,
        674.561403508772,
        654.3859649122808,
        2,
        728.9473684210526,
        742.1052631578948,
        1,
        720.1754385964912,
        777.1929824561404,
        2,
        718.421052631579,
        849.1228070175439,
        2,
        693.859649122807,
        907.0175438596491,
        1,
        706.140350877193,
        878.9473684210526,
        1,
        678.0701754385965,
        931.578947368421,
        1,
        746.4912280701755,
        864.9122807017544,
        2,
        730.7017543859649,
        936.8421052631579,
        2
      ],
      "num_keypoints": 20,
      "iscrowd": 0,
      "segmentation": [],
      "group_id": 2
    },
    {
      "category_id": 1,
      "image_id": 0,
      "id": 2,
      "bbox": [
        1112.8508771929824,
        263.11403508771923,
        130.0,
        363.6842105263157
      ],
      "area": 47278.947368421046,
      "keypoints": [
        1192.1052631578946,
        301.31578947368416,
        2,
        1202.1929824561403,
        296.05263157894734,
        2,
        1185.9649122807016,
        293.4210526315789,
        2,
        1212.2807017543857,
        298.6842105263158,
        1,
        1181.5789473684208,
        298.24561403508767,
        0,
        1224.5614035087717,
        334.2105263157894,
        2,
        1161.4035087719296,
        330.7017543859649,
        2,
        1232.017543859649,
        401.31578947368416,
        2,
        1138.5964912280701,
        392.1052631578947,
        2,
        1223.2456140350876,
        442.98245614035085,
        1,
        1129.8245614035086,
        438.59649122807014,
        1,
        1196.9298245614034,
        447.3684210526315,
        2,
        1158.7719298245613,
        446.4912280701754,
        2,
        1189.4736842105262,
        521.4912280701753,
        2,
        1147.8070175438595,
        516.2280701754386,
        1,
        1179.8245614035086,
        572.3684210526316,
        1,
        1140.3508771929824,
        563.1578947368421,
        2,
        1177.6315789473683,
        584.2105263157894,
        1,
        1141.6666666666665,
        583.7719298245613,
        2,
        1185.0877192982455,
        596.4912280701753,
        2,
        1123.6842105263156,
        586.4035087719298,
        2
      ],
      "num_keypoints": 20,
      "iscrowd": 0,
      "segmentation": [],
      "group_id": 3
    }
  ]
}