{
  "categories": [
    {
      "supercategory": "person",
      "id": 1,
      "name": "person",
      "keypoints": [
        "nose",
        "left_eye",
        "right_eye",
        "left_ear",
        "right_ear",
        "left_shoulder",
        "right_shoulder",
        "left_elbow",
        "right_elbow",
        "left_wrist",
        "right_wrist",
        "left_hip",
        "right_hip",
        "left_knee",
        "right_knee",
        "left_ankle",
        "right_ankle",
        "left_heel",
        "right_heel",
        "left_foot",
        "right_foot"
      ],
      "skeleton": [
        [
          1,
          2
        ],
        [
          0,
          1
        ],
        [
          0,
          2
        ],
        [
          1,
          3
        ],
        [
          2,
          4
        ],
        [
          5,
          6
        ],
        [
          5,
          7
        ],
        [
          7,
          9
        ],
        [
          6,
          8
        ],
        [
          8,
          10
        ],
        [
          5,
          11
        ],
        [
          6,
          12
        ],
        [
          11,
          12
        ],
        [
          11,
          13
        ],
        [
          13,
          15
        ],
        [
          12,
          14
        ],
        [
          14,
          16
        ],
        [
          16,
          18
        ],
        [
          16,
          20
        ],
        [
          20,
          18
        ],
        [
          15,
          17
        ],
        [
          15,
          19
        ],
        [
          19,
          17
        ]
      ]
    }
  ],
  "images": [
    {
      "file_name": "000000001248.jpg",
      "height": 1200,
      "width": 1600,
      "id": 0
    }
  ],
  "annotations": [
    {
      "category_id": 1,
      "image_id": 0,
      "id": 0,
      "bbox": [
        632.9421768707482,
        243.14041578576462,
        413.7847866419297,
        357.8964059196618
      ],
      "area": 148092.08796338073,
      "keypoints": [
        883.1325301204819,
        287.95180722891564,
        2,
        892.4170616113745,
        273.45971563981044,
        2,
        875.8720930232558,
        276.45348837209303,
        2,
        934.0116279069767,
        272.9651162790698,
        2,
        876.3265306122448,
        265.7142857142857,
        0,
        967.3469387755102,
        333.67346938775506,
        2,
        877.5510204081634,
        329.59183673469386,
        1,
        987.7551020408164,
        452.0408163265306,
        2,
        861.2244897959184,
        415.3061224489795,
        0,
        1012.2448979591838,
        564.2857142857142,
        2,
        866.6666666666666,
        540.5405405405405,
        0,
        926.6233766233767,
        512.987012987013,
        2,
        859.0909090909091,
        514.2857142857142,
        0,
        831.8181818181819,
        432.46753246753246,
        2,
        808.4415584415584,
        420.7792207792208,
        2,
        753.8961038961039,
        503.8961038961039,
        2,
        735.0649350649351,
        523.3766233766233,
        0,
        720.7792207792207,
        540.2597402597403,
        2,
        696.2121212121212,
        571.2121212121212,
        2,
        688.6363636363636,
        519.6969696969697,
        2,
        667.4242424242424,
        537.8787878787879,
        2
      ],
      "num_keypoints": 16,
      "iscrowd": 0,
      "segmentation": [],
      "group_id": 1
    },
    {
      "category_id": 1,
      "image_id": 0,
      "id": 1,
      "bbox": [
        743.9314194577353,
        342.0175438596491,
        157.03349282296654,
        568.5167464114833
      ],
      "area": 89276.17041734395,
      "keypoints": [
        824.025974025974,
        405.1948051948052,
        2,
        831.0606060606061,
        389.3939393939394,
        2,
        816.3934426229508,
        392.07650273224044,
        2,
        808.6378737541528,
        372.4252491694352,
        0,
        779.7297297297297,
        396.6216216216216,
        2,
        838.0067567567568,
        444.2567567567568,
        0,
        749.6621621621622,
        460.6418918918919,
        0,
        887.8787878787879,
        518.1818181818181,
        1,
        775.7575757575758,
        553.030303030303,
        2,
        874.561403508772,
        484.21052631578954,
        0,
        835.9649122807018,
        524.561403508772,
        2,
        842.9824561403509,
        629.8245614035088,
        2,
        783.3333333333334,
        643.859649122807,
        2,
        828.9473684210527,
        738.5964912280701,
        2,
        781.578947368421,
        749.1228070175439,
        2,
        804.3859649122807,
        810.5263157894736,
        2,
        767.5438596491229,
        835.0877192982456,
        2,
        788.5964912280701,
        833.3333333333334,
        2,
        757.0175438596491,
        863.1578947368421,
        2,
        823.6842105263158,
        831.578947368421,
        2,
        783.3333333333334,
        856.140350877193,
        2
      ],
      "num_keypoints": 17,
      "iscrowd": 0,
      "segmentation": [],
      "group_id": 2
    }
  ]
}