{
  "categories": [
    {
      "supercategory": "person",
      "id": 1,
      "name": "person",
      "keypoints": [
        "nose",
        "left_eye",
        "right_eye",
        "left_ear",
        "right_ear",
        "left_shoulder",
        "right_shoulder",
        "left_elbow",
        "right_elbow",
        "left_wrist",
        "right_wrist",
        "left_hip",
        "right_hip",
        "left_knee",
        "right_knee",
        "left_ankle",
        "right_ankle",
        "left_heel",
        "right_heel",
        "left_foot",
        "right_foot"
      ],
      "skeleton": [
        [
          1,
          2
        ],
        [
          0,
          1
        ],
        [
          0,
          2
        ],
        [
          1,
          3
        ],
        [
          2,
          4
        ],
        [
          5,
          6
        ],
        [
          5,
          7
        ],
        [
          7,
          9
        ],
        [
          6,
          8
        ],
        [
          8,
          10
        ],
        [
          5,
          11
        ],
        [
          6,
          12
        ],
        [
          11,
          12
        ],
        [
          11,
          13
        ],
        [
          13,
          15
        ],
        [
          12,
          14
        ],
        [
          14,
          16
        ],
        [
          16,
          18
        ],
        [
          16,
          20
        ],
        [
          20,
          18
        ],
        [
          15,
          17
        ],
        [
          15,
          19
        ],
        [
          19,
          17
        ]
      ]
    }
  ],
  "images": [
    {
      "file_name": "000000001054.jpg",
      "height": 1200,
      "width": 1600,
      "id": 0
    }
  ],
  "annotations": [
    {
      "category_id": 1,
      "image_id": 0,
      "id": 0,
      "bbox": [
        832.5703109526639,
        260.1602564102564,
        200.0059417706475,
        643.4615384615386
      ],
      "area": 128696.13099318974,
      "keypoints": [
        863.7254901960785,
        352.94117647058823,
        0,
        866.6666666666667,
        347.7124183006536,
        1,
        849.2374727668846,
        354.46623093681916,
        1,
        896.4743589743589,
        313.78205128205127,
        2,
        836.2179487179487,
        333.97435897435895,
        0,
        955.1020408163266,
        317.34693877551024,
        2,
        826.5306122448981,
        325.51020408163265,
        0,
        1014.2857142857144,
        482.65306122448976,
        2,
        863.265306122449,
        462.2448979591836,
        2,
        1014.2857142857144,
        568.3673469387755,
        2,
        865.3061224489796,
        554.0816326530612,
        2,
        983.1168831168831,
        554.5454545454545,
        2,
        891.5584415584416,
        540.2597402597403,
        2,
        969.4805194805195,
        676.6233766233767,
        2,
        925.3246753246752,
        685.7142857142857,
        2,
        1003.2467532467532,
        805.1948051948052,
        2,
        957.1428571428571,
        798.7012987012987,
        2,
        1015.9090909090909,
        824.2424242424242,
        2,
        970.4545454545454,
        815.1515151515151,
        1,
        991.6666666666666,
        850.0,
        2,
        956.8181818181819,
        843.9393939393939,
        1
      ],
      "num_keypoints": 18,
      "iscrowd": 0,
      "segmentation": [],
      "group_id": 1
    },
    {
      "category_id": 1,
      "image_id": 0,
      "id": 1,
      "bbox": [
        715.4784688995215,
        290.16179337231966,
        161.62679425837314,
        682.5029239766081
      ],
      "area": 110310.75967430533,
      "keypoints": [
        799.3506493506494,
        358.4415584415584,
        2,
        806.4935064935065,
        342.85714285714283,
        0,
        781.8518518518518,
        347.77777777777777,
        2,
        791.131498470948,
        329.0519877675841,
        0,
        748.8888888888888,
        347.037037037037,
        2,
        812.5925925925925,
        394.0740740740741,
        2,
        731.3131313131313,
        412.12121212121207,
        2,
        863.6363636363636,
        503.03030303030306,
        1,
        801.5151515151515,
        486.3636363636364,
        2,
        871.0526315789473,
        450.87719298245617,
        0,
        834.2105263157894,
        391.22807017543863,
        2,
        830.7017543859649,
        622.8070175438596,
        2,
        765.7894736842105,
        633.3333333333334,
        2,
        825.438596491228,
        768.421052631579,
        2,
        760.5263157894736,
        780.7017543859649,
        2,
        806.140350877193,
        847.3684210526316,
        2,
        741.2280701754386,
        873.6842105263158,
        2,
        792.1052631578947,
        873.6842105263158,
        2,
        728.9473684210526,
        900.0,
        2,
        825.438596491228,
        878.9473684210526,
        2,
        753.5087719298245,
        915.7894736842105,
        2
      ],
      "num_keypoints": 18,
      "iscrowd": 0,
      "segmentation": [],
      "group_id": 2
    }
  ]
}