{
  "categories": [
    {
      "supercategory": "person",
      "id": 1,
      "name": "person",
      "keypoints": [
        "nose",
        "left_eye",
        "right_eye",
        "left_ear",
        "right_ear",
        "left_shoulder",
        "right_shoulder",
        "left_elbow",
        "right_elbow",
        "left_wrist",
        "right_wrist",
        "left_hip",
        "right_hip",
        "left_knee",
        "right_knee",
        "left_ankle",
        "right_ankle",
        "left_heel",
        "right_heel",
        "left_foot",
        "right_foot"
      ],
      "skeleton": [
        [
          1,
          2
        ],
        [
          0,
          1
        ],
        [
          0,
          2
        ],
        [
          1,
          3
        ],
        [
          2,
          4
        ],
        [
          5,
          6
        ],
        [
          5,
          7
        ],
        [
          7,
          9
        ],
        [
          6,
          8
        ],
        [
          8,
          10
        ],
        [
          5,
          11
        ],
        [
          6,
          12
        ],
        [
          11,
          12
        ],
        [
          11,
          13
        ],
        [
          13,
          15
        ],
        [
          12,
          14
        ],
        [
          14,
          16
        ],
        [
          16,
          18
        ],
        [
          16,
          20
        ],
        [
          20,
          18
        ],
        [
          15,
          17
        ],
        [
          15,
          19
        ],
        [
          19,
          17
        ]
      ]
    }
  ],
  "images": [
    {
      "file_name": "000000000465.jpg",
      "height": 1200,
      "width": 1600,
      "id": 0
    }
  ],
  "annotations": [
    {
      "category_id": 1,
      "image_id": 0,
      "id": 0,
      "bbox": [
        1140.7146542827659,
        279.57706766917295,
        158.7925696594425,
        489.812030075188
      ],
      "area": 77778.51090574723,
      "keypoints": [
        1238.5542168674697,
        363.855421686747,
        2,
        1249.7297297297296,
        358.3783783783784,
        2,
        1231.8918918918919,
        356.7567567567567,
        2,
        1272.0,
        364.0,
        1,
        1227.450980392157,
        363.7254901960784,
        1,
        1286.2745098039215,
        415.19607843137254,
        2,
        1221.5686274509803,
        396.078431372549,
        2,
        1276.086956521739,
        500.0,
        2,
        1176.3157894736842,
        356.57894736842104,
        2,
        1268.421052631579,
        545.3947368421052,
        0,
        1153.9473684210527,
        320.39473684210526,
        2,
        1243.478260869565,
        536.9565217391304,
        2,
        1200.7246376811593,
        534.7826086956521,
        2,
        1233.3333333333333,
        639.6396396396395,
        2,
        1209.0090090090089,
        634.2342342342341,
        2,
        1239.2,
        697.6,
        2,
        1211.8918918918919,
        690.8108108108107,
        2,
        1246.4864864864865,
        722.1621621621621,
        2,
        1220.8791208791208,
        714.2857142857143,
        2,
        1224.9084249084249,
        728.5714285714286,
        2,
        1198.550724637681,
        725.3623188405796,
        2
      ],
      "num_keypoints": 20,
      "iscrowd": 0,
      "segmentation": [],
      "group_id": 1
    },
    {
      "category_id": 1,
      "image_id": 0,
      "id": 1,
      "bbox": [
        789.9614845938376,
        338.49270353302614,
        84.7478991596638,
        520.3456221198157
      ],
      "area": 44098.19831158267,
      "keypoints": [
        865.6862745098039,
        389.2156862745098,
        1,
        857.6612903225806,
        381.85483870967744,
        1,
        859.656652360515,
        383.2618025751073,
        1,
        833.4763948497854,
        390.55793991416306,
        0,
        841.1764705882352,
        392.6470588235294,
        2,
        824.4897959183673,
        435.374149659864,
        1,
        823.1292517006802,
        448.9795918367347,
        2,
        847.1014492753623,
        513.0434782608695,
        0,
        824.6376811594203,
        540.5797101449275,
        2,
        863.0434782608695,
        561.5942028985506,
        0,
        867.6470588235294,
        610.7843137254902,
        2,
        814.7058823529412,
        615.6862745098039,
        0,
        827.4509803921568,
        618.6274509803922,
        2,
        810.7843137254902,
        698.0392156862745,
        0,
        826.4705882352941,
        700.9803921568628,
        2,
        817.6470588235294,
        771.5686274509803,
        0,
        815.6862745098039,
        797.0588235294117,
        2,
        798.8095238095239,
        788.6904761904763,
        1,
        797.0238095238095,
        810.7142857142858,
        2,
        851.7857142857143,
        790.4761904761905,
        2,
        845.8333333333334,
        815.4761904761905,
        2
      ],
      "num_keypoints": 15,
      "iscrowd": 0,
      "segmentation": [],
      "group_id": 2
    }
  ]
}