{
  "categories": [
    {
      "supercategory": "person",
      "id": 1,
      "name": "person",
      "keypoints": [
        "nose",
        "left_eye",
        "right_eye",
        "left_ear",
        "right_ear",
        "left_shoulder",
        "right_shoulder",
        "left_elbow",
        "right_elbow",
        "left_wrist",
        "right_wrist",
        "left_hip",
        "right_hip",
        "left_knee",
        "right_knee",
        "left_ankle",
        "right_ankle",
        "left_heel",
        "right_heel",
        "left_foot",
        "right_foot"
      ],
      "skeleton": [
        [
          1,
          2
        ],
        [
          0,
          1
        ],
        [
          0,
          2
        ],
        [
          1,
          3
        ],
        [
          2,
          4
        ],
        [
          5,
          6
        ],
        [
          5,
          7
        ],
        [
          7,
          9
        ],
        [
          6,
          8
        ],
        [
          8,
          10
        ],
        [
          5,
          11
        ],
        [
          6,
          12
        ],
        [
          11,
          12
        ],
        [
          11,
          13
        ],
        [
          13,
          15
        ],
        [
          12,
          14
        ],
        [
          14,
          16
        ],
        [
          16,
          18
        ],
        [
          16,
          20
        ],
        [
          20,
          18
        ],
        [
          15,
          17
        ],
        [
          15,
          19
        ],
        [
          19,
          17
        ]
      ]
    }
  ],
  "images": [
    {
      "file_name": "000000001403.jpg",
      "height": 1200,
      "width": 1600,
      "id": 0
    }
  ],
  "annotations": [
    {
      "category_id": 1,
      "image_id": 0,
      "id": 0,
      "bbox": [
        914.4779220779221,
        276.0479302832244,
        234.2649350649349,
        261.28104575163394
      ],
      "area": 61208.98721670481,
      "keypoints": [
        949.5956873315364,
        330.86253369272237,
        2,
        958.4905660377359,
        323.1805929919137,
        2,
        945.0980392156863,
        323.74727668845316,
        1,
        1004.1394335511983,
        297.82135076252723,
        2,
        952.0,
        292.0,
        0,
        1067.3333333333333,
        318.6666666666667,
        2,
        934.0,
        323.3333333333333,
        2,
        1107.3333333333333,
        429.3333333333333,
        2,
        953.061224489796,
        401.0204081632653,
        2,
        1104.074074074074,
        515.5555555555555,
        2,
        934.5070422535211,
        488.02816901408454,
        2,
        1125.3246753246754,
        422.0779220779221,
        2,
        1052.5974025974024,
        445.45454545454544,
        0,
        1129.2207792207791,
        438.9610389610389,
        1,
        1068.181818181818,
        461.038961038961,
        2,
        1132.4675324675325,
        420.7792207792208,
        0,
        1123.3766233766235,
        390.9090909090909,
        0,
        1144.155844155844,
        390.9090909090909,
        0,
        1128.030303030303,
        377.2727272727273,
        0,
        1152.272727272727,
        415.1515151515152,
        0,
        1135.6060606060605,
        413.6363636363636,
        0
      ],
      "num_keypoints": 13,
      "iscrowd": 0,
      "segmentation": [],
      "group_id": 1
    },
    {
      "category_id": 1,
      "image_id": 0,
      "id": 1,
      "bbox": [
        739.3333333333333,
        288.5340659340659,
        208.0,
        638.69010989011
      ],
      "area": 132847.54285714286,
      "keypoints": [
        834.4155844155845,
        357.1428571428571,
        1,
        835.6060606060606,
        342.42424242424244,
        1,
        839.5604395604395,
        341.75824175824175,
        2,
        818.3823529411765,
        330.1470588235294,
        0,
        795.1070336391438,
        352.29357798165137,
        2,
        817.4311926605504,
        402.1406727828746,
        2,
        775.8409785932722,
        418.96024464831805,
        2,
        889.3939393939394,
        466.6666666666667,
        2,
        859.0909090909091,
        463.6363636363636,
        2,
        937.9999999999999,
        400.6666666666667,
        0,
        929.9999999999999,
        392.6666666666667,
        2,
        830.0,
        592.6666666666666,
        2,
        798.0,
        607.3333333333334,
        2,
        858.0,
        698.0,
        2,
        799.3333333333333,
        722.0,
        2,
        840.6666666666666,
        784.6666666666666,
        2,
        768.6666666666666,
        826.0,
        2,
        818.0,
        812.6666666666666,
        2,
        756.6666666666666,
        851.3333333333334,
        2,
        897.9999999999999,
        823.3333333333334,
        2,
        802.0,
        874.0,
        2
      ],
      "num_keypoints": 19,
      "iscrowd": 0,
      "segmentation": [],
      "group_id": 2
    }
  ]
}