{
  "categories": [
    {
      "supercategory": "person",
      "id": 1,
      "name": "person",
      "keypoints": [
        "nose",
        "left_eye",
        "right_eye",
        "left_ear",
        "right_ear",
        "left_shoulder",
        "right_shoulder",
        "left_elbow",
        "right_elbow",
        "left_wrist",
        "right_wrist",
        "left_hip",
        "right_hip",
        "left_knee",
        "right_knee",
        "left_ankle",
        "right_ankle",
        "left_heel",
        "right_heel",
        "left_foot",
        "right_foot"
      ],
      "skeleton": [
        [
          1,
          2
        ],
        [
          0,
          1
        ],
        [
          0,
          2
        ],
        [
          1,
          3
        ],
        [
          2,
          4
        ],
        [
          5,
          6
        ],
        [
          5,
          7
        ],
        [
          7,
          9
        ],
        [
          6,
          8
        ],
        [
          8,
          10
        ],
        [
          5,
          11
        ],
        [
          6,
          12
        ],
        [
          11,
          12
        ],
        [
          11,
          13
        ],
        [
          13,
          15
        ],
        [
          12,
          14
        ],
        [
          14,
          16
        ],
        [
          16,
          18
        ],
        [
          16,
          20
        ],
        [
          20,
          18
        ],
        [
          15,
          17
        ],
        [
          15,
          19
        ],
        [
          19,
          17
        ]
      ]
    }
  ],
  "images": [
    {
      "file_name": "000000000055.jpg",
      "height": 1200,
      "width": 1600,
      "id": 0
    }
  ],
  "annotations": [
    {
      "category_id": 1,
      "image_id": 0,
      "id": 0,
      "bbox": [
        565.9513274336283,
        505.9228473998295,
        228.05309734513276,
        489.79539641943734
      ],
      "area": 111699.35721883982,
      "keypoints": [
        599.1803278688525,
        619.672131147541,
        1,
        604.4247787610619,
        604.4247787610619,
        2,
        584.9557522123894,
        609.7345132743362,
        2,
        640.7079646017698,
        590.2654867256637,
        2,
        589.3805309734513,
        590.2654867256637,
        0,
        704.4247787610619,
        581.4159292035398,
        1,
        594.6902654867256,
        674.3362831858407,
        1,
        789.1304347826086,
        533.695652173913,
        0,
        658.695652173913,
        755.4347826086956,
        0,
        775.0,
        546.7391304347826,
        2,
        700.0,
        831.5217391304348,
        0,
        754.9180327868852,
        795.0819672131148,
        2,
        668.0327868852459,
        777.0491803278688,
        0,
        617.2131147540983,
        852.4590163934427,
        2,
        589.344262295082,
        854.0983606557377,
        2,
        685.8695652173913,
        909.7826086956521,
        1,
        657.6086956521739,
        907.6086956521739,
        1,
        726.4705882352941,
        927.4509803921568,
        2,
        700.9803921568628,
        917.6470588235294,
        1,
        685.2941176470588,
        954.9019607843137,
        2,
        644.8,
        940.0,
        2
      ],
      "num_keypoints": 16,
      "iscrowd": 0,
      "segmentation": [],
      "group_id": 1
    },
    {
      "category_id": 1,
      "image_id": 0,
      "id": 1,
      "bbox": [
        698.9376406300225,
        325.83810515356583,
        120.9450337512053,
        572.2956793336803
      ],
      "area": 69216.32025268092,
      "keypoints": [
        780.5309734513273,
        385.84070796460173,
        2,
        789.2156862745098,
        382.3529411764706,
        2,
        772.0588235294117,
        375.0,
        2,
        800.4901960784314,
        373.52941176470586,
        1,
        753.9215686274509,
        376.4705882352941,
        1,
        809.8039215686274,
        425.4901960784314,
        2,
        720.5882352941177,
        429.4117647058823,
        2,
        822.1311475409835,
        527.8688524590164,
        0,
        709.016393442623,
        540.983606557377,
        1,
        812.2950819672132,
        575.4098360655738,
        0,
        705.7377049180328,
        631.1475409836065,
        0,
        800.8849557522124,
        628.3185840707964,
        2,
        749.5575221238937,
        623.008849557522,
        1,
        799.0196078431372,
        744.1176470588235,
        1,
        754.9019607843137,
        736.2745098039215,
        0,
        784.8,
        820.0,
        2,
        742.391304347826,
        816.3043478260869,
        0,
        767.2566371681415,
        838.0530973451326,
        2,
        719.4690265486724,
        843.362831858407,
        1,
        799.9999999999999,
        846.9026548672565,
        2,
        744.2477876106194,
        850.4424778761061,
        1
      ],
      "num_keypoints": 16,
      "iscrowd": 0,
      "segmentation": [],
      "group_id": 2
    }
  ]
}